# File exported by Houdini 21.0.440 (www.sidefx.com)
# 2645 points
# 15770 vertices
# 5242 primitives
# Bounds: [-0.031202808, -0.000129753709, -0.0313242227] to [0.0312012918, 0.10003642, 0.0313436687]
g 
v -0.0217209309 -4.9006112e-06 0.0234736297
v -0.0201417748 0.000109638328 0.0204459857
v -0.0201644339 -0.000129753709 0.0239112303
v -0.0191190429 4.21359073e-05 0.0233688168
v -0.0298961438 0.0191565566 7.34388232e-05
v -0.0281617735 0.0169910938 -0.000816157903
v -0.0287967138 0.0224698596 -0.00270561874
v -0.0295612253 0.0207047798 -0.00119871623
v -0.0304581374 0.0220570862 0.000702137244
v -0.0291245058 0.024900334 -0.00199480867
v -0.0290984828 0.0265591983 -0.000479584647
v -0.0267820098 0.0159302428 -0.000921084953
v -0.0275826417 0.0143012889 0.00126416597
v -0.0279673971 0.0190599691 -0.0023584005
v -0.0271292459 0.0203251094 -0.00363811245
v -0.026209604 0.017951211 -0.00279989792
v -0.0271906685 0.0223032031 -0.00417804392
v -0.025383506 0.0249620993 -0.00572528271
v -0.0279858671 0.023496097 -0.00364994491
v -0.0258517824 0.0271457918 -0.00551643455
v -0.0273714829 0.0274696164 -0.00376105774
v -0.0272043888 0.0297576077 -0.00246354006
v -0.0270056296 0.0303945858 -0.000375105883
v -0.0254328046 0.0309656616 -0.00527298916
v -0.0255840719 0.0326823294 -0.0036593026
v -0.0254363231 0.0334424898 -0.00206692051
v -0.0254291929 0.0149619253 0.000104379156
v -0.0252695903 0.0183683727 -0.00307097426
v -0.0235164091 0.0160148703 -4.75538691e-05
v -0.023407856 0.0186424088 -0.00256656762
v -0.025100654 0.0217691399 -0.00512005063
v -0.0241267253 0.0212771092 -0.0048462241
v -0.0232604574 0.0245151147 -0.0065449588
v -0.0239442158 0.0303223841 -0.00687458739
v -0.0242609978 0.0346572287 -0.00421270682
v -0.0229995381 0.0350027904 -0.00608149357
v -0.0246854741 0.0339723267 -0.000310075004
v -0.0237337667 0.0358362645 -0.00253388449
v -0.0229307376 0.0362843908 -0.00103199389
v -0.0217175949 0.0193242691 -0.00180722994
v -0.0220889095 0.0159271192 0.0012391418
v -0.0221642554 0.0222903825 -0.00472058402
v -0.0212117452 0.0218437389 -0.00334147061
v -0.021323828 0.0255945362 -0.00687641604
v -0.0219981968 0.0267910901 -0.00750077143
v -0.0230503473 0.0282724649 -0.00738176098
v -0.020726854 0.0299491193 -0.00812062342
v -0.0217595343 0.0316094495 -0.00781733543
v -0.0202470142 0.0358076431 -0.00772373658
v -0.0222843159 0.0345696732 -0.00682006683
v -0.0223967638 0.0373278074 -0.00475251675
v -0.0229907576 0.0343212709 0.00127114821
v -0.0206635632 0.0377707854 -0.00653580111
v -0.0223200787 0.0376474485 -0.00343344198
v -0.0190907661 0.0405010767 -0.00376760494
v -0.0212625582 0.0380877182 -0.00188167347
v -0.0214534439 0.0363002121 0.000272007892
v -0.0195086133 0.00529091945 -0.00737684313
v -0.0188358482 0.00522131287 -0.00948724244
v -0.0202374198 0.00530528557 -0.00417461572
v -0.0188803654 0.00332722673 -0.00653431751
v -0.019682521 0.00316367741 -0.00134132977
v -0.019927375 0.00319077121 0.00104261586
v -0.0208385717 0.00543441437 0.000441399228
v -0.0179333501 0.00166575529 -0.000924035499
v -0.0209030937 0.00708380621 -0.00239658332
v -0.0204868466 0.00787567254 -0.00453826878
v -0.019562507 0.00978211686 -0.0079393154
v -0.0188728869 0.00862883683 -0.0098826224
v -0.0196157712 0.0114693847 -0.00739971362
v -0.0200006384 0.0110661499 -0.00552303111
v -0.020638587 0.00963963661 -0.00166902365
v -0.0208277963 0.00891368929 0.000886752969
v -0.0202732552 0.0114668328 -0.00375232426
v -0.0202229954 0.0120361475 -0.00204608729
v -0.0202604346 0.0121380324 -0.000258741085
v -0.0189903732 0.0153503027 -0.00784511492
v -0.0194928125 0.0144934021 -0.00558631727
v -0.0194965247 0.0151573755 -0.00306476885
v -0.0186473615 0.0187689457 -0.00399510469
v -0.018381767 0.0186062474 0.000340275787
v -0.0181682482 0.0206424221 -0.00239906576
v -0.0201785248 0.0200016443 -0.000101795755
v -0.0199937429 0.0230257493 -0.00213518622
v -0.0191809479 0.0211975407 0.00192508183
v -0.0205575116 0.0249419734 -0.00585438497
v -0.0195602067 0.0250863619 -0.0046471036
v -0.0193757191 0.0230951738 0.000323930639
v -0.0189170986 0.0257410835 -0.00306193437
v -0.0193529297 0.0248142537 -0.000474072702
v -0.0192263518 0.027743822 -0.00675445655
v -0.0184714813 0.0278916769 -0.00175427075
v -0.0189488195 0.0288047697 -0.000218821675
v -0.0203967895 0.0286423601 -0.00781876873
v -0.0180060528 0.032505285 -0.00844360888
v -0.0197316613 0.0325551182 -0.00842208322
v -0.0182889737 0.0362029374 -0.00844496302
v -0.0173962545 0.0394716933 -0.0079333093
v -0.0187301952 0.0399572514 -0.00662408676
v -0.019742569 0.0384005643 -0.000750853214
v -0.0190159567 0.0374605842 0.000336595753
v -0.0180761106 0.00276316446 -0.00948428642
v -0.0162325464 0.00193810533 -0.010466001
v -0.0171614327 0.0019089923 -0.00724241091
v -0.0172660816 0.00183272304 -0.00496602757
v -0.01588073 0.000860341766 -5.46251904e-05
v -0.0171085689 0.00521305995 -0.0123193907
v -0.0163371358 0.0034609437 -0.0126223639
v -0.0176856853 0.00324756466 -0.0107978946
v -0.0150420936 0.00228489004 -0.0125631411
v -0.0179190896 0.00700269267 -0.0111816581
v -0.0170520637 0.00827940647 -0.0126332231
v -0.0177727193 0.0106116682 -0.0113160191
v -0.0168987084 0.0117158908 -0.0124922749
v -0.0152569925 0.0079679694 -0.014352385
v -0.0184676126 0.0125762504 -0.010102788
v -0.01667092 0.0152584882 -0.0121534206
v -0.0187532455 0.0140520204 -0.00883448031
v -0.0178758092 0.0179919079 -0.00926754437
v -0.0186955296 0.0177876391 -0.00647318782
v -0.0159850121 0.0185304265 -0.0122021362
v -0.0173314344 0.0219557751 -0.0076429164
v -0.0171210635 0.0230914485 -0.000109364271
v -0.0162511282 0.0261628609 -0.00767827732
v -0.016621571 0.0260731801 -0.00482023973
v -0.0166589785 0.0264885761 -0.00307739503
v -0.0164128747 0.0263293665 -0.000532338046
v -0.0175084751 0.0289384611 -0.00583915971
v -0.0174783226 0.028477069 -0.00423289416
v -0.015907269 0.0314038061 -0.00304053049
v -0.01654502 0.0325412266 -0.00783376582
v -0.0164089017 0.0314756073 -0.0070445477
v -0.0168593135 0.0315821692 -0.00168823148
v -0.0196163431 0.0307348706 0.00106758974
v -0.017561987 0.0332732648 -0.000427695486
v -0.017107591 0.0356293991 -0.00883104932
v -0.0151968049 0.0365570486 -0.00885143038
v -0.0171322376 0.0360862128 1.95449829e-05
v -0.0163815022 0.0346734561 -0.000616376812
v -0.0168146994 0.0381265022 -3.50699484e-05
v -0.0142602753 0.00127302168 -0.00939133577
v -0.0157397967 0.00148562412 -0.00678930897
v -0.0144331418 0.00111115165 -0.00637315493
v -0.0150617938 0.0010987448 -0.00355743733
v -0.0133279515 0.000896182319 -0.00323929661
v -0.0145254964 0.00360403932 -0.0142999385
v -0.01350703 0.00252278778 -0.0141105205
v -0.0157303903 0.00575178629 -0.0137757156
v -0.0135152508 0.00540636107 -0.0156782586
v -0.0156086301 0.010688182 -0.013825492
v -0.0143497195 0.0123891374 -0.0148667134
v -0.0137259942 0.0183445867 -0.0144762797
v -0.0147946179 0.0200232081 -0.0129186343
v -0.0152040469 0.0237298962 -0.0114259822
v -0.0140803512 0.0282229315 -0.0113351
v -0.0151040722 0.0302629992 -0.00759932538
v -0.0154836075 0.030032143 -0.00508044427
v -0.0155387586 0.0305454172 -0.00342692155
v -0.0149778165 0.0311400387 -0.00069220888
v -0.0158512443 0.0274963025 0.00123115932
v -0.0141981589 0.0333651938 -0.00737174135
v -0.015927691 0.0303385127 -0.00468420004
v -0.0156787485 0.0309917573 -0.00552841462
v -0.0150796892 0.0315319151 -0.00602402678
v -0.0144071579 0.033384297 -0.00192445389
v -0.0148058478 0.032985799 -0.00686338311
v -0.0151570113 0.0318606161 -0.0029200092
v -0.0148291597 0.0333474427 -0.00255180662
v -0.0144374371 0.0348462537 -0.00211343286
v -0.0131746624 0.0384449437 -0.00881486107
v -0.0138018951 0.0351241268 -0.00752204657
v -0.0134558817 0.0372134373 -0.0018149789
v -0.0143701555 0.0383568779 -0.000872816599
v -0.0152487559 0.0389271453 -0.00894036889
v -0.013456326 0.0404635593 -0.0091774473
v -0.00993930921 0.00236922852 -0.0161217079
v -0.0124158105 0.00142614869 -0.0121546965
v -0.0105810054 0.00175794691 -0.0146198049
v -0.0110210981 0.00118387397 -0.0114023909
v -0.0112036504 0.000935141696 -0.0084964782
v -0.0115626743 0.000803159783 -0.00638703676
v -0.0130141908 0.000650630158 -0.000584286172
v -0.0155199822 0.000448364357 0.00286869844
v -0.0124944085 0.00379653787 -0.0158652794
v -0.013173352 0.00754516153 -0.0160145499
v -0.0106207402 0.00574277109 -0.017667124
v -0.0123489546 0.0120535661 -0.0163015649
v -0.0125194984 0.0167264305 -0.0156175261
v -0.0129370643 0.0221607946 -0.0143883573
v -0.0114761181 0.0211320613 -0.0156101789
v -0.0107487077 0.0263538714 -0.0151397474
v -0.0115970206 0.0292921122 -0.0138503462
v -0.0129538998 0.0323007703 -0.0110587645
v -0.0110379448 0.0350346975 -0.0120731294
v -0.0143054882 0.032807149 0.000542536785
v -0.0127663547 0.036323417 -0.0080617182
v -0.0109156705 0.0380833782 -0.0105479639
v -0.0128972167 0.0373879746 -0.00165459758
v -0.0122094201 0.0385341235 -0.00821756665
v -0.0115720313 0.0389595665 -0.00846115779
v -0.0124281738 0.0364325307 0.00186484039
v -0.00905869249 0.00146628032 -0.0142388605
v -0.00576088903 0.00113930833 -0.0141675361
v -0.00730654597 0.000878067105 -0.0108934147
v -0.00670462428 0.000669322384 -0.00757107604
v -0.00912497938 0.000628629816 -0.00361361587
v -0.00720629795 0.00045221069 -0.00104953337
v -0.00987028703 0.00367892021 -0.0173945837
v -0.0107979178 0.00864052121 -0.0176098701
v -0.0104349423 0.0128202336 -0.0174697116
v -0.00898412243 0.00991628785 -0.0184106696
v -0.00905730948 0.0147182383 -0.0178947169
v -0.0100232046 0.0203280151 -0.01674629
v -0.00914427172 0.0281773582 -0.0159232076
v -0.00761415297 0.0329133905 -0.0157611147
v -0.00856355391 0.0349402092 -0.0144808888
v -0.00965907238 0.0361865237 -0.0131503548
v -0.00606102822 0.00236212858 -0.0177006721
v -0.00526578305 0.00149364793 -0.0159962215
v -0.00566843525 0.000511826889 -0.00657331944
v -0.00432057213 0.000481814903 -0.00552793173
v -0.00774707878 0.00357549964 -0.0182209257
v -0.00628144573 0.00421161065 -0.0191787574
v -0.00702790404 0.00594354374 -0.0193609279
v -0.00721223885 0.00905628968 -0.019259166
v -0.00726528233 0.015171133 -0.0186616853
v -0.00627433183 0.0142957037 -0.0190634001
v -0.00771780638 0.0203117132 -0.017834235
v -0.00846882164 0.0243227333 -0.0168921947
v -0.00641095592 0.0281996913 -0.0172705017
v -0.00667918939 0.0382196531 -0.0147332186
v -0.00772942044 0.0411439762 -0.0127426665
v -0.00352327875 0.00153014425 -0.0173841678
v -0.00379503821 0.00262272521 -0.0190333985
v -0.00382614997 0.000967116677 -0.0130993882
v -0.00200080266 0.000798994792 -0.0131531209
v -0.00237762439 0.00382725149 -0.0203145351
v -0.00494890008 0.00833019614 -0.0200381819
v -0.00383717287 0.0060734055 -0.0203743111
v -0.00501673343 0.0149917658 -0.0193750504
v -0.00407457678 0.0122612221 -0.0199330207
v -0.00611692527 0.0220667105 -0.0181614291
v -0.00452660955 0.0222183689 -0.0186051186
v -0.00423364481 0.027752595 -0.0179881006
v -0.0035650637 0.0315767862 -0.0175867546
v -0.00507874461 0.0336992517 -0.0167906322
v -0.00480677746 0.037974257 -0.0158812869
v -0.00136372121 0.00182942883 -0.0189352743
v -0.00152313255 0.00110179535 -0.0171820167
v -0.000733084744 0.00085358473 -0.0146742957
v -0.00117507461 0.000573710189 -0.00899503101
v -0.00134240836 0.000347831694 -0.00145233667
v -0.00355518656 0.000324793451 -0.000172073254
v -0.00206540921 0.00557130715 -0.0207081549
v -0.00322521338 0.00791881513 -0.0204788949
v -0.00148736069 0.00698647136 -0.0206331722
v -0.00236449623 0.0112767052 -0.0204437356
v -0.00108060054 0.00982124824 -0.0207336769
v -0.00261344877 0.0157623254 -0.0198192652
v -0.00270912144 0.0200244561 -0.0192003176
v -0.00244767056 0.0239740498 -0.0187091678
v -0.00230648578 0.0282758754 -0.0181838218
v -0.0015991861 0.0322856195 -0.0176612251
v -0.00330312876 0.0354082286 -0.0169787221
v -0.00131740305 0.0355107486 -0.017137181
v -0.00135832862 0.0385594629 -0.0165852923
v 0.000334158947 0.00123633875 -0.0281801485
v -0.000581864093 0.00241092197 -0.0263478886
v -0.000415282819 0.00175120682 -0.0247315299
v 0.000384793297 0.00185355113 -0.0291026067
v -0.00119280885 0.00266777561 -0.022990156
v -0.000592523313 0.00241208402 -0.0215638056
v 0.000398530712 0.00219525583 -0.0224040486
v -0.00106697157 0.00261242478 -0.0199101213
v 0.000787666067 0.00106772804 -0.0171544962
v 0.00137430651 0.00163624913 -0.0185946543
v -3.17589888e-06 0.000846700859 -0.0115372567
v -2.90589833e-05 0.000594481768 -0.00654576067
v -0.000744845311 0.00046956286 -0.00616140757
v -0.00522621395 0.000199565038 0.00169773353
v -0.000102577418 0.00024860588 0.000996775692
v 2.8761573e-05 0.00332777225 -0.0264809858
v -0.00137758022 0.00393310143 -0.0229916722
v -0.000739515119 0.00487653352 -0.0235225428
v 0.00025241822 0.00436568726 -0.0246345215
v -3.52363531e-05 0.00595470658 -0.0227094851
v -0.00191857258 0.00375573011 -0.0208516717
v 0.000810330966 0.00260828505 -0.0199686941
v -0.000699174067 0.00759876613 -0.0207607672
v -0.000372318405 0.00841498468 -0.0206243154
v 0.000533371582 0.00960044563 -0.020792352
v 0.000572397083 0.0079576103 -0.0206520874
v 0.00133033225 0.0117597962 -0.0205724742
v -0.000940740283 0.014205426 -0.0202390123
v 0.00077788526 0.0152196977 -0.0201085694
v -0.00102080358 0.0186306909 -0.0195623338
v -3.2953626e-06 0.0189058781 -0.0194475092
v -0.000939132937 0.0234826598 -0.0188206751
v -4.68810031e-05 0.0232070554 -0.0187361296
v -0.000944375701 0.0278579853 -0.0181851555
v -2.5231684e-06 0.0288099889 -0.0178616494
v 1.25987913e-06 0.0332036838 -0.017190814
v 1.98811207e-07 0.0363223776 -0.0166950542
v -1.23723021e-06 0.0404856876 -0.0159404129
v -0.0186945759 0.040818952 -0.00526810717
v -0.0181875061 0.0406878777 -0.00239670184
v -0.0155073013 0.0419194922 -0.00787672121
v -0.0174855255 0.0403316282 -0.00133346766
v -0.0163246859 0.0407359712 -0.00108016573
v -0.0156695545 0.0400903597 -0.000548029027
v -0.0147937173 0.0444545224 -0.00556473248
v -0.0159056503 0.0428728424 -0.00672964426
v -0.0139163071 0.0419602282 -0.00869693235
v -0.0142243393 0.0401004106 -0.000723747304
v -0.0142634213 0.0446786769 -0.00419716397
v -0.0141528044 0.0438273102 -0.00257197465
v -0.0132743688 0.0427014939 -0.00124766899
v -0.0131997531 0.0443993434 -0.0078285709
v -0.0137332268 0.0449683368 -0.00664920779
v -0.0145799126 0.0718041658 -0.0011127399
v -0.0140145347 0.068698518 0.00107354682
v -0.0145433675 0.0723896548 0.000815212028
v -0.0144218961 0.0749793127 -0.000363099796
v -0.011854819 0.041711539 -0.00914729107
v -0.0123700332 0.0418721512 -0.00106484164
v -0.0122816125 0.0397603698 -0.0017286978
v -0.0115973419 0.0401588939 -0.00157999084
v -0.0112502472 0.0439734161 -0.00872749183
v -0.0121860122 0.046316918 -0.00436479552
v -0.0111439005 0.0456691459 -0.00247572875
v -0.0113576846 0.0466377512 -0.0065989038
v -0.0112135438 0.0634385049 -0.000394786912
v -0.012415057 0.0654138848 -0.00108130893
v -0.013287805 0.0676684678 -0.00248612021
v -0.0119796749 0.0667038858 -0.00386663945
v -0.0110725481 0.0645119622 -0.00300631556
v -0.0132375462 0.0664080158 0.00115098909
v -0.0140815182 0.0688013658 -0.00116772216
v -0.0124827744 0.0697620958 -0.00509944465
v -0.0114821354 0.0692932457 -0.00619154004
v -0.0136362556 0.0703478009 -0.00369871664
v -0.0125459107 0.0726613104 -0.0061521288
v -0.011713231 0.0709317625 -0.00726749515
v -0.0141144274 0.0730762258 -0.00355900126
v -0.0131621659 0.0750216469 -0.00570713915
v -0.0114192776 0.0751833171 -0.00872056652
v -0.0117312409 0.0775655508 -0.00793573912
v -0.0128291482 0.0779205412 -0.00611607032
v -0.0136880092 0.0774817765 -0.00417693518
v -0.0142402556 0.0759667978 -0.00198566634
v -0.0138428528 0.0780533478 -0.00239534606
v -0.0109121474 0.0409243815 -0.00882057287
v -0.0107874759 0.0402550809 0.000903727429
v -0.0102527663 0.0423772372 -0.00879043527
v -0.00837935321 0.0427293777 -0.0112707252
v -0.00789433438 0.0451970473 -0.0101655377
v -0.00944058783 0.043624796 -0.0085439356
v -0.0108368602 0.042625837 -0.0013449915
v -0.0100091631 0.0429220647 -0.00113948237
v -0.0103947232 0.0461403318 -0.00761761796
v -0.00895780604 0.0452029482 -0.00810771249
v -0.0108428719 0.0444108397 -0.00157456892
v -0.00972544961 0.0441250354 -0.00161464582
v -0.00888543203 0.0458031967 -0.0022781603
v -0.0105430577 0.0472850762 -0.0054371627
v -0.00821597315 0.0476218164 -0.00627598539
v -0.0102365213 0.0471409559 -0.0040299613
v -0.00825021788 0.0474514514 -0.00378557574
v -0.0103457579 0.0620988198 0.00134468556
v -0.00934106577 0.0617839321 -0.00178337563
v -0.00880027376 0.0607235581 0.000173064967
v -0.00981136691 0.0645465925 -0.00453448668
v -0.00922804978 0.0638918877 -0.00493039843
v -0.011910934 0.0640592054 0.00174888014
v -0.01080791 0.0668605044 -0.00535510946
v -0.0104938122 0.0684000105 -0.00806850661
v -0.0089379577 0.0658797026 -0.00866554305
v -0.00958396588 0.0701052994 -0.00995585043
v -0.0111676157 0.0724449381 -0.00882763136
v -0.00964261126 0.0748337135 -0.0104109626
v -0.00871717278 0.0725400373 -0.0111005884
v -0.00989084039 0.0767812058 -0.00989242643
v -0.00902572833 0.0423969254 0.00174803624
v -0.007121915 0.0454796217 0.000974284369
v -0.00836001243 0.047030244 -0.00706753414
v -0.00595936924 0.0501536652 -0.00927900895
v -0.00819329079 0.0478699617 -0.00521920482
v -0.00694770552 0.0480878651 -0.00152571173
v -0.00696714642 0.0492786653 -0.0069242171
v -0.00706232199 0.0492102467 -0.00460667303
v -0.00647012517 0.0593448952 -0.00165617291
v -0.0066911336 0.0590487979 0.000872340926
v -0.00751738437 0.0615897402 -0.00716616679
v -0.00648135925 0.0606887303 -0.00860404316
v -0.00853339955 0.0630239099 -0.00607943162
v -0.00806074776 0.0617972538 -0.00385422888
v -0.00680474937 0.0594026409 -0.00486541865
v -0.00714475801 0.0603523031 -0.00286199898
v -0.00642859982 0.0631252229 -0.0101524536
v -0.00813884288 0.0665976256 -0.010052477
v -0.00700287893 0.0669673383 -0.0111106448
v -0.00743798446 0.0704860315 -0.0117193721
v -0.00690861419 0.0726481825 -0.0123314736
v -0.00803403649 0.0759204477 -0.0113635212
v -0.00474979542 0.0438979156 -0.0139631545
v -0.00630134344 0.0454525761 -0.0119600063
v -0.00514527736 0.0479407944 -0.0119451294
v -0.00467083789 0.0508332364 -0.0112791033
v -0.00615963619 0.0510275029 -0.00713603944
v -0.00622814568 0.0507195219 -0.00405808864
v -0.00572423311 0.04999841 -0.00115975039
v -0.00476785889 0.0487982631 0.00129028782
v -0.00431196252 0.0533763133 -0.0110544749
v -0.00583715132 0.0537404045 -0.00630887412
v -0.00540230377 0.0534761399 -0.00884542335
v -0.00594492536 0.0523680858 -0.00523779215
v -0.00537095219 0.0525319427 -0.00186250475
v -0.004408943 0.0554140136 -0.0106222313
v -0.00583806401 0.0555291027 -0.00669138832
v -0.00519653689 0.0563388392 -0.0092788199
v -0.00585842459 0.0559301823 -0.00454897946
v -0.00552635873 0.0546250716 -0.00287735113
v -0.00462307222 0.0542765036 -0.000176647518
v -0.00563575421 0.0580252856 -0.00880762748
v -0.00633917982 0.0585808158 -0.00673925178
v -0.0061837337 0.0582533181 -0.00323764654
v -0.00532517722 0.058175154 -0.000431476859
v -0.00502324896 0.0563802943 -0.000708661159
v -0.00558150467 0.0604313016 -0.00988931209
v -0.00500298897 0.062313769 -0.0111367684
v -0.00371556287 0.062370427 -0.0119658029
v -0.00578979589 0.0677320808 -0.0119951339
v -0.00538600655 0.070855312 -0.0128454817
v -0.0036142082 0.0695011541 -0.0131788803
v -0.00568719953 0.0739587098 -0.0128035508
v -0.00677740155 0.0782705173 -0.0114218816
v -0.00427420624 0.0761585608 -0.01302657
v -0.00466815522 0.0787394121 -0.0121506285
v -0.00290726451 0.0441642255 -0.0149354869
v -0.00228405558 0.0405628569 -0.0160665773
v -0.0035176063 0.0476375595 -0.0135431932
v -0.0026746206 0.0500084721 -0.0135080796
v -0.00265655201 0.0530095287 -0.0128623387
v -0.00338957133 0.0562921651 -0.0118010314
v -0.00144546642 0.0543385111 -0.0131996954
v -0.00382290385 0.0586356595 -0.011427246
v -0.00188807666 0.0586943775 -0.0126399714
v -0.00344815012 0.0655136406 -0.0125260185
v -0.00201729732 0.0640943721 -0.0127764158
v -0.0012966498 0.0684892684 -0.0135353487
v -0.00379230618 0.0729988441 -0.0134690832
v -0.00215124851 0.0742034614 -0.0137589434
v -0.00147871603 0.0713497251 -0.0138131632
v -0.00109234499 0.0424297154 -0.0157565195
v -0.00106215349 0.0460425988 -0.0149417771
v -2.76060837e-06 0.0457348637 -0.0148155969
v -0.0011618773 0.0498146899 -0.0141278906
v 3.52006941e-06 0.0496515222 -0.0139753306
v 1.94620388e-05 0.0536910556 -0.0132593466
v -0.000834896695 0.0559865087 -0.0130571313
v 6.50566726e-05 0.0576385818 -0.0127836009
v -0.00132647331 0.0618375205 -0.0127557628
v 0.00147537352 0.0612119362 -0.0127158836
v -0.000669584319 0.0647835955 -0.0130803036
v 0.000792829553 0.0678070411 -0.0135015063
v 0.00101273495 0.0719725713 -0.0139233507
v -2.1009002e-05 0.0745251924 -0.0139186373
v -0.00102758734 0.0772852153 -0.01347028
v -0.00263690879 0.0789270625 -0.0126953181
v 0.000607853464 0.0758757293 -0.013714904
v -0.0240878817 0.09338893 -0.00301480643
v -0.0242054518 0.0953935906 -0.00302621303
v -0.0238668956 0.0957104117 -0.00395528646
v -0.0239060242 0.0952965394 -0.002145326
v -0.0239906181 0.0988058671 -0.00347778806
v -0.0238668527 0.0985128731 -0.00267136167
v -0.0218533482 0.0888483524 -0.00344551005
v -0.0218832064 0.0890252292 -0.00217654719
v -0.0218987036 0.0907226056 -0.00458984124
v -0.0228726827 0.0904409438 -0.00346766715
v -0.02310865 0.0909569263 -0.00217731297
v -0.0213840529 0.0907973945 -0.00116676372
v -0.0226196982 0.0938912034 -0.00486005237
v -0.0235194694 0.0927156806 -0.00396497454
v -0.0235242452 0.0929212347 -0.00195696834
v -0.0224537402 0.0940944031 -0.00122192863
v -0.0219864268 0.0973449796 -0.00498852832
v -0.0228533018 0.0966452211 -0.00166929408
v -0.0212846883 0.0948418379 -0.00111036806
v -0.0234372169 0.098125495 -0.00420058705
v -0.0231009144 0.0993562639 -0.00408014096
v -0.0228032991 0.098412849 -0.00213937717
v -0.0214406718 0.0978680402 -0.00209140358
v -0.0234414097 0.0996797532 -0.00306891301
v -0.0219818205 0.0993461758 -0.00250220019
v -0.020119762 0.0999108851 -0.00326447305
v -0.0206181891 0.10003642 -0.00389753864
v -0.0200037789 0.0993515849 -0.00494861789
v -0.0188090336 0.088185139 -0.00506788772
v -0.0199970305 0.0875676647 -0.00387103017
v -0.0200960729 0.0874159113 -0.00206670305
v -0.019296322 0.0881835073 -0.00116185227
v -0.0179716218 0.0864890888 -0.00170280598
v -0.0200456772 0.091378957 -0.00563332811
v -0.0202038866 0.091550827 -0.000972368638
v -0.0207260009 0.0950098485 -0.00560976099
v -0.0190573055 0.0941815078 -0.00612149946
v -0.0183684099 0.0899585038 -0.00592332752
v -0.0188952386 0.0911814198 -0.00116972462
v -0.0194679815 0.0932205096 -0.00166366599
v -0.0199726056 0.09763439 -0.00555946352
v -0.0200441033 0.0963959843 -0.00256870524
v -0.0208443478 0.095567137 -0.00171677454
v -0.0185796265 0.0938391834 -0.00352478167
v -0.0172251035 0.0965437293 -0.00194762659
v -0.0171247479 0.0975279361 -0.00202237046
v -0.0191463586 0.0987363979 -0.00226067519
v -0.0173825007 0.0993453637 -0.00518362317
v -0.017843226 0.0863353908 -0.00355285569
v -0.0155183868 0.0856040195 -0.00288301264
v -0.0165232718 0.0866615772 -0.0048682699
v -0.0165743139 0.0861118361 -0.00167580799
v -0.0156267006 0.0879135057 -0.00591694936
v -0.0174185373 0.0881243795 -0.000894415949
v -0.0153687354 0.0865662396 -0.00119399745
v -0.0159373805 0.0884070992 -0.00105433946
v -0.0165259726 0.0917336419 -0.00663130032
v -0.0169490408 0.0903541967 -0.00171333458
v -0.014794765 0.0889684483 -0.00195796788
v -0.0168530568 0.0918084085 -0.00395641848
v -0.0171749797 0.0940982178 -0.00647094846
v -0.0168309323 0.092684865 -0.00405786047
v -0.0177118741 0.0944770947 -0.00341192773
v -0.017967023 0.0967066512 -0.0061573959
v -0.0162304938 0.0948480442 -0.00659431284
v -0.0162454154 0.095069997 -0.00233734259
v -0.0176971685 0.0986566171 -0.00570870563
v -0.0153544229 0.0970667377 -0.00625141431
v -0.0154054435 0.0983509794 -0.00327131152
v -0.0154016884 0.0984933749 -0.00558451656
v -0.0174434073 0.0994750783 -0.00345797953
v -0.0174673889 0.0997073054 -0.00435149111
v -0.0130496519 0.0857193843 -0.00491543999
v -0.0139337722 0.0853044689 -0.00384478248
v -0.0140529601 0.0854471475 -0.00198055711
v -0.0145274336 0.089508377 -0.00655226689
v -0.0137945479 0.0874109566 -0.00148085447
v -0.0130083393 0.0906054825 -0.00662932592
v -0.0145907272 0.0896722227 -0.00369561254
v -0.0145818638 0.0902432948 -0.0039906567
v -0.0152427983 0.091474995 -0.00400961982
v -0.014005594 0.0928740948 -0.006784108
v -0.0141414953 0.0922434703 -0.00259151612
v -0.0133527443 0.0949824974 -0.00648175133
v -0.0144266849 0.0956630409 -0.00226729712
v -0.0138199255 0.0936550722 -0.00219250075
v -0.0139456587 0.0973066837 -0.00585859083
v -0.0132631399 0.0974712595 -0.005243361
v -0.0151593145 0.0989227071 -0.00438991841
v -0.013413623 0.0962180421 -0.0028222783
v -0.0129635902 0.0973035991 -0.00410312554
v -0.0127054993 0.0809696317 -0.00508098863
v -0.0136543773 0.0787171274 0.000367680332
v -0.0118201002 0.0837119594 -0.00546586653
v -0.0132266022 0.0811488032 -0.00306242332
v -0.0128569379 0.0822287872 -0.00100208807
v -0.0124436654 0.0807239041 0.00339532481
v -0.0124532254 0.0839212611 -0.00431114435
v -0.0125009911 0.0836849958 -0.00319132628
v -0.0121311061 0.0841877013 -0.00216172659
v -0.0115606561 0.0839215294 0.000861911045
v -0.0123456456 0.0864925086 -0.00551682571
v -0.0131731573 0.0847260132 -0.00297813513
v -0.0127543705 0.0853667036 -0.0019368052
v -0.0120187746 0.0861526504 -0.00194669445
v -0.0114449281 0.0885148644 -0.00586953526
v -0.0120139057 0.0873017311 -0.00300827343
v -0.0117133707 0.0876674354 -0.00312041049
v -0.0112955049 0.0915626436 -0.00605711481
v -0.0124685932 0.0900258943 -0.00242345734
v -0.0120453918 0.091699928 -0.00196677307
v -0.0121150287 0.095184274 -0.00590024795
v -0.0116342334 0.0956119373 -0.00502545992
v -0.0117121544 0.0936135277 -0.00247181323
v -0.0116143711 0.0957782939 -0.0039620772
v -0.00911773462 0.0796387121 -0.00948936027
v -0.0104793711 0.0813414454 -0.00762958266
v -0.0105267465 0.0848285332 -0.00641960138
v -0.0107791806 0.0870509893 -0.00581870042
v -0.00965541508 0.085548237 -0.00641093962
v -0.011292317 0.0852586702 -0.00160128297
v -0.0105970344 0.0854072869 -0.000806823082
v -0.0106622316 0.0863962397 -0.0021416184
v -0.00949872192 0.0869328827 -0.000509193167
v -0.0100443717 0.0884500444 -0.0052246023
v -0.00882180501 0.0865736604 -0.00583459903
v -0.0107158422 0.0885224417 -0.00205935235
v -0.0100804372 0.0873212293 -0.0017414717
v -0.00964802969 0.0881612748 -0.00184861489
v -0.00956032798 0.089413166 -0.00245692302
v -0.00955129322 0.0889342427 -0.00444508437
v -0.010711859 0.0929626748 -0.00519081764
v -0.00931706652 0.0893637016 -0.00338755595
v -0.0106336121 0.0931224823 -0.00301150023
v -0.0106188329 0.0939442292 -0.00384742371
v -0.00651676953 0.0817081332 -0.010075219
v -0.00813083444 0.0823117942 -0.00885735452
v -0.00693904841 0.084836565 -0.00805189367
v -0.00832130015 0.0874400064 -0.0047428743
v -0.00550336856 0.0876710564 -0.00548775587
v -0.00888062455 0.0886641666 -0.00242479844
v -0.00831563398 0.0883740783 -0.00200850307
v -0.00488813268 0.0884486064 -0.0043473118
v -0.00710950512 0.0889104456 -0.00154891005
v -0.00862573367 0.0880314559 -0.00122372445
v -0.0078403661 0.0931905657 -2.06772711e-05
v -0.00723643648 0.0949647427 -0.00117672072
v -0.00756456936 0.0960937887 0.000120191427
v -0.00428596186 0.0819009393 -0.0108481385
v -0.00414036307 0.0845638216 -0.00915000867
v -0.00456297398 0.0867135227 -0.00694693206
v -0.0054510273 0.0891609415 -0.00196495326
v -0.00613952987 0.0892583355 -0.000132427173
v -0.00617887406 0.0912921876 -0.00010344763
v -0.00574738719 0.08992365 -8.86110793e-05
v -0.00481594633 0.0895811617 -0.000350654562
v -0.00550912274 0.0913608 -0.000517491542
v -0.00645850226 0.0932371095 -0.00149011833
v -0.00540356711 0.0944435149 -0.00202468643
v -0.00481705554 0.0926005021 -0.00138883071
v -0.00437815161 0.0914892629 -0.000497955654
v -0.00637055282 0.0959695429 -0.00122501003
v -0.00471536675 0.0964192748 -0.00110706966
v -0.00608736323 0.097207889 0.000436089089
v -0.00227928278 0.0832891092 -0.0104804551
v -0.000965036452 0.0811784938 -0.0119169652
v -0.00141798635 0.0859688967 -0.00829139445
v -0.00167017279 0.0875176266 -0.00633926969
v -0.00252525136 0.0891347229 -0.00323910569
v -0.00344867213 0.0896424502 -0.000217323075
v -0.00379743613 0.0902258605 0.00011530373
v -0.00148442434 0.0894514173 -0.00254248292
v -0.00327431294 0.0938368067 -0.00123083149
v -0.0035170503 0.0915296078 0.000268906704
v -0.00236712722 0.0940894186 7.36953662e-05
v -0.00403619977 0.0944576934 -0.00171584007
v -0.00392746413 0.0960040018 -0.00110966957
v -0.00305661443 0.0957585424 -0.000514856772
v -0.00319634611 0.0966074616 0.000753108005
v 0.000556929503 0.0780230016 -0.013244926
v 0.000662668259 0.0824149251 -0.0112207327
v 0.00129052612 0.0803227574 -0.012301133
v -0.000403395097 0.0840238333 -0.00993922353
v 1.48703418e-06 0.0866293609 -0.00722794374
v -6.6964476e-06 0.088383235 -0.00464956928
v -0.000580644002 0.0896992683 -0.00130433519
v -0.00314567424 0.089767158 0.00101197464
v -0.000459446455 0.0898110941 7.52363485e-05
v -0.031202808 0.0169664826 0.00678656623
v -0.0277383961 0.00460155308 0.0205285642
v -0.0285219364 0.00460121036 0.0225153491
v -0.0285916608 0.00460635126 0.0235041566
v -0.0287349485 0.00637140125 0.024925299
v -0.0295027327 0.00906527601 0.0217700582
v -0.0278430618 0.00875423104 0.0188864898
v -0.029196946 0.014008088 0.021839872
v -0.0300681069 0.00901299622 0.0236308463
v -0.0295951758 0.00942539703 0.0252142306
v -0.0285644196 0.00899568386 0.0263603106
v -0.0284469221 0.0115047572 0.00739885122
v -0.0297359098 0.012674965 0.00933511369
v -0.0283691473 0.0114537003 0.00935748219
v -0.0280077811 0.013543549 0.0199342575
v -0.0301054604 0.0113356039 0.0244223196
v -0.0302261282 0.0139649194 0.0247993525
v -0.030516915 0.0154305017 0.00490612164
v -0.0303819701 0.0140443146 0.00680757081
v -0.0291902591 0.0139563726 0.00382263795
v -0.0290463157 0.0125700962 0.00590736419
v -0.031009743 0.0155941797 0.00853362214
v -0.0303982571 0.0142280441 0.0103185661
v -0.0290602278 0.0129465284 0.0114391986
v -0.0296644848 0.0155181102 0.0124627799
v -0.0283243861 0.0153145725 0.0135696726
v -0.0293157138 0.0133443605 0.0266933013
v -0.0284761414 0.0176359192 0.0277190525
v -0.0303221792 0.0175714139 0.00207806379
v -0.0293092579 0.0161092393 0.00151640072
v -0.031131098 0.0188527424 0.00412983727
v -0.030873958 0.0173514076 0.0101624979
v -0.0304319635 0.0163538996 0.0113890842
v -0.0280189887 0.0176481679 0.0142994262
v -0.0295101311 0.0165764019 0.024936378
v -0.0279674064 0.0185707845 0.0230948962
v -0.0289079156 0.0185662564 0.0264674909
v -0.0306655895 0.0208604466 0.00145337975
v -0.0310567543 0.0192864388 0.00802608579
v -0.0310334079 0.0209565572 0.00553474016
v -0.0297402702 0.0186800472 0.0121744173
v -0.0282322802 0.0202032309 0.0130225243
v -0.0286477227 0.0190902073 0.0252123047
v -0.0307283998 0.0225133076 0.00402372284
v -0.0300070681 0.0226416141 0.00744474959
v -0.0300497394 0.0207562037 0.00982531905
v -0.0283214021 0.0220072698 0.0112069901
v -0.0300854854 0.0245282426 0.00167710125
v -0.0294237752 0.025351502 0.00405900925
v -0.0282588229 0.0245533269 0.00796678942
v -0.028408898 0.0278220307 0.00121763232
v -0.0278155878 0.0266798679 0.00514087919
v -0.0261369273 0.00153014308 0.0231407247
v -0.0264916662 0.00253863889 0.0249948129
v -0.026190998 0.00470893783 0.0179196242
v -0.0276714321 0.00445043342 0.0252816696
v -0.0263597034 0.00523165707 0.026686905
v -0.025071647 0.00232446636 0.0262198839
v -0.0256724879 0.00765634933 0.0161019117
v -0.0273438301 0.0097072972 0.0274379943
v -0.0249609146 0.00917036552 0.0284142587
v -0.0279731099 0.0126735866 0.00388638582
v -0.0271336883 0.0115612019 0.00482833199
v -0.0265717972 0.0106248613 0.00724532269
v -0.027411649 0.0113236615 0.0104776183
v -0.0268418398 0.0107067134 0.00873473473
v -0.027394237 0.012825409 0.0123797264
v -0.0258552544 0.0124086831 0.0124041857
v -0.0263822321 0.0124233337 0.0177035592
v -0.0273452904 0.0138908578 0.0283359662
v -0.0269207153 0.0133105628 0.0020430123
v -0.0262109339 0.0148459272 0.0141911097
v -0.0252762884 0.015505448 0.0183803011
v -0.0256379303 0.0143614747 0.0291738454
v -0.0272418167 0.0171604529 0.0146911461
v -0.0268319417 0.0177512653 0.0210915189
v -0.0277847871 0.0168413538 0.0284289066
v -0.0258298572 0.017865831 0.029435724
v -0.026501378 0.0191360284 0.0146460421
v -0.0261151213 0.017404357 0.0202895105
v -0.0277641602 0.0203134939 0.0268953666
v -0.0264655519 0.0217810776 0.0279269889
v -0.026033815 0.0200018678 0.0291787013
v -0.0262559075 0.021395117 0.01338486
v -0.0267087314 0.020525001 0.0241319481
v -0.0261260532 0.0222808346 0.0266538877
v -0.0262900945 0.0209265165 0.0286600143
v -0.0267033633 0.0231128 0.0113751823
v -0.0261065736 0.0246345289 0.00987444259
v -0.0257142279 0.0273321662 0.006167443
v -0.0267467052 0.0291453507 0.0023886296
v -0.0258141235 0.0315106511 0.000805967953
v -0.0253060218 0.00177645031 0.0204159841
v -0.0235164165 0.00200555543 0.0173084922
v -0.0234929286 0.00110915431 0.0197123364
v -0.0243912823 0.000688268628 0.0232843272
v -0.0245448407 0.00124149385 0.0254277717
v -0.0233066063 0.00029171136 0.0244332869
v -0.0227085259 0.00370779075 0.013440745
v -0.0241276659 0.00627450272 0.0143406065
v -0.0238562059 0.0036687192 0.0272609238
v -0.0238370374 0.00607778225 0.027986411
v -0.0239783842 0.00883319601 0.0146511048
v -0.0258664098 0.0114637241 0.00490927836
v -0.0242181905 0.0124276439 0.00409061322
v -0.0242161192 0.0110485824 0.00715574482
v -0.0239129364 0.0116756037 0.00573605997
v -0.0251403525 0.0106306868 0.00889169797
v -0.0230053086 0.0113429623 0.00976882316
v -0.0247576404 0.0110761011 0.0104354965
v -0.0241700616 0.0120864306 0.0118583739
v -0.0235970747 0.0121752191 0.0161171183
v -0.0231966376 0.0131824212 0.0298242196
v -0.0240824483 0.0140221436 0.00190733443
v -0.0244377758 0.0150571996 0.0143426033
v -0.0230079871 0.0146863675 0.0138030592
v -0.0243513696 0.0144109987 0.0174298156
v -0.0250900462 0.0173316579 0.0151291527
v -0.0232448876 0.0187800732 0.0199348833
v -0.0238542221 0.0181002673 0.0301553998
v -0.0247565508 0.0185656175 0.0151384231
v -0.0243852939 0.0203917641 0.0145862978
v -0.0243570171 0.0206195582 0.022046674
v -0.0238920059 0.0217948053 0.0136901494
v -0.0237914529 0.0200699661 0.0213654842
v -0.0252914 0.0220988728 0.0248143878
v -0.0231845025 0.0223965384 0.029649483
v -0.0233390536 0.0211509224 0.0300924052
v -0.0245896634 0.0230805371 0.0123872543
v -0.0234834086 0.0241229944 0.0112956418
v -0.0246062148 0.022906037 0.02723209
v -0.023126144 0.0234378614 0.0285053048
v -0.024307562 0.0258125179 0.00907308422
v -0.0235783979 0.0290231667 0.00471195206
v -0.0237415414 0.0277798474 0.0063123852
v -0.0252192803 0.0301382132 0.00273250276
v -0.0243343171 0.0322952121 0.00176493661
v -0.023779951 0.0304607823 0.00322714704
v -0.0221492313 0.00233883387 0.0148116155
v -0.0206464957 0.000944677973 0.0162836574
v -0.021101445 0.000586780603 0.0180256609
v -0.0223805141 0.000254541199 0.0211435892
v -0.021828752 0.000346958375 0.0259257127
v -0.0199833009 0.00203929306 0.027744608
v -0.0214229729 0.00611776579 0.00792708341
v -0.0214208383 0.00382572436 0.00981883332
v -0.0210259538 0.00431500981 0.0283853188
v -0.0220189188 0.00785175897 0.0106324051
v -0.0227753427 0.00572730601 0.0119015127
v -0.0230328981 0.00798112713 0.0129067339
v -0.0217910744 0.00802642666 0.0291724168
v -0.0209345836 0.00976584479 0.0109564299
v -0.0219358616 0.00998944975 0.0133564509
v -0.0208105426 0.008482025 0.00772772683
v -0.0229214672 0.010782551 0.0150299706
v -0.0226464197 0.0116319433 0.00791820232
v -0.0214419737 0.012539153 0.00958713889
v -0.0222960934 0.0129135111 0.0118186856
v -0.0213224459 0.0123337246 0.0158456899
v -0.0219867211 0.0137858484 0.00418031681
v -0.021901194 0.0127813071 0.00627848739
v -0.0205768347 0.0137283579 0.00765890861
v -0.0210142843 0.0140196793 0.0116000855
v -0.0208609384 0.0154832872 0.0128175728
v -0.021054741 0.0143086407 0.0172517709
v -0.0213461258 0.0146393236 0.0305341631
v -0.0201898273 0.0176207982 0.00224733818
v -0.0215922259 0.0165811293 0.0139709096
v -0.0220597982 0.0178865027 0.0143251233
v -0.0231678374 0.0181650259 0.0148944492
v -0.0220481269 0.0158440508 0.0179719701
v -0.0200261492 0.01718181 0.0190028846
v -0.0212388411 0.0178279877 0.0308815241
v -0.0222227052 0.0199799463 0.0139124012
v -0.0219086856 0.0197336935 0.0306133702
v -0.0213204902 0.0206991062 0.0125974268
v -0.0202729553 0.0206431244 0.0308770612
v -0.0214114767 0.0244388469 0.00882843509
v -0.0225785505 0.0230311826 0.0119026788
v -0.0213053226 0.021946216 0.0115297446
v -0.0212273821 0.0220124424 0.0233911928
v -0.0222047474 0.0232878458 0.0259363446
v -0.0203748792 0.0230379291 0.0264521018
v -0.0216636583 0.0234091692 0.0281635951
v -0.0213382151 0.022963265 0.0294306073
v -0.0228120796 0.0264342427 0.0078865774
v -0.0222766828 0.0280953888 0.00514329365
v -0.0212490745 0.0285561439 0.00340310088
v -0.0225116238 0.0299706627 0.00362520688
v -0.021751279 0.0333698913 0.0023078518
v -0.0208737049 0.0310568474 0.00230555213
v -0.0178698916 0.00105880073 0.00277405675
v -0.0195557345 0.0028074393 0.00641208747
v -0.0200680513 0.00211715652 0.00965900999
v -0.0183065459 0.00127427722 0.00800394919
v -0.0209709834 0.00180724764 0.0137489429
v -0.0192919746 0.001022871 0.0125211263
v -0.0190332513 0.000492821215 0.0165736657
v -0.0196877364 0.000614822377 0.0266160276
v -0.018367948 0.000277852203 0.0260650255
v -0.0204046536 0.00455745356 0.0027567381
v -0.0195922311 0.00303685246 0.00286793732
v -0.019947933 0.00517345453 0.00404815888
v -0.0191393029 0.00351793645 0.0040421118
v -0.0206346605 0.00425950624 0.0067765573
v -0.0173613727 0.00288203941 0.0286624897
v -0.0207318366 0.00728347106 0.00327320676
v -0.0201817881 0.00705837831 0.00445221923
v -0.0193777494 0.00686448207 0.02944584
v -0.0201943517 0.00983274449 0.00423144409
v -0.0197203737 0.0091193812 0.00533631025
v -0.0186355654 0.00951243844 0.0302316789
v -0.0195939969 0.0134291416 0.00229900237
v -0.018839661 0.0120744547 0.00624043262
v -0.0189285073 0.010556452 0.00668753078
v -0.0188163519 0.0112018418 0.0106985122
v -0.0195512958 0.0110801347 0.0122692855
v -0.0203941185 0.0113843502 0.0143973185
v -0.0179670937 0.011690475 0.013944719
v -0.0185450129 0.0120104896 0.0153154461
v -0.0177807864 0.017821027 0.00381731917
v -0.0202496052 0.0156314988 0.00475553982
v -0.02001133 0.014688001 0.00996522885
v -0.0190267302 0.0133355651 0.0169522222
v -0.0193777364 0.0148290927 0.0310184881
v -0.0182022639 0.0116428714 0.030649513
v -0.019416878 0.0162440985 0.00764705474
v -0.0194717813 0.0173050687 0.0103996936
v -0.0204931702 0.017909633 0.0127590578
v -0.0182985384 0.0150656886 0.0183539316
v -0.019018406 0.0168750063 0.0312524736
v -0.0191218909 0.0183050931 0.00532184122
v -0.0191132277 0.0188151859 0.00863952003
v -0.0199499559 0.0197444372 0.0110404054
v -0.0202772822 0.0198888835 0.0209700689
v -0.0178592708 0.018897349 0.0312339142
v -0.0197639018 0.022535203 0.00785188656
v -0.0190440044 0.0203492884 0.00683958037
v -0.0167710837 0.0190469846 0.0310089178
v -0.0190692637 0.0229849275 0.00334806694
v -0.019742813 0.0242840257 0.00535667641
v -0.0181803573 0.0218138713 0.0247986782
v -0.0192799512 0.0229739491 0.0289678872
v -0.0187442359 0.0228189528 0.0271227658
v -0.0193737783 0.0224521775 0.0299581923
v -0.0194908343 0.025814712 0.00102383504
v -0.0201896336 0.027588645 0.00230478146
v -0.0207399484 0.0267805345 0.00445315754
v -0.0185819324 0.0339863822 0.000291415112
v -0.0202888139 0.0353948176 0.00101109757
v -0.0178203583 0.00123045885 0.00322139426
v -0.0181749463 0.00255287276 0.00431248965
v -0.0169898886 0.00176484184 0.00463477429
v -0.0168618523 0.000916708319 0.00717656733
v -0.0172414705 0.000423077028 0.0103199007
v -0.0161046311 0.000637405668 0.00831869151
v -0.0181935485 0.000495647488 0.0136827286
v -0.0166175626 0.000129274486 0.0115960157
v -0.0162458364 0.000207416568 0.0131534794
v -0.0175697915 0.000358158664 0.0165780652
v -0.0177621786 0.00020027491 0.0195978358
v -0.016973611 0.000373203889 0.0246891864
v -0.0180479139 0.000985021004 0.0273253936
v -0.0163515173 0.0015464169 0.0276237447
v -0.015630139 0.00338867004 0.0288919974
v -0.0158160254 0.00672712084 0.0299222209
v -0.0177982785 0.0114612756 0.00757793011
v -0.0168655105 0.0118793584 0.00820730999
v -0.0167851858 0.0116316443 0.0111116515
v -0.0161729641 0.0118269939 0.0161820501
v -0.0163915921 0.0110022752 0.0307553839
v -0.0168845765 0.0185150485 0.00568872085
v -0.0165895876 0.0144290896 0.00851993263
v -0.0170058999 0.0160050336 0.00707367947
v -0.0157183819 0.0136407493 0.00942139607
v -0.0167712811 0.0130886668 0.017600378
v -0.0169481095 0.0155695314 0.031341061
v -0.0168980546 0.0170768481 0.0199931655
v -0.01582174 0.0142855253 0.0189071875
v -0.01782481 0.019418193 0.00225634244
v -0.0173549522 0.0195187367 0.0218850095
v -0.0166608728 0.0226462502 0.00293970504
v -0.0149696786 0.0191732869 0.0245690122
v -0.0159077197 0.020478148 0.0293658115
v -0.0152339619 0.0201327391 0.0272202045
v -0.0161458813 0.0201291665 0.030196419
v -0.0147796106 0.000562863075 0.00480901171
v -0.0154975336 0.00138696458 0.00568350637
v -0.012459063 0.000304155808 0.00365993846
v -0.0139873419 0.00165642193 0.00693042902
v -0.0148357432 0.000881073764 0.00946176983
v -0.0139424149 0.00139972509 0.0125432042
v -0.0161483567 0.000615329249 0.0163166523
v -0.0146245211 0.0014072716 0.0162450317
v -0.0159800909 0.000660903461 0.0204042271
v -0.0144317579 0.00143111416 0.0193790644
v -0.0146563044 0.00125167624 0.0224116016
v -0.0155827897 0.00090751308 0.0255790167
v -0.0145064406 0.00301868655 0.0282148011
v -0.0136020361 0.00278742891 0.0271853637
v -0.014499574 0.00542905834 0.0294132791
v -0.0141366962 0.010168544 0.0304144137
v -0.0154488999 0.0119454376 0.00902578328
v -0.0141234128 0.0114220884 0.00988307875
v -0.0143352114 0.0120148687 0.00946974754
v -0.0151319774 0.0113024935 0.0124143483
v -0.0131300231 0.0101387426 0.0122395847
v -0.0156869758 0.0113481237 0.0141748032
v -0.0137365162 0.010214746 0.0148934852
v -0.0140896412 0.0107654491 0.0168358367
v -0.0143992733 0.0118768839 0.018102508
v -0.0148955854 0.0134903016 0.0308899917
v -0.0140589913 0.0127544291 0.0102539007
v -0.0156791322 0.0172253679 0.00848621875
v -0.0145020233 0.0192600954 0.0090349419
v -0.0133268479 0.0163019486 0.0109963175
v -0.0144262258 0.0153450454 0.0203552395
v -0.0144001273 0.0168835949 0.0217979811
v -0.0138668688 0.0155976461 0.0303557608
v -0.0153335119 0.0203206129 0.00732437009
v -0.0134505937 0.016822733 0.0244968049
v -0.0139940567 0.0181313772 0.0271826927
v -0.0141410707 0.0178521294 0.0290717334
v -0.0153532643 0.0229102001 0.0062755812
v -0.015478217 0.0268799104 0.0031741003
v -0.015017732 0.026024064 0.00522576412
v -0.0143149542 0.0243566334 0.00740416674
v -0.0142021589 0.0317144245 0.00242226082
v -0.0137274452 0.0314294547 0.00437776046
v -0.0100196833 0.000288895215 0.00449579395
v -0.0126999617 0.00106128806 0.00701777637
v -0.0102469996 0.000494847598 0.00619436568
v -0.00947772246 0.00136613951 0.00840884168
v -0.0128595168 0.00214566779 0.0103403945
v -0.0122337705 0.002674093 0.00839018077
v -0.0130516542 0.00281911413 0.0165099893
v -0.0125266286 0.00310488883 0.023040548
v -0.0127681708 0.00297035789 0.0248883739
v -0.0115897004 0.00396222435 0.0097284643
v -0.0123431385 0.00315919425 0.0127989268
v -0.0119809322 0.00425054319 0.0146734342
v -0.0119782696 0.0049631428 0.0173031334
v -0.012469843 0.00321976398 0.020425953
v -0.0129574006 0.00304805767 0.0261099152
v -0.0129169459 0.00633971533 0.0290760212
v -0.0120414309 0.00621256465 0.0282653738
v -0.0119926399 0.0081541501 0.0133566046
v -0.0125743272 0.0104339588 0.0100311609
v -0.0115219913 0.00848806091 0.0102297263
v -0.0125913806 0.0089099044 0.0167003181
v -0.0115873897 0.00613314286 0.0137630608
v -0.0118659744 0.00713801384 0.0173773058
v -0.012637618 0.00984859373 0.0181890633
v -0.0114470674 0.00907074474 0.0199786723
v -0.0123430239 0.0109071843 0.0100117698
v -0.0116370684 0.0111861862 0.011364257
v -0.0125849759 0.0126968268 0.0204255003
v -0.0112408018 0.0103106126 0.0219875313
v -0.0116383182 0.0109459506 0.0285344087
v -0.0129316738 0.0132683171 0.0298824403
v -0.0123249451 0.0108958185 0.0295418929
v -0.0129518854 0.0135647636 0.0113424603
v -0.0114312032 0.0152494516 0.012276385
v -0.012296888 0.0137279555 0.0221411157
v -0.0111104101 0.0107455086 0.0244543962
v -0.0112050986 0.0110219922 0.0263452996
v -0.0130150905 0.0159032457 0.0290371552
v -0.012685244 0.0159707163 0.0273355506
v -0.0127867321 0.0198144503 0.0106983334
v -0.0124241393 0.0152828954 0.0252728686
v -0.0108984318 0.0188713335 0.0122746695
v -0.0124388393 0.0247224458 0.00944754202
v -0.0123331137 0.0281089544 0.00836614147
v -0.0130310329 0.030294301 0.00650071912
v -0.0112440567 0.0328736827 0.00731615629
v -0.0116795963 0.0354176126 0.00471235672
v -0.0092989672 0.000307097827 0.00230281218
v -0.00779702328 0.000369420974 0.00541354623
v -0.0105282376 0.00300481124 0.00971296523
v -0.00928983465 0.00338137918 0.0106039625
v -0.0112058241 0.00397326611 0.00933252182
v -0.0110940821 0.00513031706 0.00986987259
v -0.0106884418 0.00578702055 0.010170457
v -0.00960483029 0.00600410765 0.0117813479
v -0.0111596575 0.00651682355 0.0104269823
v -0.0102278292 0.00878414977 0.0118418979
v -0.0113532338 0.00606692303 0.0202474017
v -0.0111744786 0.00631687464 0.0230737943
v -0.011310026 0.00642931787 0.0260185823
v -0.0109612001 0.00845403504 0.0101747205
v -0.0105605675 0.01157708 0.0124879424
v -0.00937777851 0.0138074365 0.0133005399
v -0.00858941581 0.0170246158 0.0136421984
v -0.0104348734 0.0218518209 0.0118351765
v -0.0100283809 0.0255394783 0.0111557283
v -0.0082843136 0.0243139714 0.012482794
v -0.010082176 0.0289094299 0.0102112927
v -0.00939978473 0.0322712809 0.00952303503
v -0.00992679223 0.0353607126 0.00720836315
v -0.0100384196 0.039301876 0.00377521478
v -0.00909760315 0.0387597047 0.00565465447
v -0.00419585407 0.000242438196 0.00616159989
v -0.00555231562 0.000527740223 0.00708928192
v -0.00614874205 0.00147552486 0.00908074994
v -0.00788235012 0.00589004392 0.0125748906
v -0.00660969643 0.0034122928 0.0111678373
v -0.00878635235 0.00845597964 0.0130757336
v -0.00460340036 0.0074502374 0.0137817543
v -0.00745453732 0.00887743011 0.013679578
v -0.00834681746 0.0111041181 0.0135803791
v -0.00717006065 0.0140360119 0.0141252205
v -0.00846844725 0.0200988464 0.0133332061
v -0.00679631159 0.018324228 0.0142827854
v -0.00654238835 0.0235779155 0.0134120518
v -0.00656099943 0.0273760185 0.0127813742
v -0.00802738778 0.0292087719 0.0115705105
v -0.00722689414 0.033666864 0.010462448
v -0.00778269442 0.0382424667 0.00730467355
v -0.00666414434 0.0379581638 0.00828440953
v -0.00174935162 0.000123092832 0.00580928056
v -0.0040235389 0.00327024679 0.0115009099
v -0.00367991487 0.00573089765 0.0131951068
v -0.00532876793 0.00968981721 0.0142286858
v -0.00570842111 0.013868887 0.0145418392
v -0.00522575341 0.0183226503 0.0148045011
v -0.00494466815 0.0231009908 0.014050113
v -0.00425457768 0.026683541 0.0137138143
v -0.00481818477 0.0297580473 0.0128146308
v -0.00568151521 0.0323059931 0.0118861031
v -0.00527155027 0.0360605344 0.0100786444
v -0.00407073228 0.0334596746 0.011973341
v -0.0038678532 0.0394529775 0.00877514668
v -0.00240974082 0.00142254657 0.00953596551
v 0.00022542158 0.000450112013 0.00768713839
v -0.000930627284 0.0028929133 0.0114943059
v -0.00131768675 0.00463535264 0.0128030665
v -0.0011459837 0.0097696837 0.0151919518
v -0.00355687086 0.0111016594 0.0148783512
v -0.00231600902 0.0129430834 0.0153784361
v -0.00404009409 0.0146648129 0.0150481425
v -0.00248591392 0.0168182608 0.0155704413
v -0.00346987252 0.0188117288 0.0152554717
v -0.00100530684 0.0191641431 0.0157538634
v -0.00254921778 0.0237646084 0.0145293735
v -0.000817569497 0.0209031496 0.0153822694
v -0.00259935041 0.0275429394 0.0138968853
v -0.00229229638 0.0300085656 0.0131376805
v -0.0017433688 0.0330630951 0.0124937743
v -0.00369472988 0.0370457396 0.0100649232
v -0.00199084287 0.0362730473 0.0107333716
v 0.000610883348 0.000117282616 0.00506588724
v 0.000403931306 0.00138384057 0.00988451578
v 0.00030469941 0.00360119273 0.012253047
v -8.21482536e-06 0.00761775766 0.0146108642
v 0.000244422408 0.00551258447 0.0135665061
v -3.11383628e-05 0.012196023 0.0157204643
v 0.000993911992 0.010322053 0.0153291803
v -0.000927683199 0.0149195613 0.0158281941
v -4.98787012e-05 0.0169221405 0.0160620399
v 0.0011155695 0.0238782801 0.0146801453
v -0.00049168925 0.0243152529 0.0146279698
v -0.000449888554 0.0270599183 0.0140960608
v -0.000118484342 0.0292447265 0.0131597435
v -0.000180368981 0.0326868966 0.0123823108
v -8.98590588e-05 0.0353876203 0.0110059381
v -0.00130791764 0.0401599035 0.00883228518
v -7.40159294e-06 0.039245192 0.00901173335
v -0.0144521454 0.0704633817 0.00117023545
v -0.014398885 0.0739822462 0.00186717685
v -0.0122493533 0.0644611418 0.00357156643
v -0.012574832 0.0653543174 0.00470927963
v -0.0118535357 0.0653950274 0.00918332022
v -0.0139171137 0.0684152171 0.0033347304
v -0.0131461862 0.066721119 0.00562618813
v -0.0136211235 0.0696051121 0.00664765062
v -0.0122975716 0.0675940961 0.0104148751
v -0.0127596958 0.0712161884 0.00914303865
v -0.0121573042 0.0701484606 0.010633288
v -0.0141586065 0.0716957077 0.00464095594
v -0.0137066375 0.0767506808 0.00325607508
v -0.0133965043 0.0741436258 0.00667402986
v -0.0123666702 0.075185582 0.0085615078
v -0.0110313641 0.0716616586 0.0119888047
v -0.0127920862 0.0770815089 0.00588059984
v -0.00948032551 0.0613393784 0.00361154391
v -0.0110120252 0.0630758181 0.00515197171
v -0.0102614323 0.0625848994 0.00606535282
v -0.00861892477 0.0612484626 0.00670999102
v -0.0101622371 0.0627648383 0.00896489806
v -0.00928495731 0.0618660189 0.0105741573
v -0.0104632592 0.0633965507 0.0115132034
v -0.0105772298 0.0647290871 0.0132259857
v -0.00932365842 0.0637165681 0.0134882256
v -0.011351197 0.0661492348 0.0125821428
v -0.0106061343 0.0662790239 0.0145564042
v -0.011002495 0.0680165365 0.0139015671
v -0.00972776301 0.0678338632 0.0164199769
v -0.00952934194 0.0654505342 0.0154832006
v -0.00940868631 0.0657924265 0.0164484195
v -0.0114953946 0.0693216026 0.012794463
v -0.00992631633 0.0698173046 0.0150664421
v -0.00944277924 0.0686580241 0.0167196747
v -0.0102127995 0.0707845017 0.0143420054
v -0.00881351717 0.0728277266 0.0141695607
v -0.00867972244 0.0720723197 0.0152286431
v -0.0105420593 0.0747127905 0.0114129754
v -0.00895963237 0.0739318281 0.0132049415
v -0.00996707845 0.0780629963 0.0108725727
v -0.00870241504 0.0770082623 0.0125691295
v -0.00735854357 0.0418406129 0.00495480374
v -0.00813202653 0.0601278953 0.00177034503
v -0.00728976168 0.0598287359 0.00361733395
v -0.00572171947 0.0588430539 0.00825183094
v -0.00759312138 0.0600925945 0.00921836309
v -0.00723251235 0.0593371838 0.0139129274
v -0.00827270001 0.0601333641 0.0152932266
v -0.00849413779 0.0597176962 0.0172843188
v -0.00723532308 0.0580434352 0.0158181377
v -0.0079512829 0.0589735694 0.0190239158
v -0.00642371178 0.0573243164 0.0185428932
v -0.00890202262 0.0614253394 0.0197490901
v -0.00746638002 0.0601952858 0.0212915186
v -0.00660363724 0.0588299073 0.0208226666
v -0.00659999857 0.0598156936 0.00630065612
v -0.00798472669 0.0614929982 0.0117497584
v -0.0068326476 0.0601344779 0.0108456491
v -0.0082879914 0.0617509186 0.0134810237
v -0.00642672181 0.0597631186 0.0119935786
v -0.00903642736 0.0616377704 0.0163013022
v -0.0090925768 0.0635000989 0.0147057725
v -0.00911355391 0.0614448525 0.018433176
v -0.00813024677 0.0620845519 0.0213568285
v -0.00944845192 0.0634227097 0.0177516341
v -0.00902189966 0.0651201978 0.0192021336
v -0.00828440767 0.0646167397 0.0210066643
v -0.00596283097 0.0635383129 0.0232119784
v -0.0087464666 0.0673947632 0.0177268535
v -0.0076608602 0.0684335604 0.0186951887
v -0.00800505839 0.0669034198 0.019986121
v -0.00745453266 0.0656213388 0.0216696337
v -0.00675776368 0.0669931099 0.0214076191
v -0.00683019357 0.0702792481 0.0188944731
v -0.00781459548 0.0712066814 0.0163673535
v -0.00718067121 0.0709669068 0.0182274729
v -0.00599069521 0.0743988603 0.0145843849
v -0.00667172903 0.0728966296 0.0160448644
v -0.00726312678 0.0752615854 0.0138246994
v -0.00658352766 0.0771354288 0.0139404414
v -0.00475852564 0.0419071689 0.00689231372
v -0.00514982129 0.0434019938 0.00550819514
v -0.00531066163 0.045927953 0.00291934097
v -0.00351493922 0.0460906439 0.00459605828
v -0.0058264453 0.0578939691 0.0136177652
v -0.00447546132 0.0567394085 0.0141850999
v -0.00591300055 0.0566975288 0.0162395686
v -0.00401230436 0.0558538735 0.0161441453
v -0.00433382159 0.0560128875 0.0179009959
v -0.00464237202 0.0576831363 0.0208649598
v -0.00442111678 0.0576471798 0.00124638691
v -0.00450840686 0.0584995896 0.00377545133
v -0.00496531976 0.0590267107 0.0054941019
v -0.00420294562 0.0580951683 0.00797474571
v -0.00464253454 0.0584344752 0.0115095964
v -0.00435013976 0.0584305301 0.0105455816
v -0.00442302041 0.0600144118 0.0228451602
v -0.00551147759 0.0615488477 0.0230099112
v -0.00589902187 0.0652637184 0.0228734985
v -0.00426860573 0.0636045635 0.0237623025
v -0.00532266544 0.0671070144 0.0220260341
v -0.00381502183 0.0654246733 0.0232721791
v -0.00583678205 0.0693875924 0.0194937009
v -0.00551048899 0.0689327791 0.0199191086
v -0.00391882891 0.0674525127 0.0219562054
v -0.00655639637 0.0716168806 0.0170314461
v -0.00563215045 0.0714724734 0.0189009141
v -0.00483213598 0.0717590153 0.0175706837
v -0.00472920807 0.07053449 0.0197331514
v -0.00466612959 0.0741861686 0.015312952
v -0.00418949453 0.0731277242 0.0168910194
v -0.00624748599 0.0759120882 0.0150299957
v -0.00499165663 0.0749021322 0.0147481207
v -0.00504850084 0.0767214298 0.0145545024
v -0.00262695667 0.04287377 0.00715869898
v -0.00204070169 0.0458194613 0.00553840259
v -0.00343077537 0.0484717563 0.00320069748
v -0.0023778379 0.0480850786 0.00420594122
v -0.00432452699 0.0509636998 0.00100684667
v -0.00299686566 0.0510263778 0.00273171184
v -0.00367813883 0.0547722466 0.00133503031
v -0.00254110363 0.0533021539 0.00262582768
v -0.00383320474 0.056920588 0.00131227484
v -0.00216752477 0.0561631396 0.00243675709
v -0.0032720461 0.0572899245 0.00227703177
v -0.0016990857 0.0570562407 0.00291569764
v -0.00262870663 0.0574532561 0.00848392118
v -0.00277590193 0.0578790158 0.011231089
v -0.000312260148 0.0567701384 0.00922847167
v -0.00260706013 0.0558483489 0.0150104836
v -0.00111504365 0.0566545725 0.01310152
v -0.0018101522 0.055369664 0.0168726109
v -0.00253011938 0.055650115 0.0179913919
v -0.00133435929 0.0561791174 0.0198300406
v -0.00243149861 0.0575218089 0.0214866716
v -0.00242668972 0.0580285527 0.00403624587
v -0.00257239374 0.058347825 0.00567661319
v -0.000103836996 0.0569365881 0.00750874402
v -0.000822193397 0.0583458878 0.00534096034
v -0.00106202404 0.057497222 0.0109518506
v -0.00229845429 0.0588777438 0.0227077734
v -0.00261276518 0.0620264076 0.0240222383
v -0.00124342495 0.0645809695 0.0237890277
v -0.00125627848 0.0662474409 0.0229285322
v -0.00350474496 0.0691405833 0.0200990904
v -0.00101575756 0.0673961937 0.0219434276
v -0.00144847867 0.0687600672 0.0203136615
v -0.00255910074 0.0717100203 0.0180685353
v -0.00214534788 0.0713039935 0.0191927757
v -0.00277145277 0.0705849677 0.0200061128
v -0.00127648097 0.0746592507 0.016324738
v -0.0033483915 0.0763525516 0.0151599534
v -0.000928707537 0.0759775862 0.0158484355
v -0.00118633418 0.0442546085 0.0066309236
v -1.11276477e-05 0.044702448 0.0061780964
v -0.00086912734 0.0468746126 0.00520947017
v 0.000742153323 0.0482515432 0.00461214501
v -0.0010816009 0.0499888845 0.00407196069
v -0.00102814066 0.0529993773 0.00336579233
v -0.00116510841 0.0564831086 0.00261685136
v 0.000161124699 0.0578149706 0.00342533644
v 2.38176235e-05 0.0567048527 0.0083652297
v 8.61790613e-05 0.0574093834 0.0113462964
v 0.000639498408 0.0559167899 0.0145619642
v 0.000850108685 0.0568010099 0.0128053222
v 0.00102973648 0.0553320386 0.0165133011
v 0.000810839934 0.0555127636 0.0182340462
v -1.12850034e-06 0.0574907511 0.021840306
v -0.000725096441 0.0596593171 0.0234156847
v -1.84234214e-05 0.0612796061 0.024080988
v 0.00208422542 0.0620870963 0.024123922
v -0.000291082746 0.0634075627 0.0241321698
v -0.000296724727 0.068820484 0.0201447587
v -0.00111035991 0.0715248287 0.0181801468
v 1.544316e-05 0.0711512715 0.018084608
v 6.6032102e-05 0.070785664 0.0193427466
v -5.88152907e-05 0.0702416599 0.0198358726
v -0.00118378876 0.0731607452 0.0176003892
v 0.000599568302 0.0732477307 0.0175439287
v 0.000714645663 0.0748989731 0.0162038561
v -0.0115448562 0.0784145966 0.0080654826
v -0.0101386523 0.080591388 0.00903687812
v -0.010957988 0.0817221031 0.00636695139
v -0.00892252382 0.0811932981 0.0103166522
v -0.0112738917 0.0829785019 0.00382358138
v -0.0100897066 0.0845754966 0.00434075017
v -0.00937135145 0.0834822133 0.00737708807
v -0.00970044173 0.0862477124 0.00139822159
v -0.00785785727 0.0794528276 0.0125166252
v -0.00716226036 0.0817205757 0.0117628928
v -0.00809152052 0.0841806978 0.00854832865
v -0.00628232025 0.0846388564 0.00995928328
v -0.0088474229 0.086632669 0.00320880534
v -0.00670420611 0.0877510309 0.00542178797
v -0.00796965696 0.0859625712 0.00633625314
v -0.00632311404 0.0859466344 0.00821589213
v -0.0075755138 0.0886263624 0.00161989022
v -0.00724314386 0.0882645547 0.00350130303
v -0.00797674153 0.0931210369 0.000895821489
v -0.00739075663 0.093172431 0.00231244392
v -0.00790800434 0.0945535973 0.00195892062
v -0.00823000632 0.0950175002 0.000671163842
v -0.00759048527 0.0961494744 0.00117813319
v -0.00672470685 0.0961258411 0.00255662063
v -0.00567073142 0.0788162127 0.0140636209
v -0.00561576476 0.0804880783 0.0135573
v -0.00551584875 0.0830232054 0.0121101867
v -0.00405860413 0.0834065601 0.012556836
v -0.00445128046 0.0862038732 0.00953827519
v -0.00544124562 0.0887547508 0.00492299534
v -0.00490993261 0.0877147019 0.00740613416
v -0.00645538 0.0892666057 0.00215376588
v -0.00673139747 0.0914004445 0.000948644185
v -0.00635960558 0.0897416994 0.000807176053
v -0.00627491297 0.0897454321 0.00181184895
v -0.0063342005 0.0914715007 0.00201501301
v -0.00515037496 0.0897010341 0.00269541447
v -0.0053553232 0.0915227905 0.00263575558
v -0.00308329007 0.089390941 0.00432225736
v -0.00659052934 0.0939186066 0.00324989436
v -0.00549667422 0.0933148488 0.00339735392
v -0.00435055839 0.0941434205 0.00344010233
v -0.00513892667 0.095529981 0.00337488623
v -0.00577846356 0.0966117233 0.00236019515
v -0.00517400075 0.0973132253 0.00064830546
v -0.00413645618 0.0968111902 0.00174075714
v -0.00353230932 0.0787060782 0.0148885148
v -0.00114558765 0.0786509141 0.015548842
v -0.0028831705 0.0815162659 0.0142293563
v -0.00169860618 0.0832927972 0.013467879
v -0.00331463199 0.0847490802 0.011582003
v -0.00143524655 0.0851060897 0.0118198665
v -0.00113263389 0.0885397196 0.00684853736
v -0.00162263564 0.0870669112 0.00934186112
v -0.00365551794 0.0898408219 0.0023708262
v -0.00433561765 0.0917162374 0.00257330667
v -0.00362246134 0.0903419256 0.00197399524
v -0.00339899305 0.091647163 0.00165720249
v -0.00140290894 0.0897523239 0.00258402154
v -0.00061354955 0.0892147571 0.00508751906
v -0.00345453667 0.0941118225 0.00297916494
v -0.00253666402 0.0932397544 0.00134595507
v -0.00348793296 0.095885314 0.00244451407
v -0.00234815944 0.0950205624 0.00127199141
v 0.00058190804 0.0789604187 0.0155656394
v -0.000751352287 0.0811341256 0.0148857497
v 0.000758059963 0.0829762295 0.0138129946
v 0.00200593937 0.0854525045 0.0113585377
v 0.0011457915 0.0872105435 0.00920773111
v 0.000340124301 0.0895942599 0.003307448
v 0.00197377731 0.0888444856 0.00606225664
v 0.0201417748 0.000109638058 0.0204459857
v 0.020164432 -0.000129753404 0.0239112303
v 0.0191190429 4.21362165e-05 0.0233688168
v 0.0217209309 -4.90083175e-06 0.0234736297
v 0.00214702799 0.00213937578 -0.0313242227
v 0.00129716587 0.00112670334 -0.0285145547
v 0.00191533566 0.00121932314 -0.0308770463
v 0.0027439564 0.00139289373 -0.0306928512
v 0.00280992896 0.00215026434 -0.0307118706
v 0.00135320437 0.00213830196 -0.0277907178
v 0.00234888587 0.00249432563 -0.0308959819
v 0.000534034451 0.00131857081 -0.0269234795
v 0.000957734184 0.00208436791 -0.0259433035
v 0.000659412472 0.00200902577 -0.0239504147
v 0.00470398506 0.00143961806 -0.0163020268
v 0.000785707554 0.000808266341 -0.0138895735
v 0.0033880421 0.000988639775 -0.0136264693
v 0.00266246335 0.000827611249 -0.0130897025
v 0.00209551561 0.000601681415 -0.00898964517
v 0.0085534798 0.000688853208 -0.00685351435
v 0.00158777426 0.000446565129 -0.00616260106
v 0.00727112172 0.000476894638 -0.00174561504
v 0.00078716682 0.000212610656 0.00012082496
v 0.00288517517 0.000187618542 0.000816511223
v 0.00276225666 0.000353177456 -0.000773050357
v 0.00071336783 0.00280941254 -0.0286696721
v 0.00104252447 0.0027914797 -0.0280271545
v 0.000660656951 0.00327349128 -0.0260963757
v 0.000993142719 0.00310402224 -0.0246769264
v 0.000823629089 0.00537745189 -0.0228805095
v 0.0017042167 0.00325992494 -0.0202664901
v 0.00188642228 0.00399263436 -0.0208758228
v 0.00153911219 0.004803624 -0.0219258554
v 0.00213001273 0.00577065069 -0.0206637289
v 0.002413037 0.00874544587 -0.0205938276
v 0.00230541267 0.0152088646 -0.0199463684
v 0.00101236289 0.0190244038 -0.019495463
v 0.00262573757 0.0204225257 -0.0191563405
v 0.000945074775 0.0237492099 -0.0187733676
v 0.0021964612 0.0260975994 -0.0184402689
v 0.000988238258 0.027984621 -0.0181717128
v 0.00156506558 0.0331963077 -0.0175218359
v 0.00202576304 0.0302781854 -0.0179148149
v 0.00356506137 0.0315767862 -0.017586749
v 0.00115074217 0.0359914377 -0.0170282573
v 0.00349020679 0.0353414007 -0.016959602
v 0.00120092731 0.0399461053 -0.0162995663
v 0.00476575503 0.00189161499 -0.017522689
v 0.00403429149 0.00270152977 -0.0189996753
v 0.00585230067 0.00116691831 -0.0142814247
v 0.00703486381 0.000877188344 -0.0110071376
v 0.00502756424 0.000592209806 -0.00760577293
v 0.00465172343 0.00411926024 -0.0197655931
v 0.00404752931 0.00623513479 -0.0203317814
v 0.00684092892 0.00589476852 -0.0194276758
v 0.0039715087 0.0114758657 -0.0200518444
v 0.00506481435 0.00860580336 -0.0199838486
v 0.00454617059 0.0159316827 -0.0193831325
v 0.0044233962 0.021445591 -0.0187273789
v 0.0036156713 0.0260756183 -0.0182893667
v 0.00423364481 0.027752595 -0.0179881006
v 0.00611692853 0.0220667142 -0.0181614365
v 0.00652985834 0.0263742954 -0.0174913146
v 0.00592723535 0.0319100991 -0.0168305878
v 0.00462107453 0.0388387069 -0.0157301128
v 0.00666125398 0.00225746818 -0.0173339806
v 0.00913641136 0.00146119378 -0.0141607625
v 0.00852406211 0.000619711529 -0.00421452383
v 0.00773824751 0.00374784437 -0.0183653086
v 0.00679035066 0.008983423 -0.0194096416
v 0.00591033092 0.0126643889 -0.0193488691
v 0.00695944391 0.0147880781 -0.0188067928
v 0.00749343447 0.019587284 -0.0180303697
v 0.00852725469 0.0282167811 -0.0162579939
v 0.00757975038 0.0333503298 -0.0156683885
v 0.00667917263 0.0382196382 -0.0147332009
v 0.00974625349 0.00249008299 -0.0163812265
v 0.00953440927 0.00181247003 -0.0153256152
v 0.0108861318 0.00118234532 -0.011526484
v 0.0108588887 0.000894072524 -0.00852182601
v 0.0117130149 0.000551008619 -0.00109833386
v 0.00985353813 0.00379482936 -0.0174364969
v 0.00953734387 0.00664516399 -0.0182145499
v 0.0111538619 0.0057310327 -0.017347889
v 0.00858923793 0.0100587774 -0.0185812023
v 0.0107339295 0.0088680014 -0.0176326334
v 0.00944960397 0.0134275993 -0.0178525038
v 0.00884432718 0.0175293013 -0.0176572986
v 0.0100029269 0.021461824 -0.0165798198
v 0.0085628191 0.02327957 -0.0170073044
v 0.0107219424 0.0263862237 -0.0151552642
v 0.00985137094 0.0311812796 -0.014659659
v 0.00822391361 0.0363094509 -0.01424002
v 0.00984589756 0.0348067209 -0.0135318497
v 0.00772246346 0.0411319807 -0.012754472
v 0.00984245539 0.0370474234 -0.0124533353
v 0.0126370462 0.00178965717 -0.0133049814
v 0.0124157993 0.00142612855 -0.0121546844
v 0.0141299348 0.00113563822 -0.0081126513
v 0.012643435 0.000863975845 -0.00426270906
v 0.0123249181 0.00382118975 -0.0159862079
v 0.0137944613 0.00252563553 -0.0139254443
v 0.0128371147 0.00581242889 -0.0161825903
v 0.0128776962 0.00789336395 -0.0162134841
v 0.0105311619 0.0140530923 -0.017292019
v 0.0121314721 0.0125073539 -0.0164139383
v 0.0117145861 0.0196111053 -0.0157168787
v 0.0130794849 0.0221896581 -0.0142471343
v 0.0115264207 0.0295527168 -0.0138406763
v 0.0142947324 0.0278766509 -0.0111773284
v 0.0125386706 0.033517763 -0.0110041806
v 0.0110986168 0.0376372896 -0.0105700223
v 0.0117356954 0.0384439193 -0.00842351187
v 0.0127275502 0.0364679657 -0.00806584768
v 0.0117531568 0.0398015305 -0.00159696874
v 0.0147091541 0.00141812838 -0.0097276913
v 0.0162755661 0.00197278778 -0.0105657242
v 0.0147775766 0.00107513519 -0.00352497562
v 0.0157596916 0.000910335511 -0.000690464105
v 0.0143875806 0.000462351454 0.00176807051
v 0.0158418622 0.000545879942 0.00295104296
v 0.0146623561 0.00367754558 -0.0142355077
v 0.0144831948 0.00635881117 -0.0150300916
v 0.0139458803 0.0105631864 -0.0153429499
v 0.0139809055 0.0162609145 -0.0146510871
v 0.0155672785 0.0134384334 -0.013573207
v 0.0157331303 0.021535309 -0.0115026981
v 0.015822798 0.0179765765 -0.0125113437
v 0.013916824 0.0238356441 -0.0128626581
v 0.0136378361 0.0302742533 -0.0110545233
v 0.0140945343 0.0337191597 -0.0073158904
v 0.014902195 0.0315501653 -0.00654886104
v 0.0143392794 0.0326206535 0.000616093166
v 0.0154825784 0.0295619052 -0.000662762555
v 0.0140731595 0.0343767479 -0.00186053594
v 0.013795496 0.035561312 -0.00772279594
v 0.014817114 0.0326913446 -0.00673609786
v 0.0159896985 0.0332550704 -0.00788193755
v 0.0129287643 0.0372424126 -0.00155823596
v 0.0130608305 0.0347846597 0.0022592193
v 0.0145193888 0.0345355459 -0.00218008691
v 0.0132943029 0.0373693965 -0.00185197452
v 0.0121198511 0.0387348458 -0.00825306214
v 0.0133886263 0.038425494 -0.00891957525
v 0.0158104096 0.0355315581 -0.00872875284
v 0.0145434672 0.0377441421 -0.000912073476
v 0.0159480907 0.00149266201 -0.00560493488
v 0.0168458335 0.00176859309 -0.00632828427
v 0.0174280666 0.00208910392 -0.00696359202
v 0.0177865475 0.00175925251 -0.00216610101
v 0.0164428577 0.00342567451 -0.0125060277
v 0.0173914619 0.00325346226 -0.0111762853
v 0.0171108972 0.00614415761 -0.0124659259
v 0.0163920578 0.00858933665 -0.0132759828
v 0.0169235151 0.0129134161 -0.0123162912
v 0.0170803275 0.0177386031 -0.0108477613
v 0.0171762053 0.0201310944 -0.009345375
v 0.0166288633 0.0247683283 -0.00760642579
v 0.0168732964 0.0256773978 -0.00330385356
v 0.0152118858 0.0299225263 -0.00755927945
v 0.0154916765 0.0300791543 -0.00494281575
v 0.015640635 0.0311600454 -0.00575630087
v 0.0159373395 0.0303543098 -0.00463741738
v 0.017706532 0.0301110335 -0.00712629966
v 0.0176647622 0.0286751315 -0.0057712202
v 0.0173939746 0.0285716914 -0.00406697439
v 0.015545018 0.03063518 -0.00337889092
v 0.0162651725 0.0307056308 -0.00326489075
v 0.0155515652 0.0321984813 -0.00283903023
v 0.0170312263 0.0318593644 -0.00131856534
v 0.0193379857 0.0306844506 -0.00822126679
v 0.015014682 0.0322380066 -0.00281892647
v 0.0175451655 0.0334479883 -0.000385881925
v 0.0171938241 0.0345306918 -0.00874357857
v 0.0176854525 0.0354140364 -0.00875064265
v 0.0163176227 0.035366565 -0.000462579716
v 0.0143156676 0.0391957685 -0.00911680795
v 0.0163817555 0.0379949398 -0.00876362622
v 0.0157117788 0.038886711 -0.000314420322
v 0.0175850838 0.0378991924 0.000173070919
v 0.0179801416 0.00271640136 -0.00954056997
v 0.0180996787 0.0015138163 0.000630685594
v 0.018757442 0.00507967221 -0.00962500274
v 0.0190435015 0.00338671147 -0.00581011456
v 0.019807972 0.00528790429 -0.00612827577
v 0.0197251067 0.0031457555 -0.000739349693
v 0.0187840052 0.0078243129 -0.00999290682
v 0.0197790116 0.0080585992 -0.00752178254
v 0.0178443156 0.00999965891 -0.0113021797
v 0.0186863411 0.0118087335 -0.00984400418
v 0.0195511058 0.0121725909 -0.00744965672
v 0.0182300638 0.0162750762 -0.00936010387
v 0.0187749043 0.0161242504 -0.00803175289
v 0.0192727037 0.0158028007 -0.00579680037
v 0.0195573233 0.0148880528 -0.00311613758
v 0.0189537387 0.0177484788 -0.00243700179
v 0.0199793708 0.0134117501 -0.000505226373
v 0.0175882708 0.0209364276 -0.00764734019
v 0.0183489062 0.0191824548 -0.00484588183
v 0.0181220509 0.0198319834 -0.000505438424
v 0.0178626496 0.021690581 -0.00269450294
v 0.0197994243 0.024629619 -0.00456280122
v 0.0187297873 0.0261006039 -0.00348117109
v 0.0183737203 0.0277391635 -0.00192128657
v 0.0192834642 0.024585316 -0.000562885543
v 0.0206580013 0.0250054356 -0.00605096295
v 0.0190095752 0.0290091485 0.000189357757
v 0.0194237735 0.0258327443 0.00103431905
v 0.0180970319 0.0305068027 -0.00062244368
v 0.0196671598 0.0338426791 -0.00836238731
v 0.0190003514 0.0321206339 0.000620484119
v 0.0202702526 0.0362954661 -0.00758333923
v 0.0164673273 0.0399387814 -0.00826099887
v 0.0174754281 0.0390680917 -0.000302841188
v 0.0179600287 0.0398720503 -0.00114946987
v 0.0210892763 0.0371148214 -0.000268806034
v 0.0205117706 0.00513489405 -0.00251367409
v 0.0208131578 0.00533462455 0.000620266073
v 0.0205453541 0.00785548426 -0.00430705817
v 0.0209139232 0.00768959289 -0.00224576332
v 0.0199689921 0.0109026534 -0.00597621826
v 0.020300623 0.0114615681 -0.00347126997
v 0.0205893051 0.010206962 0.000299318548
v 0.020848915 0.00868388545 0.000899428327
v 0.0197312925 0.0131762065 0.00164196908
v 0.0202312004 0.0171236731 0.00272466615
v 0.021768285 0.0185935702 -0.00121430447
v 0.0201954022 0.0205667913 -0.000630429655
v 0.0214428268 0.0215629768 -0.00346195162
v 0.0191438105 0.020750789 0.00234742486
v 0.020029461 0.022916466 -0.00227995566
v 0.0226856694 0.0215389431 -0.00447177794
v 0.0193540454 0.0227692239 0.000400624587
v 0.0214088913 0.0255591441 -0.00691315252
v 0.0207623187 0.0294652469 -0.00807329081
v 0.0218834653 0.0262282267 -0.00731553417
v 0.0211800262 0.0320135951 -0.00801161863
v 0.0215872005 0.0370367356 -0.00618765457
v 0.0224836413 0.03728256 -0.00463580014
v 0.0222478248 0.037660975 -0.00324312388
v 0.0212867018 0.0380596556 -0.00186265388
v 0.0209795479 0.0361538678 0.00058529299
v 0.0233044401 0.0164427049 -0.000368162
v 0.0242505167 0.0186680444 -0.00299244002
v 0.0243145078 0.0208623763 -0.00463093212
v 0.023870388 0.0237104744 -0.00612082891
v 0.0229397174 0.027368091 -0.00734415045
v 0.0251181945 0.0252919104 -0.00590176973
v 0.0229774881 0.0292889923 -0.00742457854
v 0.0232122764 0.0317435004 -0.00707550161
v 0.0233869459 0.0342808478 -0.0060456791
v 0.0250665098 0.0314144604 -0.00553610269
v 0.02425538 0.0345981866 -0.00436516199
v 0.0239841156 0.0354664661 -0.00256430567
v 0.0236361157 0.0339356586 0.00108336704
v 0.0232720543 0.0358613543 -0.000817291555
v 0.0244340897 0.0344748311 -0.000630782859
v 0.0252600759 0.0161512028 -0.00106197665
v 0.0261416491 0.014141161 0.000890106952
v 0.0262539946 0.017987499 -0.00281374948
v 0.0268334839 0.015931353 -0.000897060498
v 0.0259992387 0.0200261977 -0.00412616925
v 0.0256887376 0.0219449103 -0.00492126634
v 0.0273416173 0.0215577651 -0.00386355422
v 0.0268321745 0.0252816025 -0.00459354464
v 0.0250025354 0.0284286588 -0.0062361639
v 0.0262867827 0.0290719401 -0.00474836351
v 0.0260890499 0.0316677094 -0.00352590485
v 0.0268169194 0.0292230248 0.00218005688
v 0.025781652 0.0328656957 -0.00186723866
v 0.025906764 0.0314678065 0.00073752075
v 0.0281483121 0.0170975104 -0.00090135989
v 0.0279624853 0.0194238722 -0.00253277435
v 0.0295804124 0.0202854089 -0.000974291353
v 0.0287109632 0.0225575007 -0.00274566445
v 0.0292068608 0.0245408472 -0.00173240388
v 0.0276189614 0.0268768128 -0.00337172695
v 0.0277677383 0.028516518 -0.0018775427
v 0.0278579276 0.0287213139 0.000265694252
v 0.0300117917 0.0187879279 0.000502791605
v 0.0307667982 0.0208453946 0.00176090805
v 0.0302014034 0.0224187355 1.65087986e-05
v 0.0296896882 0.0253869314 0.000714266731
v 0.00204261229 0.0427515954 -0.0155899683
v 0.000833219034 0.0462413281 -0.0148770614
v 0.00112814445 0.0496835113 -0.0141494954
v 0.00136786222 0.0521624498 -0.0136140892
v 0.0031127166 0.0476130843 -0.0138520095
v 0.00259459042 0.0529591367 -0.012920904
v 0.00094423152 0.0558980815 -0.0130777331
v 0.00183179067 0.0577648468 -0.0126826307
v 0.00338957133 0.0562921651 -0.0118010305
v 0.00141175324 0.0650605187 -0.0130121056
v 0.00315274112 0.0658275485 -0.0126839587
v 0.00379924919 0.0638154298 -0.0121820793
v 0.00308892806 0.0690894574 -0.0132555468
v 0.00221309345 0.0744578093 -0.0137251085
v 0.00260031666 0.0789323747 -0.0126986513
v 0.00394697022 0.0761196464 -0.0131224012
v 0.00370051805 0.0434465259 -0.0147536853
v 0.00505860569 0.0438560247 -0.0137462122
v 0.00524287112 0.0476679988 -0.0119567085
v 0.0032793323 0.0503703728 -0.0129523454
v 0.00472495332 0.0508675352 -0.0111578414
v 0.00431196159 0.0533763133 -0.0110544749
v 0.00528756995 0.0525767244 -0.00951184332
v 0.00484506041 0.0501863249 0.000406810694
v 0.00524897175 0.0518542118 -0.00123504002
v 0.0044089416 0.0554140136 -0.0106222294
v 0.00416227523 0.0518597662 0.000978587079
v 0.00483964197 0.0551740862 -0.000666343432
v 0.00386283966 0.0543040782 0.00116045785
v 0.00382290408 0.0586356595 -0.011427247
v 0.00532120327 0.0553203672 -0.00890174229
v 0.00514259189 0.0577162765 -0.000515643391
v 0.00380450487 0.0565496311 0.00130546361
v 0.00319275027 0.0613023713 -0.0121095907
v 0.00500298943 0.0623137653 -0.0111367693
v 0.00565041648 0.0583697632 -0.00891309977
v 0.00558150513 0.0604313016 -0.00988931302
v 0.00578979589 0.0677320808 -0.0119951339
v 0.00538600655 0.070855312 -0.0128454808
v 0.00379230664 0.0729988441 -0.0134690842
v 0.00568720046 0.0739587098 -0.0128035527
v 0.007139639 0.0453162864 -0.0111015029
v 0.00741108367 0.0475940853 -0.00868930202
v 0.00846600067 0.0445880815 -0.00966293737
v 0.0047577722 0.0484223701 0.00153500668
v 0.0070247422 0.0459752865 0.000552465091
v 0.00713686133 0.0478842929 -0.00165102992
v 0.00598756643 0.0502378158 -0.00907325558
v 0.00700151082 0.0492754132 -0.0067097256
v 0.00633212645 0.0506570116 -0.00548359333
v 0.00706618326 0.0490971804 -0.0041419277
v 0.00574503141 0.0499973185 -0.0012137969
v 0.00606116885 0.0504636802 -0.00296118017
v 0.00587059977 0.052562654 -0.0067857597
v 0.00584034342 0.0526818633 -0.00452008611
v 0.00548159564 0.0537112802 -0.0027860445
v 0.00580404932 0.0556308813 -0.00703858398
v 0.00582282851 0.055071082 -0.0046628071
v 0.00612298632 0.0575862117 -0.00669210358
v 0.00629126048 0.0579149053 -0.00472535938
v 0.00568335503 0.0565209873 -0.00268624653
v 0.00620678766 0.058490254 -0.00279866019
v 0.00648135925 0.0606887303 -0.00860404409
v 0.00717413984 0.0607400276 -0.00677814428
v 0.00749489805 0.0608935431 -0.00493199658
v 0.00586925028 0.0586978979 -0.00113961613
v 0.007483928 0.0608628206 -0.0033046715
v 0.006691135 0.0590487979 0.000872340985
v 0.00642860075 0.0631252229 -0.0101524536
v 0.00813884288 0.0665976256 -0.0100524751
v 0.00893795677 0.0658797026 -0.00866554305
v 0.0070028794 0.0669673383 -0.0111106448
v 0.00790891051 0.0712476894 -0.0115645807
v 0.00690861512 0.0726481825 -0.0123314746
v 0.00625649374 0.0765094012 -0.0121872472
v 0.00466815522 0.0787394121 -0.0121506294
v 0.0081725698 0.0764571801 -0.0111865634
v 0.00926553831 0.0409158431 -0.0111636017
v 0.0106709385 0.0411352552 -0.00902010873
v 0.00953303091 0.0434285291 -0.00860238168
v 0.0106702829 0.0409352742 0.000235396175
v 0.00886299927 0.0455408432 -0.00797254685
v 0.00838018861 0.0434351079 0.00152372941
v 0.00888544694 0.0458031893 -0.00227817055
v 0.00960682519 0.0439343341 -0.00153995911
v 0.00834745634 0.0472716056 -0.00682448829
v 0.0103947222 0.046140328 -0.00761762029
v 0.00818529446 0.0478762127 -0.00519050611
v 0.00825103279 0.0474361479 -0.00376469432
v 0.0100412406 0.0471672416 -0.00659751985
v 0.0105430493 0.0472850874 -0.00543716969
v 0.010236525 0.0471409783 -0.00403001299
v 0.00880027469 0.0607235581 0.000173064254
v 0.00837789848 0.0634168759 -0.00734553346
v 0.00889255572 0.0630248114 -0.00423932169
v 0.00931706652 0.0617801286 -0.00183703564
v 0.0104937898 0.0684000477 -0.00806863513
v 0.00968431402 0.0647580773 -0.00496940734
v 0.0110725444 0.0645119697 -0.00300631765
v 0.00958267692 0.0701020658 -0.00995596312
v 0.0106700184 0.0726530328 -0.00942679029
v 0.00921169948 0.0741406828 -0.0107916798
v 0.0101506682 0.0773797557 -0.00955298636
v 0.0108020874 0.0419915207 -0.00889325701
v 0.0122905374 0.0397642478 -0.00172904984
v 0.0109319435 0.0439335667 -0.00870151911
v 0.0123630073 0.0416379608 -0.00919749122
v 0.0103201335 0.0424655229 -0.00116856594
v 0.0108363889 0.0426247977 -0.00134455389
v 0.0126736099 0.0414454155 -0.00104679679
v 0.0121869352 0.0450118855 -0.00794659741
v 0.0104732346 0.0460887663 -0.00268260506
v 0.012622172 0.0449992754 -0.00267773308
v 0.0113685364 0.0442144796 -0.00151808979
v 0.0137879811 0.0418961383 -0.00105170417
v 0.0126425391 0.0458881594 -0.00664615398
v 0.0121860188 0.0463169329 -0.00436488772
v 0.0109835668 0.062770322 0.00177371572
v 0.0112135429 0.0634385049 -0.00039478601
v 0.0124572497 0.0655101463 -0.00119390513
v 0.0129740164 0.065813221 0.00156911276
v 0.0108079081 0.0668605044 -0.00535511179
v 0.011979674 0.0667038858 -0.00386663782
v 0.0112502556 0.0705607831 -0.00803033449
v 0.0121987378 0.0701365992 -0.00565740746
v 0.0123151317 0.0743847415 -0.00722817471
v 0.0123680504 0.0727255493 -0.00650035683
v 0.0115528842 0.0761612803 -0.00849722698
v 0.0131156938 0.0429251641 -0.00866065733
v 0.0145688849 0.0427929908 -0.00802710839
v 0.0147153093 0.0426419713 -0.00184180355
v 0.0147936586 0.0444544628 -0.00556473574
v 0.0142632332 0.0446785502 -0.00419688132
v 0.0157194361 0.0427137539 -0.00270231185
v 0.0132878032 0.0676684678 -0.00248612044
v 0.0137098441 0.0676195621 -0.000133610971
v 0.0136362556 0.0703478009 -0.00369871617
v 0.0142230662 0.0695507005 -0.00150793488
v 0.0140145319 0.068698518 0.00107354554
v 0.0141144264 0.0730762258 -0.00355900871
v 0.0145799154 0.0718041658 -0.00111274095
v 0.0138452044 0.0761447251 -0.00419868063
v 0.0144218998 0.0749793127 -0.000363099767
v 0.0126553858 0.0777009353 -0.00644114334
v 0.0142402574 0.0759667978 -0.00198566704
v 0.0136594446 0.0791165531 -0.00225939136
v 0.0159056075 0.0428727977 -0.0067295921
v 0.0178373903 0.0416214913 -0.0040183696
v 0.0185559001 0.0401169546 -0.00665006181
v 0.018890122 0.0406294651 -0.00533006294
v 0.0145433694 0.0723896548 0.000815212086
v 0.0186294019 0.0402756706 -0.00224393792
v 0.00267010718 0.0822397172 -0.011076726
v 0.00344397686 0.0839795917 -0.00976072345
v 0.00136432855 0.0859276131 -0.00833533425
v 0.00161666784 0.0876235291 -0.00618136721
v 0.00234802673 0.0887593627 -0.00415659556
v 0.0014858353 0.0894518122 -0.00254083704
v 0.00377755496 0.0893454105 -0.00233141822
v 0.000903397566 0.0898397565 -0.00058111106
v 0.0034486379 0.0896424428 -0.000217230758
v 0.00319227204 0.0897593722 0.00086828589
v 0.00467404164 0.0818140134 -0.0107626477
v 0.0044727833 0.0851029232 -0.00858495012
v 0.0037522777 0.0870366246 -0.00676543918
v 0.0059489226 0.0864271671 -0.00692556566
v 0.00490843598 0.0885782167 -0.00402045529
v 0.00379743869 0.0902258158 0.000115299219
v 0.00437814929 0.0914892554 -0.000497953093
v 0.0054647061 0.0893763378 -0.000504058029
v 0.00463181362 0.0900146291 -0.000306326518
v 0.00236712932 0.0940894186 7.36933362e-05
v 0.00327431317 0.0938368067 -0.00123083114
v 0.00351705123 0.0915296078 0.000268902571
v 0.0053845942 0.0926547423 -0.00151746278
v 0.00540356711 0.0944435149 -0.0020246862
v 0.00305661396 0.095758535 -0.000514855317
v 0.0040361993 0.0944577008 -0.00171583949
v 0.00392746693 0.0960040018 -0.00110966817
v 0.00471537234 0.0964192674 -0.00110707071
v 0.00319634564 0.0966074541 0.000753097935
v 0.00657460978 0.0799519271 -0.0108442837
v 0.00876886863 0.0794330984 -0.00979597867
v 0.0064963107 0.0831607059 -0.00926772133
v 0.00834112149 0.0825904682 -0.00862172525
v 0.00812322833 0.0849867463 -0.00750371907
v 0.00658119749 0.08761888 -0.00516082905
v 0.00706976745 0.0888935253 -0.00159339712
v 0.0055091083 0.0913607776 -0.000517477049
v 0.0057149725 0.0899168774 -0.000100154102
v 0.00642876374 0.0913445055 0.000167640901
v 0.00665026251 0.0891906992 0.000716599927
v 0.00699913874 0.0931442156 -0.00110392412
v 0.00637055235 0.0959695429 -0.00122500991
v 0.00723643787 0.0949647427 -0.00117671944
v 0.00769985653 0.093805939 -0.000502173905
v 0.0075645675 0.0960937887 0.000120184675
v 0.00608736556 0.097207889 0.000436087517
v 0.00990916975 0.0806617811 -0.00836877339
v 0.0106988139 0.0847547203 -0.00633154251
v 0.00909093674 0.0860792249 -0.00619847933
v 0.0081961751 0.087229602 -0.00510526821
v 0.00877933949 0.0876215324 -0.00485498691
v 0.0106844716 0.0878612101 -0.00561984722
v 0.0101664513 0.0888224766 -0.00523345592
v 0.00819626451 0.0880976617 -0.00293834764
v 0.00839622132 0.0883459076 -0.00177079916
v 0.0096950084 0.0892539769 -0.0045418879
v 0.00931614172 0.0893653035 -0.00326497294
v 0.00898732431 0.0884999707 -0.00211151922
v 0.00773781724 0.088633813 0.000905834604
v 0.00964971818 0.0865829438 -0.000251867779
v 0.00969652925 0.0873906538 -0.00131659687
v 0.0101546068 0.0883210078 -0.00200975058
v 0.00954113994 0.0865606144 0.000991913374
v 0.00965903047 0.0896601006 -0.00247115968
v 0.00792726595 0.0929906666 0.000820610905
v 0.0110483179 0.0809821635 -0.00724678393
v 0.0126258293 0.0796235502 -0.00582195446
v 0.012408169 0.0822721943 -0.00514825713
v 0.0116863819 0.0840025619 -0.00564163644
v 0.0123862969 0.0842540339 -0.00481805811
v 0.0117026595 0.0836096928 0.000990330474
v 0.0121554686 0.0840184689 -0.00202994747
v 0.0108397957 0.0853092447 -0.00122866104
v 0.0117890462 0.0868559778 -0.00565751456
v 0.0127594303 0.0858188793 -0.00523966318
v 0.010875348 0.0864095464 -0.00237123575
v 0.011343251 0.0853932276 -0.0016900457
v 0.0120527726 0.0859959647 -0.00188973104
v 0.0125412606 0.0849155709 -0.00224594283
v 0.0137310158 0.0863783658 -0.00523430714
v 0.0117195677 0.0876747593 -0.00312248548
v 0.0107343374 0.087752521 -0.00225767563
v 0.0121464366 0.0873947665 -0.00298311491
v 0.0114341266 0.0914778486 -0.00612589298
v 0.0130083375 0.090605475 -0.00662932545
v 0.0100325439 0.0920970365 -0.00353624299
v 0.0105250217 0.0933289453 -0.00322008715
v 0.0110886525 0.092516087 -0.00239874329
v 0.0120451422 0.0917000845 -0.00196653418
v 0.0107319932 0.0936969072 -0.00492543122
v 0.0120751634 0.0947187245 -0.00601958064
v 0.0117754983 0.0957793146 -0.00509775616
v 0.0116143646 0.0957783014 -0.00396207068
v 0.0134136202 0.0962180421 -0.00282227574
v 0.0132610509 0.0793103874 -0.0045186691
v 0.0136543792 0.0787171274 0.000367680768
v 0.0125553645 0.0836527497 -0.0035568215
v 0.0130561274 0.0819897652 -0.00167005497
v 0.0124436636 0.0807239041 0.00339532481
v 0.0131771322 0.0847410038 -0.00294066221
v 0.0139780883 0.0854083225 -0.00403442746
v 0.0144097432 0.0853234306 -0.0029397856
v 0.0143741472 0.0856508687 -0.00174443901
v 0.0144648841 0.0868699774 -0.00125112396
v 0.0145274345 0.089508377 -0.00655226735
v 0.0156267062 0.0879136175 -0.00591699546
v 0.014794766 0.0889684632 -0.00195801794
v 0.01459073 0.0896722227 -0.00369561813
v 0.01458186 0.0902432948 -0.00399065949
v 0.0149591928 0.088149786 -0.00124860881
v 0.015242775 0.0914750323 -0.00400959421
v 0.0141415196 0.0922434479 -0.00259151426
v 0.0133527452 0.0949824974 -0.0064817518
v 0.014005594 0.0928740948 -0.00678410893
v 0.0144266849 0.0956630334 -0.00226729177
v 0.0138199218 0.0936550796 -0.00219246652
v 0.0135658206 0.0970577076 -0.00584386801
v 0.0129635874 0.0973035991 -0.00410312181
v 0.0132631389 0.0974712595 -0.00524336053
v 0.0153544229 0.0970667377 -0.00625141524
v 0.0151593061 0.0989226997 -0.00438991934
v 0.0154054426 0.0983509794 -0.00327131501
v 0.0165232662 0.0866619796 -0.00486851018
v 0.0162214786 0.085766986 -0.00279072952
v 0.0177972671 0.0863315091 -0.00358941965
v 0.0164147168 0.0860958546 -0.00164875761
v 0.0179586597 0.0864607841 -0.00173268362
v 0.0183684081 0.0899585113 -0.00592333078
v 0.0176375713 0.0888315663 -0.000840551627
v 0.0170184914 0.0873585492 -0.00102419406
v 0.0165259726 0.0917336419 -0.00663130125
v 0.0168530587 0.0918084085 -0.00395641942
v 0.0182224791 0.0918146744 -0.00191351911
v 0.0162304938 0.0948480442 -0.00659431284
v 0.0171749797 0.0940982178 -0.00647094846
v 0.0162454098 0.0950700045 -0.00233734353
v 0.0168309323 0.092684865 -0.00405786233
v 0.0177118741 0.0944770947 -0.00341192959
v 0.0172251035 0.0965437293 -0.00194763101
v 0.0154016884 0.0984933749 -0.00558451796
v 0.0176971704 0.0986566171 -0.0057087061
v 0.017967023 0.0967066512 -0.00615739636
v 0.0171247497 0.0975279287 -0.00202237163
v 0.0173824951 0.0993453562 -0.00518362457
v 0.0174434092 0.0994750783 -0.00345797744
v 0.0188090354 0.0881851465 -0.00506789051
v 0.0199970286 0.0875676647 -0.0038710346
v 0.0200960767 0.0874159113 -0.00206670421
v 0.019296322 0.0881835073 -0.0011618518
v 0.0200456791 0.0913789496 -0.00563332764
v 0.0188952386 0.0911814198 -0.00116972555
v 0.02039502 0.0919618234 -0.000987635925
v 0.0190573055 0.0941815078 -0.00612149946
v 0.0185796283 0.093839176 -0.00352478214
v 0.0200889558 0.0941841528 -0.00160682423
v 0.0208443478 0.095567137 -0.00171677396
v 0.0200441033 0.0963959843 -0.00256870384
v 0.0199726056 0.09763439 -0.00555946305
v 0.0214406773 0.0978680402 -0.00209140196
v 0.0191463586 0.0987363979 -0.00226067728
v 0.0228032991 0.0984128416 -0.00213937601
v 0.020003777 0.0993515924 -0.00494861696
v 0.0174673907 0.0997073054 -0.00435148925
v 0.0201197639 0.0999108776 -0.00326447352
v 0.0206182245 0.10003642 -0.00389753096
v 0.0218533482 0.088848345 -0.00344550796
v 0.0218832046 0.0890252218 -0.00217654929
v 0.0213840511 0.0907973945 -0.00116676383
v 0.0218987036 0.0907226056 -0.00458984356
v 0.0207260009 0.0950098485 -0.00560976099
v 0.0226197038 0.093891196 -0.00486005098
v 0.0212846864 0.0948418379 -0.00111036864
v 0.0219864249 0.0973449871 -0.00498852972
v 0.0231009107 0.0993562639 -0.00408013957
v 0.0219818205 0.0993461758 -0.00250220043
v 0.0228726845 0.0904409364 -0.00346766552
v 0.02310865 0.0909569263 -0.0021773153
v 0.0235194713 0.0927156806 -0.00396497687
v 0.0240878835 0.09338893 -0.00301480643
v 0.0224537402 0.0940944031 -0.00122192863
v 0.0235242471 0.0929212421 -0.0019569702
v 0.023906026 0.0952965394 -0.00214532577
v 0.0238668956 0.0957104042 -0.00395528553
v 0.0228533018 0.0966452211 -0.00166929408
v 0.0234372169 0.098125495 -0.00420058705
v 0.0239906218 0.0988058597 -0.00347778946
v 0.0238668527 0.0985128731 -0.00267136027
v 0.0234414116 0.0996797532 -0.00306890858
v 0.0242054556 0.0953935906 -0.00302621583
v 0.00666393153 0.000187116428 0.00498692505
v 0.00318644894 0.000233453247 0.00633195974
v 0.00403696159 0.000464405515 0.00723288162
v 0.00360408775 0.000938491488 0.00843640044
v 0.0025778017 0.00144419086 0.00964967441
v 0.00263203494 0.0033415542 0.0116748121
v 0.00416800007 0.00428930577 0.0121103246
v 0.00247270358 0.00756181777 0.0141970711
v 0.00529392064 0.0057889414 0.0129372263
v 0.00407926925 0.010029437 0.0145585472
v 0.00261391141 0.0119347116 0.0151977697
v 0.00181634317 0.0146028353 0.0156050818
v 0.00160014245 0.0185841173 0.0157446917
v 0.00336094992 0.0188235156 0.0153131597
v 0.00370956655 0.0213904995 0.0147301797
v 0.00318971043 0.0240396168 0.0143543584
v 0.0011381373 0.0275713336 0.013995342
v 0.00253628613 0.027124865 0.0140154995
v 0.00160108332 0.0301676337 0.0130495336
v 0.00153895863 0.0327716693 0.0125729684
v 0.00130208873 0.0358303376 0.0109863942
v 0.00133012631 0.0397682041 0.00904033426
v 0.00771164708 0.000269674376 0.00191057252
v 0.00679288153 0.0013406378 0.00881659426
v 0.005893928 0.00320880371 0.0111237783
v 0.00552825769 0.00821529143 0.0138509804
v 0.00523879798 0.0124665024 0.0145750856
v 0.00364265474 0.0153543111 0.0151842656
v 0.00602568313 0.0201717336 0.0142905535
v 0.00512611214 0.0235320497 0.0139455972
v 0.0040187072 0.0276670959 0.0135139655
v 0.00595031818 0.0294811185 0.0120610148
v 0.00381844188 0.0332505405 0.0120399203
v 0.00435063709 0.030422397 0.0123927752
v 0.00578792999 0.0334285088 0.0111824721
v 0.00378118851 0.036779616 0.0101919025
v 0.00292360201 0.0406033248 0.00839782506
v 0.00612838799 0.0374771133 0.00892785005
v 0.00981490314 0.000498579408 0.00632422697
v 0.00888977572 0.00320460438 0.0106012048
v 0.00893716607 0.00560459774 0.0120822871
v 0.00841799751 0.00811164919 0.0132091343
v 0.00795627758 0.0102984803 0.0137396082
v 0.00761059858 0.0123215523 0.0138884364
v 0.00635559764 0.0147455344 0.0143733518
v 0.00788492337 0.0153752761 0.0139179481
v 0.00548152905 0.016825838 0.0147331832
v 0.00730259717 0.0184031129 0.0140455896
v 0.00607016077 0.0250420701 0.0133802565
v 0.00897858944 0.0220786911 0.0126982508
v 0.00733486796 0.0273808092 0.0122371959
v 0.00736311544 0.0340590514 0.00997426175
v 0.00834117085 0.0304181967 0.010393084
v 0.0059934007 0.039997194 0.00743602123
v 0.0104489764 0.000342999003 0.00273544085
v 0.0116238585 0.000255314895 0.003881098
v 0.0109105771 0.000360837468 0.0046783993
v 0.0101477886 0.00140940375 0.00837308634
v 0.0105639985 0.00275507779 0.00954520795
v 0.0096519459 0.00615657913 0.0117362496
v 0.0105419988 0.0111103412 0.0124087054
v 0.00974332355 0.0139208091 0.0131587693
v 0.00886945613 0.0189992879 0.0133450711
v 0.01114392 0.017876491 0.0122085307
v 0.0105436984 0.0220343899 0.0117342705
v 0.0100432327 0.0270845443 0.0106883151
v 0.010153302 0.0322834365 0.00857191533
v 0.00863622222 0.0351555496 0.00846932549
v 0.0108556747 0.0339586511 0.00701785507
v 0.00761451712 0.0399154872 0.00630329736
v 0.00894929003 0.0393853895 0.00533146271
v 0.0100252507 0.0366567895 0.006140891
v 0.014049029 0.000461296237 0.00501007587
v 0.0125211021 0.00114174839 0.00719459867
v 0.011966384 0.00286940462 0.0086020641
v 0.0112090763 0.00396542903 0.00932694599
v 0.0110124592 0.00520287035 0.00986928213
v 0.011574598 0.00396301225 0.00969256274
v 0.0118729612 0.00383615959 0.0124708759
v 0.0120352916 0.00441448437 0.0157587044
v 0.0118662771 0.00521081407 0.0180543773
v 0.0125623196 0.00308955344 0.0199685246
v 0.0125266295 0.00310488953 0.0230405461
v 0.0128529575 0.00296472874 0.0254272055
v 0.0106266383 0.0068674176 0.0104091885
v 0.0111597301 0.00651811296 0.0104280468
v 0.0115873972 0.006133141 0.0137630561
v 0.0118394289 0.00823699776 0.0122403363
v 0.0118659772 0.00713801803 0.0173773095
v 0.0112530664 0.0061977338 0.0208967105
v 0.0112020252 0.0065116859 0.0254130084
v 0.0110893995 0.01048645 0.0237702727
v 0.0115797985 0.00631192233 0.0271937959
v 0.0121447621 0.00619341154 0.028371688
v 0.0109728221 0.00986637641 0.0112885609
v 0.0109498445 0.00839175284 0.010178946
v 0.0114350524 0.00849114452 0.0101892566
v 0.012517374 0.0103567224 0.0100590978
v 0.0114470692 0.00907074381 0.0199786723
v 0.0126376189 0.0098485956 0.0181890633
v 0.0112408036 0.0103106117 0.0219875332
v 0.011205106 0.0110219913 0.0263452996
v 0.013129849 0.0122117 0.0106570814
v 0.0117344689 0.0101683009 0.0101566957
v 0.0122968899 0.0137279555 0.0221411157
v 0.0116408132 0.010961879 0.0285318699
v 0.0129577313 0.0133080874 0.0112792244
v 0.0121470075 0.01576351 0.0117692426
v 0.0118768001 0.0211975034 0.0108908331
v 0.0125348074 0.0252830163 0.00920721237
v 0.01162815 0.029018078 0.00848601479
v 0.0129500031 0.0301106628 0.00648194551
v 0.0125317471 0.0327991135 0.00544646708
v 0.0109467898 0.0374783389 0.00413266337
v 0.0115876999 0.0376063548 0.00254540355
v 0.0125212157 0.00251812325 0.00817767438
v 0.013967596 0.00166208169 0.007075381
v 0.0153987175 0.000838928798 0.00477442378
v 0.0155325877 0.00138239504 0.00562199904
v 0.0128595298 0.00214566011 0.0103403954
v 0.0148155615 0.000857330044 0.00987435225
v 0.0139424177 0.00139972754 0.0125432024
v 0.0130516598 0.00281910994 0.0165099911
v 0.0146245211 0.00140727102 0.0162450317
v 0.0150140813 0.0010770685 0.0193268768
v 0.0146772759 0.00122701342 0.0222119279
v 0.0155827878 0.00090751372 0.0255790129
v 0.0134947151 0.00281251967 0.027094733
v 0.0129169486 0.0063397144 0.0290760193
v 0.01490176 0.00314908335 0.0285676159
v 0.0142774889 0.00628675893 0.0296239592
v 0.0131300474 0.0101387287 0.0122395772
v 0.0122696143 0.00844757911 0.0141423661
v 0.0136751886 0.0101602469 0.0147181749
v 0.0125913797 0.00890990347 0.0167003199
v 0.0139192482 0.00972711202 0.0302787423
v 0.0140412664 0.0113619491 0.00994156022
v 0.0136970151 0.0119659947 0.00980647374
v 0.0151318852 0.0113024339 0.0124143446
v 0.0140867569 0.0107665304 0.0168434717
v 0.0156983994 0.0113533856 0.0144220674
v 0.0125849769 0.0126968278 0.0204255003
v 0.0143992705 0.0118768848 0.0181025099
v 0.0123249432 0.0108958175 0.0295418873
v 0.0129316766 0.0132683134 0.0298824385
v 0.0146248639 0.0120734666 0.0307049751
v 0.0153544983 0.0121712014 0.00904243067
v 0.0154094584 0.0136205675 0.00967233069
v 0.0142450389 0.0157697126 0.0103797577
v 0.0144001264 0.0168835949 0.0217979811
v 0.0144262258 0.0153450454 0.0203552395
v 0.0126852486 0.0159707163 0.0273355469
v 0.0130150924 0.0159032438 0.0290371515
v 0.012424143 0.0152828908 0.0252728704
v 0.0134505946 0.0168227311 0.0244968086
v 0.0141410716 0.0178521294 0.0290717296
v 0.0138668679 0.0155976461 0.0303557571
v 0.0161458813 0.0201291665 0.0301964171
v 0.0133129833 0.0192781426 0.0102905221
v 0.0146696251 0.0209837835 0.00824327394
v 0.0149696786 0.019173285 0.0245690104
v 0.0139940586 0.0181313753 0.0271826927
v 0.0152339637 0.0201327372 0.0272202045
v 0.0143093774 0.0251909085 0.00703087868
v 0.013706062 0.0306133088 0.00496764714
v 0.0134814763 0.0280916616 0.00676701497
v 0.0147762578 0.0277345814 0.00456891907
v 0.0143059753 0.0309567302 0.00283400295
v 0.0175700318 0.00098115555 0.00310118427
v 0.016989883 0.00176485267 0.00463474449
v 0.0161046349 0.000637409685 0.00831869151
v 0.0168618616 0.000916712917 0.00717656873
v 0.0166175608 0.000129274296 0.0115960157
v 0.0172414668 0.000423078891 0.0103199016
v 0.0162458364 0.000207415796 0.0131534804
v 0.0161483567 0.000615328841 0.0163166523
v 0.0175697897 0.000358157995 0.0165780671
v 0.0163339581 0.000547373202 0.0206836388
v 0.016973611 0.000373204501 0.0246891845
v 0.0184575189 0.000323886197 0.0262587313
v 0.0163540281 0.00158624351 0.02768315
v 0.0161601752 0.00353042502 0.028970968
v 0.0156844873 0.00677675428 0.0299230404
v 0.0184606872 0.00575428922 0.0293513462
v 0.0161326136 0.00976855773 0.0305415615
v 0.0189944189 0.00961156841 0.0301899072
v 0.0161884055 0.0118709048 0.00934815872
v 0.0168262664 0.0121772205 0.00813569222
v 0.0167403929 0.0116327163 0.0110793794
v 0.017722059 0.0115908859 0.0133507513
v 0.0161729679 0.0118269939 0.0161820501
v 0.0163780786 0.0126103479 0.0309668221
v 0.0167535096 0.0136584416 0.00853632577
v 0.016771283 0.0130886668 0.0176003743
v 0.01582174 0.0142855244 0.0189071875
v 0.0190267302 0.0133355642 0.0169522222
v 0.0157629158 0.0151455598 0.031164024
v 0.017495228 0.0156757683 0.0313436687
v 0.0164946392 0.0177934505 0.00684843957
v 0.0162311792 0.0155333895 0.00855214149
v 0.0168980565 0.0170768499 0.0199931636
v 0.0167710837 0.0190469902 0.031008916
v 0.0174032971 0.0170128774 0.00570880482
v 0.0173549522 0.0195187349 0.0218850113
v 0.0178592708 0.018897349 0.0312339142
v 0.0169315971 0.020569887 0.00379661215
v 0.0157198794 0.0225110129 0.00579574518
v 0.018180361 0.0218138695 0.0247986782
v 0.0159077197 0.0204781462 0.0293658096
v 0.0187442359 0.0228189528 0.0271227658
v 0.0193737783 0.0224521756 0.0299581923
v 0.0163642727 0.0239640996 0.00280854711
v 0.015860362 0.027215641 0.00152976578
v 0.0186729822 0.00176666258 0.0023191527
v 0.0197136607 0.00286465371 0.00234083598
v 0.0182615221 0.00262313406 0.00428312086
v 0.0183065441 0.00127427757 0.00800394639
v 0.0195557494 0.00280744606 0.00641208328
v 0.0200680513 0.00211715838 0.00965901185
v 0.0181935467 0.000495648361 0.0136827286
v 0.019291969 0.0010228703 0.0125211291
v 0.0190332532 0.000492820342 0.0165736657
v 0.0177621786 0.000200274968 0.0195978358
v 0.0182334799 0.00173780683 0.0279880669
v 0.0208675358 0.000227052893 0.025979137
v 0.0192350019 0.00365923694 0.00404167362
v 0.0207894035 0.00251693721 0.02775703
v 0.0208661426 0.00462672254 0.0285345074
v 0.0178736281 0.0114459954 0.00739732338
v 0.0188441854 0.0106067453 0.00640768697
v 0.0184728075 0.0129290707 0.0065659862
v 0.0196495149 0.0101975715 0.00523087289
v 0.0187054221 0.0111779124 0.0101412926
v 0.0185450148 0.0120104868 0.0153154414
v 0.0195085388 0.0111322785 0.0125343818
v 0.0195729546 0.0131685622 0.0307426732
v 0.0186373815 0.01650686 0.00259879557
v 0.0182985384 0.0150656896 0.0183539316
v 0.0193180349 0.0148557154 0.0310331322
v 0.0200261213 0.017182637 0.0190034416
v 0.0190053284 0.0167745613 0.031249335
v 0.0191313159 0.0182145368 0.00541841658
v 0.0191578269 0.018595919 0.00891666301
v 0.0194103383 0.0162746999 0.00761278113
v 0.0190261006 0.0214100741 0.00558931334
v 0.0202772822 0.0198888835 0.0209700689
v 0.0212273858 0.0220124442 0.0233911946
v 0.0203738622 0.0230377633 0.0264523663
v 0.0192799531 0.0229739491 0.0289678872
v 0.0192607883 0.0344269723 0.000650031667
v 0.0203190576 0.0354340449 0.000995568582
v 0.0214212723 0.00206110696 0.0140194232
v 0.0221495349 0.0036184066 0.0121486401
v 0.0203273091 0.000967922504 0.0157622434
v 0.0213934239 0.000596580037 0.018358916
v 0.0223805141 0.000254541286 0.0211435892
v 0.0218839329 0.000911921263 0.0265332758
v 0.0199544858 0.00519803306 0.00405293005
v 0.0206491984 0.00580392033 0.002974845
v 0.0211121943 0.00396988355 0.00858375244
v 0.0237537045 0.00207042019 0.026656935
v 0.0207835566 0.00740265986 0.00305513362
v 0.0201701652 0.00702292891 0.00442479923
v 0.021427013 0.00622396218 0.00799941178
v 0.0225976538 0.00586824957 0.0114463894
v 0.0222139675 0.00664432673 0.0286793709
v 0.0200518835 0.0103006186 0.0044301711
v 0.0197735503 0.00905631017 0.00546433544
v 0.0210074894 0.00837468915 0.00820529368
v 0.02200168 0.00808328763 0.0108352276
v 0.0207868498 0.00985351298 0.0108855534
v 0.0211687051 0.0106348908 0.0298844613
v 0.0203941166 0.0113843512 0.0143973194
v 0.0220633 0.0100931395 0.0136199584
v 0.0229214691 0.0107825538 0.0150299706
v 0.0213224515 0.0123337246 0.0158456881
v 0.0222806521 0.0136694387 0.0301782135
v 0.022046838 0.0136541426 0.00428633019
v 0.0219555199 0.0153010236 0.00213141274
v 0.0204870794 0.0141440695 0.00663988432
v 0.0223405361 0.0123821544 0.00620837789
v 0.0210966244 0.0128879519 0.00905667804
v 0.0213503558 0.0128651643 0.0102924975
v 0.0199871529 0.0147413043 0.00991399959
v 0.0210749451 0.013842985 0.0114732962
v 0.0206229743 0.0156876445 0.0125259999
v 0.0225794222 0.0136079211 0.0127624134
v 0.021054741 0.0143086426 0.0172517691
v 0.0195490792 0.0170848761 0.010580196
v 0.0204931516 0.017909646 0.012759001
v 0.0214415118 0.0162089299 0.0137863187
v 0.0220480785 0.0158471968 0.0179741327
v 0.0212388411 0.0178279895 0.0308815241
v 0.0199501235 0.0197443366 0.0110402731
v 0.0215181075 0.0199160948 0.0133537622
v 0.0220597908 0.0178865045 0.0143251261
v 0.0232448857 0.018780075 0.0199348852
v 0.020272959 0.0206431206 0.0308770631
v 0.0197420008 0.0229209457 0.00730983727
v 0.0212580897 0.0222110357 0.011225218
v 0.0231845006 0.0223965403 0.029649483
v 0.0219086874 0.0197336935 0.0306133702
v 0.0200402346 0.0272079222 0.00235772319
v 0.0215891544 0.0244786963 0.00901799463
v 0.0222047474 0.0232878458 0.0259363446
v 0.0216636583 0.0234091692 0.0281635951
v 0.0213382132 0.022963265 0.0294306073
v 0.0211091563 0.0274401326 0.00435673865
v 0.0227644369 0.0269858036 0.00709845405
v 0.019792676 0.029392954 0.00151542202
v 0.021393761 0.0292721782 0.00326971384
v 0.0209411867 0.0308649912 0.00246637152
v 0.0215350706 0.0337935612 0.00209220359
v 0.0222827625 0.0314351432 0.00302982354
v 0.0235547647 0.00190180715 0.0175228287
v 0.0251329057 0.00169883633 0.0202446803
v 0.0243912823 0.00068826793 0.0232843291
v 0.0233236663 0.000263800437 0.024252791
v 0.024026908 0.000915067212 0.0254391227
v 0.0233655479 0.00388284796 0.0144882826
v 0.0243452154 0.00639009522 0.0146448193
v 0.0261909999 0.00470893737 0.0179196242
v 0.0243024565 0.00434952788 0.0273199808
v 0.0230328981 0.00798112806 0.0129067311
v 0.0248956978 0.0086477166 0.0283170901
v 0.0239783879 0.00883319695 0.0146511057
v 0.025755601 0.00797113311 0.0162394326
v 0.0224626828 0.0117870141 0.0078261653
v 0.023820214 0.0110958898 0.00772247976
v 0.0243428387 0.011838981 0.00502981478
v 0.023051085 0.0112868538 0.00939502008
v 0.02514036 0.010630683 0.00889169145
v 0.0226027835 0.0119764181 0.0107722338
v 0.0241700653 0.0120864306 0.0118583729
v 0.0247576404 0.011076102 0.0104354974
v 0.0235970747 0.0121752201 0.0161171164
v 0.0239913426 0.0141256871 0.0297085959
v 0.0243021473 0.0140626878 0.00172659056
v 0.022705514 0.0152311614 0.0139711909
v 0.0244377814 0.0150572024 0.0143426033
v 0.0243513696 0.0144109996 0.0174298156
v 0.0231678355 0.0181650296 0.014894451
v 0.0250900555 0.0173316598 0.0151291508
v 0.0252762903 0.0155054489 0.0183802992
v 0.0247565564 0.0185656212 0.0151384212
v 0.023791451 0.020069968 0.0213654842
v 0.0261151232 0.017404357 0.0202895086
v 0.0238542221 0.0181002673 0.0301554017
v 0.0227582622 0.0215497743 0.0133617837
v 0.0233958364 0.0202136282 0.0145055056
v 0.0242680274 0.0216890126 0.0137332696
v 0.0243707038 0.0206380282 0.0220754296
v 0.0252110809 0.0216907058 0.0240768567
v 0.0233390518 0.021150928 0.0300924052
v 0.0260338187 0.0200018659 0.0291786995
v 0.0233587213 0.0241693761 0.0112334257
v 0.0245896261 0.0230805743 0.012387231
v 0.0244145636 0.0226054378 0.0256304424
v 0.0246062148 0.022906037 0.0272320919
v 0.023126144 0.0234378614 0.028505303
v 0.0264250282 0.021874357 0.0278345309
v 0.0242314059 0.0263768733 0.00827544276
v 0.0226569492 0.0294566602 0.00399875361
v 0.0238417704 0.0304010641 0.00325894053
v 0.0240065996 0.0292031262 0.00434394041
v 0.0223050825 0.0343694016 0.00159997784
v 0.0249650534 0.0304815471 0.00259038853
v 0.0261369273 0.00153014343 0.0231407266
v 0.0277383924 0.00460155122 0.0205285624
v 0.0257192999 0.00298752473 0.0261550359
v 0.0260291398 0.00210030121 0.0251292605
v 0.0285099633 0.00447974913 0.0237645917
v 0.0265916195 0.00573879248 0.0267097056
v 0.0278430618 0.00875422824 0.0188864898
v 0.0273517016 0.0100683318 0.0275100954
v 0.0265264381 0.0121625699 0.00354661886
v 0.025719313 0.010786877 0.00671445904
v 0.0271336287 0.0112694139 0.00552909309
v 0.0268395357 0.010639295 0.00812225882
v 0.0274116434 0.0113236625 0.0104776127
v 0.0258552581 0.012408684 0.0124041857
v 0.0263822321 0.0124233346 0.0177035592
v 0.0256379303 0.0143614737 0.0291738454
v 0.0262109395 0.0148459282 0.0141911078
v 0.0272418186 0.0171604455 0.0146911386
v 0.0268319417 0.0177512672 0.0210915189
v 0.0258298572 0.017865831 0.0294357259
v 0.024760209 0.0202963538 0.0145744858
v 0.0265013631 0.019136006 0.014646044
v 0.0262559131 0.0213951208 0.0133848591
v 0.0268701985 0.0202728808 0.0239913352
v 0.0261991154 0.0222166665 0.0265213978
v 0.0264236853 0.0213014055 0.0283625014
v 0.026150221 0.0239261352 0.0108046774
v 0.0258319136 0.0273601394 0.00606190832
v 0.0276227761 0.0272383615 0.00443510991
v 0.0285219364 0.00460120989 0.0225153491
v 0.0279879551 0.00517449202 0.0254133493
v 0.0287349503 0.00637140078 0.024925299
v 0.028007783 0.0135435471 0.0199342575
v 0.0295027308 0.00906528253 0.0217700601
v 0.0288010966 0.00963461772 0.0262985229
v 0.0282065421 0.0132108862 0.00335861673
v 0.0277681258 0.0111387074 0.00711449003
v 0.0289220288 0.0119820554 0.00705551123
v 0.028369138 0.0114537058 0.00935748313
v 0.0273942351 0.0128254108 0.0123797245
v 0.029196946 0.014008089 0.0218398739
v 0.0273452923 0.0138908578 0.028335968
v 0.0293157119 0.0133443596 0.0266933013
v 0.0275508408 0.014046873 0.00155790988
v 0.029206235 0.0139560271 0.00383940199
v 0.0290602148 0.0129465451 0.0114391921
v 0.0283243712 0.0153145697 0.0135696707
v 0.0284761377 0.0176359192 0.0277190544
v 0.0290319659 0.0156543329 0.00148615928
v 0.0280189812 0.0176481437 0.014299416
v 0.0296644494 0.0155180888 0.0124627808
v 0.0279680341 0.0185723472 0.0230973829
v 0.027784789 0.0168413538 0.0284289066
v 0.0282002892 0.0201729871 0.0130670546
v 0.0295262728 0.0182100069 0.0126554994
v 0.0287674833 0.0189215653 0.0252299551
v 0.0288602971 0.0188808795 0.026340127
v 0.0282366872 0.0223075505 0.0109905787
v 0.0283366498 0.0238264538 0.00888006575
v 0.0300359447 0.0203912519 0.0103073996
v 0.0279496182 0.0261321831 0.0058800471
v 0.0297948364 0.0242643803 0.00519394549
v 0.0287290625 0.027105568 0.00196058792
v 0.0300681069 0.00901299808 0.0236308463
v 0.0295951758 0.00942539703 0.0252142288
v 0.029829286 0.0127469357 0.00911526754
v 0.0301054604 0.0113356039 0.0244223177
v 0.0302248299 0.0139260646 0.0247872639
v 0.030407723 0.0148829473 0.00538134109
v 0.0304164011 0.0140623292 0.00709602376
v 0.0304201581 0.0142872566 0.0103372522
v 0.0304250252 0.0167981945 0.00296536274
v 0.0312012918 0.0168905649 0.0067782891
v 0.031019371 0.0157298539 0.00866955705
v 0.0306145009 0.0166808888 0.0109919915
v 0.0311462861 0.0188313723 0.00419066241
v 0.031021947 0.0187949426 0.00871945731
v 0.0309770703 0.0213003699 0.00528318668
v 0.0300032385 0.0226471238 0.0074438001
v 0.0305441432 0.023172183 0.0028387988
v 0.000925594592 0.0452002324 0.00607179012
v 0.00220673461 0.0451288596 0.00590099627
v 0.00215647463 0.0482408814 0.00427049398
v 0.00112429389 0.051480189 0.00366636249
v 0.00289787631 0.0511976331 0.00276665017
v 0.00253219972 0.053343717 0.00262359879
v 0.00116296101 0.0564701445 0.00264279055
v 0.00216726307 0.0561630428 0.00243688934
v 0.00231978809 0.0570635647 0.00269920239
v 0.00127162505 0.058087334 0.00430694222
v 0.00149865239 0.05823531 0.00573020335
v 0.0025296614 0.0576018207 0.00755699864
v 0.00202357559 0.0572762899 0.00919356197
v 0.00195082906 0.0576427579 0.0109205311
v 0.00344294216 0.0578649566 0.0115852151
v 0.00406097714 0.0567118414 0.0138904909
v 0.00339655811 0.0557398908 0.0157192759
v 0.00158364186 0.056213852 0.0198104177
v 0.00243149931 0.0575218089 0.0214866735
v 0.00397457508 0.0582282729 0.00367430621
v 0.00229845475 0.0588777401 0.0227077752
v 0.00252467836 0.0601713136 0.0234008096
v 0.00358724757 0.0651459843 0.0234147757
v 0.00387007673 0.0633712411 0.0238733087
v 0.00227194186 0.066165641 0.0229956526
v 0.00311212381 0.0674672946 0.0220294241
v 0.00147252437 0.0688049421 0.0203020386
v 0.00350475055 0.0691405609 0.0200991314
v 0.00126415188 0.0715644807 0.0181741882
v 0.00332969474 0.0717445463 0.0179352593
v 0.00383645622 0.0713727623 0.0192868598
v 0.00176893256 0.070259966 0.0201111548
v 0.00393509213 0.0707508773 0.0198653881
v 0.00326412288 0.0743462592 0.015829958
v 0.00366691477 0.0731066689 0.0170564093
v 0.00172837661 0.0761743709 0.0156482831
v 0.00398107013 0.0419984534 0.00721270824
v 0.00507306308 0.0433576554 0.00560806086
v 0.00377604179 0.0460579507 0.00442850357
v 0.00343835191 0.0486974381 0.003084342
v 0.00559172174 0.0458840132 0.00257802731
v 0.00442204252 0.0576227829 0.00112892839
v 0.00419094367 0.0559405126 0.017833624
v 0.00606741011 0.0571974516 0.0187341031
v 0.00484587438 0.0575014949 0.0204715636
v 0.00480742007 0.0589588322 0.00519632921
v 0.00331326388 0.0585202985 0.0057656588
v 0.00420294655 0.0580951683 0.00797474291
v 0.0065999981 0.0598156936 0.00630065333
v 0.00435013929 0.0584305264 0.0105455769
v 0.0057217218 0.0588430539 0.00825182348
v 0.00582644949 0.0578939691 0.0136177652
v 0.00535248034 0.0589599945 0.0115416562
v 0.00499482639 0.0593806915 0.0222918484
v 0.00551147899 0.0615488477 0.023009913
v 0.00532425148 0.0671092421 0.0220232271
v 0.00551048992 0.0689327791 0.0199191067
v 0.00583678205 0.0693875924 0.0194937028
v 0.00651918864 0.071475178 0.018302517
v 0.00643651234 0.0716411099 0.0170685723
v 0.00616031187 0.0742748082 0.0145092076
v 0.00493550161 0.0750712752 0.0147470087
v 0.00281167263 0.0778211728 0.0151978955
v 0.00500763673 0.0766795129 0.0145657342
v 0.00714389561 0.0426419228 0.00434175972
v 0.00591300242 0.0566975251 0.0162395723
v 0.00723518943 0.0579965524 0.0158768427
v 0.00735736964 0.058022473 0.0179880373
v 0.00728976121 0.0598287359 0.00361733441
v 0.00758847129 0.0602252893 0.00970440544
v 0.00788075663 0.0603992939 0.00839720853
v 0.00640048319 0.0598647669 0.0112886205
v 0.00692394841 0.0594407991 0.0132478671
v 0.00660363445 0.0588299073 0.0208226703
v 0.00746638002 0.0601952821 0.0212915186
v 0.00801438838 0.0592000261 0.0192914736
v 0.00808937848 0.0616149344 0.0118355779
v 0.00829413161 0.0617497005 0.0135121858
v 0.00596287195 0.0635382384 0.0232119486
v 0.00813024864 0.0620845519 0.0213568322
v 0.00595413148 0.0654367357 0.0227749068
v 0.00745453779 0.0656213462 0.0216696244
v 0.00675776228 0.0669931099 0.021407621
v 0.0077252062 0.0683499053 0.0186842382
v 0.0065385513 0.0707863867 0.0189369209
v 0.0080050528 0.0669034198 0.019986121
v 0.00798828062 0.0711777583 0.0162376892
v 0.00828154571 0.0741138682 0.0135883754
v 0.00634713518 0.0728864968 0.0162419006
v 0.00741297426 0.0733349919 0.0148894042
v 0.00623981142 0.0759256333 0.0150277894
v 0.00655073393 0.0771532655 0.0139482114
v 0.00739890663 0.0757909641 0.0136565212
v 0.009397435 0.0408686474 0.00307364971
v 0.00813202653 0.0601278953 0.00177034421
v 0.00823975913 0.0600675158 0.0152378688
v 0.00852713734 0.059794642 0.0172417685
v 0.00890202448 0.0614253357 0.0197490864
v 0.00948032737 0.0613393784 0.00361154508
v 0.00861892663 0.0612484626 0.00670999149
v 0.0102614341 0.0625848994 0.00606535468
v 0.0101194736 0.0627081022 0.00893804152
v 0.00932328217 0.0619262047 0.0106555438
v 0.0103142727 0.0639562234 0.0126250014
v 0.0093288729 0.063722834 0.0134792132
v 0.0090364255 0.0616377704 0.0163013022
v 0.00909257866 0.0635000989 0.0147057725
v 0.00911355391 0.0614448525 0.0184331778
v 0.00944844913 0.0634227097 0.0177516378
v 0.00950656924 0.0656276494 0.015698066
v 0.00902189873 0.0651201978 0.0192021355
v 0.0082844086 0.0646167397 0.0210066643
v 0.00900253747 0.0671589673 0.017319981
v 0.00867937133 0.0694150776 0.0174828656
v 0.0100983055 0.0675253421 0.0158427823
v 0.0101231029 0.0693590716 0.01507325
v 0.00866741315 0.07210619 0.015207218
v 0.00955299847 0.0728050172 0.013212543
v 0.0103496416 0.070624359 0.0142633626
v 0.00920579769 0.0750988051 0.0126034794
v 0.00863974914 0.0776967183 0.0124221081
v 0.0110120252 0.0630758181 0.00515197311
v 0.0121309031 0.064288646 0.00359102478
v 0.012034486 0.0654694885 0.00846028421
v 0.0125748301 0.0653543174 0.00470927916
v 0.010736241 0.0637062043 0.0109682241
v 0.0109179737 0.0653320029 0.0131527446
v 0.0117619522 0.066776365 0.0118373884
v 0.0125903003 0.0679204017 0.00951354764
v 0.0105668232 0.0663657933 0.0147652524
v 0.011279379 0.0691874325 0.0133296559
v 0.0121573051 0.070148468 0.0106332889
v 0.0111153051 0.0716483369 0.0118655311
v 0.0127596892 0.0712161884 0.00914304331
v 0.012366672 0.075185582 0.00856150966
v 0.0106856609 0.0744497404 0.0113203432
v 0.0104626035 0.0769664571 0.0107205678
v 0.0131461844 0.066721119 0.00562618719
v 0.013621117 0.0696051121 0.00664765062
v 0.0139760291 0.0688818991 0.00357537949
v 0.0144521436 0.0704633817 0.00117023499
v 0.0141586028 0.0716957077 0.00464095687
v 0.0143988859 0.0739822537 0.00186717755
v 0.0137066385 0.0767506808 0.00325607508
v 0.0133965043 0.0741436258 0.0066740294
v 0.0127920844 0.0770815089 0.00588059891
v 0.00187277317 0.0811069608 0.0147031117
v 0.00366716832 0.0789392442 0.0148215974
v 0.00270593911 0.0837285221 0.0128152706
v 0.0032628784 0.0898375064 0.00216178317
v 0.0033034666 0.0894235373 0.00413978053
v 0.00253666565 0.0932397544 0.00134595705
v 0.00234815991 0.0950205624 0.00127198873
v 0.0042027235 0.0809870362 0.0140196113
v 0.00552348513 0.0829641521 0.0121682594
v 0.00430316757 0.0856877491 0.0102306735
v 0.00575322565 0.0854294226 0.00957826246
v 0.00475834729 0.0874782801 0.0078644352
v 0.00491243741 0.0887666047 0.00527214957
v 0.0038124104 0.0901055411 0.00231469655
v 0.00339899585 0.0916471556 0.00165720528
v 0.00433561392 0.0917162523 0.00257331156
v 0.00525049306 0.089709729 0.0026653579
v 0.0053553083 0.0915228128 0.00263577374
v 0.00331504131 0.093852587 0.00279894751
v 0.00433826493 0.0945196673 0.00347721856
v 0.0034879325 0.0958853066 0.00244451826
v 0.00480795745 0.0959005877 0.00306592858
v 0.00413645385 0.0968111902 0.00174074946
v 0.00517400028 0.0973132253 0.000648303481
v 0.00669754948 0.0784986094 0.0136255557
v 0.00662892452 0.0808599591 0.0127171613
v 0.00768575678 0.0799088478 0.0124173332
v 0.00753060915 0.0837051794 0.00972968154
v 0.00786959101 0.0859053582 0.00655225199
v 0.00686359406 0.0883892924 0.00395167572
v 0.00816451944 0.0872107744 0.00364277698
v 0.00609045569 0.0877822936 0.006107633
v 0.00619120058 0.0895555839 0.00189672026
v 0.00640533678 0.0898272246 0.000878325431
v 0.006566355 0.0914378241 0.00173844059
v 0.00739075243 0.0931724235 0.00231244578
v 0.0060103517 0.0933392271 0.00335997716
v 0.00672470825 0.0961258486 0.00255661737
v 0.00629338529 0.0949470177 0.00333872205
v 0.00577846495 0.0966117233 0.00236019562
v 0.0079080062 0.0945535973 0.00195891992
v 0.00759048434 0.0961494744 0.00117813156
v 0.00933181122 0.079311803 0.010970382
v 0.00953706913 0.0831516385 0.00752716372
v 0.00849534851 0.081530273 0.0106040556
v 0.0100463312 0.0853123367 0.00288360263
v 0.0105348863 0.0839266405 0.00441042287
v 0.00823000725 0.0950174928 0.000671162794
v 0.0115448544 0.0784145966 0.00806548167
v 0.010526415 0.0799307525 0.00887174346
v 0.0109616779 0.081718646 0.00636238651
g 
f 3 1 2
f 10 8 9
f 10 7 8
f 11 10 9
f 16 14 15
f 14 16 6
f 5 14 6
f 6 16 12
f 14 7 15
f 15 7 17
f 8 14 5
f 8 7 14
f 19 17 7
f 10 19 7
f 10 21 19
f 21 20 19
f 19 20 18
f 19 18 17
f 22 10 11
f 11 23 22
f 22 21 10
f 22 24 21
f 26 25 22
f 26 22 23
f 12 16 27
f 16 28 27
f 29 27 28
f 28 30 29
f 17 31 15
f 15 31 16
f 28 16 31
f 32 28 31
f 28 32 30
f 33 32 31
f 18 31 17
f 20 34 18
f 24 20 21
f 20 24 34
f 24 36 34
f 22 25 24
f 25 35 24
f 37 26 23
f 35 36 24
f 26 35 25
f 38 35 26
f 37 38 26
f 41 30 40
f 32 42 30
f 42 43 30
f 32 44 42
f 18 33 31
f 33 44 32
f 45 44 33
f 46 47 45
f 34 46 18
f 46 33 18
f 46 45 33
f 34 48 46
f 50 34 36
f 34 49 48
f 50 49 34
f 35 51 36
f 37 39 38
f 52 39 37
f 51 53 36
f 35 38 51
f 54 51 38
f 54 38 39
f 55 51 54
f 57 56 39
f 39 56 54
f 62 60 61
f 60 58 61
f 64 60 62
f 64 62 63
f 67 60 66
f 64 66 60
f 68 69 58
f 60 68 58
f 67 68 60
f 71 68 67
f 72 67 66
f 73 66 64
f 73 72 66
f 71 70 68
f 74 71 67
f 74 67 72
f 76 74 72
f 75 74 76
f 78 71 74
f 78 70 71
f 78 77 70
f 79 74 75
f 79 78 74
f 76 79 75
f 80 78 79
f 81 82 76
f 82 80 79 76
f 40 30 43
f 43 83 40
f 43 84 83
f 84 85 83
f 43 42 86
f 87 84 43
f 84 88 85
f 84 90 88
f 86 42 44
f 86 87 43
f 44 91 86
f 91 87 86
f 89 90 84
f 92 90 89
f 47 94 45
f 45 94 44
f 95 91 94
f 94 91 44
f 46 48 47
f 96 94 47
f 48 96 47
f 49 96 48
f 49 97 96
f 53 98 49
f 36 53 50
f 99 53 51
f 50 53 49
f 57 100 56
f 102 103 104
f 65 62 105
f 102 59 109
f 59 107 109
f 109 107 108
f 102 109 103
f 109 108 110
f 58 59 61
f 59 102 61
f 61 102 104
f 104 62 61
f 105 62 104
f 111 112 107
f 111 107 59
f 69 112 111
f 113 114 112
f 113 112 69
f 69 111 59
f 116 113 69
f 69 59 58
f 68 116 69
f 117 114 116
f 114 113 116
f 70 116 68
f 70 118 116
f 77 118 70
f 116 119 117
f 118 119 116
f 77 119 118
f 120 77 78
f 80 120 78
f 119 121 117
f 120 122 77
f 122 119 77
f 122 121 119
f 122 120 80
f 125 124 122
f 82 122 80
f 82 125 122
f 123 82 81
f 126 82 123
f 87 89 84
f 126 125 82
f 92 93 90
f 127 126 123
f 128 87 91
f 129 87 128
f 129 89 87
f 92 89 129
f 129 130 92
f 95 131 91
f 91 132 128
f 132 91 131
f 133 93 92
f 130 133 92
f 96 95 94
f 135 134 93
f 133 135 93
f 96 136 95
f 97 136 96
f 136 137 95
f 138 135 139
f 99 98 53
f 49 98 97
f 141 104 103
f 142 104 141
f 143 142 141
f 142 105 104
f 144 105 142
f 65 105 144
f 106 65 144
f 144 142 143
f 106 144 145
f 108 147 110
f 147 108 146
f 109 110 103
f 148 149 146
f 115 149 148
f 112 115 107
f 107 148 108
f 115 148 107
f 108 148 146
f 151 115 150
f 112 150 115
f 114 150 112
f 117 150 114
f 117 151 150
f 154 153 121
f 121 122 154
f 124 154 122
f 124 155 154
f 156 155 124
f 156 124 125
f 157 156 125
f 158 126 127
f 159 158 127
f 162 129 128
f 132 163 128
f 163 162 128
f 163 157 162
f 164 156 157
f 157 163 164
f 162 130 129
f 158 157 125
f 158 125 126
f 162 157 158
f 158 130 162
f 164 163 132
f 166 164 132
f 166 161 164
f 167 130 158
f 165 167 158
f 168 130 167
f 139 135 133
f 130 169 133
f 159 165 158
f 169 130 168
f 165 168 167
f 131 166 132
f 95 170 131
f 169 139 133
f 172 139 169
f 172 173 139
f 97 174 136
f 136 174 137
f 137 170 95
f 174 175 137
f 173 138 139
f 173 140 138
f 177 110 178
f 110 147 178
f 178 147 176
f 177 103 110
f 103 177 141
f 141 177 179
f 143 141 180
f 144 143 180
f 145 144 180
f 145 180 181
f 182 106 145
f 146 184 147
f 184 146 149
f 176 147 184
f 115 185 149
f 149 186 184
f 151 185 115
f 151 187 185
f 188 187 151
f 152 188 151
f 117 152 151
f 121 152 117
f 153 152 121
f 152 189 188
f 189 190 188
f 189 152 153
f 189 191 190
f 154 189 153
f 154 155 189
f 155 192 189
f 161 193 155
f 161 155 156
f 161 156 164
f 196 197 193
f 171 166 131
f 170 171 131
f 166 171 161
f 171 196 161
f 196 193 161
f 165 169 168
f 159 195 165
f 165 198 169
f 195 198 165
f 170 199 171
f 171 199 196
f 199 200 196
f 198 172 169
f 201 198 195
f 177 178 202
f 179 177 202
f 180 141 179
f 181 180 204
f 182 145 205
f 205 145 181
f 206 182 205
f 183 182 206
f 207 183 206
f 184 208 176
f 186 208 184
f 185 186 149
f 185 209 186
f 187 209 185
f 209 211 186
f 210 211 209
f 210 209 187
f 187 188 210
f 210 213 212
f 190 213 188
f 188 213 210
f 191 213 190
f 192 191 189
f 191 214 213
f 193 192 155
f 192 214 191
f 194 192 193
f 192 215 214
f 217 216 215
f 217 215 192
f 194 217 192
f 193 197 194
f 200 197 196
f 178 176 219
f 202 178 219
f 219 176 218
f 203 179 202
f 203 180 179
f 204 180 203
f 205 181 204
f 207 206 220
f 207 220 221
f 208 222 176
f 208 223 222
f 208 224 223
f 186 224 208
f 211 224 186
f 211 225 224
f 210 212 211
f 211 226 225
f 226 227 225
f 212 226 211
f 213 228 212
f 228 226 212
f 213 229 228
f 229 230 228
f 214 229 213
f 214 230 229
f 231 215 216
f 232 216 217
f 232 231 216
f 219 218 233
f 233 218 234
f 203 202 219
f 204 203 235
f 236 205 204
f 206 205 220
f 224 237 223
f 218 176 222
f 222 223 218
f 224 238 239
f 225 238 224
f 227 240 225
f 225 240 238
f 240 241 238
f 228 242 226
f 226 243 227
f 227 243 240
f 242 243 226
f 228 230 242
f 242 244 243
f 244 242 230
f 215 230 214
f 215 246 230
f 215 231 247
f 247 246 215
f 219 249 203
f 219 233 249
f 236 204 235
f 235 203 250
f 252 207 221
f 223 237 234
f 218 223 234
f 224 239 237
f 238 255 239
f 239 254 237
f 239 256 254
f 255 256 239
f 257 258 255
f 241 257 238
f 238 257 255
f 241 259 257
f 240 259 241
f 240 260 259
f 243 260 240
f 243 261 260
f 244 262 243
f 243 262 261
f 245 244 230
f 245 263 244
f 246 245 230
f 246 264 245
f 264 265 245
f 266 265 264
f 247 264 246
f 268 270 267
f 271 268 269
f 269 268 267
f 272 271 269
f 234 248 233
f 249 233 248
f 275 249 248
f 248 276 275
f 250 203 249
f 275 250 249
f 235 250 236
f 251 205 236
f 251 236 250
f 277 251 250
f 278 251 277
f 220 205 251
f 221 220 251
f 279 221 251
f 251 278 279
f 252 221 279
f 278 252 279
f 253 207 252
f 281 280 253 252
f 281 252 278
f 282 270 268
f 283 268 271
f 284 268 283
f 284 282 268
f 284 285 282
f 284 286 285
f 283 271 287
f 254 287 237
f 274 234 237
f 234 274 248
f 274 237 287
f 287 271 274
f 272 274 271
f 288 274 272
f 256 284 283
f 256 289 284
f 289 286 284
f 254 283 287
f 254 256 283
f 255 258 256
f 258 290 256
f 290 289 256
f 258 291 290
f 292 286 289
f 290 292 289
f 258 293 291
f 259 294 257
f 257 294 258
f 294 293 258
f 294 295 293
f 259 296 294
f 296 295 294
f 296 297 295
f 260 296 259
f 260 298 296
f 298 297 296
f 298 299 297
f 261 298 260
f 261 300 298
f 262 300 261
f 300 299 298
f 300 301 299
f 263 262 244
f 262 263 300
f 263 301 300
f 263 302 301
f 245 265 263
f 265 303 302
f 265 302 263
f 266 304 303 265
f 51 305 99
f 56 55 54
f 305 51 55
f 56 306 55
f 100 306 56
f 99 307 98
f 100 308 306
f 101 309 100
f 100 309 308
f 310 309 101
f 310 101 140
f 305 312 99
f 305 311 312
f 98 174 97
f 98 313 174
f 314 140 173
f 314 310 140
f 307 313 98
f 312 307 99
f 305 55 311
f 315 55 306
f 306 316 315
f 309 306 308
f 310 317 309
f 306 309 316
f 309 317 316
f 312 318 307
f 55 315 311
f 311 319 312
f 323 320 322
f 313 175 174
f 175 170 137
f 175 324 170
f 325 314 173
f 326 173 172
f 326 172 198
f 325 173 326
f 327 326 198
f 307 318 313
f 175 313 324
f 313 328 324
f 314 317 310
f 325 317 314
f 318 328 313
f 319 318 312
f 315 329 311
f 316 329 315
f 330 329 316
f 330 316 317
f 331 319 311
f 329 331 311
f 319 331 318
f 336 334 335
f 337 338 333
f 333 334 336
f 341 339 334
f 334 339 335
f 338 341 334
f 338 334 333
f 341 342 339
f 339 343 340
f 342 343 339
f 320 344 338
f 320 338 321
f 344 341 338
f 345 342 341
f 344 345 341
f 323 344 320
f 345 347 346
f 348 347 345
f 350 349 344
f 349 348 345 344
f 323 350 344
f 323 351 350
f 170 352 199
f 352 200 199
f 352 197 200
f 353 327 198
f 352 354 197
f 354 355 197
f 324 354 352 170
f 324 328 354
f 357 356 354
f 326 358 325
f 358 326 327
f 359 358 327
f 359 327 353
f 360 328 318
f 328 357 354
f 328 361 357
f 362 317 325 358
f 362 330 317
f 363 362 358
f 363 358 359
f 364 362 363
f 331 360 318
f 329 365 331
f 331 366 360
f 329 330 367
f 367 365 329
f 368 330 364
f 330 362 364
f 369 332 370
f 369 370 371
f 374 333 332
f 332 333 336
f 332 336 370
f 375 373 372
f 375 376 373
f 335 375 336
f 336 375 372
f 339 340 375
f 340 376 375
f 339 375 335
f 340 343 376
f 343 378 376
f 343 379 378
f 346 380 379
f 379 380 381
f 342 379 343
f 345 379 342
f 345 346 379
f 382 380 346
f 197 232 217
f 197 217 194
f 356 355 354
f 355 232 197
f 361 356 357
f 359 364 363
f 359 384 364
f 360 361 328
f 360 385 361
f 385 356 361
f 365 366 331
f 365 387 366
f 366 385 360
f 367 330 368
f 367 387 365
f 367 368 387
f 388 368 364
f 388 364 384
f 389 385 366
f 390 389 366 387
f 368 390 387
f 392 371 391
f 395 393 397
f 370 373 396
f 398 370 396
f 396 395 397
f 396 397 398
f 371 370 391
f 391 370 398
f 393 377 394
f 377 400 399
f 336 372 373
f 370 336 373
f 373 395 396
f 376 377 393
f 376 393 395
f 373 376 395
f 402 401 400
f 376 400 377
f 378 400 376
f 381 378 379
f 378 381 402
f 378 402 400
f 381 403 402
f 382 404 380
f 381 404 403
f 380 404 381
f 231 405 247
f 232 405 231
f 406 405 232
f 406 407 405
f 355 406 232
f 356 406 355
f 356 407 406
f 356 385 386
f 386 407 356
f 386 408 407
f 389 386 385
f 409 386 389
f 388 390 368
f 388 410 390
f 411 410 388
f 411 388 412
f 413 408 386
f 409 414 386
f 414 415 386
f 415 413 386
f 410 409 389 390
f 416 409 410
f 416 414 409
f 417 410 411
f 417 416 410
f 417 411 412
f 419 420 415
f 420 418 413 415
f 414 419 415
f 421 414 416
f 422 421 416 417
f 423 422 417
f 424 420 419
f 421 425 419
f 421 419 414
f 425 424 419
f 426 421 422
f 428 427 426
f 426 422 423
f 428 426 423
f 425 394 424
f 394 429 424
f 397 393 425
f 397 425 421
f 426 398 397
f 398 426 427
f 426 397 421
f 391 398 427
f 427 392 391
f 399 430 429
f 393 394 425
f 399 400 430
f 377 399 394
f 394 399 429
f 401 430 400
f 401 432 430
f 402 433 432
f 402 432 401
f 433 402 403
f 403 435 433
f 404 435 403
f 404 437 435
f 436 437 404
f 439 440 247
f 247 440 264
f 405 439 247
f 407 441 405
f 441 439 405
f 408 441 407
f 408 442 441
f 442 439 441
f 408 443 442
f 408 413 443
f 413 444 443
f 446 444 418
f 444 413 418
f 444 447 445
f 424 446 418
f 420 424 418
f 429 446 424
f 429 430 446
f 446 447 444
f 446 431 447
f 446 430 431
f 432 448 431
f 448 434 449
f 431 430 432
f 433 448 432
f 433 434 448
f 433 451 434
f 451 450 434
f 435 451 433
f 437 451 435
f 452 453 451
f 451 437 452
f 440 266 264
f 454 266 440
f 454 304 266
f 439 455 440
f 455 454 440
f 454 456 304
f 455 456 454
f 457 455 439
f 439 442 457
f 442 445 457
f 455 458 456
f 457 458 455
f 443 445 442
f 457 459 458
f 445 459 457
f 460 459 445
f 444 445 443
f 447 460 445
f 460 461 459
f 447 461 460
f 462 461 447
f 431 462 447
f 431 449 462
f 462 463 461
f 448 449 431
f 449 464 462
f 434 464 449
f 450 465 464
f 450 464 434
f 451 453 450
f 453 465 450
f 452 466 453
f 452 467 466
f 437 468 452
f 437 469 468
f 468 467 452
f 468 470 467
f 474 472 471
f 475 473 472
f 476 472 474
f 476 475 472
f 477 481 480
f 478 481 477
f 480 479 477
f 481 471 480
f 471 484 480
f 484 479 480
f 484 483 479
f 485 471 481
f 482 485 481
f 486 485 482
f 471 473 484
f 471 472 473
f 473 483 484
f 474 471 485
f 486 474 485
f 486 488 474
f 489 488 486
f 475 490 473
f 473 487 483
f 490 487 473
f 491 487 490
f 488 476 474
f 492 476 488
f 493 488 489
f 493 492 488
f 475 491 490
f 494 491 475
f 494 475 476
f 494 476 492
f 495 494 492
f 494 497 491
f 496 497 494
f 496 494 495
f 497 498 491
f 501 478 477
f 501 477 500
f 502 501 503
f 479 504 499
f 479 500 477
f 479 499 500
f 482 481 478
f 482 478 501
f 482 501 502
f 505 482 502
f 506 504 483
f 483 504 479
f 506 507 504
f 507 508 504
f 505 486 482
f 509 489 505
f 506 511 507
f 514 512 513
f 489 486 505
f 510 513 489
f 510 489 509
f 513 510 514
f 487 506 483
f 487 511 506
f 513 493 489
f 493 513 512
f 492 493 515
f 517 492 516
f 491 511 487
f 491 498 511
f 497 518 498
f 495 517 496
f 517 495 492
f 520 503 519
f 508 523 499
f 499 523 521
f 519 501 500
f 501 519 503
f 499 521 500
f 521 519 500
f 524 502 525
f 525 502 503
f 525 503 522
f 504 508 499
f 524 505 502
f 509 505 526
f 526 505 524
f 508 507 527
f 507 531 527
f 514 510 530
f 510 528 530
f 532 514 530
f 509 528 510
f 507 534 531
f 534 535 531
f 533 512 514
f 533 514 532
f 511 534 507
f 537 534 511
f 537 538 534
f 536 512 533
f 536 493 512
f 516 492 515
f 515 493 536
f 498 537 511
f 518 537 498
f 537 518 540
f 496 517 541
f 497 542 518
f 496 542 497
f 496 541 542
f 541 517 516
f 541 516 539
f 520 519 544
f 544 519 521
f 544 521 543
f 522 503 520
f 525 522 545
f 545 522 520
f 521 523 543
f 526 524 525
f 529 528 547
f 528 526 547
f 527 523 508
f 527 546 523
f 530 528 529
f 530 529 549
f 530 549 550
f 528 509 526
f 552 546 527
f 535 552 527
f 533 532 551
f 550 532 530
f 551 532 550
f 536 551 553
f 531 535 527
f 554 552 535
f 536 533 551
f 555 515 536
f 555 536 556
f 556 536 553
f 534 538 535
f 537 540 538
f 540 557 538
f 538 554 535
f 540 558 557
f 539 516 560
f 560 516 555
f 516 515 555
f 518 559 540
f 540 559 558
f 542 559 518
f 541 559 542
f 539 559 541
f 351 349 350
f 563 351 323
f 349 562 348
f 564 348 562
f 565 562 349
f 565 349 351
f 565 351 563
f 566 565 563
f 568 564 562
f 569 568 565
f 565 568 562
f 566 569 565
f 571 570 566
f 570 569 566
f 545 544 573
f 545 520 544
f 573 544 568
f 544 543 568
f 573 568 569
f 543 564 568
f 570 573 569
f 574 545 573
f 574 525 545
f 570 574 573
f 575 574 570
f 523 572 543
f 546 572 523
f 546 576 572
f 548 576 546
f 529 577 549
f 577 578 549
f 578 550 549
f 526 525 547
f 547 525 574
f 575 547 574
f 529 547 575
f 577 529 575
f 578 551 550
f 580 553 551
f 580 551 578
f 546 552 548
f 552 554 548
f 554 579 548
f 556 553 581
f 581 553 580
f 555 556 581
f 560 555 584
f 561 560 585
f 584 555 581
f 557 554 538
f 554 557 582
f 557 558 582
f 558 583 582
f 559 539 561
f 561 539 560
f 559 561 558
f 558 561 583
f 583 561 585
f 348 587 347
f 347 382 346
f 347 586 382
f 347 587 586
f 564 587 348
f 588 587 564
f 572 588 543
f 543 588 564
f 572 589 588
f 589 590 588
f 591 575 570
f 571 592 570
f 592 591 570
f 577 575 591
f 593 577 591
f 593 591 592
f 594 593 592
f 576 589 572
f 576 595 589
f 589 595 596
f 597 580 578
f 593 578 577
f 598 578 593
f 598 597 578
f 599 597 598
f 594 598 593
f 600 597 599
f 548 579 576
f 579 595 576
f 579 601 595
f 579 602 601
f 602 603 601
f 604 600 603
f 581 580 597
f 600 581 597
f 582 579 554
f 604 584 600
f 605 603 602
f 605 604 603
f 584 581 600
f 582 583 602
f 582 602 579
f 560 604 585
f 604 560 584
f 585 604 605
f 583 585 605
f 583 605 602
f 586 404 382
f 586 436 404
f 607 606 586
f 587 588 586
f 588 607 586
f 608 606 607
f 588 590 607
f 590 608 607
f 596 608 590
f 589 596 590
f 595 601 609
f 609 596 595
f 609 610 596
f 601 603 609
f 603 611 609
f 611 612 609
f 612 613 609
f 615 599 598
f 594 615 598
f 611 600 599
f 599 615 611
f 615 612 611
f 611 603 600
f 436 438 437
f 586 606 436
f 606 619 436
f 608 620 606
f 608 621 620
f 596 621 608
f 610 621 596
f 613 610 609
f 612 614 613
f 614 622 613
f 614 623 622
f 623 626 622
f 624 627 625
f 625 626 623
f 627 626 625
f 624 616 628
f 624 628 627
f 628 630 627
f 629 630 628
f 627 630 631
f 617 628 616
f 618 632 617
f 617 629 628
f 632 629 617
f 633 629 632
f 618 634 632
f 632 634 633
f 438 469 437
f 436 619 438
f 619 469 438
f 619 636 469
f 619 635 636
f 606 620 619
f 620 635 619
f 620 637 635
f 621 637 620
f 610 638 621
f 610 613 638
f 622 639 613
f 627 631 626
f 626 641 640
f 641 626 631
f 626 639 622
f 626 642 639
f 626 640 642
f 629 643 630
f 631 644 641
f 630 643 631
f 643 644 631
f 643 645 644
f 633 647 629
f 646 643 629
f 629 647 646
f 647 648 646
f 648 643 646
f 648 645 643
f 633 649 647
f 469 636 468
f 468 650 470
f 636 650 468
f 636 652 650
f 651 652 636
f 635 653 636
f 635 637 653
f 637 654 653
f 621 638 637
f 613 655 638
f 638 654 637
f 638 655 654
f 639 655 613
f 642 655 639
f 642 656 655
f 640 657 656
f 640 656 642
f 657 658 656
f 664 666 665
f 667 661 662
f 667 664 661
f 664 660 661
f 668 667 662
f 668 662 663
f 669 668 663
f 666 673 665
f 675 667 674
f 675 664 667
f 668 674 667
f 677 676 678
f 679 677 678
f 681 680 671
f 671 680 677
f 671 677 670
f 677 679 670
f 681 671 682
f 683 681 682
f 682 671 672
f 675 666 664
f 668 675 674
f 685 675 668
f 686 675 685
f 685 668 669
f 676 687 688
f 678 676 688
f 659 689 676
f 677 680 676
f 690 659 680
f 659 676 680
f 690 680 681
f 691 690 681
f 683 691 681
f 684 683 682
f 693 666 675
f 694 666 693
f 695 693 675
f 686 695 675
f 696 5 687
f 687 5 688
f 688 5 6
f 689 687 676
f 697 689 659
f 697 698 689
f 690 697 659
f 699 697 690
f 699 690 691
f 699 691 683
f 692 699 683
f 695 701 693
f 689 696 687
f 9 696 689
f 696 8 5
f 9 8 696
f 698 702 689
f 702 9 689
f 697 703 698
f 704 703 697
f 704 697 699
f 700 704 699
f 705 704 700
f 706 9 702
f 703 702 698
f 708 703 704
f 705 708 704
f 11 9 706
f 709 706 707
f 707 706 702
f 707 702 703
f 708 707 703
f 710 707 708
f 709 11 706
f 662 661 711
f 712 662 711
f 661 660 711
f 714 662 712
f 714 712 716
f 715 714 716
f 665 713 660
f 663 662 714
f 714 669 663
f 669 714 715
f 718 669 715
f 719 718 715
f 713 665 717
f 660 664 665
f 670 679 721
f 722 670 721
f 672 671 670
f 724 670 722
f 724 672 670
f 724 723 672
f 726 725 723
f 673 727 665
f 718 685 669
f 728 718 719
f 679 678 720
f 678 13 720
f 720 13 729
f 720 729 721
f 679 720 721
f 723 682 672
f 725 682 723
f 684 682 725
f 684 725 730
f 673 731 727
f 728 685 718
f 686 685 728
f 688 13 678
f 688 6 13
f 6 12 13
f 13 12 729
f 684 692 683
f 733 692 684
f 733 684 730
f 734 731 673
f 666 694 673
f 735 686 728
f 736 735 728 732
f 692 700 699
f 737 692 733
f 734 673 694
f 693 701 694
f 739 701 695
f 739 695 686
f 741 686 735
f 741 735 736
f 737 700 692
f 742 700 737
f 701 743 694
f 744 743 701
f 740 739 686
f 739 744 701
f 745 740 686
f 745 686 741
f 746 708 705
f 700 742 705
f 742 746 705
f 740 744 739
f 746 747 708
f 708 748 710
f 709 23 11
f 710 709 707
f 710 749 709
f 709 749 23
f 749 750 23
f 753 751 752
f 711 660 751
f 753 711 751
f 754 711 753
f 755 712 711
f 754 755 711
f 716 712 755
f 713 758 757
f 660 713 752
f 660 752 751
f 715 716 759
f 717 758 713
f 760 719 715
f 760 715 759
f 717 761 758
f 721 762 722
f 764 722 762
f 764 762 765
f 765 762 763
f 766 724 722
f 723 724 766
f 766 722 764
f 726 723 768
f 768 723 766
f 769 726 768
f 768 766 767
f 727 761 717
f 727 770 761
f 727 717 665
f 771 732 719
f 27 729 12
f 762 721 729
f 27 762 729
f 762 27 772
f 763 762 772
f 726 730 725
f 773 730 726
f 773 726 774
f 727 775 770
f 731 775 727
f 732 728 719
f 772 27 29
f 776 733 730
f 773 776 730
f 734 738 731
f 738 777 731
f 778 732 771
f 776 737 733
f 779 737 776
f 734 781 738
f 694 781 734
f 778 736 732
f 778 741 736
f 742 737 780
f 782 742 780
f 780 737 779
f 781 783 738
f 743 781 694
f 784 781 743
f 785 745 741
f 786 741 778
f 746 787 747
f 787 746 742
f 787 742 782
f 744 784 743
f 740 789 744
f 789 784 744
f 740 790 789
f 785 740 745
f 747 748 708
f 791 748 747
f 747 787 791
f 749 710 748
f 748 793 792
f 791 793 748
f 749 794 750
f 748 794 749
f 748 792 794
f 794 792 796
f 750 37 23
f 795 750 794
f 750 795 37
f 52 37 795
f 795 794 796
f 798 752 797
f 753 752 798
f 800 754 753
f 799 800 753
f 756 754 800
f 1 756 800
f 755 754 756
f 801 755 756
f 716 755 801
f 801 756 1
f 759 716 802
f 802 716 801
f 757 803 804
f 713 757 797
f 713 797 752
f 760 759 805
f 807 803 757
f 806 803 807
f 808 807 758
f 807 757 758
f 809 760 805
f 808 810 806
f 761 808 758
f 813 808 761
f 808 806 807
f 808 811 810
f 809 719 760
f 814 764 765
f 767 766 764 814
f 767 814 815
f 769 768 767
f 816 769 767
f 813 811 808
f 770 813 761
f 809 771 719
f 818 763 772
f 818 772 41
f 818 765 763
f 819 814 765
f 819 765 818
f 820 814 819
f 815 816 767
f 821 816 815
f 774 726 769
f 774 769 816
f 770 817 813
f 770 823 817
f 775 823 770
f 29 41 772
f 822 774 816
f 826 774 822
f 828 773 774
f 828 776 773
f 826 828 774
f 731 829 775
f 775 829 823
f 30 41 29
f 779 776 828
f 832 828 827
f 827 828 826
f 777 829 731
f 777 830 829
f 783 777 738
f 824 778 771
f 833 778 831
f 831 778 824
f 782 780 832
f 828 780 779
f 832 780 828
f 833 786 778
f 835 786 833
f 785 786 835
f 836 837 838
f 787 782 788
f 837 788 782
f 782 832 837
f 834 837 832
f 837 834 838
f 784 839 781
f 839 783 781
f 789 840 784
f 840 839 784
f 790 840 789
f 790 842 840
f 840 842 841
f 790 740 785
f 786 785 741
f 843 790 785
f 790 843 842
f 788 791 787
f 788 844 791
f 836 844 788
f 836 788 837
f 847 845 846
f 793 844 792
f 845 792 844
f 791 844 793
f 847 796 792
f 847 792 845
f 848 847 849
f 796 52 795
f 848 52 796
f 848 796 847
f 52 57 39
f 57 52 848
f 852 851 853
f 855 854 852
f 855 852 853
f 854 797 757
f 798 797 854
f 856 798 855
f 854 855 798
f 753 798 799
f 856 799 798
f 2 800 799 856
f 2 1 800
f 2 4 3
f 3 801 1
f 858 801 3
f 858 857 801
f 858 3 4
f 802 801 857
f 860 859 63
f 860 63 850
f 861 859 860
f 861 860 862
f 861 862 851
f 863 861 851
f 804 863 852
f 851 852 863
f 804 852 757
f 757 852 854
f 805 759 802
f 864 805 802
f 64 63 859
f 865 64 859
f 861 865 859
f 866 865 861
f 803 866 861
f 803 863 804
f 803 861 863
f 867 809 805
f 865 73 64
f 865 868 73
f 868 865 866
f 869 868 866
f 803 812 866
f 812 869 866
f 806 812 803
f 810 812 806
f 870 771 809
f 870 809 867
f 868 76 73
f 76 72 73
f 871 76 868
f 872 868 869
f 810 873 812
f 873 869 812
f 810 874 873
f 875 874 810
f 811 875 810
f 876 875 811
f 876 877 875
f 813 876 811
f 817 876 813
f 878 877 876
f 824 771 870
f 871 81 76
f 872 879 868
f 879 871 868
f 818 820 819
f 820 818 880
f 820 815 814
f 881 815 820
f 881 821 815
f 821 822 816
f 817 878 876
f 823 882 817
f 884 824 870
f 883 824 884
f 825 818 41
f 825 880 818
f 880 885 820
f 885 881 820
f 885 886 881
f 822 821 881
f 886 822 881
f 886 887 822
f 830 823 829
f 830 888 823
f 823 888 882
f 883 831 824
f 40 825 41
f 83 825 40
f 825 890 880
f 825 85 890
f 880 890 885
f 891 886 885
f 892 887 886
f 891 892 886
f 887 832 827
f 827 826 887
f 887 826 822
f 893 830 777
f 889 835 831
f 889 831 883
f 894 835 889
f 83 85 825
f 895 892 891
f 895 891 896
f 838 834 892
f 892 834 887
f 838 892 895
f 834 832 887
f 783 893 777
f 783 839 893
f 835 833 831
f 899 895 898
f 898 895 896
f 895 836 838
f 840 841 839
f 841 900 839
f 901 841 842
f 901 902 841
f 843 901 842
f 903 785 835
f 785 903 843
f 903 901 843
f 903 835 897
f 904 898 88
f 90 904 88
f 905 906 899
f 899 898 905
f 905 898 904
f 836 895 899
f 906 836 899
f 93 905 904
f 93 904 90
f 905 846 906
f 845 844 836
f 906 845 836
f 845 906 846
f 134 849 905
f 134 905 93
f 849 847 846
f 905 849 846
f 907 849 134
f 908 57 848
f 908 848 849
f 849 907 908
f 101 57 908
f 57 101 100
f 850 63 65
f 65 106 850
f 909 860 850
f 910 860 909
f 910 909 911
f 911 853 910
f 912 853 911
f 914 913 853 912
f 913 855 853
f 913 915 855
f 915 913 916
f 856 855 915
f 918 856 915
f 918 915 916
f 917 918 916
f 856 918 2
f 919 2 918
f 4 2 919
f 920 4 919
f 920 858 4
f 921 857 858
f 921 802 857
f 864 802 921
f 922 864 921
f 922 921 858
f 63 62 65
f 862 860 910
f 851 862 910
f 853 851 910
f 864 867 805
f 924 867 864
f 873 925 869
f 925 872 869
f 926 872 925
f 874 925 873
f 874 927 925
f 925 927 926
f 877 874 875
f 877 927 874
f 928 877 878
f 884 870 929
f 872 930 879
f 932 872 931
f 931 872 933
f 933 872 926
f 882 878 817
f 882 928 878
f 882 888 934
f 883 884 929
f 935 883 929
f 932 930 872
f 936 937 888
f 830 936 888
f 889 883 935
f 938 81 871
f 879 938 871
f 890 891 885
f 893 936 830
f 893 939 936
f 894 889 935
f 894 935 897
f 940 81 938
f 85 898 890
f 879 940 938
f 896 891 890
f 898 896 890
f 900 939 839
f 839 939 893
f 939 900 941
f 942 943 902
f 897 835 894
f 88 898 85
f 940 123 81
f 841 902 900
f 902 901 942
f 903 944 942 901
f 907 134 135
f 138 908 907
f 138 907 135
f 140 908 138
f 140 101 908
f 183 850 106
f 183 106 182
f 945 909 850
f 945 911 909
f 183 945 850
f 946 911 945
f 945 183 947
f 946 912 911
f 914 912 946
f 916 913 914
f 949 914 946
f 949 946 948
f 949 916 914
f 917 916 949
f 950 917 949
f 952 917 950
f 951 918 917
f 917 952 951
f 953 918 951
f 953 919 918
f 954 953 951
f 952 954 951
f 953 920 919
f 955 953 954
f 956 920 953
f 955 956 953
f 858 920 956
f 956 922 858
f 958 922 956
f 957 922 958
f 923 864 922
f 957 923 922
f 957 959 923
f 923 924 864
f 924 870 867
f 924 923 959
f 929 870 924
f 960 929 924
f 961 962 963
f 926 927 961
f 964 962 927
f 961 927 962
f 877 966 927
f 966 964 927
f 962 964 965
f 877 928 966
f 928 967 966
f 928 968 967
f 967 964 966
f 928 969 968
f 970 929 960
f 933 926 961
f 971 933 961
f 971 961 963
f 882 934 928
f 934 937 969
f 934 969 928
f 970 935 929
f 972 932 931
f 973 972 931
f 974 931 933
f 973 931 974
f 888 937 934
f 936 975 937
f 975 969 937
f 976 975 936
f 897 935 970
f 897 970 977
f 944 897 977
f 978 930 932
f 978 932 972
f 939 976 936
f 939 941 976
f 979 941 943
f 982 930 978
f 943 941 900
f 902 943 900
f 943 942 981
f 981 980 943
f 897 944 903
f 944 981 942
f 930 940 879
f 940 984 983
f 982 940 930
f 984 940 982
f 985 982 978
f 985 978 973
f 940 127 123
f 160 127 940
f 983 160 940
f 985 984 982
f 160 159 127
f 983 986 160
f 987 983 984
f 986 983 987
f 986 195 160
f 195 159 160
f 988 945 947
f 947 183 207
f 989 946 945
f 989 948 946
f 989 945 990
f 990 945 988
f 992 949 948
f 993 992 948
f 993 948 989
f 992 950 949
f 994 952 950
f 954 952 994
f 996 955 995
f 996 956 955
f 997 992 993
f 998 992 997
f 998 994 950 992
f 998 999 994
f 1001 954 994
f 999 1000 994
f 1000 1001 994
f 1001 955 954
f 1001 995 955
f 996 958 956
f 958 996 1002
f 1003 959 957
f 1003 957 958
f 1004 1003 958
f 1004 958 1002
f 967 1008 1005
f 1005 1010 1009
f 1008 1010 1005
f 1008 1011 1010
f 960 924 959
f 1003 960 959
f 1013 963 962 1006
f 965 1006 962
f 1014 971 1013
f 965 1005 1006
f 1013 1006 1007
f 964 967 965
f 965 967 1005
f 968 1008 967
f 968 969 1011
f 968 1011 1008
f 969 1015 1011
f 1011 1015 1012
f 1015 1016 1012
f 1019 1018 960
f 1019 1003 1004
f 1019 960 1003
f 1017 1019 1004
f 1017 1018 1019
f 971 963 1013
f 1020 933 971
f 1020 971 1014
f 976 1022 1015
f 1015 1022 1016
f 1018 970 960
f 1027 973 974
f 974 933 1020
f 1021 974 1020
f 975 1015 969
f 975 976 1015
f 976 979 1022
f 979 1028 1022
f 1028 1023 1022
f 1023 1028 1024
f 1026 981 1025
f 1026 1028 979
f 1026 1017 1024
f 1026 1025 1017
f 1028 1026 1024
f 1018 977 970
f 981 944 977 1025
f 1025 977 1018
f 1017 1025 1018
f 1029 1027 974
f 976 941 979
f 980 979 943
f 979 980 1026
f 980 981 1026
f 973 978 972
f 1030 985 973
f 1030 973 1027
f 985 1030 1031
f 1032 984 985
f 1031 1032 985
f 984 1032 987
f 1033 1032 1031
f 1032 1034 987
f 1033 1034 1032
f 201 195 986
f 987 201 986
f 1034 201 987
f 1035 947 207
f 988 947 1035
f 991 989 990
f 1036 990 988
f 1037 993 989
f 991 1037 989
f 1038 1037 991
f 1039 997 993
f 1039 993 1037
f 1040 997 1039
f 1041 1039 1037
f 1041 1040 1039
f 1042 1037 1038
f 997 999 998
f 997 1009 999
f 1043 1009 997
f 1040 1043 997
f 1041 1043 1040
f 1042 1041 1037
f 1044 1041 1042
f 1005 1009 1043
f 1009 1000 999
f 1009 1010 1000
f 1010 1045 1000
f 1045 1001 1000
f 1045 1046 1001
f 1046 995 1001
f 1046 1047 995
f 1047 1002 996
f 1047 996 995
f 1047 1004 1002
f 1047 1017 1004
f 1006 1005 1007
f 1007 1005 1043
f 1048 1007 1043
f 1014 1048 1044
f 1048 1043 1041
f 1044 1048 1041
f 1049 1044 1042
f 1011 1012 1010
f 1012 1045 1010
f 1012 1016 1046 1045
f 1016 1023 1046
f 1046 1024 1047
f 1013 1007 1048
f 1014 1013 1048
f 1049 1014 1044
f 1016 1022 1023
f 1023 1024 1046
f 1024 1017 1047
f 1020 1014 1049
f 1021 1020 1049
f 1050 1021 1049
f 1051 1021 1050
f 1029 974 1021
f 1051 1029 1021
f 1029 1052 1027
f 1052 1030 1027
f 1053 1030 1052
f 1054 1053 1052
f 1055 1031 1030
f 1055 1030 1053
f 1033 1031 1056
f 1056 1031 1055
f 1033 1056 1057
f 1057 1034 1033
f 353 198 201
f 1058 201 1034
f 1058 1034 1057
f 1059 1058 1057
f 253 1035 207
f 280 988 1035
f 1060 1036 988
f 1062 991 1061
f 1061 991 990
f 1064 1038 991
f 1063 1038 1064
f 1064 991 1062
f 1063 1042 1038
f 1065 1042 1063
f 1065 1049 1042
f 1067 1065 1063
f 1067 1068 1065
f 1066 1067 1063
f 1068 1049 1065
f 1050 1049 1068
f 1069 1050 1068
f 1051 1050 1069
f 1070 1029 1051
f 1071 1070 1051
f 1069 1071 1051
f 1052 1029 1070
f 1071 1072 1070
f 1070 1054 1052
f 1072 1054 1070
f 1073 1053 1054
f 1053 1074 1055
f 1073 1074 1053
f 1074 1056 1055
f 1056 1074 1075
f 1057 1056 1076
f 1075 1076 1056
f 1077 1076 1075
f 1076 1059 1057
f 280 1035 253
f 1078 988 280
f 1061 990 1036
f 1078 1060 988
f 1061 1036 1060
f 1063 1064 1079
f 1079 1064 1062
f 1080 1066 1063
f 1081 1067 1066
f 1069 1068 1067
f 1069 1067 1081
f 1082 1069 1081
f 1071 1069 1082
f 1083 1071 1082
f 1084 1072 1071
f 1084 1071 1083
f 1072 1073 1054
f 1085 1072 1084
f 1085 1073 1072
f 1087 1074 1073
f 1086 1087 1073
f 1075 1074 1087
f 1087 1088 1075
f 1089 1088 1087
f 1088 1077 1075
f 1088 1090 1077
f 1091 1062 1061
f 1092 1061 1060
f 1079 1062 1091
f 1080 1063 1079
f 1094 1080 1079
f 1095 1081 1066
f 1082 1081 1096
f 1096 1081 1095
f 1098 1082 1096
f 1097 1098 1096
f 1083 1082 1098
f 1099 1098 1097
f 1100 1083 1098
f 1100 1098 1099
f 1101 1100 1099
f 1102 1084 1083
f 1102 1083 1100
f 1104 1085 1084
f 1084 1102 1104
f 1086 1073 1085
f 1104 1086 1085
f 1105 1086 1104
f 1089 1087 1086
f 1106 1089 1086
f 1106 1086 1105
f 1107 1088 1089
f 1108 1107 1089
f 1107 1090 1088
f 281 1078 280
f 1109 1078 281
f 1092 1060 1078
f 1091 1061 1092
f 1110 1091 1092
f 1092 1078 1109
f 1093 1091 1110
f 1093 1079 1091
f 1093 1094 1079
f 1094 1093 1111
f 1112 1066 1080
f 1113 1080 1094
f 1112 1080 1113
f 1112 1095 1066
f 1097 1096 1095
f 1114 1097 1095
f 1115 1114 1095
f 1116 1099 1097
f 1114 1116 1097
f 1101 1099 1116
f 1117 1101 1116
f 1103 1100 1101
f 1102 1100 1103
f 1119 1102 1103
f 1119 1103 1118
f 1120 1102 1119
f 1120 1104 1102
f 1105 1104 1120
f 1121 1105 1120
f 1121 1106 1105
f 1122 1106 1121
f 1108 1106 1123
f 1123 1106 1122
f 1089 1106 1108
f 1124 1090 1107 1108
f 1124 1108 1123
f 1125 1124 1123
f 320 321 1126
f 1126 322 320
f 1127 323 322
f 337 333 374
f 337 374 1128
f 1131 337 1129
f 1128 1129 337
f 1132 1131 1129
f 1133 1132 1130
f 1130 1132 1129
f 1130 1134 1133
f 321 337 1131
f 321 338 337
f 1133 1131 1132
f 1134 1135 1133
f 1131 1126 321
f 322 1126 1131
f 1137 322 1131
f 1133 1137 1131
f 1135 1137 1133
f 1136 1135 1134
f 1137 1127 322
f 1137 1138 1127
f 1139 1137 1135
f 1140 1139 1135
f 1141 1140 1135
f 1138 323 1127
f 1139 1138 1137
f 1142 1138 1139
f 1140 1142 1139
f 1058 353 201
f 1058 383 353
f 383 359 353
f 1144 369 1143
f 1145 1144 1143
f 374 332 369
f 1128 374 1144
f 374 369 1144
f 1129 1128 1130
f 1144 1130 1128
f 1130 1144 1147
f 1147 1144 1145
f 1130 1147 1149
f 1130 1149 1150
f 1149 1147 1148
f 1152 1134 1130
f 1152 1130 1150
f 1153 1152 1150
f 1154 1152 1153
f 1156 1153 1150
f 1156 1155 1153
f 1156 1150 1151
f 1157 1155 1156
f 1158 1136 1134
f 1158 1134 1152
f 1154 1158 1152
f 1155 1154 1153
f 1159 1158 1154
f 1160 1154 1155
f 1159 1154 1160
f 1136 1141 1135
f 1141 1136 1158
f 1161 1141 1158
f 1161 1158 1159
f 1161 1162 1141
f 1162 1161 1163
f 1162 1165 1141
f 1141 1165 1164
f 1164 1140 1141
f 1166 1140 1164
f 1167 1166 1164
f 1168 1058 1059
f 1076 1168 1059
f 1058 1168 383
f 383 384 359
f 392 1169 371
f 392 1170 1169
f 1175 1174 1176
f 1174 1173 1176
f 1177 1175 1176
f 1178 1177 1176
f 1180 1177 1181
f 1143 369 371
f 1169 1143 371
f 1170 1143 1169
f 1146 1145 1143
f 1146 1143 1170
f 1182 1146 1170
f 1147 1145 1146
f 1172 1147 1146
f 1172 1146 1182
f 1148 1147 1172
f 1151 1149 1148
f 1151 1148 1183
f 1184 1148 1172
f 1184 1183 1148
f 1174 1185 1173
f 1185 1186 1173
f 1185 1183 1186
f 1187 1185 1174
f 1189 1187 1175
f 1189 1175 1177
f 1179 1189 1177
f 1175 1187 1174
f 1180 1179 1177
f 1190 1179 1180
f 1151 1150 1149
f 1188 1151 1185
f 1151 1183 1185
f 1156 1151 1188
f 1191 1188 1187
f 1191 1156 1188
f 1188 1185 1187
f 1191 1187 1189
f 1191 1189 1179
f 1192 1157 1191
f 1192 1191 1179
f 1193 1192 1179 1190
f 1194 1193 1190
f 1157 1156 1191
f 1195 1157 1192
f 1196 1195 1192
f 1197 1192 1193
f 1196 1192 1197
f 1198 1197 1193
f 1199 1197 1198
f 1155 1157 1195
f 1160 1155 1195
f 1196 1160 1195
f 1163 1161 1159
f 1202 1159 1160
f 1201 1163 1159
f 1159 1202 1201
f 1202 1160 1196
f 1200 1202 1196
f 1203 1165 1162
f 1204 1163 1201
f 1163 1204 1162
f 1203 1162 1204
f 1167 1164 1165
f 1205 1167 1165
f 1206 1167 1205
f 1207 1168 1076
f 1077 1207 1076
f 1207 1208 1168
f 1168 384 383
f 1168 1209 384
f 1208 1209 1168
f 412 388 384
f 1209 412 384
f 1176 1211 1213
f 1213 1211 1212
f 1215 1213 1214
f 1178 1213 1215
f 1170 392 1217
f 1217 392 427
f 1219 1170 1218
f 1218 1170 1217
f 1219 1182 1170
f 1182 1220 1171
f 1184 1172 1222
f 1221 1186 1184
f 1184 1222 1221
f 1172 1171 1222
f 1176 1173 1211
f 1173 1186 1211
f 1186 1221 1211
f 1178 1176 1213
f 1181 1177 1178
f 1216 1181 1178
f 1223 1180 1181
f 1223 1181 1216
f 1171 1172 1182
f 1186 1183 1184
f 1224 1190 1180
f 1194 1190 1224
f 1224 1180 1223
f 1198 1193 1194
f 1225 1194 1226
f 1226 1194 1224
f 1225 1198 1194
f 1225 1199 1198
f 1199 1225 1227
f 1227 1225 1228
f 1229 1196 1197
f 1199 1230 1197
f 1230 1229 1197
f 1227 1230 1199
f 1202 1232 1201
f 1233 1232 1202
f 1200 1233 1202
f 1233 1234 1232
f 1229 1200 1196
f 1235 1200 1229
f 1233 1200 1235
f 1204 1201 1232
f 1203 1204 1236
f 1234 1204 1232
f 1237 1204 1234
f 1237 1236 1204
f 1205 1165 1203
f 1206 1205 1238
f 1238 1205 1203
f 1239 1238 1203
f 1240 1206 1238
f 1240 1238 1239
f 1239 1203 1236
f 1090 1207 1077
f 1241 1207 1090
f 1208 1210 1209
f 1207 1210 1208
f 1242 1210 1207
f 1242 1207 1241
f 1243 1209 1210
f 1209 1243 412
f 1244 1243 1210
f 1246 1245 412
f 412 1243 1246
f 1246 1243 1244
f 1245 417 412
f 423 417 1245
f 1247 423 1245
f 1247 1245 1246
f 1248 1247 1246
f 1248 1249 1247
f 427 428 1249
f 1247 428 423
f 1249 428 1247
f 1217 427 1249
f 1251 1217 1249
f 1251 1249 1252
f 1252 1249 1250
f 1250 1249 1248
f 1212 1211 1221
f 1256 1212 1254
f 1254 1212 1221
f 1257 1256 1254
f 1214 1213 1212
f 1212 1256 1214
f 1258 1214 1256
f 1215 1214 1259
f 1259 1214 1258
f 1216 1178 1215
f 1260 1216 1215
f 1261 1216 1260
f 1218 1217 1251
f 1262 1218 1251
f 1182 1219 1220
f 1263 1220 1219
f 1263 1219 1218
f 1218 1262 1263
f 1264 1220 1263
f 1265 1263 1262
f 1222 1171 1220
f 1253 1220 1264
f 1253 1222 1220
f 1255 1222 1253
f 1221 1222 1254
f 1255 1254 1222
f 1266 1254 1255
f 1267 1223 1216
f 1267 1216 1261
f 1268 1224 1223
f 1268 1226 1224
f 1228 1225 1226
f 1228 1226 1269
f 1269 1226 1268
f 1231 1227 1228
f 1270 1231 1228
f 1230 1227 1231
f 1271 1229 1230
f 1230 1231 1271
f 1231 1272 1271
f 1273 1271 1272
f 1233 1275 1234
f 1275 1274 1234
f 1235 1229 1271
f 1233 1235 1276
f 1276 1275 1233
f 1276 1235 1271
f 1236 1237 1277
f 1237 1234 1274
f 1278 1240 1239
f 1239 1236 1277
f 1278 1239 1277
f 1279 1278 1277
f 1124 1241 1090
f 1280 1241 1124
f 1281 1124 1125
f 1280 1242 1241
f 1280 1282 1242
f 1281 1280 1124
f 1280 1281 1282
f 1244 1210 1242
f 1282 1244 1242
f 1283 1282 1281
f 1284 1246 1244
f 1284 1244 1282
f 1284 1282 1283
f 1284 1248 1246
f 1285 1248 1284
f 1250 1248 1285
f 1286 1250 1285
f 1286 1252 1250
f 1287 1262 1252
f 1287 1252 1286
f 1255 1253 1288
f 1288 1253 1264
f 1289 1254 1266
f 1289 1257 1254
f 1290 1257 1291
f 1256 1257 1290
f 1258 1256 1292
f 1256 1290 1292
f 1260 1215 1259
f 1260 1259 1293
f 1293 1259 1258
f 1293 1258 1292
f 1294 1261 1260
f 1262 1251 1252
f 1265 1262 1287
f 1265 1264 1263
f 1295 1223 1267
f 1294 1267 1261
f 1295 1267 1294
f 1268 1223 1295
f 1268 1295 1296
f 1297 1268 1296
f 1298 1269 1268
f 1297 1298 1268
f 1272 1231 1270
f 1270 1228 1269
f 1299 1273 1272
f 1274 1275 1300
f 1275 1302 1301
f 1300 1275 1301
f 1276 1271 1273
f 1275 1276 1303
f 1303 1276 1273
f 1302 1275 1303
f 1303 1273 1299
f 1237 1274 1304
f 1304 1274 1300
f 1237 1304 1277
f 1304 1300 1301
f 1305 1304 1301
f 1277 1304 1305
f 1306 1279 1277
f 1138 563 323
f 1142 567 1138
f 1307 567 1142
f 1142 1140 1307
f 567 563 1138
f 567 566 563
f 571 566 567
f 1166 1307 1140
f 1307 1309 567
f 1309 1307 1308
f 1166 1308 1307
f 1166 1310 1308
f 1311 571 567
f 1309 1311 567
f 1312 571 1311
f 1313 1311 1309
f 1313 1312 1311
f 1314 592 571
f 1314 594 592
f 1314 571 1312
f 1315 1166 1167
f 1315 1167 1206
f 1310 1166 1315
f 1315 1316 1310
f 1308 1313 1309
f 1308 1317 1313
f 1310 1317 1308
f 1316 1317 1310
f 1318 1317 1316
f 1312 1319 1314
f 1321 1312 1313
f 1321 1319 1312
f 1317 1321 1313
f 1321 1320 1319
f 1322 1321 1317
f 1314 615 594
f 1323 615 1314
f 1319 1323 1314
f 1323 1319 1324
f 1323 612 615
f 1324 1319 1320
f 1327 1328 1325
f 1326 1327 1325
f 1325 1328 616
f 1328 617 616
f 618 617 1328
f 1329 1328 1327
f 1327 1330 1329
f 1329 618 1328
f 1331 1315 1206
f 1331 1206 1240
f 1332 1316 1315
f 1332 1315 1331
f 1333 1316 1332
f 1318 1316 1333
f 1318 1322 1317
f 1322 1318 1335
f 1333 1335 1318
f 1336 1324 1320
f 1321 1322 1320
f 1322 1337 1320
f 1320 1337 1336
f 1335 1337 1322
f 612 1338 614
f 1323 1338 612
f 1338 623 614
f 1338 1340 623
f 1341 1340 1338
f 1339 1340 1341
f 1339 624 1340
f 1342 1339 1341
f 624 625 1340
f 625 623 1340
f 1343 1341 1338
f 1343 1342 1341
f 1324 1338 1323
f 1336 1338 1324
f 1336 1343 1338
f 1336 1345 1343
f 1325 616 1339
f 616 624 1339
f 1326 1325 1339 1342
f 1344 1342 1343
f 1346 1326 1342
f 1344 1346 1342
f 1347 1346 1344
f 1327 1326 1346
f 1330 1327 1346
f 1349 1330 1346
f 1349 1350 1330
f 1349 1346 1347
f 1349 1347 1348
f 1329 634 618
f 1329 1330 634
f 1330 1350 634
f 1350 1351 634
f 1350 1352 1351
f 1331 1240 1353
f 1353 1240 1278
f 1354 1353 1278
f 1355 1332 1331
f 1355 1331 1353
f 1355 1353 1354
f 1355 1333 1332
f 1334 1333 1355
f 1357 1334 1356
f 1356 1334 1355
f 1357 1335 1333
f 1357 1333 1334
f 1357 1358 1335
f 1336 1359 1345
f 1337 1359 1336
f 1335 1360 1337
f 1337 1360 1359
f 1363 1362 1361
f 641 657 640
f 657 1363 1361
f 644 657 641
f 644 1364 657
f 1364 1363 657
f 1361 1344 1343
f 1345 1365 1343
f 1365 1361 1343
f 1359 1366 1345
f 1364 1362 1363
f 644 1368 1364
f 1368 1367 1364
f 645 1368 644
f 1362 1347 1344
f 1348 1347 1362
f 1362 1344 1361
f 1367 1348 1362
f 1367 1362 1364
f 1370 1367 1368
f 649 1369 1370
f 648 1370 645
f 1370 648 649
f 1367 1349 1348
f 1369 1349 1367
f 1370 1369 1367
f 1351 633 634
f 1351 649 633
f 1351 1352 649
f 1369 649 1352
f 649 648 647
f 1349 1352 1350
f 1349 1369 1352
f 1354 1278 1279
f 1372 1355 1354
f 1371 1372 1354
f 1356 1358 1357
f 1356 1355 1372
f 1356 1372 1373
f 1356 1373 1374
f 1358 1360 1335
f 1375 1360 1358 1374
f 1356 1374 1358
f 1360 1375 1359
f 657 1365 658
f 1365 1376 658
f 1361 1365 657
f 1345 1376 1365
f 1345 1366 1376
f 1359 1377 1366
f 645 1370 1368
f 1381 1379 1378
f 1383 267 1384
f 270 1384 267
f 1382 1384 270
f 1383 1384 1385
f 1386 1387 1385
f 1389 269 267
f 1389 267 1383
f 1387 1383 1385
f 1391 269 1389
f 1383 1390 1389
f 1391 1389 1390
f 1387 1390 1383
f 273 269 1391
f 272 269 273
f 274 288 276 248
f 276 1392 275
f 1393 250 275
f 277 250 1393
f 1394 1393 275
f 1394 1395 1393
f 1396 277 1393
f 1396 1393 1395
f 1396 278 277
f 1396 1398 278
f 1400 281 278
f 1400 278 1398
f 1402 1400 1398
f 1401 1400 1402
f 1403 1382 270
f 1403 1388 1382
f 1403 1404 1388
f 1404 1386 1388
f 282 1403 270
f 282 1404 1403
f 1405 1404 282
f 1404 1405 1390 1387
f 1404 1387 1386
f 285 1405 282
f 285 1406 1405
f 285 1407 1406
f 1406 1391 1390
f 1405 1406 1390
f 1408 273 1391
f 1406 1409 1391
f 1409 1408 1391
f 1407 1410 1406
f 1410 1409 1406
f 288 272 273
f 288 273 1408
f 286 1407 285
f 292 1411 1407
f 1407 1411 1410
f 1410 1411 1409
f 286 292 1407
f 291 292 290
f 292 291 1412
f 291 293 1412
f 297 1414 295
f 295 1414 1413
f 1414 1415 1413
f 297 1416 1414
f 299 1416 297
f 1416 1415 1414
f 1416 1417 1415
f 301 1416 299
f 1418 1416 301
f 1418 1417 1416
f 301 1419 1418
f 1419 1420 1418
f 1418 1420 1417
f 302 1419 301
f 1419 1421 1420
f 302 1422 1419
f 303 1422 302
f 1422 1424 1423
f 303 1424 1422
f 304 1424 303
f 1382 1385 1384
f 1382 1388 1386
f 1386 1385 1382
f 276 1426 1425
f 1425 1392 276
f 1427 1394 275
f 1392 1427 275
f 1428 1395 1394
f 1396 1395 1397
f 1398 1396 1429
f 1429 1396 1397
f 1399 1402 1398
f 1408 1426 288
f 1411 1430 1408
f 1408 1430 1426
f 276 288 1426
f 1411 1408 1409
f 292 1431 1411
f 292 1412 1431
f 1411 1431 1430
f 1431 1432 1430
f 1412 1433 1431
f 1433 1434 1431
f 1433 1412 293
f 295 1413 1433 293
f 1413 1435 1433
f 1413 1415 1435
f 1415 1436 1435
f 1417 1436 1415
f 1417 1437 1436
f 1417 1420 1437
f 1420 1438 1437
f 1420 1421 1438
f 1422 1423 1419
f 1419 1423 1421
f 1425 1426 1443
f 1443 1392 1425
f 1444 1427 1392
f 1427 1428 1394
f 1397 1395 1428
f 1399 1398 1429
f 1445 1399 1429
f 1430 1443 1426
f 1430 1446 1443
f 1432 1446 1430
f 1434 1432 1431
f 1434 1447 1432
f 1433 1447 1434
f 1448 1447 1433
f 1435 1448 1433
f 1435 1449 1448
f 1436 1449 1435
f 1439 1450 1449
f 1436 1439 1449
f 1437 1438 1436
f 1438 1439 1436
f 1440 1450 1439
f 1438 1440 1439
f 1441 1451 1440
f 1421 1440 1438
f 1441 1452 1451
f 1421 1423 1440
f 1423 1441 1440
f 1441 1442 1452
f 1453 1452 1442
f 1423 1442 1441
f 1455 1392 1443
f 1444 1392 1455
f 1455 1443 1454
f 1456 1427 1444
f 1457 1427 1456
f 1457 1428 1427
f 1397 1428 1457
f 1445 1429 1397
f 1458 1399 1445
f 1454 1443 1446
f 1432 1459 1446
f 1432 1461 1459
f 1460 1461 1432
f 1447 1462 1432
f 1462 1460 1432
f 1448 1449 1447
f 1449 1462 1447
f 1449 1464 1462
f 1450 1465 1449
f 1449 1465 1464
f 1465 1467 1466
f 1450 1467 1465
f 1440 1467 1450
f 1440 1451 1467
f 1452 1469 1451
f 1452 1453 1470
f 1452 1470 1471
f 1453 1472 1470
f 1472 1471 1470
f 1472 1473 1471
f 1474 1455 1454
f 1475 1456 1444
f 1474 1444 1455
f 1474 1475 1444
f 1476 1457 1456
f 1477 1397 1457
f 1445 1397 1477
f 1446 1459 1454
f 1459 1461 1478
f 1459 1478 1454
f 1454 1478 1479
f 1463 1461 1460
f 1461 1481 1480
f 1462 1463 1460
f 1463 1481 1461
f 1483 1481 1463
f 1462 1482 1463
f 1464 1482 1462
f 1482 1483 1463
f 1465 1482 1464
f 1466 1482 1465
f 1466 1484 1482
f 1484 1483 1482
f 1468 1484 1466
f 1467 1451 1466
f 1451 1468 1466
f 1469 1486 1468
f 1469 1468 1451
f 1452 1471 1469
f 1471 1486 1469
f 1486 1488 1487
f 1471 1488 1486
f 1473 1488 1471
f 1473 1489 1488
f 1490 1491 1489
f 1474 1454 1479
f 1476 1456 1475
f 1475 1494 1493
f 1476 1475 1493
f 1494 1475 1474
f 1495 1477 1457
f 1495 1496 1477
f 1495 1457 1476
f 1497 1399 1458
f 1458 1445 1477
f 1498 1458 1477
f 1478 1499 1479
f 1461 1480 1478
f 1481 1500 1480
f 1480 1499 1478
f 1480 1500 1499
f 1483 1501 1481
f 1481 1501 1500
f 1483 1502 1501
f 1484 1502 1483
f 1505 1503 1502
f 1485 1502 1484
f 1485 1504 1502
f 1485 1506 1504
f 1468 1485 1484
f 1468 1486 1485
f 1485 1487 1506
f 1486 1487 1485
f 1488 1507 1487
f 1488 1508 1507
f 1489 1508 1488
f 1489 1491 1508
f 1491 1513 1508
f 1514 1509 1508
f 1512 1516 1510
f 1490 1520 1491
f 1520 1513 1491
f 1520 1521 1513
f 1519 1516 1512
f 1519 1512 1518
f 1494 1474 1479
f 1524 1476 1493
f 1525 1493 1494
f 1525 1524 1493
f 1494 1526 1525
f 1495 1476 1524
f 1496 1495 1524
f 1527 1496 1524
f 1496 1498 1477
f 1499 1528 1479
f 1479 1528 1494
f 1530 1499 1500
f 1531 1530 1500
f 1528 1499 1530
f 1501 1531 1500
f 1501 1502 1503
f 1501 1503 1531
f 1503 1532 1531
f 1505 1532 1503
f 1505 1533 1532
f 1504 1505 1502
f 1504 1533 1505
f 1534 1533 1504
f 1506 1487 1504
f 1487 1535 1504
f 1507 1537 1487
f 1487 1537 1535
f 1537 1538 1535
f 1538 1536 1535
f 1508 1537 1507
f 1537 1509 1538
f 1539 1538 1509
f 1539 1540 1538
f 1543 1540 1542
f 1540 1539 1542
f 1539 1541 1542
f 1544 1511 1536
f 1544 1536 1538
f 1540 1544 1538
f 1545 1544 1540
f 1545 1540 1543
f 1547 1546 1545
f 1508 1509 1537
f 1514 1539 1509
f 1539 1514 1541
f 1515 1541 1514
f 1546 1518 1549
f 1546 1549 1544
f 1545 1546 1544
f 1512 1510 1511
f 1518 1512 1549
f 1549 1512 1544
f 1544 1512 1511
f 1547 1518 1546
f 1550 1518 1547
f 1514 1508 1513
f 1513 1521 1515
f 1514 1513 1515
f 1521 1522 1515
f 1515 1522 1548
f 1553 1523 1518
f 1550 1553 1518
f 1521 1554 1522
f 1522 1552 1551
f 1522 1555 1552
f 1554 1555 1522
f 1523 1519 1518
f 1556 1523 1553
f 1557 1556 1553
f 1558 1526 1494
f 1527 1524 1525
f 1527 1525 1526
f 1529 1494 1528
f 1529 1558 1494
f 1529 1560 1558
f 1561 1526 1558
f 1560 1561 1558
f 1560 1562 1561
f 1527 1526 1561
f 1563 1559 1527
f 1530 1529 1528
f 1530 1560 1529
f 1564 1560 1530
f 1564 1565 1560
f 1531 1566 1530
f 1566 1564 1530
f 1531 1532 1566
f 1566 1567 1564
f 1567 1565 1564
f 1567 1568 1565
f 1532 1567 1566
f 1532 1533 1567
f 1533 1569 1567
f 1569 1568 1567
f 1570 1568 1569
f 1570 1571 1568
f 1533 1534 1569
f 1534 1575 1569
f 1569 1575 1570
f 1575 1571 1570
f 1571 1573 1572
f 1576 1573 1571
f 1573 1577 1574
f 1576 1571 1575
f 1576 1578 1573
f 1578 1577 1573
f 1504 1535 1575
f 1504 1575 1534
f 1575 1535 1576
f 1536 1578 1535
f 1535 1578 1576
f 1578 1536 1577
f 1581 1580 1582
f 1542 1541 1583
f 1580 1581 1543
f 1543 1542 1580
f 1580 1542 1579
f 1515 1548 1541
f 1545 1543 1581
f 1586 1581 1584
f 1586 1545 1581
f 1586 1547 1545
f 1522 1551 1548
f 1551 1587 1548
f 1550 1547 1586
f 1588 1550 1586
f 1552 1587 1551
f 1555 1589 1552
f 1589 1587 1552
f 1591 1593 1592
f 1561 1563 1527
f 1594 1563 1561
f 1594 1595 1563
f 1565 1562 1560
f 1562 1594 1561
f 1562 1596 1594
f 1596 1597 1594
f 1597 1595 1594
f 1568 1598 1565
f 1565 1596 1562
f 1598 1596 1565
f 1599 1597 1596
f 1597 1601 1595
f 1597 1600 1601
f 1598 1599 1596
f 1599 1574 1600
f 1599 1600 1597
f 1568 1571 1598
f 1571 1599 1598
f 1571 1572 1599
f 1599 1572 1574
f 1572 1573 1574
f 1608 1605 1607
f 1605 1606 1604
f 1579 1606 1608
f 1606 1579 1583
f 1606 1583 1609
f 1582 1608 1610
f 1605 1608 1606
f 1579 1542 1583
f 1608 1580 1579
f 1580 1608 1582
f 1548 1612 1611
f 1612 1613 1611
f 1541 1548 1611
f 1583 1541 1611
f 1587 1614 1548
f 1548 1614 1612
f 1587 1589 1614
f 1606 1621 1604
f 1621 1620 1604
f 1621 1606 1609
f 1583 1622 1609
f 1611 1622 1583
f 1622 1611 1623
f 1613 1624 1623
f 1613 1623 1611
f 1612 1624 1613
f 1626 1624 1612
f 1624 1625 1623
f 1624 1626 1625
f 1614 1626 1612
f 1614 1627 1626
f 1589 1627 1614
f 1589 1628 1627
f 1589 1615 1628
f 1615 1616 1628
f 1616 1630 1628
f 1593 1632 1633
f 1616 1617 1631
f 1631 1630 1616
f 1618 1593 1633
f 1617 1618 1633
f 1617 1633 1634
f 1617 1634 1631
f 1636 1635 1638
f 1637 1638 1635
f 1637 1621 1639
f 1621 1635 1620
f 1621 1637 1635
f 1623 1639 1622
f 1622 1621 1609
f 1622 1639 1621
f 1623 1640 1639
f 1623 1625 1640
f 1626 1643 1625
f 1625 1643 1642
f 1627 1643 1626
f 1627 1629 1643
f 1643 1629 1644
f 1629 1645 1644
f 1627 1628 1629
f 1628 1630 1629
f 1629 1630 1645
f 1630 1647 1645
f 1634 1648 1647
f 1630 1631 1647
f 1631 1634 1647
f 1639 1650 1637
f 1637 1649 1638
f 1637 1650 1649
f 1650 1651 1649
f 1641 1639 1640
f 1639 1641 1650
f 1641 1652 1650
f 1650 1652 1651
f 1640 1625 1641
f 1625 1642 1641
f 1642 1652 1641
f 1643 1654 1642
f 1654 1653 1642
f 1653 1652 1642
f 1643 1644 1654
f 1654 1655 1653
f 1644 1645 1654
f 1645 1655 1654
f 1647 1655 1645
f 1647 1648 1656
f 1655 1647 1656
f 1651 1657 1649
f 1659 1651 1652
f 1653 1659 1652
f 1655 1660 1653
f 456 1424 304
f 456 1662 1424
f 1662 1661 1424
f 1662 1663 1661
f 458 1662 456
f 458 1663 1662
f 1664 1665 1663
f 459 1663 458
f 459 1667 1664
f 1664 1663 459
f 1664 1667 1666
f 1667 1668 1666
f 461 1667 459
f 461 1668 1667
f 463 1668 461
f 464 463 462
f 464 1670 463
f 1670 1671 463
f 465 1670 464
f 465 1673 1670
f 466 465 453
f 1674 466 467
f 467 470 1674
f 470 1676 1674
f 1675 1676 470
f 1424 1661 1423
f 1661 1442 1423
f 1661 1677 1442
f 1678 1677 1665
f 1661 1665 1677
f 1663 1665 1661
f 1665 1679 1678
f 1664 1680 1665
f 1665 1680 1679
f 1680 1681 1679
f 1666 1680 1664
f 1682 1681 1666
f 1666 1681 1680
f 1681 1682 1683
f 1669 1682 1666
f 1688 1687 1685
f 1689 1687 1688
f 1668 1669 1666
f 1669 1686 1682
f 1669 1690 1686
f 1694 1690 1668
f 1668 1690 1669
f 1690 1696 1686
f 1695 1697 1690
f 463 1694 1668
f 1695 1690 1694
f 1672 1695 1694
f 1672 1694 463
f 1672 463 1671
f 1673 1671 1670
f 1671 1698 1672
f 1673 1699 1671
f 1673 465 1700
f 466 1700 465
f 1700 1699 1673
f 1674 1700 466
f 1700 1676 1701
f 1700 1701 1699
f 1676 1700 1674
f 1677 1678 1442
f 1678 1453 1442
f 1678 1472 1453
f 1678 1679 1472
f 1679 1702 1472
f 1702 1703 1704
f 1707 1705 1706
f 1681 1708 1679
f 1679 1708 1702
f 1708 1703 1702
f 1710 1711 1709
f 1710 1713 1711
f 1713 1707 1711
f 1707 1712 1705
f 1713 1712 1707
f 1683 1708 1681
f 1683 1714 1708
f 1714 1715 1710
f 1714 1710 1708
f 1708 1710 1709
f 1713 1716 1685
f 1715 1716 1713
f 1715 1713 1710
f 1685 1684 1712
f 1713 1685 1712
f 1686 1691 1683 1682
f 1691 1714 1683
f 1691 1717 1714
f 1714 1718 1715
f 1717 1718 1714
f 1718 1716 1715
f 1688 1685 1716
f 1691 1696 1717
f 1717 1720 1718
f 1719 1720 1717
f 1718 1721 1716
f 1720 1721 1718
f 1721 1688 1716
f 1692 1688 1721
f 1722 1692 1721
f 1696 1691 1686
f 1697 1696 1690
f 1723 1719 1696
f 1697 1723 1696
f 1696 1719 1717
f 1724 1720 1719
f 1723 1724 1719
f 1724 1725 1720
f 1722 1721 1720
f 1727 1726 1722
f 1725 1722 1720
f 1727 1722 1725
f 1726 1693 1692
f 1726 1692 1722
f 1695 1729 1697
f 1730 1729 1695
f 1729 1723 1697
f 1729 1731 1723
f 1695 1672 1698
f 1698 1732 1695
f 1695 1732 1730
f 1699 1698 1671
f 1699 1733 1698
f 1698 1733 1732
f 1733 1699 1734
f 1701 1734 1699
f 1676 1735 1701
f 1735 1737 1701
f 1737 1734 1701
f 1472 1738 1473
f 1702 1738 1472
f 1702 1739 1738
f 1702 1704 1739
f 1704 1742 1740
f 1704 1740 1739
f 1744 1743 1745
f 1743 1741 1745
f 1703 1742 1704
f 1703 1746 1742
f 1746 1747 1742
f 1746 1750 1747
f 1748 1750 1746
f 1748 1751 1750
f 1752 1748 1749
f 1707 1706 1744
f 1706 1743 1744
f 1749 1707 1744
f 1708 1709 1703
f 1709 1746 1703
f 1709 1711 1748
f 1748 1746 1709
f 1711 1707 1749
f 1711 1749 1748
f 1753 1728 1726
f 1754 1724 1723
f 1755 1727 1725
f 1756 1727 1755
f 1756 1726 1727
f 1753 1726 1756
f 1731 1754 1723
f 1730 1731 1729
f 1755 1725 1724
f 1754 1755 1724
f 1754 1758 1755
f 1756 1755 1759
f 1758 1759 1755
f 1731 1757 1754
f 1757 1758 1754
f 1732 1733 1730
f 1730 1757 1731
f 1760 1757 1730
f 1760 1730 1733
f 1733 1761 1760
f 1734 1762 1733
f 1762 1761 1733
f 1737 1762 1734
f 1737 1763 1762
f 1738 1489 1473
f 1739 1490 1489
f 1739 1520 1490
f 1739 1764 1520
f 1738 1739 1489
f 1740 1764 1739
f 1764 1767 1521
f 1766 1767 1764
f 1768 1741 1492
f 1769 1768 1492
f 1765 1769 1492
f 1740 1766 1764
f 1742 1766 1740
f 1747 1771 1766
f 1741 1768 1745
f 1774 1744 1745
f 1769 1745 1768
f 1774 1745 1769
f 1775 1774 1769 1770
f 1773 1772 1774
f 1742 1747 1766
f 1750 1771 1747
f 1751 1776 1750
f 1750 1776 1771
f 1752 1749 1772
f 1752 1751 1748
f 1772 1749 1744
f 1772 1773 1752
f 1751 1752 1777
f 1773 1777 1752
f 1772 1744 1774
f 1756 1778 1753
f 1779 1778 1756
f 1759 1779 1756
f 1780 1779 1759
f 1757 1782 1758
f 1759 1758 1782
f 1782 1783 1759
f 1757 1784 1782
f 1784 1785 1782
f 1782 1785 1783
f 1760 1784 1757
f 1761 1784 1760
f 1786 1785 1784
f 1786 1787 1785
f 1788 1761 1762
f 1761 1786 1784
f 1788 1786 1761
f 1763 1788 1762
f 1764 1521 1520
f 1767 1554 1521
f 1767 1590 1555
f 1765 1492 1516
f 1765 1516 1519
f 1770 1765 1523
f 1523 1765 1519
f 1770 1523 1556
f 1789 1590 1767
f 1789 1790 1590
f 1770 1769 1765
f 1791 1774 1775
f 1766 1789 1767
f 1771 1789 1766
f 1771 1790 1789
f 1771 1776 1790
f 1773 1793 1777
f 1793 1792 1777
f 1773 1794 1793
f 1791 1794 1773
f 1773 1774 1791
f 1751 1777 1776
f 1776 1777 1792
f 1795 1759 1783
f 1780 1781 1779
f 1795 1780 1759
f 1785 1795 1783
f 1785 1797 1795
f 1795 1796 1780
f 1798 1796 1795
f 1797 1798 1795
f 1798 1799 1796
f 1787 1797 1785
f 1800 1798 1797
f 1800 1801 1798
f 1798 1801 1799
f 1786 1797 1787
f 1786 1800 1797
f 1786 1802 1800
f 1800 1803 1801
f 1786 1804 1802
f 1802 1805 1800
f 1805 1803 1800
f 1806 1803 1805
f 1555 1554 1767
f 1775 1770 1556
f 1591 1775 1556
f 1591 1556 1557
f 1807 1809 1790
f 1808 1810 1792
f 1808 1793 1794
f 1791 1775 1591
f 1791 1591 1592
f 1794 1791 1592
f 1776 1807 1790
f 1776 1792 1807
f 1793 1808 1792
f 1801 1803 1811
f 1790 1809 1590
f 1590 1589 1555
f 1590 1809 1589
f 1809 1615 1589
f 1807 1810 1809
f 1792 1810 1807
f 1794 1812 1808
f 1592 1812 1794
f 1809 1810 1615
f 1810 1616 1615
f 1808 1618 1617
f 1808 1617 1810
f 1810 1617 1616
f 1618 1812 1592
f 1592 1593 1618
f 1812 1618 1808
f 650 1675 470
f 652 1675 650
f 653 651 636
f 651 1813 652
f 1814 1813 651
f 1815 1814 651
f 653 1815 651
f 654 1815 653
f 654 1816 1815
f 655 1816 654
f 1817 1816 655
f 656 1818 655
f 1818 1817 655
f 1818 1819 1817
f 656 1820 1818
f 658 1820 656
f 1820 1821 1818
f 1822 1821 1820
f 1675 1736 1676
f 652 1813 1675
f 1813 1823 1675
f 1675 1823 1736
f 1813 1814 1823
f 1815 1824 1814
f 1815 1825 1824
f 1825 1826 1824
f 1815 1816 1825
f 1817 1825 1816
f 1817 1827 1825
f 1819 1827 1817
f 1821 1819 1818
f 1821 1830 1819
f 1831 1828 1829
f 1828 1831 1830 1821
f 1832 1833 1834
f 1834 1833 1829
f 1834 1829 1828
f 1833 1835 1829
f 1833 1836 1835
f 1837 1833 1832
f 1837 1838 1833
f 1839 1838 1837
f 1833 1838 1836
f 1839 1836 1838
f 1841 1840 1839
f 1676 1736 1735
f 1736 1842 1735
f 1737 1735 1842
f 1823 1842 1736
f 1844 1842 1823
f 1814 1844 1823
f 1844 1845 1842
f 1824 1844 1814
f 1826 1846 1824
f 1824 1846 1844
f 1825 1847 1826
f 1827 1847 1825
f 1827 1848 1847
f 1819 1848 1827
f 1829 1849 1831
f 1831 1850 1830
f 1849 1850 1831
f 1830 1848 1819
f 1849 1851 1850
f 1835 1849 1829
f 1851 1849 1853
f 1835 1853 1849
f 1839 1840 1836
f 1840 1854 1836
f 1854 1855 1836
f 1836 1853 1835
f 1836 1855 1853
f 1858 1854 1840
f 1858 1857 1854
f 1843 1737 1842
f 1737 1843 1763
f 1845 1843 1842
f 1845 1859 1843
f 1845 1860 1859
f 1846 1845 1844
f 1846 1860 1845
f 1826 1861 1846
f 1861 1860 1846
f 1847 1862 1826
f 1862 1861 1826
f 1863 1861 1862
f 1863 1864 1861
f 1847 1866 1862
f 1848 1866 1847
f 1848 1867 1866
f 1866 1863 1862
f 1868 1863 1866
f 1869 1868 1866
f 1866 1870 1869
f 1871 1867 1848
f 1867 1870 1866
f 1867 1872 1873
f 1867 1874 1870
f 1874 1867 1873
f 1870 1876 1869
f 1853 1877 1851
f 1855 1856 1853
f 1857 1855 1854
f 1859 1763 1843
f 1859 1878 1763
f 1763 1878 1788
f 1804 1788 1878
f 1804 1878 1879
f 1859 1860 1878
f 1878 1881 1880
f 1860 1881 1878
f 1861 1886 1860
f 1886 1887 1860
f 1860 1887 1881
f 1885 1889 1888
f 1889 1885 1884
f 1890 1888 1889
f 1885 1883 1884
f 1891 1889 1884
f 1865 1864 1863
f 1861 1864 1886
f 1868 1865 1863
f 1895 1893 1888
f 1873 1872 1885
f 1874 1873 1894
f 1873 1885 1888
f 1894 1873 1888
f 1893 1894 1888
f 1895 1888 1890
f 1865 1896 1864
f 1898 1868 1869
f 1876 1898 1869
f 1876 1899 1898
f 1900 1899 1876
f 1874 1876 1870
f 1901 1876 1874
f 1900 1876 1901
f 1894 1901 1874
f 1868 1902 1865
f 1865 1902 1896
f 1898 1902 1868
f 1902 1903 1896
f 1904 1903 1902
f 1899 1902 1898
f 1905 1904 1902
f 1905 1902 1899
f 1899 1906 1905
f 1906 1899 1900
f 1788 1804 1786
f 1907 1802 1804
f 1907 1806 1802
f 1802 1806 1805
f 1908 1803 1806
f 1878 1880 1879
f 1880 1907 1879
f 1879 1907 1804
f 1880 1909 1907
f 1909 1806 1907
f 1806 1910 1908
f 1881 1882 1880
f 1882 1909 1880
f 1909 1910 1806
f 1909 1883 1910
f 1883 1909 1884
f 1887 1882 1881
f 1909 1891 1884
f 1882 1912 1909
f 1891 1909 1912
f 1913 1912 1882
f 1887 1913 1882
f 1914 1912 1913
f 1914 1915 1912
f 1887 1892 1913
f 1890 1889 1891
f 1915 1890 1891
f 1916 1890 1915
f 1915 1891 1912
f 1886 1892 1887
f 1864 1917 1886
f 1897 1917 1864
f 1917 1918 1886
f 1886 1918 1892
f 1895 1920 1893
f 1921 1893 1920
f 1919 1920 1895
f 1919 1895 1890
f 1922 1919 1890
f 1922 1890 1916
f 1896 1897 1864
f 1923 1894 1893
f 1924 1894 1923
f 1923 1893 1921
f 1896 1903 1925
f 1925 1897 1896
f 1925 1926 1897
f 1924 1901 1894
f 1928 1927 1901
f 1928 1901 1924
f 1930 1905 1906
f 1927 1906 1900
f 1927 1900 1901
f 1904 1929 1903
f 1931 1929 1904
f 1929 1925 1903
f 1925 1929 1932
f 1930 1904 1905
f 1930 1931 1904
f 1930 1933 1931
f 1934 1930 1906
f 1934 1933 1930
f 1913 1892 1935
f 1936 1914 1913
f 1937 1913 1935
f 1937 1936 1913
f 1938 1915 1914
f 1938 1914 1936
f 1939 1938 1936
f 1918 1935 1892
f 1922 1916 1941
f 1942 1916 1915
f 1942 1915 1938
f 1941 1916 1942
f 1917 1943 1918
f 1920 1944 1921
f 1919 1944 1920
f 1945 1919 1922
f 1926 1917 1897
f 1926 1943 1917
f 1926 1946 1943
f 1923 1948 1924
f 1949 1921 1944
f 1949 1923 1921
f 1949 1950 1923
f 1925 1946 1926
f 1946 1947 1943
f 1950 1948 1923
f 1948 1928 1924
f 1948 1927 1928
f 1927 1948 1951
f 1931 1952 1929
f 1932 1946 1925
f 1952 1932 1929
f 1952 1953 1932
f 1932 1954 1946
f 1955 1906 1927
f 1955 1934 1906
f 1955 1927 1951
f 1933 1952 1931
f 1933 1956 1952
f 1933 1934 1957
f 1939 1936 1937
f 1918 1958 1935
f 1940 1958 1918
f 1937 1960 1939
f 1937 1935 1959
f 1935 1958 1959
f 1939 1942 1938
f 1961 1942 1939
f 1961 1941 1942
f 1943 1940 1918
f 1945 1944 1919
f 1963 1922 1941
f 1945 1922 1963
f 1964 1963 1941
f 1965 1940 1943
f 1947 1965 1943
f 1945 1966 1944
f 1966 1949 1944
f 1967 1945 1963
f 1946 1954 1947
f 1954 1965 1947
f 1950 1949 1966
f 1969 1950 1966
f 1967 1966 1945
f 1953 1954 1932
f 1953 1970 1954
f 1970 1965 1954
f 1969 1948 1950
f 1971 1951 1948
f 1971 1948 1969
f 1973 1955 1951
f 1956 1953 1952
f 1953 1956 1974
f 1974 1970 1953
f 1933 1975 1956
f 1957 1975 1933
f 1957 1934 1955
f 1957 1955 1972
f 1957 1976 1975
f 1972 1976 1957
f 1975 1977 1956
f 1976 1977 1975
f 1960 1937 1959
f 1978 1960 1959
f 1979 1960 1978
f 1961 1939 1960
f 1940 1962 1958
f 1962 1981 1958
f 1958 1981 1959
f 1981 1978 1959
f 1980 1941 1961
f 1980 1964 1941
f 1980 1961 1960
f 1979 1980 1960
f 1940 1965 1962
f 1965 1982 1962
f 1962 1983 1981
f 1982 1983 1962
f 1984 1963 1964
f 1970 1982 1965
f 1969 1966 1968
f 1968 1966 1967
f 1984 1967 1963
f 1968 1967 1984
f 1970 1985 1982
f 1973 1951 1971
f 1973 1972 1955
f 1968 1971 1969
f 1974 1986 1970
f 1977 1974 1956
f 1987 1972 1973
f 1972 1987 1976
f 1981 1988 1978
f 1989 1978 1988
f 1979 1978 1989
f 1989 1980 1979
f 1983 1990 1981
f 1981 1990 1988
f 1990 1991 1988
f 1991 1989 1988
f 1992 1964 1980
f 1993 1980 1989
f 1992 1980 1993
f 1991 1993 1989
f 1983 1995 1990
f 1995 1991 1990
f 1992 1984 1964
f 1996 1984 1992
f 1994 1992 1993
f 1996 1992 1994
f 1991 1994 1993
f 1985 1983 1982
f 1986 1997 1985
f 1985 1995 1983
f 1997 1995 1985
f 1997 1998 1995
f 1971 1968 1984
f 1996 1971 1984
f 1973 1971 1996
f 1999 1973 1996
f 1999 1996 1994
f 1986 1985 1970
f 1974 1977 1986
f 1977 2000 1986
f 1976 2000 1977
f 2000 1976 1987
f 2000 1987 1973
f 1999 2000 1973
f 1986 2000 1998
f 2000 1999 1998
f 1986 1998 1997
f 2001 1991 1995
f 2001 1994 1991
f 1995 1998 2001
f 2001 1999 1994
f 1998 1999 2001
f 1400 1109 281
f 1109 1400 1401
f 2003 1092 1109
f 2003 2004 1092
f 2005 1110 1092 2004
f 2006 1110 2005
f 1111 1093 1110
f 2006 1111 1110
f 2007 1111 2006
f 1113 1111 2008
f 2008 1111 2007
f 1113 1094 1111
f 2009 1112 1113
f 2009 1113 2010
f 1115 1095 1112
f 1115 1112 2009
f 2011 1115 2009
f 2013 1114 1115
f 2012 2013 1115
f 1117 1116 1114
f 1117 1114 2013
f 2014 1117 2013
f 2014 1101 1117
f 2014 1103 1101
f 1118 1103 2014
f 2015 1118 2014
f 2017 1118 2016
f 2018 1120 1118
f 2019 2018 1118
f 2019 1118 2017
f 1118 1120 1119
f 1121 1120 2018
f 2020 1122 1121
f 2020 1121 2018
f 2020 2018 2019
f 2021 1122 2020
f 2022 1123 1122
f 2022 1122 2021
f 2023 1125 1123 2022
f 2002 1109 1401
f 2003 1109 2002
f 2025 2006 2005
f 2026 2006 2025
f 2007 2006 2026
f 2026 2008 2007
f 2010 1113 2008
f 2027 2009 2010
f 2011 2009 2027
f 2011 2012 1115
f 2028 2012 2011
f 2029 2013 2012
f 2028 2029 2012
f 2029 2014 2013
f 2015 2014 2029
f 2016 1118 2015
f 2016 2015 2030
f 2031 2019 2017
f 2032 2019 2031
f 2032 2020 2019
f 2034 2021 2020
f 2035 2020 2032
f 2034 2020 2035
f 2035 2032 2033
f 2022 2021 2034
f 2037 2022 2034
f 2036 2037 2034
f 2023 2022 2037
f 2038 2023 2037
f 2024 1401 1402
f 2024 1402 1399
f 2002 1401 2024
f 2004 2003 2002
f 2004 2002 2040
f 2025 2005 2004
f 2026 2025 2041
f 2043 2027 2010
f 2044 2028 2011
f 2044 2011 2027
f 2046 2028 2044
f 2045 2046 2044
f 2047 2046 2045
f 2048 2029 2028
f 2046 2048 2028
f 2049 2048 2046
f 2049 2046 2047
f 2048 2015 2029
f 2048 2030 2015
f 2030 2048 2049
f 2031 2016 2030
f 2031 2017 2016
f 2050 2031 2030
f 2050 2032 2031
f 2052 2032 2050
f 2033 2032 2052
f 2036 2035 2033
f 2036 2034 2035
f 2039 2036 2053
f 2036 2039 2037
f 2040 2025 2004
f 2040 2002 2058
f 2025 2040 2059
f 2059 2041 2025
f 2008 2026 2041
f 2060 2041 2059
f 2042 2010 2008
f 2042 2008 2041
f 2043 2010 2042
f 2061 2043 2042
f 2044 2027 2043
f 2061 2062 2043
f 2063 2045 2044
f 2063 2044 2043
f 2063 2047 2045
f 2063 2064 2047
f 2064 2049 2047
f 2064 2063 2065
f 2064 2030 2049
f 2050 2064 2051
f 2064 2050 2030
f 2067 2052 2051
f 2067 2051 2066
f 2052 2050 2051
f 2054 2052 2067
f 2054 2036 2033
f 2033 2052 2054
f 2053 2036 2054
f 2068 2053 2054
f 2069 2039 2053
f 2069 2053 2068
f 2070 2069 2068
f 2073 2071 2069
f 2073 2072 2071
f 2039 2069 2071
f 2056 2024 1399
f 2057 2002 2024
f 2058 2002 2057
f 2057 2024 2056
f 2060 2059 2075
f 2075 2059 2040
f 2076 2060 2075
f 2076 2077 2060
f 2079 2077 2076
f 2061 2042 2041 2060
f 2077 2061 2060
f 2078 2061 2077
f 2078 2077 2079
f 2078 2086 2061
f 2087 2086 2078
f 2087 2078 2079
f 2088 2079 2080
f 2087 2079 2088
f 2089 2087 2088
f 2088 2080 2081
f 2090 2088 2081
f 2090 2082 2091
f 2082 2090 2081
f 2084 2091 2083
f 2091 2082 2083
f 2093 2091 2092
f 2091 2084 2092
f 2092 2084 2085
f 2092 2085 2094
f 2097 2086 2087
f 2097 2096 2086
f 2098 2097 2087
f 2087 2089 2098
f 2099 2098 2089
f 2099 2097 2098
f 2096 2061 2086
f 2101 2090 2100
f 2102 2100 2091
f 2100 2090 2091
f 2093 2102 2091
f 2103 2093 2092
f 2105 2096 2097
f 2104 2062 2096
f 2105 2097 2099
f 2062 2063 2043
f 2062 2061 2096
f 2106 2102 2093
f 2107 2103 2092
f 2107 2092 2094
f 2107 2094 2095
f 2108 2063 2062
f 2109 2063 2108
f 2065 2063 2109
f 2110 2066 2065
f 2051 2064 2065
f 2066 2051 2065
f 2110 2067 2066
f 2111 2067 2110
f 2112 2067 2111
f 2112 2054 2067
f 2068 2054 2112
f 2113 2068 2112
f 2070 2068 2113
f 2070 2115 2073
f 2115 2070 2114
f 2073 2069 2070
f 2115 2072 2073
f 1498 1497 1458
f 2057 2056 1399
f 2057 1399 1497
f 2074 2058 2057
f 2074 2040 2058
f 2075 2040 2074
f 2118 2117 2075
f 2119 2075 2074
f 2120 2075 2119
f 2118 2075 2120
f 2117 2076 2075
f 2121 2117 2118
f 2122 2121 2118
f 2123 2121 2122
f 2124 2123 2125
f 2083 2124 2125
f 2127 2083 2126
f 2128 2085 2127
f 2079 2076 2117
f 2080 2079 2117
f 2121 2080 2117
f 2124 2080 2121 2123
f 2081 2080 2124
f 2082 2081 2124
f 2083 2082 2124
f 2084 2083 2127
f 2129 2085 2128
f 2129 2094 2085
f 2131 2130 2129
f 2095 2094 2129
f 2130 2095 2129
f 2132 2130 2131
f 2133 2089 2134
f 2134 2089 2088
f 2090 2134 2088
f 2090 2136 2134
f 2136 2135 2134
f 2101 2136 2090
f 2137 2130 2132
f 2096 2105 2104
f 2133 2099 2089
f 2139 2105 2099
f 2139 2104 2105
f 2099 2133 2138
f 2139 2099 2138
f 2135 2133 2134
f 2135 2140 2133
f 2136 2141 2135
f 2141 2142 2135
f 2101 2141 2136
f 2144 2101 2143
f 2144 2141 2101
f 2143 2101 2100
f 2102 2143 2100
f 2145 2107 2095
f 2146 2107 2145
f 2145 2095 2130
f 2137 2145 2130
f 2146 2145 2137
f 2108 2062 2104
f 2150 2108 2149
f 2106 2151 2143
f 2106 2143 2102
f 2147 2146 2137
f 2150 2109 2108
f 2151 2152 2143
f 2143 2152 2144
f 2156 2151 2106
f 2156 2106 2155
f 2155 2093 2103
f 2093 2155 2106
f 2107 2153 2103
f 2154 2153 2107
f 2153 2155 2103
f 2155 2153 2156
f 2157 2153 2154
f 2154 2107 2146
f 2154 2146 2158
f 2159 2157 2154 2158
f 2158 2146 2147
f 2160 2110 2065
f 2160 2065 2109
f 2160 2109 2150
f 2160 2150 2161
f 2162 2151 2156
f 2163 2164 2156
f 2163 2156 2153
f 2157 2163 2153
f 2111 2160 2161
f 2165 2111 2161
f 2111 2110 2160
f 2168 2167 2165
f 2167 2112 2111
f 2167 2111 2165
f 2169 2166 2168
f 2113 2167 2168
f 2166 2113 2168
f 2113 2112 2167
f 1510 1517 2169
f 1517 2114 2166
f 1517 2166 2169
f 2070 2113 2114
f 2114 2113 2166
f 1516 1517 1510
f 2116 2115 2114
f 1517 2116 2114
f 1492 2116 1517
f 1492 1517 1516
f 1497 2074 2057
f 1498 2074 1497
f 2119 2074 1498
f 2119 1498 2170
f 2171 2120 2119
f 2171 2119 2170
f 2172 2118 2120
f 2173 2172 2120
f 2173 2120 2171
f 2122 2118 2172
f 2175 2174 2172
f 2176 2123 2122
f 2174 2176 2122
f 2174 2122 2172
f 2176 2125 2123
f 2125 2176 2177
f 2178 2177 2176
f 2126 2083 2125
f 2126 2125 2177
f 2126 2177 2179
f 2127 2085 2084
f 2127 2126 2128
f 2179 2128 2126
f 2180 2128 2179
f 2181 2128 2180
f 2131 2129 2182
f 2182 2129 2128
f 2182 2128 2181
f 2131 2182 2183
f 2184 2131 2183
f 2184 2132 2131
f 2185 2184 2183
f 2184 2137 2132
f 2137 2184 2186
f 2148 2139 2138
f 2188 2148 2138
f 2140 2188 2138
f 2188 2140 2190
f 2138 2133 2140
f 2140 2142 2190
f 2142 2191 2190
f 2142 2140 2135
f 2141 2192 2142
f 2192 2191 2142
f 2144 2192 2141
f 2186 2147 2137
f 2193 2147 2186
f 2104 2139 2148
f 2149 2104 2148
f 2149 2148 2189
f 2194 2149 2189
f 2149 2108 2104
f 2144 2195 2192
f 2196 2195 2144
f 2195 2197 2192
f 2193 2198 2147
f 2199 2198 2193
f 2194 2201 2149
f 2201 2150 2149
f 2152 2196 2144
f 2152 2151 2202
f 2202 2196 2152
f 2198 2158 2147
f 2203 2159 2158
f 2198 2203 2158
f 2161 2150 2201
f 2161 2201 2200
f 2151 2205 2202
f 2162 2205 2151
f 2162 2156 2164
f 2208 2161 2200
f 2208 2200 2204
f 2164 2209 2162
f 2157 2164 2163
f 2210 2164 2157
f 2164 2211 2209
f 2159 2210 2157
f 2203 2212 2159
f 2208 2207 2213
f 2165 2161 2208
f 2214 2213 1536
f 2208 2213 2168
f 2168 2165 2208
f 1511 2214 1536
f 2214 2168 2213
f 2169 2168 2214
f 1510 2169 2214
f 1511 1510 2214
f 2170 1498 1496
f 1559 2170 1496
f 1559 1496 1527
f 2216 2215 1559
f 2215 2170 1559
f 2217 2171 2170
f 2216 2217 2170 2215
f 2173 2171 2218
f 2218 2171 2217
f 2175 2172 2173 2218
f 2221 2174 2175
f 2222 2175 2218
f 2221 2175 2222
f 2178 2176 2174
f 2221 2178 2174
f 2223 2178 2221
f 2222 2223 2221
f 2178 2179 2177
f 2224 2179 2178
f 1378 2224 2178
f 2178 2223 1378
f 2180 2179 2224
f 1380 2180 2224
f 2181 2180 1380
f 2225 2182 2181
f 2225 2181 2226
f 1563 2216 1559
f 2219 2218 2217
f 2227 2219 2217
f 2225 2183 2182
f 2229 2225 2228
f 2185 2183 2225
f 2229 2185 2225
f 2187 2186 2184
f 2187 2184 2185
f 2233 2232 2231
f 2232 2230 2231
f 2148 2188 2189
f 2189 2188 2230
f 2188 2191 2230
f 2230 2234 2231
f 2190 2191 2188
f 2230 2191 2234
f 2191 2236 2234
f 2192 2235 2191
f 2237 2186 2187
f 2237 2193 2186
f 2232 2189 2230
f 2201 2194 2232
f 2194 2189 2232
f 2197 2235 2192
f 2239 2197 2195
f 2199 2193 2240
f 2240 2193 2237
f 2207 2232 2238
f 2204 2201 2232
f 2200 2201 2204
f 2207 2204 2232
f 2196 2239 2195
f 2196 2202 2239
f 2202 2241 2239
f 2242 2199 2240
f 1577 1602 1574
f 2238 1602 1577
f 2244 2243 2245
f 2205 2247 2202
f 2202 2247 2241
f 2206 2203 2198
f 2206 2198 2199
f 2242 2206 2199
f 2213 2207 2238
f 1607 2243 2246
f 2208 2204 2207
f 2246 2243 2244
f 2205 2248 2247
f 2209 2248 2205
f 2209 2205 2162
f 2164 2210 2211
f 1577 1536 2238
f 1536 2213 2238
f 2246 1585 1607
f 2211 2249 2209
f 2250 2211 2210
f 2159 2212 2250 2210
f 1585 1581 1582
f 1584 1581 1585
f 2251 1550 1588
f 2251 1553 1550
f 1557 1553 2251
f 2252 1557 2251
f 2219 2220 2218
f 2220 2222 2218
f 2253 2222 2220
f 2253 2255 2222
f 2255 2223 2222
f 2256 2223 2255
f 2257 1378 2223 2256
f 1380 2224 1378
f 1380 1378 1379
f 1381 1378 2257
f 2181 1380 1379
f 2226 2181 1379
f 2226 1379 1381
f 2258 2225 2226
f 2228 2225 2258
f 1595 2216 1563
f 2227 2217 2216
f 2260 2227 2216
f 2227 2259 2219
f 2259 2261 2219
f 2220 2219 2261
f 2220 2254 2253
f 2261 2254 2220
f 1595 2260 2216
f 2260 2259 2227
f 2263 2264 2260
f 2264 2259 2260
f 2263 2260 1595
f 2259 2264 2265
f 2265 2261 2259
f 2265 2266 2261
f 2185 2229 2267
f 1601 2263 1595
f 2268 2233 2264
f 2263 2268 2264
f 2268 2263 1601
f 2233 2269 2264
f 2269 2270 2264
f 2264 2270 2265
f 2270 2271 2265
f 2270 2272 2271
f 2267 2187 2185
f 2273 2187 2267
f 1574 1602 1600
f 1600 2268 1601
f 1602 2268 1600
f 2233 2231 2269
f 2231 2272 2269
f 2268 2232 2233
f 2234 2272 2231
f 2272 2270 2269
f 2234 2236 2272
f 2191 2274 2236
f 2236 2274 2272
f 2275 2272 2274
f 2235 2274 2191
f 2274 2277 2276
f 2238 2232 2268
f 2238 2268 1602
f 2281 2279 2282
f 2285 2283 2284
f 2285 2284 2286
f 2197 2277 2235
f 2235 2277 2274
f 2197 2289 2277
f 2237 2187 2273
f 2278 2237 2273
f 1603 2280 2279
f 2243 1603 2281
f 2281 2245 2243
f 2281 1603 2279
f 2290 2245 2285
f 2285 2245 2281
f 2285 2281 2283
f 2287 2290 2285
f 2291 2290 2287
f 2286 2287 2285
f 2288 2287 2286
f 2292 2287 2288
f 2239 2289 2197
f 2241 2289 2239
f 2241 2293 2289
f 2294 2240 2237
f 1603 1604 2280
f 2243 1607 1603
f 2290 2244 2245
f 2295 2244 2290
f 2295 2290 2291
f 2292 2291 2287
f 2297 2291 2292
f 2241 2247 2298
f 2294 2242 2240
f 2299 2206 2242
f 2299 2242 2294
f 1607 1605 1603
f 1605 1604 1603
f 2244 2300 2246
f 2295 2300 2244
f 2296 2295 2291
f 2296 2301 2295
f 2295 2301 2300
f 2299 2203 2206
f 2303 2299 2294
f 1585 1610 1607
f 1610 1608 1607
f 2304 2246 2300
f 2305 2300 2301
f 2209 2249 2248
f 2249 2306 2248
f 2211 2250 2249
f 2250 2307 2249
f 2212 2203 2299
f 2212 2308 2250
f 2302 2212 2299
f 2212 2302 2308
f 2250 2308 2307
f 1585 1582 1610
f 2304 1585 2246
f 2309 2304 2300
f 2305 2309 2300
f 2311 1584 1585
f 2311 1585 2304
f 2312 2304 2309
f 2310 2309 2305
f 1588 1586 1584
f 1588 1584 2311
f 2313 2311 2304
f 2313 1588 2311
f 2313 2304 2312
f 2251 1588 2313
f 2314 2251 2313
f 2314 2313 2315
f 2314 2252 2251
f 1619 2252 2314
f 1619 1557 2252
f 1591 1557 1619
f 1593 1591 1619
f 2316 2255 2253
f 2255 2316 2256
f 2317 2256 2316
f 2257 2256 2317
f 2318 2257 2317
f 2319 1381 2257
f 2318 2319 2257
f 2258 2226 2320
f 2320 2226 2319
f 2319 2226 1381
f 2262 2258 2320
f 2262 2228 2258
f 2254 2321 2253
f 2322 2321 2254
f 2253 2323 2316
f 2321 2323 2253
f 2229 2228 2262
f 2324 2229 2262
f 2266 2254 2261
f 2266 2322 2254
f 2325 2322 2266
f 2324 2267 2229
f 2326 2267 2324
f 2271 2266 2265
f 2266 2271 2325
f 2272 2325 2271
f 2272 2275 2325
f 2325 2276 2327
f 2325 2327 2322
f 2326 2273 2267
f 2330 2282 2331
f 2329 2332 2283
f 2330 2329 2282
f 2329 2330 2332
f 2335 2334 2336
f 2336 2334 2332
f 2275 2276 2325
f 2274 2276 2275
f 2276 2337 2327
f 2338 2273 2326
f 2338 2278 2273
f 2279 2280 2339
f 2282 2279 2331
f 2331 2279 2339
f 2281 2282 2329
f 2281 2329 2283
f 2332 2284 2283
f 2334 2286 2284
f 2288 2286 2334
f 2334 2284 2332
f 2335 2288 2334
f 2289 2337 2277
f 2277 2337 2276
f 2289 2342 2337
f 2280 1604 1620
f 2339 2280 1620
f 2340 2292 2288
f 2341 2340 2288
f 2343 2292 2340
f 2343 2340 2341
f 2344 2343 2341
f 2293 2342 2289
f 2293 2345 2342
f 2296 2291 2297
f 2343 2297 2292
f 2343 2296 2297
f 2298 2293 2241
f 2293 2298 2345
f 2298 2347 2348
f 2349 2294 2237
f 2349 2303 2294
f 2349 2237 2278
f 2349 2278 2338
f 2351 2350 2296
f 2351 2296 2343
f 2352 2350 2351
f 2247 2347 2298
f 2248 2347 2247
f 2355 2299 2303
f 2302 2299 2355
f 2355 2303 2349
f 2301 2357 2305
f 2301 2296 2350
f 2357 2301 2350
f 2357 2350 2352
f 2357 2352 2358
f 2248 2353 2347
f 2354 2353 2248
f 2248 2306 2354
f 2306 2359 2354
f 2360 2359 2306
f 2307 2306 2249
f 2307 2361 2306
f 2306 2361 2360
f 2308 2361 2307
f 2361 2308 2302
f 2302 2355 2356
f 2361 2302 2362
f 2310 2357 2363
f 2310 2305 2357
f 2364 2309 2310
f 2315 2313 2312
f 2309 2364 2312
f 2315 2312 2364
f 2315 2364 2365
f 2365 2364 2366
f 2366 2364 2310
f 2366 2310 2363
f 2367 2314 2365
f 1632 2367 2365
f 2365 2368 1632
f 2365 2314 2315
f 2367 1619 2314
f 1619 2367 1593
f 2367 1632 1593
f 2319 2318 2320
f 2369 2318 2317
f 2370 2369 2317
f 2371 2262 2320
f 2372 2371 2320
f 2320 2318 2369
f 2372 2320 2369
f 2322 2323 2321
f 2323 2370 2316
f 2370 2317 2316
f 2324 2262 2371
f 2374 2324 2371
f 2374 2326 2324
f 2327 2328 2322
f 2328 2375 2322
f 2330 2331 2378
f 2378 2331 2377
f 2379 2378 2377
f 2333 2332 2330
f 2333 2330 2378
f 2380 2333 2378
f 2333 2336 2332
f 2382 2335 2336
f 2381 2336 2333
f 2382 2336 2381
f 2383 2327 2337
f 2383 2328 2327
f 2383 2375 2328
f 2338 2326 2384
f 2377 2331 2339
f 2377 2339 1636
f 2382 2288 2335
f 2341 2288 2382
f 2385 2341 2382
f 2342 2383 2337
f 2342 2345 2383
f 1635 2339 1620
f 2339 1635 1636
f 2344 2341 2385
f 2386 2344 2385
f 2298 2348 2345
f 2348 2387 2345
f 2384 2349 2338
f 2344 2346 2343
f 2390 2346 2344
f 2353 2387 2348
f 2356 2349 2388
f 2388 2349 2384
f 2351 2389 2352
f 2391 2352 2389
f 2391 2389 2390
f 2351 2343 2346
f 2389 2351 2346
f 2390 2389 2346
f 2347 2353 2348
f 2354 2392 2353
f 2356 2355 2349
f 2302 2356 2394
f 2391 2358 2352
f 2395 2358 2391
f 2359 2393 2354
f 2361 2362 2360
f 2360 2393 2359
f 2362 2393 2360
f 2362 2302 2394
f 2396 2363 2395
f 2363 2357 2358
f 2358 2395 2363
f 2363 2396 2366
f 2368 1646 1648
f 2366 2368 2365
f 2366 2396 2368
f 2396 1646 2368
f 1632 2368 1648
f 1632 1648 1634
f 1633 1632 1634
f 2373 2372 2369
f 2398 2369 2370
f 2373 2369 2398
f 2399 2371 2372
f 2374 2371 2399
f 2373 2399 2372
f 2323 2375 2370
f 2400 2399 2373
f 2375 2323 2322
f 2402 2370 2375
f 2403 2399 2400
f 2376 2326 2374
f 2376 2374 2399
f 2403 2376 2399
f 2378 2379 2380
f 2405 2380 2379
f 2404 2379 2377
f 2406 2405 2379
f 2381 2333 2380
f 2381 2380 2407
f 2407 2380 2405
f 2405 2406 2407
f 2408 2382 2381
f 2383 2401 2375
f 2410 2326 2376
f 2411 2376 2403
f 2412 2377 1636
f 1636 1638 2412
f 2377 2412 2404
f 2404 2406 2379
f 2404 2413 2406
f 2414 2408 2381
f 2385 2382 2408
f 2415 2385 2408
f 2414 2415 2408
f 2345 2401 2383
f 2410 2384 2326
f 2411 2410 2376
f 2416 2410 2411
f 2412 1638 1649
f 2412 2417 2404
f 1649 2417 2412
f 2413 2404 2417
f 2386 2385 2415
f 2418 2386 2415
f 2418 2415 2419
f 2345 2387 2401
f 2416 2421 2410
f 2421 2388 2384 2410
f 2418 2423 2422
f 2390 2344 2386
f 2418 2390 2386
f 2353 2420 2387
f 2401 2387 2420
f 2416 2356 2421
f 2425 2362 2416
f 2356 2388 2421
f 2422 2391 2390
f 2422 2390 2418
f 2392 2420 2353
f 2393 2392 2354
f 2392 2424 2420
f 2392 2393 2424
f 2393 2425 2424
f 2362 2394 2416
f 2416 2394 2356
f 2395 2391 2426
f 2391 2422 2426
f 2393 2362 2425
f 2430 2429 2427
f 2429 2396 2395
f 2395 2427 2429
f 2427 2395 2426
f 1646 2396 2397
f 1646 2397 2431
f 2431 2397 2429
f 2397 2396 2429
f 1648 1646 1656
f 1656 1646 2431
f 2409 2402 2375
f 2402 2398 2370
f 2402 2432 2398
f 2432 2373 2398
f 2403 2400 2433
f 2373 2433 2400
f 2432 2433 2373
f 2434 2407 2406
f 2401 2409 2375
f 2402 2436 2432
f 2436 2435 2432
f 2435 2433 2432
f 2437 2406 2413
f 2437 2438 2406
f 2434 2406 2438
f 2438 2439 2434
f 2414 2381 2407
f 2434 2414 2407
f 2439 2414 2434
f 2439 2419 2414
f 2409 2436 2402
f 2411 2403 2433
f 2436 2433 2435
f 2436 2411 2433
f 2436 2416 2411
f 2440 2437 2413
f 2417 2440 2413
f 2441 2438 2437
f 2440 2441 2437
f 2442 2439 2438
f 2442 2443 2439
f 2441 2442 2438
f 2443 2419 2439
f 2419 2415 2414
f 2420 2409 2401
f 2420 2424 2409
f 2409 2424 2436
f 2425 2416 2436
f 1657 2417 1649
f 2440 2417 1657
f 1657 1658 2440
f 1658 2444 2440
f 2444 2441 2440
f 2441 2445 2442
f 2428 2423 2443
f 2445 2428 2443
f 2445 2443 2442
f 2423 2418 2419
f 2443 2423 2419
f 2424 2425 2436
f 1658 1657 1651
f 1658 2446 2444
f 2446 2441 2444
f 2447 2428 2445
f 2447 2445 2446
f 2446 2445 2441
f 2426 2422 2428
f 2422 2423 2428
f 1659 1658 1651
f 1660 2448 1659
f 1653 1660 1659
f 1659 2448 1658
f 2430 2446 2448
f 2448 2446 1658
f 2430 2447 2446
f 2447 2427 2428
f 2426 2428 2427
f 1660 2430 2448
f 2431 2429 2430
f 1660 2431 2430
f 2427 2447 2430
f 1656 2431 1660
f 1656 1660 1655
f 2023 1281 1125
f 2449 2023 2038
f 2449 1281 2023
f 2450 2449 2038
f 2449 1283 1281
f 2451 1283 2449 2450
f 2452 1283 2451
f 2453 2452 2451
f 1285 1284 1283
f 1285 1283 2452
f 2454 2452 2453
f 1285 2455 1286
f 2455 1285 2452
f 2456 2455 2452
f 2454 2456 2452
f 1287 1286 2455
f 2457 1287 2455
f 2457 2458 1287
f 2457 2455 2456
f 2460 1264 2459
f 1255 1288 2461
f 1288 1264 2460
f 2461 1288 2460
f 2462 1266 1255
f 1289 1266 2462
f 2462 1255 2461
f 2463 1289 2462
f 1291 1257 1289
f 1291 1289 2463
f 2465 1290 2464
f 2464 1290 1291 2463
f 1292 1290 2465
f 2466 1260 1293
f 1294 1260 2466
f 2467 1294 2466
f 1265 2459 1264
f 2458 1265 1287
f 2459 1265 2458
f 2469 1295 1294
f 2470 1295 2469
f 2469 1294 2467
f 2470 1296 1295
f 1297 1296 2470
f 2471 1269 1298
f 2471 1298 2472
f 2472 1298 1297
f 2473 1270 1269
f 1270 2473 1272
f 2473 1269 2471
f 2474 2475 1299
f 2474 1299 1272
f 1302 2477 1301
f 1302 2478 2477
f 1302 2479 2478
f 1303 1299 2475
f 1303 2480 1302
f 2480 1303 2475
f 2480 2475 2476
f 1302 2480 2481
f 1277 1305 1306
f 1305 1301 2477
f 1305 2477 2478
f 1305 2483 1306
f 1306 2483 2482
f 2484 1279 1306
f 2484 1306 2482
f 2039 2038 2037
f 2038 2039 2485
f 2485 2450 2038
f 2487 2450 2485
f 2485 2486 2487
f 2488 2451 2487
f 2489 2488 2487
f 2488 2489 1705
f 2451 2450 2487
f 1687 1705 1684
f 2488 2453 2451
f 1705 2453 2488
f 2453 1705 1687
f 1685 1687 1684
f 1689 2454 2453
f 1693 2454 1689
f 1689 2453 1687
f 2456 2454 1693
f 1693 2457 2456
f 2490 2457 1693
f 1692 1693 1689
f 1688 1692 1689
f 2491 1293 1292
f 2491 2466 1293
f 2491 1292 2465
f 2493 2466 2491
f 2493 2467 2466
f 1726 2490 1693
f 2468 2458 2457
f 2490 2468 2457
f 2460 2459 2495
f 2495 2458 2468
f 2495 2459 2458
f 2496 2460 2495
f 2494 2495 2468
f 2496 2495 2494
f 2494 2497 2496
f 2496 2461 2460
f 2498 2461 2496
f 2462 2461 2498
f 2463 2462 2498
f 2501 2463 2498
f 2463 2501 2500
f 2467 2493 2502
f 2502 2469 2467
f 2502 2470 2469
f 2503 2470 2502
f 2503 1297 2470
f 2503 2472 1297
f 2474 1272 2473
f 2474 2473 2504
f 2504 2473 2471
f 2475 2474 2476
f 2474 2505 2476
f 2506 2476 2505
f 2479 2507 2478
f 2479 1302 2481
f 2481 2480 2476
f 2481 2476 2506
f 2483 1305 2478
f 2483 2478 2508
f 2510 2484 2482
f 2511 2484 2510
f 2512 2511 2510
f 2055 2485 2039
f 2055 2486 2485
f 2486 2055 2071
f 2513 2486 2071
f 2487 2513 2489
f 2489 2513 1743
f 2486 2513 2487
f 1705 2489 1706
f 1712 1684 1705
f 2500 2464 2463
f 2514 2465 2464
f 2514 2491 2465
f 2500 2514 2464
f 2515 2514 2500
f 2492 2491 2514
f 2514 2516 2492
f 2493 2491 2492
f 2490 1726 1728
f 2517 2490 1728
f 2517 2468 2490
f 2494 2468 2517
f 2497 2494 2517
f 2499 2498 2496
f 2497 2499 2496
f 2518 2499 2519
f 2518 2498 2499
f 2498 2520 2501
f 2518 2520 2498
f 2521 2500 2501
f 2520 2521 2501
f 2521 2515 2500
f 2522 2502 2493
f 2522 2493 2492
f 2524 2522 2492
f 2523 2502 2522
f 2525 2520 2518
f 2520 2526 2521
f 2523 2503 2502
f 2528 2503 2523
f 2528 2527 2503
f 2527 2472 2503
f 2529 2472 2527
f 2529 2471 2472
f 2529 2504 2471
f 2531 2504 2529
f 2530 2529 2527
f 2531 2529 2530
f 2504 2505 2474
f 2505 2504 2531
f 2506 2505 2534
f 2505 2531 2534
f 2532 2506 2534
f 2479 2533 2507
f 2507 2508 2478
f 2533 2479 2481
f 2533 2481 2506
f 2533 2506 2532
f 2483 2537 2482
f 2482 2537 2509
f 2537 2508 2535
f 2509 2537 2538
f 2537 2483 2508
f 2540 2539 2541
f 2510 2482 2509
f 2539 2512 2510
f 2539 2510 2509
f 2540 2512 2539
f 2541 2539 2509
f 2039 2071 2055
f 1743 2513 2542
f 2513 2072 2542
f 2513 2071 2072
f 1706 2489 1743
f 2517 1728 2543
f 2543 1728 1753
f 2544 2515 2521
f 2544 2545 2515
f 2516 2514 2515
f 2524 2492 2516
f 2545 2516 2515
f 2545 2524 2516
f 2524 2523 2522
f 2547 2543 1753
f 2517 2543 2547
f 2548 2497 2517
f 2547 2548 2517
f 2519 2499 2497
f 2519 2497 2548
f 2550 2519 2548
f 2550 2548 2549
f 2525 2518 2551
f 2518 2519 2550
f 2550 2551 2518
f 2525 2526 2520
f 2526 2544 2521
f 2526 2554 2544
f 2545 2556 2524
f 2556 2546 2524
f 2554 2545 2544
f 2554 2556 2545
f 2546 2523 2524
f 2528 2523 2546
f 2552 2525 2551
f 2553 2526 2525
f 2553 2555 2526
f 2552 2553 2525
f 2555 2554 2526
f 2555 2557 2554
f 2558 2557 2555
f 2553 2558 2555
f 2557 2556 2554
f 2557 2546 2556
f 2558 2559 2557
f 2559 2560 2528 2546
f 2559 2546 2557
f 2560 2530 2527
f 2560 2527 2528
f 2561 2532 2559
f 2561 2559 2558
f 2534 2531 2530
f 2534 2530 2560
f 2559 2534 2560
f 2532 2534 2559
f 2562 2532 2561
f 2563 2562 2561
f 2507 2562 2535
f 2535 2562 2564
f 2565 2535 2564
f 2567 2565 2564
f 2507 2533 2562
f 2508 2507 2535
f 2562 2533 2532
f 2536 2538 2566
f 2568 2536 2566
f 2536 2509 2538
f 2565 2537 2535
f 2537 2565 2538
f 2538 2565 2566
f 2541 2509 2536
f 2568 2541 2536
f 2569 2540 2541
f 2569 2541 2568
f 1741 2542 2116
f 1741 2116 1492
f 2542 2115 2116
f 2072 2115 2542
f 2542 1741 1743
f 1778 2547 1753
f 2549 2547 2570
f 1778 2570 2547
f 2549 2548 2547
f 1781 1778 1779
f 1781 2571 1778
f 2571 2570 1778
f 2572 2570 2571
f 2573 2572 2571
f 2570 2550 2549
f 2572 2550 2570
f 2574 2552 2551
f 2551 2550 2574
f 2572 2574 2550
f 2572 2575 2574
f 2575 2552 2574
f 2577 2576 2572
f 2575 2578 2552
f 2575 2579 2578
f 2576 2575 2572
f 2561 2558 2563
f 2578 2553 2552
f 2558 2553 2578
f 2578 2563 2558
f 2577 2579 2576
f 2579 2567 2564
f 2576 2579 2575
f 2580 2579 2577
f 2564 2562 2563
f 2564 2578 2579
f 2564 2563 2578
f 2566 2565 2567
f 2566 2567 2581
f 2581 2567 2579
f 2581 2579 2580
f 2568 2566 2584
f 2566 2581 2584
f 2585 2569 2568
f 2585 2568 2584
f 2583 2585 2584
f 2583 2584 2581
f 2573 2571 1781
f 1796 1781 1780
f 1781 2586 2573
f 2586 2572 2573
f 2577 2572 2587
f 2587 2572 2586
f 1796 1799 1781
f 2588 2586 1781
f 1799 2588 1781
f 2588 2587 2586
f 2582 2577 2587
f 2589 2588 1799
f 2589 1811 2588
f 1811 2590 2588
f 2590 2587 2588
f 2582 2580 2577
f 2590 2582 2587
f 2581 2580 2582
f 2591 2590 1811
f 2592 2590 2591
f 2593 2583 2582
f 2590 2593 2582
f 2583 2581 2582
f 2592 2591 1803
f 2594 2583 2593
f 2592 2594 2593
f 2592 2593 2590
f 1801 2589 1799
f 1811 2589 1801
f 1803 2591 1811
f 1371 1354 1279 2484
f 2511 1371 2484
f 1372 1371 2595
f 1373 1372 2595
f 2596 1371 2511
f 2595 1371 2596
f 2597 1373 2595
f 1373 2597 1374
f 1375 1377 1359
f 1376 1820 658
f 1376 2598 1820
f 2598 1822 1820
f 2599 1376 1366
f 2598 1376 2599
f 1377 2599 1366
f 2601 1832 2600
f 2512 2596 2511
f 2602 2595 2596
f 2595 2602 2597
f 2603 2597 2602
f 2604 2597 2603
f 2604 1374 2597
f 1377 2606 2607
f 1377 2607 2599
f 1375 2606 1377
f 2604 2606 1375
f 1374 2604 1375
f 1828 1821 1822
f 2608 1822 2598
f 1834 1828 1822
f 2609 1834 1822
f 2608 2609 1822
f 2599 2611 2598
f 2608 2598 2611
f 2612 2608 2611
f 2600 1832 1834
f 2600 1834 2609
f 2613 2600 2609
f 2610 2609 2608
f 2610 2613 2609
f 2614 2613 2610
f 2612 2610 2608
f 2601 1837 1832
f 2613 2601 2600
f 2601 1841 1837
f 2615 1841 2601
f 2615 2601 2613
f 2615 2613 2614
f 2616 2615 2614
f 1837 1841 1839
f 2615 2617 1841
f 2617 2618 1841
f 1841 2618 1840
f 2616 2617 2615
f 2619 2596 2540
f 2540 2596 2512
f 2619 2602 2596
f 2620 2602 2619
f 2603 2602 2620
f 2620 2619 2621
f 2604 2603 2605
f 2622 2605 2603
f 1871 2624 2625
f 2606 2626 2607
f 2607 2626 2624
f 2623 2626 2605
f 2626 2623 2624
f 2604 2605 2606
f 2626 2606 2605
f 1830 2628 1852
f 1850 2628 1830
f 1850 1851 2628
f 2629 2611 2627
f 2628 2627 1852
f 2629 2627 2628
f 1851 2629 2628
f 1852 1848 1830
f 2627 1871 1852
f 2599 2607 2611
f 2611 2624 2627
f 2607 2624 2611
f 2627 2624 1871
f 2629 2612 2611
f 1877 2629 1851
f 1877 2630 2629
f 2631 2610 2612
f 2631 2614 2610
f 2631 2612 2629
f 2630 2631 2629
f 2633 2614 2631
f 2614 2633 2616
f 2616 2633 2634
f 2634 2633 2632
f 2633 2631 2630
f 2635 2632 2633
f 2618 1858 1840
f 2634 2618 2617
f 2634 1858 2618
f 2632 1858 2634
f 1858 2636 1857
f 2632 2636 1858
f 2617 2616 2634
f 2619 2540 2569
f 2569 2621 2619
f 2620 2621 2639
f 2639 2621 2637
f 2637 2621 2569
f 2603 2620 2639
f 2603 2639 2622
f 2622 2639 2638
f 2623 2638 2641
f 2625 2623 2641
f 2605 2622 2623
f 2623 2622 2638
f 1871 2625 1875
f 1867 1871 1875 1872
f 2640 1875 2625
f 2624 2623 2625
f 1852 1871 1848
f 1856 1877 1853
f 2632 2635 2636
f 2635 2630 1877
f 1855 2642 1856
f 1857 2642 1855
f 2636 2635 2642
f 1877 1856 2642
f 2642 2635 1877
f 2635 2633 2630
f 1857 2636 2642
f 2643 2585 2583
f 2637 2569 2585
f 2643 2637 2585
f 2645 2643 1911
f 2644 2638 2639
f 2638 2644 2645
f 2644 2637 2643
f 2643 2645 2644
f 2644 2639 2637
f 2641 2645 1911
f 1883 2641 1911
f 2641 2638 2645
f 1872 1875 1885
f 1875 2640 1885
f 1885 2640 1883
f 2640 2641 1883
f 2640 2625 2641
f 1908 2592 1803
f 1911 2643 2594
f 1911 2594 2592
f 2583 2594 2643
f 1908 1911 2592
f 1910 1911 1908
f 1883 1911 1910
