# https://github.com/mikedh/trimesh
v -0.00197733 0.04460869 -0.02652963
v -0.00181123 0.04460869 -0.02653108
v -0.00197733 0.04460869 -0.02282425
v -0.00197733 0.07107481 -0.03002691
v -0.00107691 0.07107481 -0.03004280
v -0.00107691 0.04460869 -0.02652819
v 0.01588248 0.04460869 -0.01530656
v -0.00197733 0.05376517 -0.02237337
v -0.00197733 0.07177743 -0.02988095
v -0.00107691 0.07206409 -0.02983615
v 0.00015921 0.07203599 -0.02980869
v 0.00139532 0.07196011 -0.02976100
v 0.00015921 0.07107481 -0.02997777
v 0.00015921 0.04460869 -0.02647038
v -0.00057512 0.04460869 -0.02650651
v 0.01588248 0.04460869 -0.02019263
v 0.01588248 0.04510895 -0.01530078
v -0.00197733 0.05500178 -0.02231989
v -0.00197733 0.07204442 -0.02982458
v -0.00107691 0.07268240 -0.02938526
v 0.00015921 0.07265429 -0.02940838
v 0.00139532 0.07257841 -0.02939104
v 0.00263143 0.07184207 -0.02970608
v 0.00263143 0.07246037 -0.02935057
v 0.00336925 0.07173809 -0.02966417
v 0.00139532 0.07107481 -0.02986505
v 0.00322064 0.07052396 -0.02964249
v 0.00239714 0.07031880 -0.02969163
v 0.00066274 0.04460869 -0.02642558
v 0.01524781 0.04460869 -0.02070132
v 0.01571813 0.07025135 -0.02476943
v 0.01588248 0.07107481 -0.02477521
v 0.01588248 0.05871159 -0.01528055
v -0.00197733 0.05533903 -0.02231989
v -0.00197733 0.07266273 -0.02937081
v -0.00197733 0.07298312 -0.02891991
v 0.00015921 0.07313207 -0.02878985
v 0.00139532 0.07314332 -0.02877251
v 0.00263143 0.07314332 -0.02873205
v 0.00386929 0.07311240 -0.02866268
v 0.00510540 0.07306182 -0.02857597
v 0.00634151 0.07298312 -0.02847481
v 0.00697793 0.07293253 -0.02841556
v 0.00381684 0.07221586 -0.02932745
v 0.00510540 0.07231142 -0.02906877
v 0.00634151 0.07231142 -0.02883321
v 0.00840811 0.07188141 -0.02848203
v 0.00634151 0.07107481 -0.02909334
v 0.00510540 0.07107481 -0.02935780
v 0.00336925 0.07134743 -0.02966417
v 0.00273808 0.07099050 -0.02972053
v 0.00381684 0.07099050 -0.02957602
v 0.00361752 0.04460869 -0.02601371
v 0.00304755 0.04460869 -0.02611632
v 0.00263143 0.04460869 -0.02619002
v 0.00189885 0.04460869 -0.02629118
v 0.00139532 0.04460869 -0.02635766
v 0.01463063 0.04460869 -0.02119267
v 0.01417954 0.07107481 -0.02582295
v 0.01499604 0.07107481 -0.02532871
v 0.01580555 0.07107481 -0.02482579
v 0.01382462 0.04460869 -0.02181120
v 0.01320569 0.04460869 -0.02227654
v 0.01280706 0.04460869 -0.02252511
v 0.01252207 0.04460869 -0.02270141
v 0.01588248 0.07174932 -0.02473186
v -0.00197733 0.05623838 -0.02232712
v 0.01588248 0.05994538 -0.01529500
v -0.00197733 0.07309554 -0.02875228
v 0.00139532 0.07324730 -0.02779269
v 0.00263143 0.07326417 -0.02779269
v 0.00386929 0.07326698 -0.02779269
v 0.00510540 0.07323606 -0.02779269
v 0.00746398 0.07312364 -0.02783316
v 0.00634151 0.07318266 -0.02779269
v 0.00881374 0.07312645 -0.02747621
v 0.00975262 0.07302528 -0.02730279
v 0.01057611 0.07286789 -0.02712359
v 0.00780142 0.07270769 -0.02827249
v 0.00746398 0.07230017 -0.02857019
v 0.00881723 0.07230017 -0.02811641
v 0.01011803 0.07239854 -0.02755569
v 0.01102545 0.07204442 -0.02733892
v 0.01004985 0.07107481 -0.02789530
v 0.00907250 0.07107481 -0.02828405
v 0.00845357 0.07107481 -0.02849793
v 0.00757588 0.07107481 -0.02876673
v 0.00510540 0.04460869 -0.02567265
v 0.00457564 0.04460869 -0.02580272
v 0.00423645 0.04460869 -0.02588364
v 0.00386929 0.04460869 -0.02596168
v 0.01356236 0.07107481 -0.02616979
v 0.01344522 0.07204442 -0.02610620
v 0.01576533 0.07189266 -0.02479834
v 0.01192587 0.04460869 -0.02304536
v 0.01152899 0.04460869 -0.02327370
v 0.01588248 0.07200227 -0.02466105
v -0.00197733 0.05657564 -0.02234446
v 0.01588248 0.06118198 -0.01539038
v -0.00197733 0.05747499 -0.02239504
v -0.00197733 0.07311240 -0.02779269
v 0.00015921 0.07319953 -0.02779269
v 0.01375818 0.07331757 -0.02408298
v 0.00881374 0.07330632 -0.02655564
v 0.01011803 0.07318828 -0.02664813
v 0.01128596 0.07313769 -0.02632297
v 0.01223184 0.07302809 -0.02609030
v 0.01305708 0.07287070 -0.02588943
v 0.01178600 0.07107481 -0.02711636
v 0.01116707 0.07107481 -0.02740251
v 0.01004985 0.04460869 -0.02396737
v 0.00931552 0.04460869 -0.02426363
v 0.00876653 0.04460869 -0.02448474
v 0.00832768 0.07031880 -0.02845458
v 0.00560719 0.04460869 -0.02553247
v 0.01252207 0.07107481 -0.02673051
v 0.01381763 0.07239854 -0.02570156
v 0.01499429 0.07230580 -0.02504690
v 0.01540517 0.07271612 -0.02455266
v 0.01116182 0.04460869 -0.02345868
v 0.01588248 0.07247161 -0.02439080
v 0.01588248 0.06241859 -0.01560137
v -0.00197733 0.06365519 -0.02297455
v -0.00197733 0.06241859 -0.02283726
v -0.00197733 0.06118198 -0.02272165
v -0.00197733 0.05871159 -0.02250054
v 0.01588248 0.07310677 -0.02177652
v 0.01588248 0.07325854 -0.02282281
v -0.00197733 0.07299155 -0.02733025
v 0.01499429 0.07317985 -0.02411767
v 0.01259550 0.07319390 -0.02541397
v 0.01375818 0.07313207 -0.02507002
v 0.01457992 0.07301965 -0.02483013
v 0.01091005 0.04460869 -0.02358296
v 0.01040652 0.04460869 -0.02380840
v 0.00841860 0.04460869 -0.02461625
v 0.00819131 0.04460869 -0.02470006
v 0.00762483 0.04460869 -0.02490239
v 0.00634151 0.04460869 -0.02532582
v 0.01588248 0.07310116 -0.02380840
v 0.01588248 0.06324486 -0.01580947
v -0.00197733 0.06489179 -0.02319421
v -0.00197733 0.07294377 -0.02715683
v 0.01588248 0.07270769 -0.02119556
v 0.01588248 0.06379852 -0.01599301
v -0.00197733 0.06568997 -0.02339942
v -0.00197733 0.07248285 -0.02686346
v 0.01588248 0.07204162 -0.02068109
v 0.01588248 0.07267397 -0.02116811
v 0.01588248 0.06407676 -0.01609850
v -0.00197733 0.06630827 -0.02363788
v -0.00197733 0.07231142 -0.02675652
v 0.01588248 0.06663990 -0.01733267
v 0.01588248 0.06489179 -0.01641933
v 0.01588248 0.06592043 -0.01691646
v -0.00197733 0.06736501 -0.02417692
v 0.01588248 0.06642350 -0.01719971
v -0.00182561 0.00225484 -0.02539024
v -0.00107875 0.00224603 -0.02537431
v -0.00107875 0.00183170 -0.02511942
v -0.00231107 0.00184469 -0.02512473
v -0.00231107 0.00225484 -0.02538493
v 0.02102835 0.00287054 0.00177642
v 0.02572824 0.00287054 0.00177642
v 0.00237282 0.00224603 -0.02510349
v 0.00139123 0.00224603 -0.02523093
v 0.00015358 0.00224603 -0.02533183
v -0.00033722 0.00224603 -0.02535307
v 0.00015358 0.00185768 -0.02509818
v -0.00107875 0.00121368 -0.02469461
v -0.00231107 0.00122574 -0.02468399
v -0.00354339 0.00187577 -0.02510349
v -0.00354339 0.00225484 -0.02533714
v -0.00478638 0.00225484 -0.02524687
v -0.00601870 0.00225484 -0.02510880
v -0.00725636 0.00225484 -0.02491764
v -0.00762979 0.00225484 -0.02483798
v -0.00807257 0.00225484 -0.02473178
v -0.00823794 0.00225484 -0.02468930
v -0.00880876 0.00225484 -0.02451407
v -0.02876596 0.00260143 0.00177642
v -0.00293523 0.00287054 0.02400464
v 0.02573358 0.00287054 0.00186138
v 0.02532814 0.00224603 0.00065067
v 0.02523745 0.00224603 -0.00058659
v 0.02512009 0.00224603 -0.00182386
v 0.02493337 0.00224603 -0.00306643
v 0.02468264 0.00224603 -0.00430369
v 0.02440523 0.00224603 -0.00541882
v 0.02437322 0.00224603 -0.00553564
v 0.02410649 0.00224603 -0.00638526
v 0.02318358 0.00224603 -0.00891820
v 0.02315691 0.00224603 -0.00898723
v 0.02286350 0.00224603 -0.00962445
v 0.02193526 0.00224603 -0.01141396
v 0.02154049 0.00224603 -0.01207242
v 0.02074561 0.00224603 -0.01330437
v 0.02041486 0.00224603 -0.01377697
v 0.01950262 0.00224603 -0.01503016
v 0.01829164 0.00224603 -0.01644266
v 0.01715534 0.00224603 -0.01757903
v 0.01706465 0.00224603 -0.01766399
v 0.01587501 0.00224603 -0.01874195
v 0.01458934 0.00224603 -0.01977742
v 0.01442396 0.00224603 -0.01989956
v 0.01331968 0.00224603 -0.02066953
v 0.01297825 0.00224603 -0.02090317
v 0.01216204 0.00224603 -0.02140764
v 0.01088704 0.00224603 -0.02216168
v 0.01049761 0.00224603 -0.02236877
v 0.00842773 0.00224603 -0.02337770
v 0.00791560 0.00224603 -0.02359541
v 0.00739280 0.00224603 -0.02378658
v 0.00581905 0.00224603 -0.02430697
v 0.00477345 0.00224603 -0.02462027
v 0.00386654 0.00224603 -0.02484329
v 0.00260755 0.00224603 -0.02506632
v 0.00262355 0.00205811 -0.02496012
v 0.00139123 0.00193238 -0.02504508
v 0.00015358 0.00123966 -0.02467337
v 0.00015358 0.00065319 -0.02405739
v -0.00107875 0.00062767 -0.02407863
v -0.00231107 0.00000502 -0.02342549
v -0.00231107 0.00062211 -0.02406801
v -0.00354339 0.00064994 -0.02404146
v -0.00354339 0.00125776 -0.02465744
v -0.00478638 0.00194212 -0.02505570
v -0.00602403 0.00205023 -0.02498667
v -0.00725636 0.00219592 -0.02488047
v -0.00725636 0.00157744 -0.02438131
v -0.00854736 0.00188691 -0.02430166
v -0.00967299 0.00177416 -0.02385561
v -0.01096932 0.00215277 -0.02369631
v -0.00969966 0.00225484 -0.02420608
v -0.01096399 0.00225484 -0.02376003
v -0.01135876 0.00225484 -0.02361134
v -0.01165217 0.00225484 -0.02348921
v -0.01183355 0.00225484 -0.02340425
v -0.01387675 0.00225484 -0.02238470
v -0.01427685 0.00225484 -0.02216168
v -0.01601597 0.00225484 -0.02114213
v -0.01638940 0.00225484 -0.02091379
v -0.01671482 0.00225484 -0.02069608
v -0.01789379 0.00225484 -0.01985708
v -0.01924348 0.00225484 -0.01873664
v -0.02049181 0.00225484 -0.01753655
v -0.02056649 0.00225484 -0.01745690
v -0.02167612 0.00225484 -0.01627273
v -0.02172413 0.00225484 -0.01621963
v -0.02276973 0.00225484 -0.01498237
v -0.02372465 0.00225484 -0.01376104
v -0.02392203 0.00225484 -0.01348491
v -0.02408741 0.00225484 -0.01324065
v -0.02486628 0.00225484 -0.01197684
v -0.02525572 0.00225484 -0.01132900
v -0.02530373 0.00225484 -0.01123873
v -0.02590122 0.00225484 -0.01001209
v -0.02644536 0.00225484 -0.00887572
v -0.02649337 0.00225484 -0.00876951
v -0.02654672 0.00225484 -0.00864738
v -0.02694149 0.00225484 -0.00762252
v -0.02742695 0.00225484 -0.00633216
v -0.02776837 0.00225484 -0.00527544
v -0.02800310 0.00225484 -0.00429838
v -0.02804578 0.00225484 -0.00408597
v -0.02823249 0.00225484 -0.00307705
v -0.02832318 0.00225484 -0.00244514
v -0.02840854 0.00225484 -0.00182386
v -0.02845655 0.00225484 -0.00122381
v -0.02849923 0.00225484 -0.00058659
v -0.02853123 0.00225484 0.00005593
v -0.02855258 0.00225484 0.00065067
v -0.02876596 0.00260143 0.00188262
v -0.00293523 0.00287054 0.02881032
v 0.02573358 0.00287054 0.00193041
v 0.02549885 0.00244090 0.00217468
v 0.02549885 0.00244554 0.00177642
v 0.02537615 0.00224603 0.00177642
v 0.02505074 0.00183077 0.00065067
v 0.02497071 0.00183077 -0.00058659
v 0.02485869 0.00183077 -0.00182386
v 0.02461862 0.00174029 -0.00306643
v 0.02454927 0.00202842 -0.00429838
v 0.02411716 0.00140994 -0.00429838
v 0.02393578 0.00165121 -0.00553564
v 0.02365304 0.00182242 -0.00678883
v 0.02335963 0.00201265 -0.00801016
v 0.02300753 0.00123131 -0.00734640
v 0.02286350 0.00139463 -0.00801016
v 0.02263944 0.00184144 -0.00933239
v 0.02212197 0.00184190 -0.01035724
v 0.02156716 0.00143778 -0.01068647
v 0.02123641 0.00176163 -0.01182284
v 0.02050021 0.00126147 -0.01224765
v 0.02086298 0.00211982 -0.01294859
v 0.02027616 0.00150181 -0.01294859
v 0.01940659 0.00112970 -0.01369201
v 0.01986538 0.00189990 -0.01409027
v 0.01909718 0.00142618 -0.01452039
v 0.01871842 0.00180664 -0.01544435
v 0.01833965 0.00218664 -0.01632053
v 0.01790754 0.00136261 -0.01585854
v 0.01751810 0.00177277 -0.01671348
v 0.01712867 0.00218339 -0.01754717
v 0.01586434 0.00221494 -0.01872602
v 0.01496277 0.00184654 -0.01911366
v 0.01403453 0.00147768 -0.01949599
v 0.01367710 0.00186649 -0.02010134
v 0.01263683 0.00176071 -0.02072263
v 0.01176727 0.00130091 -0.02090848
v 0.01230074 0.00212493 -0.02123771
v 0.01128181 0.00182427 -0.02160942
v 0.01004949 0.00147258 -0.02201830
v 0.01004949 0.00209106 -0.02248028
v 0.00936131 0.00124894 -0.02219354
v 0.00757418 0.00152918 -0.02321308
v 0.00757418 0.00214766 -0.02366444
v 0.00631518 0.00176395 -0.02382906
v 0.00508286 0.00190918 -0.02429104
v 0.00386654 0.00161734 -0.02439193
v 0.00262355 0.00143964 -0.02451937
v 0.00139123 0.00131436 -0.02461496
v 0.00139123 0.00070330 -0.02399367
v 0.00015358 0.00003610 -0.02337770
v -0.00107875 0.00001058 -0.02341487
v -0.00231107 -0.00042370 -0.02280951
v -0.00354339 -0.00040560 -0.02277234
v -0.00354339 0.00003239 -0.02338832
v -0.00478638 0.00071305 -0.02398305
v -0.00478638 0.00132410 -0.02459903
v -0.00602403 0.00143175 -0.02450345
v -0.00725636 0.00091952 -0.02376534
v -0.00849401 0.00106799 -0.02360603
v -0.00923020 0.00117099 -0.02349983
v -0.01005709 0.00132410 -0.02335646
v -0.01096932 0.00153475 -0.02317060
v -0.01222298 0.00181360 -0.02285199
v -0.01343930 0.00211333 -0.02250152
v -0.01514108 0.00131111 -0.02090317
v -0.01590928 0.00221355 -0.02117930
v -0.01590928 0.00159553 -0.02066422
v -0.01662947 0.00114454 -0.01981991
v -0.01699223 0.00196115 -0.02026065
v -0.01745101 0.00147350 -0.01951723
v -0.01836325 0.00184190 -0.01911897
v -0.01922748 0.00220844 -0.01872071
v -0.02046513 0.00218664 -0.01751000
v -0.02166011 0.00220937 -0.01625680
v -0.02208689 0.00183680 -0.01541249
v -0.02250833 0.00146469 -0.01456287
v -0.02324452 0.00194073 -0.01407965
v -0.02284442 0.00107402 -0.01373980
v -0.02373532 0.00150134 -0.01294859
v -0.02418344 0.00211936 -0.01294859
v -0.02462622 0.00175050 -0.01181222
v -0.02500498 0.00145912 -0.01075019
v -0.02545310 0.00185443 -0.01039973
v -0.02521837 0.00117378 -0.00992712
v -0.02625864 0.00144010 -0.00801016
v -0.02668009 0.00205811 -0.00801016
v -0.02737894 0.00184654 -0.00563653
v -0.02640268 0.00124198 -0.00733047
v -0.02790174 0.00205672 -0.00429838
v -0.02749630 0.00143778 -0.00429838
v -0.02796042 0.00174771 -0.00301864
v -0.02816314 0.00183077 -0.00182386
v -0.02825383 0.00183077 -0.00058659
v -0.02828584 0.00183077 0.00065067
v -0.02869128 0.00260143 0.00311988
v -0.02828050 0.00183030 0.00188262
v -0.00431159 0.00260143 0.02853950
v -0.00401818 0.00260143 0.02857136
v -0.00354872 0.00260143 0.02861915
v -0.00248711 0.00287054 0.02884218
v -0.02854724 0.00260143 0.00435714
v -0.02835519 0.00260143 0.00564219
v -0.02814180 0.00260143 0.00682636
v -0.02788574 0.00260143 0.00796803
v -0.02774703 0.00260143 0.00850436
v -0.02757099 0.00260143 0.00908316
v -0.02749097 0.00260143 0.00930619
v -0.02703218 0.00260143 0.01054345
v -0.02663207 0.00260143 0.01155769
v -0.02636534 0.00260143 0.01219490
v -0.02633866 0.00260143 0.01225331
v -0.02544777 0.00260143 0.01407469
v -0.02512235 0.00260143 0.01470129
v -0.02408208 0.00260143 0.01634743
v -0.02386335 0.00260143 0.01665011
v -0.02256168 0.00260143 0.01838652
v -0.02153208 0.00260143 0.01966095
v -0.02133469 0.00260143 0.01989991
v -0.02046513 0.00260143 0.02088228
v -0.02007036 0.00260143 0.02130179
v -0.01926482 0.00260143 0.02210893
v -0.01884338 0.00260143 0.02249657
v -0.01775509 0.00260143 0.02339929
v -0.01763240 0.00260143 0.02348956
v -0.01640541 0.00260143 0.02431263
v -0.01553585 0.00260143 0.02486489
v -0.01515175 0.00260143 0.02508791
v -0.01389809 0.00260143 0.02575168
v -0.01376472 0.00260143 0.02582071
v -0.01311388 0.00260143 0.02612339
v -0.01270844 0.00260143 0.02630924
v -0.01219098 0.00260143 0.02651634
v -0.01119872 0.00260143 0.02690929
v -0.01058522 0.00260143 0.02713231
v -0.01013711 0.00260143 0.02727569
v -0.00956629 0.00260143 0.02744030
v -0.00909150 0.00260143 0.02756775
v -0.00847801 0.00260143 0.02772705
v -0.00773648 0.00260143 0.02790228
v -0.00726169 0.00260143 0.02800849
v -0.00602403 0.00260143 0.02826337
v -0.00546922 0.00260143 0.02836427
v -0.00495709 0.00260143 0.02844923
v 0.02570691 0.00287054 0.00314643
v 0.02549885 0.00244090 0.00263666
v 0.02517877 0.00194954 0.00180828
v 0.02445325 0.00096499 0.00065067
v 0.02442124 0.00100860 -0.00058659
v 0.02436255 0.00108516 -0.00182386
v 0.02430387 0.00115939 -0.00265224
v 0.02422385 0.00126750 -0.00347531
v 0.02340764 0.00054555 -0.00419749
v 0.02332228 0.00088425 -0.00553564
v 0.02315691 0.00106149 -0.00652333
v 0.02246873 0.00053627 -0.00691097
v 0.02224467 0.00078032 -0.00801016
v 0.02194593 0.00106242 -0.00924212
v 0.02179122 0.00121182 -0.00986340
v 0.02074561 0.00104061 -0.01142989
v 0.01997208 0.00055483 -0.01178567
v 0.01919854 0.00006997 -0.01213614
v 0.01965733 0.00091070 -0.01294859
v 0.01892114 0.00029315 -0.01294859
v 0.01808892 -0.00002746 -0.01357519
v 0.01859038 0.00067871 -0.01404779
v 0.01827564 0.00105221 -0.01503016
v 0.01708599 0.00102716 -0.01628335
v 0.01667522 0.00135890 -0.01710643
v 0.01626978 0.00178715 -0.01793481
v 0.01538421 0.00139092 -0.01832245
v 0.01456267 0.00107495 -0.01866760
v 0.01321298 0.00115893 -0.01980397
v 0.01251947 0.00094550 -0.02004293
v 0.01095106 0.00104525 -0.02115806
v 0.00854510 0.00104804 -0.02238470
v 0.01004949 0.00081837 -0.02140233
v 0.00672062 0.00130740 -0.02338301
v 0.00589374 0.00115336 -0.02351045
v 0.00510420 0.00103690 -0.02362196
v 0.00386654 0.00088982 -0.02377065
v 0.00262355 0.00078311 -0.02389809
v 0.00139123 0.00008621 -0.02331397
v 0.00139123 -0.00033740 -0.02269800
v 0.00015358 -0.00038287 -0.02276172
v -0.00107875 -0.00041395 -0.02279889
v -0.00231107 -0.00104172 -0.02175811
v -0.00354339 -0.00102362 -0.02173156
v -0.00107875 -0.00103244 -0.02174749
v -0.00478638 -0.00097676 -0.02166252
v -0.00478638 -0.00035828 -0.02269800
v -0.00478638 0.00009549 -0.02330866
v -0.00602403 0.00080306 -0.02388747
v -0.00602403 0.00018550 -0.02320246
v -0.00725636 0.00030196 -0.02306971
v -0.00860071 0.00035950 -0.02277765
v -0.00908083 -0.00001633 -0.02221478
v -0.00967299 0.00077429 -0.02290509
v -0.01096932 0.00090096 -0.02255463
v -0.01187623 0.00108098 -0.02235815
v -0.01269777 0.00127307 -0.02216699
v -0.01343930 0.00149531 -0.02197582
v -0.01590928 0.00093436 -0.02004824
v -0.01431420 0.00106892 -0.02113151
v -0.01699223 0.00068242 -0.01901807
v -0.01798449 0.00104340 -0.01869416
v -0.01590928 0.00031681 -0.01934730
v -0.01653878 -0.00002885 -0.01852423
v -0.01880603 0.00138489 -0.01835431
v -0.01965959 0.00178576 -0.01792950
v -0.02009170 0.00136308 -0.01713298
v -0.02089191 0.00178623 -0.01669755
v -0.02132402 0.00138489 -0.01587448
v -0.02168678 0.00100814 -0.01505140
v -0.02271105 -0.00002468 -0.01233261
v -0.02303113 0.00063510 -0.01282646
v -0.02393804 0.00121739 -0.01232199
v -0.02204421 0.00062907 -0.01413275
v -0.02240164 0.00025000 -0.01315568
v -0.02418344 0.00094828 -0.01150423
v -0.02537308 0.00100674 -0.00924212
v -0.02379400 0.00012519 -0.01078736
v -0.02399672 -0.00006458 -0.00996960
v -0.02654138 0.00106706 -0.00650740
v -0.02563982 0.00073207 -0.00801016
v -0.02517569 -0.00001633 -0.00736764
v -0.02586387 0.00052421 -0.00693752
v -0.02760833 0.00128095 -0.00340097
v -0.02670142 0.00087915 -0.00553564
v -0.02679745 0.00053905 -0.00420811
v -0.02767768 0.00118352 -0.00257258
v -0.02771502 0.00113109 -0.00182386
v -0.02775770 0.00108005 -0.00058659
v -0.02777371 0.00106521 0.00065067
v -0.02820582 0.00183030 0.00311988
v -0.02800843 0.00172730 0.00436776
v -0.02776304 0.00107866 0.00188262
v -0.02772569 0.00112367 0.00311988
v -0.00417822 0.00244693 0.02846516
v -0.00354872 0.00240007 0.02849702
v -0.00293523 0.00236852 0.02851826
v -0.00231107 0.00233650 0.02853950
v -0.00231107 0.00287054 0.02884749
v -0.02798176 0.00195372 0.00559440
v -0.02786973 0.00212910 0.00682636
v -0.02775237 0.00230356 0.00780873
v -0.02764567 0.00247338 0.00862649
v -0.02669076 0.00205162 0.01053814
v -0.02639735 0.00124801 0.00984782
v -0.02652538 0.00229613 0.01138776
v -0.02550645 0.00182984 0.01295425
v -0.02533040 0.00224185 0.01389415
v -0.02482360 0.00182984 0.01428179
v -0.02398605 0.00116450 0.01492962
v -0.02421544 0.00188923 0.01539160
v -0.02402339 0.00233975 0.01620406
v -0.02289777 0.00219035 0.01758469
v -0.02176147 0.00207714 0.01891753
v -0.02142005 0.00252813 0.01974061
v -0.02022507 0.00246085 0.02103097
v -0.01899808 0.00245621 0.02227354
v -0.01766974 0.00256478 0.02344708
v -0.01684286 0.00213792 0.02373383
v -0.01539715 0.00235599 0.02481178
v -0.01467696 0.00207157 0.02501357
v -0.01350865 0.00178298 0.02540652
v -0.01295918 0.00235321 0.02605436
v -0.01220698 0.00212493 0.02621366
v -0.01142811 0.00128884 0.02593753
v -0.01023313 0.00250261 0.02719072
v -0.00940625 0.00232861 0.02731286
v -0.00849401 0.00216437 0.02743499
v -0.00726169 0.00197553 0.02757305
v -0.00604537 0.00173055 0.02762616
v -0.00499977 0.00253972 0.02840144
v 0.02563756 0.00287054 0.00435714
v 0.02549352 0.00246827 0.00345973
v 0.02516810 0.00194954 0.00307740
v 0.02447458 0.00095246 0.00311988
v 0.02447458 0.00094411 0.00188262
v 0.02447458 0.00094596 0.00177642
v 0.02443191 0.00089353 0.00177642
v 0.02394645 0.00034697 0.00065067
v 0.02391444 0.00039058 -0.00058659
v 0.02385042 0.00046714 -0.00182386
v 0.02381841 0.00068613 -0.00306643
v 0.02303954 -0.00003535 -0.00371957
v 0.02272479 0.00026670 -0.00553564
v 0.02192459 -0.00013371 -0.00647553
v 0.02174320 0.00001291 -0.00729861
v 0.02156183 0.00016323 -0.00801016
v 0.02114038 0.00038409 -0.00928991
v 0.02116172 0.00089446 -0.01035724
v 0.02028683 0.00019803 -0.01047938
v 0.01875576 -0.00039679 -0.01172195
v 0.01830764 -0.00017361 -0.01294859
v 0.01943860 -0.00011283 -0.01131838
v 0.01745942 -0.00065986 -0.01294859
v 0.01737940 -0.00021073 -0.01406903
v 0.01691528 -0.00007247 -0.01488148
v 0.01774216 0.00022865 -0.01440357
v 0.01741141 0.00062721 -0.01537001
v 0.01652051 0.00020360 -0.01570455
v 0.01618442 0.00061793 -0.01661258
v 0.01584300 0.00103365 -0.01749938
v 0.01490409 0.00064206 -0.01781799
v 0.01375179 0.00019478 -0.01821624
v 0.01310629 -0.00000705 -0.01848706
v 0.01367710 0.00086013 -0.01910304
v 0.01262083 0.00026716 -0.01916676
v 0.01168192 0.00008621 -0.01960219
v 0.01131382 0.00056504 -0.02038809
v 0.01004949 0.00020081 -0.02071732
v 0.00891853 0.00053905 -0.02165190
v 0.00757418 0.00022355 -0.02193334
v 0.00757418 0.00084064 -0.02259711
v 0.00929196 0.00003054 -0.02091911
v 0.00628851 0.00060494 -0.02282544
v 0.00585640 -0.00005994 -0.02226788
v 0.00510420 0.00041888 -0.02298475
v 0.00386654 0.00027227 -0.02311219
v 0.00262355 0.00016602 -0.02321839
v 0.00386654 -0.00022419 -0.02249621
v 0.00262355 -0.00028404 -0.02260242
v 0.00015358 -0.00100088 -0.02168907
v 0.00386654 -0.00079442 -0.02160411
v 0.00262355 -0.00088396 -0.02160411
v -0.00182561 -0.00115121 -0.02151384
v -0.00231107 -0.00132196 -0.02114213
v -0.00354339 -0.00131082 -0.02111027
v -0.00478638 -0.00128391 -0.02104655
v 0.00015358 -0.00129597 -0.02107310
v -0.00107875 -0.00131917 -0.02113151
v -0.00544788 -0.00126303 -0.02099876
v -0.00592267 -0.00095263 -0.02148729
v -0.00602403 -0.00028404 -0.02258649
v -0.00725636 -0.00018892 -0.02244842
v -0.00825395 -0.00010031 -0.02232629
v -0.00972633 -0.00035410 -0.02147667
v -0.01096932 -0.00020656 -0.02124302
v -0.00972633 0.00007879 -0.02209795
v -0.00860071 -0.00042648 -0.02172625
v -0.01096932 0.00028340 -0.02185900
v -0.01261775 0.00005466 -0.02089255
v -0.01343930 0.00085410 -0.02135984
v -0.01469296 0.00057756 -0.02037747
v -0.01506639 0.00008668 -0.01961281
v -0.01343930 0.00023654 -0.02068546
v -0.01736032 0.00021984 -0.01820563
v -0.01834725 0.00060448 -0.01786578
v -0.01927015 0.00098818 -0.01753124
v -0.01702957 -0.00022976 -0.01783391
v -0.01788846 -0.00009427 -0.01738255
v -0.01590928 -0.00017222 -0.01872602
v -0.01590928 -0.00067981 -0.01789233
v -0.02049714 0.00097427 -0.01630990
v -0.02085990 0.00057942 -0.01542842
v -0.02122266 0.00018550 -0.01452039
v -0.02290310 -0.00017315 -0.01172195
v -0.02360195 0.00055947 -0.01183346
v -0.02158009 -0.00010402 -0.01369732
v -0.02203354 -0.00024553 -0.01282646
v -0.02476492 0.00038919 -0.00924212
v -0.02336189 -0.00036292 -0.01042097
v -0.02414609 -0.00018521 -0.00924212
v -0.02503166 0.00011452 -0.00801016
v -0.02613061 0.00026160 -0.00553564
v -0.02533040 -0.00014160 -0.00654457
v -0.02630132 0.00009085 -0.00456389
v -0.02441283 -0.00036338 -0.00801016
v -0.02643469 -0.00003860 -0.00373551
v -0.02720289 0.00070052 -0.00301864
v -0.02720823 0.00051307 -0.00182386
v -0.02725090 0.00046157 -0.00058659
v -0.02725624 0.00044765 0.00065067
v -0.02725090 0.00046111 0.00188262
v -0.02768835 0.00117470 0.00396419
v -0.02763500 0.00124523 0.00479257
v -0.02721889 0.00050518 0.00311988
v -0.00466901 0.00195326 0.02802442
v -0.00478638 0.00106381 0.02733941
v -0.00354872 0.00094736 0.02742437
v -0.00354872 0.00178205 0.02804566
v -0.00231107 0.00171848 0.02809876
v -0.00108408 0.00170874 0.02811469
v -0.00108408 0.00232676 0.02854481
v -0.00108408 0.00287054 0.02885811
v -0.02757632 0.00133570 0.00559440
v -0.02745362 0.00151062 0.00682636
v -0.02735760 0.00186696 0.00815920
v -0.02653605 0.00106892 0.00901944
v -0.02626931 0.00143360 0.01053814
v -0.02605592 0.00063185 0.00938053
v -0.02523971 -0.00007989 0.01006023
v -0.02559180 0.00054555 0.01050097
v -0.02539975 0.00094504 0.01177540
v -0.02605059 0.00186232 0.01179133
v -0.02523971 0.00114362 0.01250289
v -0.02503699 0.00141783 0.01332596
v -0.02417277 0.00093297 0.01424992
v -0.02366597 0.00031635 0.01424992
v -0.02282308 -0.00013186 0.01504645
v -0.02327653 0.00065830 0.01539160
v -0.02290310 0.00097751 0.01635805
v -0.02372465 0.00151526 0.01574738
v -0.02331387 0.00185257 0.01669259
v -0.02259902 0.00136586 0.01718112
v -0.02217758 0.00172173 0.01805729
v -0.02144139 0.00125265 0.01852989
v -0.02119066 0.00173148 0.01927331
v -0.02052381 0.00183030 0.02012824
v -0.02026241 0.00118909 0.01983088
v -0.01995833 0.00183030 0.02074422
v -0.01905143 0.00116264 0.02108938
v -0.01933951 0.00183030 0.02138144
v -0.01871001 0.00183030 0.02200272
v -0.01779244 0.00118955 0.02230009
v -0.01808585 0.00183030 0.02254967
v -0.01721629 0.00176767 0.02319219
v -0.01641608 0.00131297 0.02344177
v -0.01590394 0.00183494 0.02413209
v -0.01559453 0.00098726 0.02370728
v -0.01467696 0.00145355 0.02458345
v -0.01405813 0.00121368 0.02475337
v -0.01323658 0.00097334 0.02494454
v -0.01220698 0.00150645 0.02578354
v -0.01211629 0.00057432 0.02509853
v -0.01164150 -0.00004556 0.02477461
v -0.01099600 0.00065087 0.02557644
v -0.01060656 0.00110140 0.02607029
v -0.00973167 0.00093158 0.02620304
v -0.00849401 0.00154588 0.02698363
v -0.00726169 0.00135705 0.02712169
v -0.00647215 0.00125172 0.02719604
v -0.00565060 0.00115568 0.02727038
v 0.02549885 0.00287054 0.00558909
v 0.02538682 0.00265757 0.00558909
v 0.02545617 0.00252673 0.00435714
v 0.02501339 0.00183077 0.00435714
v 0.02443724 0.00099886 0.00435714
v 0.02395178 0.00033583 0.00311988
v 0.02396245 0.00032748 0.00188262
v 0.02396245 0.00032934 0.00177642
v 0.02333295 -0.00029703 0.00065067
v 0.02329561 -0.00026966 -0.00058659
v 0.02323159 -0.00021259 -0.00182386
v 0.02311957 -0.00010912 -0.00306112
v 0.02240471 -0.00060929 -0.00306112
v 0.02245272 -0.00034900 -0.00419749
v 0.02210597 -0.00027291 -0.00553564
v 0.02126841 -0.00043994 -0.00684193
v 0.02094300 -0.00028450 -0.00801016
v 0.02070827 -0.00013464 -0.00891289
v 0.02048421 0.00003193 -0.00973596
v 0.01858505 -0.00091505 -0.01037848
v 0.01743275 -0.00107048 -0.01175912
v 0.01966800 -0.00026780 -0.01047938
v 0.01673923 -0.00123612 -0.01219455
v 0.01628578 -0.00114611 -0.01303355
v 0.01622710 -0.00076565 -0.01418585
v 0.01615775 -0.00025574 -0.01534877
v 0.01569363 -0.00007943 -0.01612936
v 0.01524551 0.00021009 -0.01694712
v 0.01441863 -0.00005019 -0.01731352
v 0.01262083 -0.00048309 -0.01800384
v 0.01227940 -0.00019403 -0.01877381
v 0.01375179 -0.00021630 -0.01760027
v 0.01085503 -0.00010819 -0.01986770
v 0.00847041 -0.00012118 -0.02111558
v 0.00667794 0.00005791 -0.02212450
v 0.01004949 -0.00025342 -0.02009603
v 0.00510420 -0.00064919 -0.02160411
v 0.00510420 -0.00013557 -0.02236877
v 0.00629384 -0.00036477 -0.02166783
v 0.00386654 -0.00121153 -0.02082352
v 0.00262355 -0.00124076 -0.02091911
v 0.00510420 -0.00115446 -0.02067484
v -0.00182561 -0.00139805 -0.02083945
v -0.00231107 -0.00151590 -0.02036685
v -0.00354339 -0.00148156 -0.02036685
v -0.00478638 -0.00143656 -0.02036685
v -0.00107875 -0.00151544 -0.02036685
v 0.00386654 -0.00137717 -0.02020754
v -0.00725636 -0.00136928 -0.02012258
v -0.00849401 -0.00133495 -0.01996328
v -0.00944359 -0.00129365 -0.01983584
v -0.00725636 -0.00117117 -0.02073856
v -0.00725636 -0.00071925 -0.02160411
v -0.01096932 -0.00075915 -0.02036685
v -0.01220164 -0.00039771 -0.02043588
v -0.01179087 -0.00009195 -0.02107841
v -0.00849401 -0.00108718 -0.02057925
v -0.00980102 -0.00102362 -0.02029251
v -0.01343930 -0.00024878 -0.02006417
v -0.01423951 -0.00010216 -0.01985708
v -0.01871534 0.00016509 -0.01702677
v -0.01999568 0.00015117 -0.01581075
v -0.01710426 -0.00090809 -0.01660196
v -0.01833124 -0.00031652 -0.01663383
v -0.01917413 -0.00013000 -0.01620370
v -0.01466095 -0.00038658 -0.01917207
v -0.01590928 -0.00114843 -0.01704271
v -0.01478899 -0.00107930 -0.01790826
v -0.02039578 -0.00013789 -0.01498768
v -0.02198553 -0.00081019 -0.01162637
v -0.02082790 -0.00033925 -0.01413806
v -0.02081722 -0.00093686 -0.01293797
v -0.02120666 -0.00113497 -0.01197152
v -0.02229494 -0.00103476 -0.01047938
v -0.02321252 -0.00084313 -0.00913060
v -0.02551178 -0.00028404 -0.00553564
v -0.02468490 -0.00048958 -0.00688442
v -0.02585854 -0.00037173 -0.00420811
v -0.02580519 -0.00065058 -0.00306112
v -0.02649871 -0.00010402 -0.00306112
v -0.02658940 -0.00019078 -0.00182386
v -0.02663207 -0.00022697 -0.00058659
v -0.02663741 -0.00023347 0.00065067
v -0.02662674 -0.00022419 0.00188262
v -0.02660007 -0.00020238 0.00311988
v -0.02725090 0.00069495 0.00436776
v -0.02688814 0.00047410 0.00570061
v -0.02654672 -0.00015273 0.00435714
v -0.00478638 0.00044626 0.02686150
v -0.00604537 0.00068335 0.02684557
v -0.00354872 0.00033073 0.02694115
v -0.00293523 0.00059984 0.02721197
v -0.00231107 0.00087358 0.02747747
v -0.00108408 0.00085456 0.02749340
v 0.00015358 0.00087266 0.02747747
v 0.00015358 0.00174771 0.02809345
v 0.00015358 0.00236527 0.02851826
v 0.00015358 0.00287054 0.02879970
v -0.02641868 -0.00001772 0.00618383
v -0.02683480 0.00068706 0.00682636
v -0.02667475 0.00088472 0.00806362
v -0.02617329 0.00026763 0.00806362
v -0.02462622 -0.00045339 0.01050097
v -0.02427413 -0.00032394 0.01177540
v -0.02408208 -0.00015366 0.01265688
v -0.02507433 0.00010199 0.01088861
v -0.02536774 -0.00020099 0.00930088
v -0.02489295 0.00032841 0.01177540
v -0.02455687 0.00060401 0.01299142
v -0.02386869 0.00006533 0.01347996
v -0.02304714 -0.00032255 0.01424992
v -0.02209756 -0.00100228 0.01436675
v -0.02146806 -0.00125514 0.01484997
v -0.02212423 -0.00046778 0.01546064
v -0.02172946 -0.00024739 0.01643239
v -0.02255101 0.00015488 0.01586421
v -0.02216158 0.00050890 0.01680941
v -0.02177214 0.00086477 0.01770682
v -0.02141471 0.00004214 0.01726077
v -0.02117465 0.00050936 0.01805198
v -0.02048114 0.00070330 0.01906622
v -0.02024107 -0.00002421 0.01857238
v -0.01987298 0.00036553 0.01939545
v -0.01905143 -0.00006226 0.01985743
v -0.01946221 0.00076362 0.02025569
v -0.01863532 0.00034001 0.02068050
v -0.01781378 -0.00005716 0.02108407
v -0.01821388 0.00076362 0.02149826
v -0.01714693 0.00029593 0.02197617
v -0.01648009 0.00001244 0.02224699
v -0.01714693 0.00091256 0.02254436
v -0.01498637 0.00016416 0.02334088
v -0.01461828 0.00058267 0.02390906
v -0.01415949 -0.00007386 0.02356921
v -0.01356200 0.00057432 0.02444007
v -0.01246305 0.00015024 0.02458876
v -0.01343930 -0.00022326 0.02374976
v -0.01211629 -0.00037080 0.02416395
v -0.01096932 -0.00016062 0.02489675
v -0.00973167 0.00031496 0.02570920
v -0.00849401 0.00009549 0.02588974
v -0.00784851 -0.00001400 0.02598002
v -0.00849401 0.00071212 0.02636234
v -0.00736305 0.00047642 0.02644200
v -0.00702163 -0.00010634 0.02606498
v 0.02530680 0.00287054 0.00684760
v 0.02462396 0.00172869 0.00686353
v 0.02487469 0.00183077 0.00558909
v 0.02436789 0.00108191 0.00558909
v 0.02390910 0.00038177 0.00435714
v 0.02329027 -0.00026363 0.00435714
v 0.02333295 -0.00029564 0.00311988
v 0.02334362 -0.00030446 0.00188262
v 0.02334362 -0.00030399 0.00177642
v 0.02242072 -0.00091505 0.00065067
v 0.02229268 -0.00095356 -0.00052287
v 0.02240471 -0.00078096 -0.00182386
v 0.02141245 -0.00114147 -0.00306112
v 0.02111371 -0.00107976 -0.00438334
v 0.02117239 -0.00083896 -0.00553564
v 0.01993473 -0.00084963 -0.00801016
v 0.02001476 -0.00043715 -0.00928991
v 0.01884112 -0.00107419 -0.00924212
v 0.01809425 -0.00126489 -0.00989526
v 0.01782752 -0.00118323 -0.01071833
v 0.01700597 -0.00130340 -0.01137679
v 0.01591235 -0.00131964 -0.01267777
v 0.01437062 -0.00125932 -0.01480714
v 0.01525085 -0.00115214 -0.01418585
v 0.01486675 -0.00088396 -0.01530098
v 0.01489342 -0.00023672 -0.01658603
v 0.01257815 -0.00111085 -0.01666569
v 0.01124447 -0.00102687 -0.01782330
v 0.01127114 -0.00036524 -0.01916676
v 0.01375179 -0.00071554 -0.01665507
v 0.00757418 -0.00025899 -0.02131736
v 0.00885451 -0.00041581 -0.02045181
v 0.01004949 -0.00078653 -0.01912959
v 0.00642721 -0.00107976 -0.02032968
v 0.00757418 -0.00081344 -0.02036685
v 0.00510420 -0.00134655 -0.02005886
v 0.00606979 -0.00130340 -0.01988894
v 0.00689667 -0.00125143 -0.01971370
v -0.00182561 -0.00151590 -0.02036685
v -0.00231107 -0.00164024 -0.01913490
v -0.01096932 -0.00162447 -0.01789233
v -0.00849401 -0.00150337 -0.01913490
v 0.00510420 -0.00149409 -0.01912959
v 0.00386654 -0.00153028 -0.01912959
v -0.00107875 -0.00163839 -0.01912959
v -0.00182561 -0.00163978 -0.01913490
v -0.00980102 -0.00141475 -0.01924110
v -0.01096932 -0.00140779 -0.01897028
v -0.01026514 -0.00125050 -0.01971901
v -0.01096932 -0.00119297 -0.01959157
v -0.01220164 -0.00105749 -0.01934199
v -0.01337529 -0.00089835 -0.01904463
v -0.01748836 -0.00115817 -0.01581075
v -0.01838459 -0.00096934 -0.01540718
v -0.01960091 -0.00035642 -0.01540718
v -0.01527445 -0.00125607 -0.01726573
v -0.01666681 -0.00130386 -0.01615060
v -0.01374872 -0.00117998 -0.01832776
v -0.01962758 -0.00098511 -0.01419116
v -0.02150540 -0.00127463 -0.01114845
v -0.02003836 -0.00117812 -0.01334154
v -0.02037978 -0.00131917 -0.01251847
v -0.02252967 -0.00117302 -0.00947576
v -0.02345258 -0.00098233 -0.00801016
v -0.02449819 -0.00095495 -0.00556219
v -0.02482894 -0.00106445 -0.00429838
v -0.02503699 -0.00118833 -0.00306112
v -0.02569316 -0.00088814 -0.00180793
v -0.02514368 -0.00124076 -0.00220619
v -0.02585320 -0.00084499 -0.00058659
v -0.02586387 -0.00085148 0.00065067
v -0.02585320 -0.00084267 0.00188262
v -0.02569850 -0.00090716 0.00322077
v -0.02580519 -0.00074523 0.00435714
v -0.02648270 -0.00008639 0.00535545
v -0.00602403 -0.00019681 0.02614994
v -0.00478638 -0.00028126 0.02624021
v -0.00354872 -0.00034714 0.02632517
v -0.00294056 -0.00004834 0.02665971
v -0.00231107 0.00025649 0.02699956
v -0.00108408 0.00023747 0.02701018
v 0.00015358 0.00025556 0.02699425
v 0.00138590 0.00092091 0.02744561
v 0.00101247 0.00241352 0.02848640
v 0.00149259 0.00287054 0.02868818
v -0.02592256 -0.00049005 0.00570061
v -0.02571984 -0.00048169 0.00682636
v -0.02555446 -0.00036524 0.00806362
v -0.02633866 0.00007044 0.00682636
v -0.02449285 -0.00089371 0.00934867
v -0.02390603 -0.00123705 0.00979472
v -0.02374599 -0.00113683 0.01053814
v -0.02348992 -0.00094242 0.01177540
v -0.02330321 -0.00064594 0.01295956
v -0.02250833 -0.00113822 0.01326755
v -0.02168145 -0.00135815 0.01402690
v -0.02061984 -0.00140454 0.01548188
v -0.02034244 -0.00130757 0.01622530
v -0.02123867 -0.00111502 0.01548188
v -0.02273773 -0.00127417 0.01244979
v -0.02087591 -0.00068677 0.01674038
v -0.02050248 -0.00023254 0.01795109
v -0.01952622 -0.00023161 0.01906622
v -0.01960091 -0.00086958 0.01794047
v -0.01878469 -0.00115400 0.01834935
v -0.01837926 -0.00090902 0.01918304
v -0.01828857 -0.00025017 0.02033003
v -0.01714693 -0.00025852 0.02135489
v -0.01710959 -0.00088999 0.02037251
v -0.01565855 -0.00021676 0.02251250
v -0.01461828 -0.00037915 0.02291607
v -0.01342863 -0.00088721 0.02282579
v -0.01220698 -0.00105888 0.02314971
v -0.01090531 -0.00083200 0.02403651
v -0.00973167 -0.00034900 0.02509322
v -0.00849401 -0.00049005 0.02527377
v -0.00736305 -0.00051556 0.02549148
v 0.02505607 0.00287054 0.00804238
v 0.02455994 0.00197785 0.00806362
v 0.02423986 0.00124848 0.00729365
v 0.02430921 0.00115800 0.00647058
v 0.02383975 0.00046482 0.00558909
v 0.02322092 -0.00020238 0.00558909
v 0.02240471 -0.00077493 0.00558909
v 0.02229268 -0.00094938 0.00429873
v 0.02242072 -0.00091412 0.00311988
v 0.02242605 -0.00092154 0.00177642
v 0.02180722 -0.00126628 0.00065067
v 0.02180189 -0.00126303 -0.00006089
v 0.02172720 -0.00124540 -0.00088396
v 0.02159917 -0.00120921 -0.00182386
v 0.02052155 -0.00125375 -0.00485594
v 0.02034017 -0.00120689 -0.00553564
v 0.01990272 -0.00111502 -0.00689504
v 0.01822762 -0.00129783 -0.00924212
v 0.01743275 -0.00133356 -0.01037848
v 0.01931591 -0.00125885 -0.00738357
v 0.01628578 -0.00137160 -0.01175912
v 0.01507480 -0.00138459 -0.01303355
v 0.01375179 -0.00141939 -0.01418585
v 0.01463202 -0.00130572 -0.01418585
v 0.01375179 -0.00130572 -0.01504609
v 0.01220472 -0.00130989 -0.01626212
v 0.01302627 -0.00124030 -0.01594882
v 0.01375179 -0.00114008 -0.01566207
v 0.01163390 -0.00121153 -0.01708519
v 0.01004949 -0.00117348 -0.01821624
v 0.00885985 -0.00108904 -0.01909773
v 0.00757418 -0.00119483 -0.01952254
v 0.00642721 -0.00139062 -0.01923579
v 0.00757418 -0.00134701 -0.01890125
v 0.00930796 -0.00124308 -0.01844458
v 0.00848108 -0.00129783 -0.01865699
v -0.01714693 -0.00183094 -0.01294859
v -0.01590928 -0.00179150 -0.01419116
v -0.01220164 -0.00168989 -0.01666038
v -0.01467696 -0.00172701 -0.01541780
v -0.01343930 -0.00165834 -0.01666038
v -0.01220164 -0.00156090 -0.01789233
v 0.00757418 -0.00148760 -0.01789233
v 0.00633652 -0.00154188 -0.01789233
v 0.00880650 -0.00153353 -0.01665507
v 0.01004949 -0.00154281 -0.01542311
v 0.00880650 -0.00155998 -0.01542311
v 0.01251947 -0.00154513 -0.01294859
v 0.01498944 -0.00155070 -0.00924212
v -0.01837926 -0.00186388 -0.01172195
v -0.01220164 -0.00134237 -0.01872602
v -0.01292183 -0.00128345 -0.01856671
v -0.01797382 -0.00132984 -0.01498768
v -0.01879537 -0.00118230 -0.01461066
v -0.01590928 -0.00138738 -0.01642673
v -0.01445290 -0.00134376 -0.01750469
v -0.01710426 -0.00142543 -0.01540718
v -0.02167612 -0.00134376 -0.01047938
v -0.02081722 -0.00139573 -0.01162637
v -0.02085457 -0.00160869 -0.01047938
v -0.01921681 -0.00133680 -0.01378759
v -0.01962758 -0.00144630 -0.01293797
v -0.02271639 -0.00126303 -0.00864738
v -0.02387402 -0.00122731 -0.00599231
v -0.02403940 -0.00130711 -0.00516924
v -0.02421011 -0.00138088 -0.00429838
v -0.02441816 -0.00145837 -0.00306112
v -0.02520770 -0.00127231 -0.00138311
v -0.02466356 -0.00146254 -0.00180793
v -0.02522904 -0.00128808 -0.00058659
v -0.02524505 -0.00129644 0.00065067
v -0.02523438 -0.00128948 0.00188262
v -0.02521304 -0.00127510 0.00287030
v -0.02518103 -0.00125793 0.00369869
v -0.02512768 -0.00123380 0.00435714
v -0.02501565 -0.00117766 0.00559440
v -0.00602403 -0.00079581 0.02536935
v -0.00354872 -0.00096562 0.02544900
v -0.00293523 -0.00067935 0.02591098
v -0.00231107 -0.00038797 0.02637828
v -0.00108408 -0.00039261 0.02639420
v 0.00015358 -0.00037684 0.02637828
v 0.00138590 -0.00033786 0.02633048
v 0.00138590 0.00030428 0.02695177
v 0.00140724 0.00193331 0.02813062
v 0.00262355 0.00099561 0.02739251
v 0.00262355 0.00183077 0.02795008
v 0.00183401 0.00247755 0.02844923
v 0.00262355 0.00255782 0.02840675
v 0.00262355 0.00287054 0.02856605
v -0.02489295 -0.00109971 0.00682636
v -0.02476492 -0.00098325 0.00806362
v -0.02402873 -0.00130572 0.00897165
v -0.02313250 -0.00145048 0.01053814
v -0.02287109 -0.00134469 0.01177540
v -0.02097727 -0.00151682 0.01436675
v -0.02209756 -0.00142774 0.01291708
v -0.01962225 -0.00167644 0.01548188
v -0.01960091 -0.00143517 0.01667135
v -0.01917413 -0.00133216 0.01752628
v -0.01999568 -0.00112570 0.01705368
v -0.01795781 -0.00133309 0.01876354
v -0.01749369 -0.00115261 0.01958661
v -0.01614401 -0.00112755 0.02074953
v -0.01589861 -0.00067239 0.02165225
v -0.01467696 -0.00104775 0.02187528
v -0.01382874 -0.00119575 0.02213548
v -0.01127340 -0.00118787 0.02335150
v -0.01300185 -0.00130293 0.02236912
v -0.01044652 -0.00127974 0.02355328
v -0.00973167 -0.00096748 0.02427546
v -0.00849401 -0.00110853 0.02444007
v -0.00726169 -0.00119436 0.02457283
v 0.02497605 0.00287054 0.00840878
v 0.02442124 0.00220056 0.00930619
v 0.02415984 0.00135983 0.00806362
v 0.02345565 0.00051307 0.00801052
v 0.02305555 -0.00004648 0.00756446
v 0.02382908 0.00068474 0.00686353
v 0.02312490 -0.00011190 0.00683167
v 0.02240471 -0.00062692 0.00683167
v 0.02147114 -0.00115678 0.00683167
v 0.02163118 -0.00121385 0.00558909
v 0.02173254 -0.00124633 0.00467575
v 0.02179655 -0.00126396 0.00384737
v 0.02180189 -0.00126721 0.00311988
v 0.02181256 -0.00126767 0.00188262
v 0.02186590 -0.00123798 0.00177642
v 0.02181256 -0.00126767 0.00177642
v 0.02117772 -0.00139480 0.00188262
v 0.02117239 -0.00139062 0.00065067
v 0.02125775 -0.00135258 -0.00052287
v 0.02098034 -0.00135397 -0.00182386
v 0.02079896 -0.00132520 -0.00306112
v 0.02066559 -0.00129133 -0.00403287
v 0.01972134 -0.00133495 -0.00553564
v 0.01852103 -0.00134516 -0.00801016
v 0.01745942 -0.00141986 -0.00924212
v 0.01622710 -0.00148110 -0.01047938
v 0.01498944 -0.00150337 -0.01171664
v 0.01375179 -0.00151033 -0.01294859
v 0.01251947 -0.00151126 -0.01418585
v 0.01128181 -0.00149688 -0.01542311
v 0.01004949 -0.00146950 -0.01665507
v 0.01257815 -0.00137902 -0.01549214
v 0.01124447 -0.00135258 -0.01666569
v 0.01004949 -0.00133402 -0.01759496
v 0.01080169 -0.00128205 -0.01736131
v 0.00885985 -0.00138135 -0.01797729
v -0.01714693 -0.00171495 -0.01419116
v -0.01590928 -0.00164906 -0.01541780
v -0.01337529 -0.00140640 -0.01790826
v 0.01375179 -0.00154188 -0.01171664
v 0.01498944 -0.00153724 -0.01047938
v 0.01622710 -0.00154234 -0.00801016
v 0.01622710 -0.00154884 -0.00677290
v -0.02085457 -0.00186156 0.01053814
v -0.01962225 -0.00186945 -0.00924212
v -0.01962225 -0.00184996 -0.01047938
v -0.01837926 -0.00174046 -0.01294859
v 0.01745942 -0.00155209 -0.00306112
v 0.01869708 -0.00154977 -0.00058659
v 0.01869708 -0.00155209 0.00065067
v 0.01869708 -0.00155302 0.00177642
v 0.01869708 -0.00155302 0.00311988
v 0.01869708 -0.00155256 0.00435714
v 0.01869708 -0.00155163 0.00558909
v -0.01838459 -0.00145326 -0.01419116
v -0.01478899 -0.00148203 -0.01677720
v -0.02210823 -0.00141290 -0.00913060
v -0.01962225 -0.00171402 -0.01172195
v -0.02085457 -0.00176227 -0.00924212
v -0.02209222 -0.00158550 -0.00801016
v -0.02283908 -0.00132056 -0.00801016
v -0.02308982 -0.00142310 -0.00677290
v -0.02332988 -0.00165788 -0.00429838
v -0.02332988 -0.00176088 -0.00306112
v -0.02456220 -0.00155627 -0.00058659
v -0.02456220 -0.00156323 0.00065067
v -0.02456754 -0.00153771 0.00177642
v -0.02456754 -0.00153538 0.00188262
v -0.02468490 -0.00144491 0.00322077
v -0.02450885 -0.00145929 0.00435714
v -0.02439682 -0.00143563 0.00559440
v -0.02427946 -0.00140640 0.00682636
v -0.02414609 -0.00136000 0.00806362
v -0.00602403 -0.00124030 0.02468965
v -0.00488774 -0.00097026 0.02526846
v -0.00454098 -0.00127556 0.02479054
v -0.00231107 -0.00100599 0.02547555
v -0.00536786 -0.00125793 0.02474806
v -0.00108408 -0.00101109 0.02547555
v 0.00015358 -0.00099532 0.02545962
v 0.00138590 -0.00095634 0.02542776
v 0.00262355 -0.00028358 0.02626676
v 0.00262355 0.00037898 0.02688805
v 0.00386121 0.00110000 0.02730755
v 0.00386121 0.00183077 0.02779077
v 0.00386121 0.00271511 0.02832178
v 0.00386121 0.00287054 0.02840675
v -0.02342591 -0.00148574 0.00934867
v -0.02209756 -0.00177201 0.01053814
v -0.02209756 -0.00162215 0.01177540
v -0.02085457 -0.00174557 0.01301266
v -0.01838459 -0.00171819 0.01671914
v -0.01837926 -0.00145280 0.01794047
v -0.01710959 -0.00142264 0.01918304
v -0.01667214 -0.00130293 0.01992115
v -0.01532246 -0.00126674 0.02105752
v -0.01467696 -0.00133866 0.02125399
v -0.01342863 -0.00144120 0.02170005
v -0.01220698 -0.00136325 0.02252843
v -0.01090531 -0.00141521 0.02292138
v -0.00973167 -0.00156090 0.02289483
v -0.00973167 -0.00132520 0.02365949
v -0.00849401 -0.00137206 0.02382410
v 0.02477866 0.00287054 0.00930619
v 0.02430921 0.00236944 0.01007085
v 0.02400513 0.00158254 0.00930619
v 0.02338630 0.00079842 0.00930619
v 0.02295419 0.00004770 0.00838753
v 0.02219666 -0.00033925 0.00930619
v 0.02249007 -0.00038148 0.00801052
v 0.02133243 -0.00107095 0.00806362
v 0.02048954 -0.00124494 0.00976286
v 0.02061224 -0.00128205 0.00893979
v 0.02070827 -0.00131221 0.00806362
v 0.02086298 -0.00134376 0.00683167
v 0.02101235 -0.00136743 0.00558909
v 0.02126308 -0.00135954 0.00429873
v 0.02117772 -0.00139341 0.00311988
v 0.01993473 -0.00153167 0.00311988
v 0.01993473 -0.00153214 0.00188262
v 0.01993473 -0.00152889 0.00065067
v 0.01993473 -0.00151636 -0.00058659
v 0.01993473 -0.00149224 -0.00182386
v 0.01993473 -0.00145466 -0.00306112
v 0.02004143 -0.00136696 -0.00438334
v 0.01745942 -0.00148110 -0.00801016
v 0.01622710 -0.00152471 -0.00924212
v 0.01869708 -0.00153353 -0.00306112
v 0.01869708 -0.00154420 -0.00182386
v 0.01745942 -0.00154698 -0.00429838
v -0.02085457 -0.00183233 0.01177540
v -0.02209756 -0.00182212 0.00930088
v -0.02332988 -0.00182676 -0.00058659
v 0.01746476 -0.00155302 0.00930619
v 0.01746476 -0.00154977 0.01053814
v -0.00973167 -0.00173675 0.02166287
v -0.01714693 -0.00180635 0.01671914
v -0.01838459 -0.00181006 0.01548188
v -0.02085457 -0.00183883 -0.00801016
v 0.01983337 -0.00153400 0.00177642
v 0.01869708 -0.00154698 0.00683167
v -0.02209222 -0.00172701 -0.00677290
v -0.02332988 -0.00180728 -0.00182386
v -0.02332988 -0.00181563 0.00065067
v -0.02332988 -0.00167644 0.00682636
v -0.02332988 -0.00162772 0.00806362
v -0.00354872 -0.00129087 0.02482772
v -0.00293523 -0.00114982 0.02515163
v -0.00726169 -0.00138923 0.02395685
v -0.00849401 -0.00160545 0.02289483
v -0.00231107 -0.00129968 0.02485427
v -0.00108408 -0.00129968 0.02485427
v 0.00015358 -0.00129458 0.02483833
v 0.00138590 -0.00128252 0.02480647
v 0.00219678 -0.00126953 0.02477461
v 0.00261288 -0.00096562 0.02525784
v 0.00386121 -0.00078003 0.02537466
v 0.00386121 -0.00020841 0.02618180
v 0.00386121 0.00048338 0.02680309
v 0.00458673 0.00117981 0.02725445
v 0.00504018 0.00176767 0.02753589
v 0.00442669 0.00287054 0.02830054
v 0.00406393 0.00287054 0.02836958
v -0.01962225 -0.00178268 0.01424992
v -0.01714693 -0.00170520 0.01795109
v -0.01220698 -0.00161287 0.02166287
v -0.01096932 -0.00169360 0.02166287
v 0.02471998 0.00287054 0.00951859
v 0.02417584 0.00261581 0.01089923
v 0.02385576 0.00190686 0.01050628
v 0.02446391 0.00287054 0.01038946
v 0.02320492 0.00101092 0.01053814
v 0.02281549 0.00018133 0.00930619
v 0.02198860 -0.00018614 0.01053814
v 0.02117772 -0.00072853 0.01053814
v 0.02108170 -0.00100924 0.00933274
v 0.02033484 -0.00118415 0.01053814
v 0.01935325 -0.00127510 0.01248696
v 0.01948128 -0.00131268 0.01177540
v 0.01971601 -0.00135768 0.01053814
v 0.02002009 -0.00136975 0.00933274
v 0.01993473 -0.00144491 0.00806362
v 0.01993473 -0.00148388 0.00683167
v 0.01993473 -0.00151126 0.00558909
v 0.01993473 -0.00152704 0.00435714
v 0.01869708 -0.00150987 -0.00429838
v 0.01869708 -0.00153910 0.00806362
v 0.01746476 -0.00154049 0.01177540
v 0.01622177 -0.00155163 0.01301266
v -0.01220698 -0.00174789 0.02042561
v 0.01498944 -0.00154327 0.01548188
v 0.01375179 -0.00154467 0.01671914
v 0.01251947 -0.00154327 0.01795109
v 0.01128181 -0.00153771 0.01919366
v 0.00880650 -0.00154420 0.02042561
v 0.00633652 -0.00154652 0.02166287
v 0.00386121 -0.00152982 0.02289483
v -0.01343930 -0.00168803 0.02042561
v -0.00354872 -0.00143377 0.02413209
v -0.00294056 -0.00136743 0.02449318
v -0.00108408 -0.00143331 0.02413740
v -0.00231107 -0.00143841 0.02413740
v -0.00293523 -0.00143610 0.02413740
v 0.00015358 -0.00142496 0.02413740
v 0.00138590 -0.00141197 0.02413740
v 0.00261288 -0.00136696 0.02422767
v 0.00386121 -0.00137810 0.02398340
v 0.00509887 -0.00135490 0.02382941
v 0.00301832 -0.00124679 0.02470027
v 0.00386121 -0.00121246 0.02459938
v 0.00509887 -0.00114982 0.02444538
v 0.00521623 -0.00048448 0.02549148
v 0.00488014 -0.00011376 0.02608622
v 0.00514688 0.00057989 0.02662254
v 0.00541361 0.00131390 0.02715356
v 0.00633652 0.00211426 0.02744030
v 0.00518956 0.00287054 0.02814124
v 0.02335429 0.00180942 0.01171699
v 0.02423986 0.00287054 0.01107446
v 0.02410115 0.00287054 0.01146210
v 0.02302354 0.00245760 0.01361802
v 0.02319425 0.00220752 0.01279495
v 0.02307155 0.00115429 0.01127094
v 0.02260210 0.00039383 0.01053814
v 0.02184990 -0.00007015 0.01128156
v 0.02122040 -0.00037869 0.01172761
v 0.01983871 -0.00090113 0.01293832
v 0.02010011 -0.00105053 0.01177540
v 0.01913453 -0.00119483 0.01331003
v 0.01811026 -0.00127278 0.01491369
v 0.01827564 -0.00131824 0.01424992
v 0.01870775 -0.00135908 0.01293832
v 0.01869708 -0.00144677 0.01177540
v 0.01869708 -0.00150012 0.01053814
v 0.01869708 -0.00152611 0.00930619
v 0.01746476 -0.00151729 0.01301266
v 0.01622177 -0.00153910 0.01424992
v 0.01498944 -0.00149270 0.01671914
v 0.01251947 -0.00148388 0.01919366
v 0.01004949 -0.00151822 0.02042561
v 0.00756884 -0.00152008 0.02166287
v 0.00509887 -0.00150430 0.02289483
v 0.00633652 -0.00144723 0.02289483
v 0.00633652 -0.00130943 0.02366479
v 0.00705671 -0.00127324 0.02354797
v 0.00633652 -0.00104403 0.02427546
v 0.00633652 -0.00042602 0.02526315
v 0.00570169 -0.00001957 0.02598532
v 0.00633652 0.00070284 0.02641013
v 0.00633652 0.00149578 0.02703142
v 0.00633652 0.00287054 0.02787042
v 0.00721675 0.00231284 0.02731286
v 0.02340231 0.00287054 0.01320914
v 0.02312490 0.00287054 0.01383042
v 0.02290618 0.00287054 0.01424992
v 0.02173254 0.00254390 0.01601289
v 0.02197793 0.00218989 0.01518982
v 0.02221266 0.00179875 0.01423930
v 0.02189258 0.00110511 0.01381449
v 0.02276214 0.00180942 0.01312949
v 0.02289017 0.00138303 0.01209401
v 0.02207396 0.00091070 0.01301266
v 0.02166319 0.00009364 0.01210994
v 0.02083097 -0.00024182 0.01301266
v 0.01997741 -0.00040375 0.01422337
v 0.01888913 -0.00106213 0.01424992
v 0.01777951 -0.00113544 0.01573676
v 0.01695262 -0.00129551 0.01623061
v 0.01740608 -0.00133773 0.01538629
v 0.01859572 -0.00082457 0.01538629
v 0.01746476 -0.00145187 0.01424992
v 0.01622177 -0.00148435 0.01548188
v 0.01494143 -0.00135397 0.01791923
v 0.01618442 -0.00135629 0.01667135
v 0.01370378 -0.00134979 0.01913525
v 0.01241277 -0.00133495 0.02037251
v 0.01128181 -0.00144769 0.02042561
v 0.00880650 -0.00146950 0.02166287
v 0.00880650 -0.00133216 0.02253374
v 0.00751016 -0.00135908 0.02292669
v 0.00959070 -0.00128948 0.02235850
v 0.00787826 -0.00121431 0.02336743
v 0.00751016 -0.00093686 0.02403119
v 0.00756884 -0.00027105 0.02505074
v 0.00633652 0.00008575 0.02588443
v 0.00756884 0.00092555 0.02621897
v 0.00840639 0.00110140 0.02607560
v 0.00760619 0.00187299 0.02688805
v 0.00753683 0.00287054 0.02751995
v 0.00804363 0.00253787 0.02718011
v 0.02210063 0.00287054 0.01567835
v 0.02145513 0.00179875 0.01555091
v 0.02182856 0.00287054 0.01615095
v 0.02156716 0.00287054 0.01653859
v 0.02063892 0.00233650 0.01744663
v 0.02083630 0.00188691 0.01662355
v 0.02166319 0.00136586 0.01464288
v 0.02079362 0.00097055 0.01548188
v 0.02115105 0.00060355 0.01421806
v 0.02063892 -0.00009566 0.01378794
v 0.02144980 0.00029361 0.01301266
v 0.01953463 -0.00019125 0.01548188
v 0.01740608 -0.00093129 0.01667135
v 0.01657386 -0.00116838 0.01705368
v 0.01575231 -0.00130108 0.01748380
v 0.01863840 -0.00024971 0.01660232
v 0.01327166 -0.00129412 0.01991584
v 0.01193265 -0.00126907 0.02106814
v 0.01128181 -0.00131546 0.02124337
v 0.01001748 -0.00136882 0.02168943
v 0.00880650 -0.00111270 0.02314971
v 0.01041759 -0.00121107 0.02211424
v 0.00886518 -0.00046592 0.02422767
v 0.00849175 -0.00013232 0.02488082
v 0.00756884 0.00030939 0.02566672
v 0.00885985 0.00056179 0.02539059
v 0.01004949 0.00081605 0.02510915
v 0.00923328 0.00132503 0.02590567
v 0.00881183 0.00177463 0.02638358
v 0.00772888 0.00287054 0.02745623
v 0.01004949 0.00220705 0.02615525
v 0.00880650 0.00282182 0.02703673
v 0.00832637 0.00287054 0.02724383
v 0.02058557 0.00117702 0.01614564
v 0.02133243 0.00287054 0.01688375
v 0.02029216 0.00151202 0.01697402
v 0.02074561 0.00287054 0.01772806
v 0.02031883 0.00287054 0.01828563
v 0.01914520 0.00272856 0.01959723
v 0.01948128 0.00223814 0.01877416
v 0.01914520 0.00141412 0.01834935
v 0.02015346 0.00035393 0.01548188
v 0.02041486 0.00010245 0.01461101
v 0.01932658 -0.00003256 0.01611378
v 0.01743808 -0.00033322 0.01790861
v 0.01622177 -0.00036431 0.01918304
v 0.01618442 -0.00097676 0.01791923
v 0.01530953 -0.00117534 0.01830687
v 0.01408788 -0.00117441 0.01951227
v 0.01818494 -0.00010309 0.01747318
v 0.01275420 -0.00114982 0.02074422
v 0.01241277 -0.00086401 0.02155136
v 0.01128181 -0.00108765 0.02186466
v 0.01001748 -0.00096469 0.02282048
v 0.01004949 -0.00030956 0.02390375
v 0.00931330 0.00002219 0.02470027
v 0.01004949 0.00019942 0.02451973
v 0.01090838 0.00105128 0.02489675
v 0.01004949 0.00158903 0.02572513
v 0.01068966 0.00242651 0.02600657
v 0.00884384 0.00287054 0.02704735
v 0.01946528 0.00106706 0.01752097
v 0.01981203 0.00070980 0.01653859
v 0.01918787 0.00287054 0.01964502
v 0.01896915 0.00287054 0.01989991
v 0.01794488 0.00265897 0.02090353
v 0.01831831 0.00216483 0.02007514
v 0.01872375 0.00178947 0.01922552
v 0.01796089 0.00134034 0.01967157
v 0.01831831 0.00098958 0.01884850
v 0.01901183 0.00024397 0.01694216
v 0.01701131 -0.00013928 0.01876885
v 0.01580566 -0.00014810 0.02000080
v 0.01496811 -0.00035596 0.02042030
v 0.01494143 -0.00098604 0.01913525
v 0.01370378 -0.00095727 0.02037251
v 0.01783819 0.00016695 0.01829625
v 0.01367177 -0.00029193 0.02162570
v 0.01251947 -0.00022929 0.02256560
v 0.01131915 -0.00045246 0.02296917
v 0.01092972 -0.00014345 0.02367011
v 0.01175127 0.00005466 0.02343115
v 0.01132982 0.00055251 0.02416395
v 0.01251947 0.00090885 0.02380286
v 0.01172993 0.00134266 0.02465779
v 0.01121246 0.00188459 0.02533749
v 0.01221539 0.00216715 0.02494985
v 0.01304227 0.00255318 0.02470027
v 0.01132449 0.00287054 0.02587912
v 0.01089771 0.00287054 0.02611808
v 0.00995880 0.00287054 0.02655882
v 0.01866507 0.00061700 0.01790861
v 0.01829164 0.00287054 0.02066457
v 0.01801423 0.00287054 0.02096725
v 0.01769948 0.00287054 0.02126461
v 0.01672323 0.00287054 0.02217796
v 0.01666455 0.00270212 0.02212486
v 0.01711800 0.00212957 0.02130179
v 0.01754478 0.00173519 0.02051588
v 0.01674990 0.00130554 0.02095132
v 0.01713400 0.00095107 0.02012824
v 0.01749143 0.00055854 0.01922021
v 0.01663254 0.00012797 0.01958661
v 0.01536821 0.00013911 0.02082918
v 0.01454666 -0.00012582 0.02119558
v 0.01321298 -0.00006597 0.02233726
v 0.01251947 0.00029175 0.02318157
v 0.01322899 0.00114176 0.02357983
v 0.01258348 0.00178483 0.02445070
v 0.01368777 0.00187252 0.02382410
v 0.01449865 0.00231191 0.02361169
v 0.01355440 0.00287054 0.02453566
v 0.01317030 0.00287054 0.02477992
v 0.01272219 0.00287054 0.02505605
v 0.01648317 0.00287054 0.02237443
v 0.01532553 0.00284502 0.02329840
v 0.01584300 0.00219360 0.02247001
v 0.01629112 0.00174957 0.02172128
v 0.01544823 0.00136911 0.02214610
v 0.01592302 0.00096174 0.02131772
v 0.01627511 0.00054462 0.02047871
v 0.01500011 0.00057896 0.02166818
v 0.01403453 0.00019525 0.02201865
v 0.01363442 0.00066804 0.02281517
v 0.01461601 0.00101834 0.02247001
v 0.01405053 0.00148742 0.02329840
v 0.01496811 0.00184051 0.02288952
v 0.01478139 0.00287054 0.02370728
v 0.01533087 0.00287054 0.02330371
v 0.01144177 0.04043075 0.02757162
v 0.01144177 0.04016113 0.02757162
v 0.01200215 0.04016113 0.02728594
v 0.01144177 0.04139896 0.02757022
v 0.01144177 0.03027074 0.02756182
v 0.01199690 0.03027074 0.02728174
v 0.01262027 0.03892330 0.02692464
v 0.01262027 0.04016113 0.02692464
v 0.01199953 0.04139896 0.02728314
v 0.01261503 0.03150448 0.02692604
v 0.01144177 0.04166858 0.02756882
v 0.01144177 0.02408567 0.02750020
v 0.01193653 0.02285193 0.02724813
v 0.01261503 0.03027074 0.02692324
v 0.01255465 0.02285193 0.02690364
v 0.01362423 0.03274231 0.02630707
v 0.01362423 0.03892330 0.02630567
v 0.01361898 0.04016113 0.02630567
v 0.01261765 0.04139896 0.02692184
v 0.01260978 0.04263270 0.02691764
v 0.01199034 0.04263270 0.02727894
v 0.01144177 0.04460588 0.02754782
v 0.01362292 0.03150448 0.02630707
v 0.01144177 0.02285193 0.02748760
v 0.01253891 0.02161818 0.02690084
v 0.01144177 0.01296154 0.02738397
v 0.01183023 0.01296154 0.02719212
v 0.01360323 0.02161818 0.02628327
v 0.01424236 0.03274231 0.02590236
v 0.01424236 0.03892330 0.02590236
v 0.01361111 0.04139896 0.02630427
v 0.01359930 0.04263270 0.02629867
v 0.01259403 0.04460588 0.02690504
v 0.01197590 0.04460588 0.02727054
v 0.01144177 0.04460588 0.02325423
v 0.01424104 0.03150448 0.02590096
v 0.01422136 0.02161818 0.02588976
v 0.01252447 0.01296154 0.02680281
v 0.01144177 0.01172371 0.02736436
v 0.01181054 0.01172371 0.02718231
v 0.01252447 0.01172371 0.02678600
v 0.01349562 0.01172371 0.02621605
v 0.01409931 0.01048996 0.02581554
v 0.01572795 0.03892330 0.02484227
v 0.01499696 0.03768955 0.02536601
v 0.01499696 0.03892330 0.02536741
v 0.01423710 0.04016113 0.02589816
v 0.01422923 0.04139896 0.02589116
v 0.01358092 0.04460588 0.02628607
v 0.01317934 0.04460588 0.02653814
v 0.02046427 0.04460588 0.01326666
v 0.01144177 0.00287097 0.02044225
v 0.01499696 0.01048996 0.02520637
v 0.01562296 0.00972602 0.02476384
v 0.01499696 0.02161818 0.02532680
v 0.01144177 0.01048996 0.02733076
v 0.01177511 0.01048996 0.02716551
v 0.01252447 0.01048996 0.02675520
v 0.01348118 0.01048996 0.02620204
v 0.01406781 0.00925213 0.02579873
v 0.01511245 0.00928890 0.02509854
v 0.01634607 0.03892330 0.02437314
v 0.01633820 0.04016113 0.02436754
v 0.01572007 0.04016113 0.02483527
v 0.01499696 0.04016113 0.02535761
v 0.01568989 0.02285193 0.02481566
v 0.01419905 0.04460588 0.02587015
v 0.02448141 0.04460588 0.01326666
v 0.01804427 0.00287097 0.01326666
v 0.01144177 0.00287097 0.02581274
v 0.01560065 0.00890080 0.02474704
v 0.01611379 0.00928890 0.02436474
v 0.01701407 0.00925213 0.02365614
v 0.01702588 0.01048996 0.02366594
v 0.01624502 0.01048996 0.02428351
v 0.01568596 0.02161818 0.02481286
v 0.01144177 0.00986900 0.02730695
v 0.01144177 0.00925213 0.02728314
v 0.01172787 0.00925213 0.02714030
v 0.01252447 0.00925213 0.02670758
v 0.01344969 0.00925213 0.02617964
v 0.01338144 0.00801430 0.02613903
v 0.01399957 0.00801430 0.02575532
v 0.01493266 0.00801430 0.02513775
v 0.01713480 0.03892330 0.02375416
v 0.01712824 0.04016113 0.02374857
v 0.01630933 0.02285193 0.02432973
v 0.01632376 0.04139896 0.02435213
v 0.01567414 0.04387053 0.02480306
v 0.01570564 0.04139896 0.02482546
v 0.01499696 0.04387053 0.02530159
v 0.01499696 0.04460588 0.02528899
v 0.02430687 0.04460588 0.01371899
v 0.02478588 0.02903291 0.01326666
v 0.02338690 0.00287097 0.01326666
v 0.01273051 0.00287097 0.02506073
v 0.01144177 0.00295268 0.02586175
v 0.01555078 0.00801430 0.02471203
v 0.01623321 0.00801430 0.02418829
v 0.01696551 0.00801430 0.02361553
v 0.01763219 0.00925213 0.02312259
v 0.01764400 0.01048996 0.02313099
v 0.01770174 0.02285193 0.02318981
v 0.01708362 0.02285193 0.02371075
v 0.01144177 0.00874148 0.02725513
v 0.01165700 0.00801430 0.02710389
v 0.01252447 0.00801430 0.02662916
v 0.01252447 0.00678055 0.02648492
v 0.01325546 0.00678055 0.02606340
v 0.01387358 0.00678055 0.02567130
v 0.01481061 0.00678055 0.02505372
v 0.01774768 0.03768955 0.02322622
v 0.01775293 0.03892330 0.02322762
v 0.01774636 0.04016113 0.02322062
v 0.01710856 0.04139896 0.02373456
v 0.01566364 0.04460588 0.02479465
v 0.02403915 0.04460588 0.01433656
v 0.02419663 0.02903291 0.01470346
v 0.02446304 0.02903291 0.01408449
v 0.02478851 0.02874286 0.01326666
v 0.02313231 0.00287097 0.01382822
v 0.02344990 0.00300170 0.01326666
v 0.02323729 0.00328358 0.01403688
v 0.01161107 0.00307115 0.02582814
v 0.01318065 0.00287097 0.02478485
v 0.01189847 0.00369619 0.02599058
v 0.01144177 0.00302213 0.02589816
v 0.01542873 0.00678055 0.02462521
v 0.01690383 0.00716865 0.02356511
v 0.01758363 0.00801430 0.02308198
v 0.01831724 0.00925213 0.02250502
v 0.01827525 0.00801430 0.02246441
v 0.01832643 0.01048996 0.02251342
v 0.01839205 0.02161818 0.02256524
v 0.01839598 0.02285193 0.02257224
v 0.01144177 0.00801430 0.02721172
v 0.01144177 0.00765888 0.02717671
v 0.01144177 0.00678055 0.02708149
v 0.01153364 0.00678055 0.02703387
v 0.01316490 0.00610649 0.02600879
v 0.01460982 0.00554272 0.02491649
v 0.01843011 0.03892330 0.02261005
v 0.01843011 0.03768955 0.02260725
v 0.01841830 0.04016113 0.02260305
v 0.01772799 0.04139896 0.02320381
v 0.01708362 0.04263270 0.02371495
v 0.01628177 0.04460588 0.02429751
v 0.02350895 0.04460588 0.01548488
v 0.02379242 0.02903291 0.01548488
v 0.02420057 0.02779508 0.01471327
v 0.02446829 0.02779508 0.01409569
v 0.02335278 0.04460588 0.01579997
v 0.02312049 0.04460588 0.01626489
v 0.02479244 0.02779508 0.01326666
v 0.02291708 0.00287097 0.01424974
v 0.02302994 0.00369619 0.01486171
v 0.02391578 0.00403527 0.01326666
v 0.02399715 0.00422319 0.01326666
v 0.01356518 0.00287097 0.02453838
v 0.01338932 0.00338163 0.02491649
v 0.01144177 0.00338163 0.02608021
v 0.01421348 0.00396582 0.02465041
v 0.01255203 0.00419051 0.02578333
v 0.01215832 0.00452141 0.02614183
v 0.01144177 0.00420276 0.02642190
v 0.01144177 0.00415374 0.02640370
v 0.01680934 0.00634343 0.02348669
v 0.01633164 0.00676421 0.02393622
v 0.01522794 0.00554272 0.02447957
v 0.01605473 0.00554272 0.02386199
v 0.01737759 0.00676421 0.02307638
v 0.01817944 0.00678055 0.02237338
v 0.01893537 0.00925213 0.02188885
v 0.01894455 0.01048996 0.02189865
v 0.01889337 0.00801430 0.02184684
v 0.01901017 0.02161818 0.02196867
v 0.01904954 0.03768955 0.02200788
v 0.01144177 0.00667434 0.02706468
v 0.01255203 0.00563260 0.02624125
v 0.01298249 0.00528127 0.02589816
v 0.01365048 0.00563260 0.02556907
v 0.01144177 0.00553864 0.02683502
v 0.01445233 0.00478695 0.02480866
v 0.01904823 0.03892330 0.02200508
v 0.01903773 0.04016113 0.02198968
v 0.01839992 0.04139896 0.02258484
v 0.01770306 0.04263270 0.02318001
v 0.01705475 0.04387053 0.02369255
v 0.01703638 0.04460588 0.02367854
v 0.02324648 0.02903291 0.01645815
v 0.02325042 0.02779508 0.01646795
v 0.02328060 0.02038035 0.01651416
v 0.02380030 0.02779508 0.01548488
v 0.02298138 0.04460588 0.01651696
v 0.02384230 0.02038035 0.01548488
v 0.02421238 0.02038035 0.01472867
v 0.02449322 0.01296154 0.01413350
v 0.02484888 0.01172371 0.01326666
v 0.02484494 0.01296154 0.01326666
v 0.02289608 0.00295268 0.01436877
v 0.02225827 0.00300170 0.01555630
v 0.02211129 0.00287097 0.01568653
v 0.02346302 0.00418642 0.01436877
v 0.02318480 0.00452141 0.01513618
v 0.02283571 0.00418642 0.01552269
v 0.02196693 0.00336937 0.01636852
v 0.02415070 0.00463988 0.01326666
v 0.02421763 0.00513420 0.01351173
v 0.01479355 0.00287097 0.02371075
v 0.01378565 0.00300987 0.02446836
v 0.01495103 0.00318554 0.02376537
v 0.01562559 0.00367168 0.02352870
v 0.01491822 0.00434983 0.02430312
v 0.01378565 0.00434983 0.02507333
v 0.01810727 0.00609832 0.02230336
v 0.01667285 0.00554272 0.02337886
v 0.01752326 0.00562852 0.02267587
v 0.01578569 0.00430489 0.02365334
v 0.01879757 0.00678055 0.02175301
v 0.01952724 0.00925213 0.02126988
v 0.01948918 0.00801430 0.02122927
v 0.01953643 0.01048996 0.02127968
v 0.01959286 0.02038035 0.02134410
v 0.01940257 0.00678055 0.02113544
v 0.01959549 0.02161818 0.02135110
v 0.01963879 0.03768955 0.02139031
v 0.01963486 0.03892330 0.02138611
v 0.01961911 0.04016113 0.02137211
v 0.01901805 0.04139896 0.02196727
v 0.01837368 0.04263270 0.02256104
v 0.01767287 0.04387053 0.02315060
v 0.01765581 0.04460588 0.02312959
v 0.02286590 0.02903291 0.01707572
v 0.02287377 0.02779508 0.01708552
v 0.02277403 0.04460588 0.01688386
v 0.02252337 0.04460588 0.01730398
v 0.02220578 0.03892330 0.01795796
v 0.02290002 0.02038035 0.01713173
v 0.02290264 0.01914252 0.01713734
v 0.02328323 0.01914252 0.01651836
v 0.02384492 0.01914252 0.01548488
v 0.02421501 0.01296154 0.01475108
v 0.02449322 0.01172371 0.01412230
v 0.02483575 0.01048996 0.01326666
v 0.02183044 0.00287097 0.01615566
v 0.02398665 0.00554272 0.01418392
v 0.02294857 0.00526084 0.01596101
v 0.02213360 0.00432941 0.01675643
v 0.02169920 0.00392905 0.01719195
v 0.02150891 0.00300170 0.01675643
v 0.02157584 0.00287097 0.01654637
v 0.02437643 0.00535889 0.01326666
v 0.02431737 0.00595942 0.01373019
v 0.01530406 0.00287097 0.02333825
v 0.01695238 0.00352870 0.02237478
v 0.01640382 0.00430489 0.02316320
v 0.01534212 0.00287097 0.02331024
v 0.01539330 0.00287097 0.02326963
v 0.01615053 0.00318962 0.02283831
v 0.01865846 0.00569388 0.02161998
v 0.01933826 0.00611058 0.02106542
v 0.01797209 0.00527310 0.02217593
v 0.01714924 0.00430489 0.02254423
v 0.02014537 0.00925213 0.02056408
v 0.02015455 0.01048996 0.02057949
v 0.02059157 0.00720542 0.01985129
v 0.02010731 0.00801430 0.02051927
v 0.02018080 0.01543311 0.02062430
v 0.02018867 0.01667094 0.02062990
v 0.02072937 0.01667094 0.02001233
v 0.02052201 0.00638429 0.01976726
v 0.02010599 0.00678873 0.02033022
v 0.02021099 0.02038035 0.02063410
v 0.02025692 0.03768955 0.02068872
v 0.02025298 0.03892330 0.02068452
v 0.02023723 0.04016113 0.02066631
v 0.01959549 0.04139896 0.02134830
v 0.01956924 0.04263270 0.02132029
v 0.01899180 0.04263270 0.02193786
v 0.01834087 0.04387053 0.02253163
v 0.01831593 0.04460588 0.02251062
v 0.02181076 0.03892330 0.01859794
v 0.02215591 0.04460588 0.01790335
v 0.02180419 0.03994052 0.01858814
v 0.02232651 0.01790877 0.01795796
v 0.02232783 0.01667094 0.01795796
v 0.02290395 0.01790877 0.01713593
v 0.02137768 0.03892330 0.01921691
v 0.02183307 0.02655725 0.01862595
v 0.02328060 0.01790877 0.01651836
v 0.02383048 0.01419937 0.01548488
v 0.02382392 0.01296154 0.01548488
v 0.02420844 0.01172371 0.01473987
v 0.02448404 0.01048996 0.01409289
v 0.02480951 0.00925213 0.01326666
v 0.02328585 0.00562035 0.01552269
v 0.02186062 0.00475427 0.01743282
v 0.02305094 0.00608606 0.01613186
v 0.02262573 0.00562035 0.01661499
v 0.02135405 0.00432941 0.01788934
v 0.02057057 0.00366760 0.01859094
v 0.02080680 0.00318145 0.01790335
v 0.02133962 0.00287097 0.01689367
v 0.02444861 0.00566937 0.01326666
v 0.02460215 0.00648642 0.01326666
v 0.02438167 0.00678055 0.01386323
v 0.02407327 0.00678055 0.01448080
v 0.01820307 0.00348784 0.02116765
v 0.01776736 0.00430489 0.02198268
v 0.01649175 0.00287097 0.02237758
v 0.01673191 0.00287097 0.02218013
v 0.01701013 0.00287097 0.02192386
v 0.01745240 0.00309566 0.02164938
v 0.01920965 0.00528536 0.02092538
v 0.01970966 0.00563668 0.02048006
v 0.02041309 0.00554272 0.01963423
v 0.01839861 0.00430489 0.02136510
v 0.02067031 0.00925213 0.01994651
v 0.02068343 0.01048996 0.01996192
v 0.02063357 0.00801430 0.01990170
v 0.02071493 0.01419937 0.01999553
v 0.02072412 0.01543311 0.02000673
v 0.02096559 0.00678873 0.01929113
v 0.02166246 0.00678055 0.01838928
v 0.02173858 0.00801430 0.01849711
v 0.02119394 0.00801430 0.01919450
v 0.02134749 0.01667094 0.01925192
v 0.02076218 0.03768955 0.02007115
v 0.02090654 0.00554272 0.01901666
v 0.02152597 0.00554272 0.01820723
v 0.02075955 0.03892330 0.02006835
v 0.02074774 0.04016113 0.02005014
v 0.02072806 0.04139896 0.02002353
v 0.02021492 0.04139896 0.02063970
v 0.02018736 0.04263270 0.02061170
v 0.02015324 0.04387053 0.02057809
v 0.01953512 0.04387053 0.02128248
v 0.01895899 0.04387053 0.02190005
v 0.01893405 0.04460588 0.02187345
v 0.02199711 0.04460588 0.01815542
v 0.02179632 0.04076574 0.01857693
v 0.02145117 0.04027551 0.01907827
v 0.02184094 0.01667094 0.01863435
v 0.02183700 0.01543311 0.01862875
v 0.02231733 0.01543311 0.01795796
v 0.02290264 0.01667094 0.01713173
v 0.02327666 0.01667094 0.01651416
v 0.02327142 0.01543311 0.01650296
v 0.02326617 0.01419937 0.01648896
v 0.02325960 0.01296154 0.01647355
v 0.02380555 0.01172371 0.01548488
v 0.02419401 0.01048996 0.01471186
v 0.02446829 0.00925213 0.01405228
v 0.02475964 0.00801430 0.01326666
v 0.02196824 0.00554272 0.01758966
v 0.02069918 0.00430489 0.01875198
v 0.02352470 0.00678055 0.01548488
v 0.02310212 0.00678055 0.01621728
v 0.02271104 0.00678055 0.01683625
v 0.02209291 0.00678055 0.01777171
v 0.02018999 0.00430489 0.01936955
v 0.01957186 0.00430489 0.02009635
v 0.01940126 0.00355729 0.01990170
v 0.01919128 0.00287097 0.01965523
v 0.01936320 0.00287097 0.01945078
v 0.02028054 0.00287097 0.01834447
v 0.02032647 0.00287097 0.01828845
v 0.02035928 0.00287097 0.01824644
v 0.02074774 0.00287097 0.01773810
v 0.02464546 0.00678055 0.01326666
v 0.02444073 0.00801430 0.01398646
v 0.02413757 0.00801430 0.01460544
v 0.01901673 0.00430489 0.02071392
v 0.01770962 0.00287097 0.02126848
v 0.01801802 0.00287097 0.02097300
v 0.02126875 0.00925213 0.01919450
v 0.02179107 0.01016314 0.01856993
v 0.02139736 0.01053899 0.01907267
v 0.02134224 0.01543311 0.01924632
v 0.02216641 0.00801430 0.01787814
v 0.02220578 0.00925213 0.01793136
v 0.02177663 0.00925213 0.01855033
v 0.02175957 0.04460588 0.01852232
v 0.02155747 0.04460588 0.01879259
v 0.02070706 0.04263270 0.01999412
v 0.02068081 0.04387053 0.01996052
v 0.02066506 0.04460588 0.01993951
v 0.02044983 0.04460588 0.02019018
v 0.02012962 0.04460588 0.02055568
v 0.01987764 0.04460588 0.02084276
v 0.01951149 0.04460588 0.02125588
v 0.02229502 0.01419937 0.01795796
v 0.02288558 0.01419937 0.01710793
v 0.02289608 0.01543311 0.01712193
v 0.02287246 0.01296154 0.01709112
v 0.02324779 0.01172371 0.01645395
v 0.02377405 0.01048996 0.01548488
v 0.02417170 0.00925213 0.01466985
v 0.02365594 0.00801430 0.01548488
v 0.02316905 0.00801430 0.01632791
v 0.02278453 0.00801430 0.01694688
v 0.01829493 0.00287097 0.02066911
v 0.02372812 0.00925213 0.01548488
v 0.02214278 0.01053899 0.01807840
v 0.02282390 0.00925213 0.01700850
v 0.02284621 0.01048996 0.01704631
v 0.02100759 0.04460588 0.01950679
v 0.02224909 0.01172371 0.01795796
v 0.02286065 0.01172371 0.01707152
v 0.02323073 0.01048996 0.01642734
v 0.02320711 0.00925213 0.01639093
v -0.02006847 0.04460865 0.01859453
v -0.02006847 0.04460865 0.02377739
v -0.02006847 0.04494191 0.01857673
v -0.00197908 0.04460865 0.02692789
v -0.01962403 0.04460865 0.02413015
v -0.02006847 0.06979470 0.02914310
v -0.02006847 0.04620552 0.01851848
v -0.00197908 0.04460865 0.03063340
v -0.02006847 0.04634716 0.01851363
v -0.02006847 0.04746079 0.01849583
v -0.02006847 0.04758299 0.01849583
v -0.00197908 0.05713919 0.02694569
v -0.01891221 0.04460865 0.02469002
v -0.01918844 0.07012796 0.02981139
v -0.02006847 0.07074448 0.02927579
v -0.01829424 0.04460865 0.02513500
v -0.01740358 0.04460865 0.02575313
v -0.00231551 0.04460865 0.03063178
v -0.00197908 0.06983636 0.03493115
v -0.00231551 0.06983636 0.03493438
v -0.02006847 0.05623939 0.01854437
v -0.00197908 0.05747523 0.02694730
v -0.01678384 0.06983636 0.03107677
v -0.01689893 0.07107497 0.03113987
v -0.01922916 0.07107497 0.02983566
v -0.01984713 0.07107497 0.02946026
v -0.02006847 0.07107497 0.02931786
v -0.01678561 0.04460865 0.02615604
v -0.01591620 0.04460865 0.02667222
v -0.01509637 0.04460865 0.02713015
v -0.00355145 0.04460865 0.03057353
v -0.00197908 0.07107497 0.03502014
v -0.00231551 0.07107497 0.03502500
v -0.00355145 0.07107497 0.03495056
v -0.00478916 0.06997243 0.03478390
v -0.00364176 0.06972250 0.03482597
v -0.02006847 0.05726416 0.01860424
v -0.00197908 0.05871106 0.02699909
v -0.00197908 0.05837502 0.02698452
v -0.01591620 0.06983636 0.03151689
v -0.01591620 0.07107497 0.03163826
v -0.01673426 0.07184424 0.03104926
v -0.01912115 0.07178592 0.02977094
v -0.02006847 0.07212473 0.02884537
v -0.01447839 0.04460865 0.02743598
v -0.00478916 0.04460865 0.03044246
v -0.00602511 0.07024182 0.03470784
v -0.00197908 0.07129992 0.03495865
v -0.00197908 0.07191090 0.03478875
v -0.00231551 0.07191090 0.03479037
v -0.00355145 0.07185535 0.03475153
v -0.00455720 0.07176926 0.03469814
v -0.00538235 0.07167484 0.03464635
v -0.00489718 0.07118606 0.03478551
v -0.00602511 0.07080559 0.03470784
v -0.00669974 0.07052787 0.03465930
v -0.00669974 0.07041956 0.03465930
v -0.02006847 0.05748911 0.01862042
v -0.00197908 0.05961086 0.02707837
v -0.01492284 0.06983636 0.03199910
v -0.01505210 0.07107497 0.03205735
v -0.01426060 0.07180814 0.03225800
v -0.01591620 0.07207475 0.03124991
v -0.01950539 0.07229136 0.02900718
v -0.02006847 0.07258574 0.02832433
v -0.01344254 0.04460865 0.02793274
v -0.00529204 0.04460865 0.03036479
v -0.00197908 0.07207752 0.03459619
v -0.00197908 0.07258297 0.03396674
v -0.00235800 0.07260796 0.03391981
v -0.00355145 0.07244411 0.03403147
v -0.00849877 0.07213306 0.03377580
v -0.00973471 0.07203864 0.03365929
v -0.01074932 0.07187757 0.03352499
v -0.00849877 0.07107497 0.03423049
v -0.00602511 0.07142211 0.03459943
v -0.00717075 0.07099165 0.03448454
v -0.00973471 0.07107497 0.03397483
v -0.01169664 0.07032236 0.03345056
v -0.00973471 0.06983636 0.03385185
v -0.00854303 0.04460865 0.02974181
v -0.00829160 0.04460865 0.02980006
v -0.00768602 0.04460865 0.02992951
v -0.00726105 0.04460865 0.03001851
v -0.00652798 0.04460865 0.03015767
v -0.00602511 0.04460865 0.03024828
v -0.02006847 0.05811675 0.01869324
v -0.00197908 0.05994412 0.02710912
v -0.01430487 0.06983636 0.03228874
v -0.01443413 0.07107497 0.03234052
v -0.01157269 0.07164984 0.03340849
v -0.01344254 0.07202753 0.03242952
v -0.01344254 0.07107497 0.03275962
v -0.01163820 0.07293566 0.03219004
v -0.01491399 0.07287734 0.03070136
v -0.01906449 0.07294399 0.02849585
v -0.01988786 0.07279403 0.02819812
v -0.02006847 0.07273570 0.02814795
v -0.01289717 0.04460865 0.02818679
v -0.00197908 0.07270794 0.03378389
v -0.00197908 0.07293011 0.03344085
v -0.01097065 0.07295788 0.03224182
v -0.00973471 0.07265795 0.03288259
v -0.01211275 0.07238301 0.03258162
v -0.01169664 0.07082503 0.03345056
v -0.01108398 0.07117217 0.03359943
v -0.01344254 0.06983636 0.03265120
v -0.01193568 0.04460865 0.02862045
v -0.01138145 0.04460865 0.02884375
v -0.01097065 0.04460865 0.02900556
v -0.01023759 0.04460865 0.02925799
v -0.00973471 0.04460865 0.02942142
v -0.00923892 0.04460865 0.02956543
v -0.00890957 0.04460865 0.02965443
v -0.02006847 0.05840002 0.01873855
v -0.00197908 0.06117162 0.02727740
v -0.00197908 0.06072172 0.02720620
v -0.00197908 0.06051899 0.02718032
v -0.01255365 0.04460865 0.02834537
v -0.01218712 0.04460865 0.02851042
v -0.01214639 0.07117217 0.03325153
v -0.02006847 0.07297454 0.02757676
v -0.00197908 0.07293288 0.03342305
v -0.00973471 0.07295788 0.03226447
v -0.01953549 0.07297454 0.02781138
v -0.02006847 0.05890268 0.01882754
v -0.00197908 0.06241857 0.02749423
v -0.00197908 0.06134103 0.02730491
v -0.02006847 0.07297454 0.02683404
v -0.00197908 0.07293288 0.03336965
v -0.00973471 0.07295788 0.03205897
v -0.01962403 0.07297454 0.02696834
v -0.02006847 0.05929982 0.01891492
v -0.00197908 0.06365440 0.02775799
v -0.00197908 0.06331836 0.02768517
v -0.02006847 0.07281625 0.02618517
v -0.00197908 0.07277459 0.03283243
v -0.02006847 0.05994412 0.01906379
v -0.02006847 0.06039124 0.01918191
v -0.00197908 0.06455698 0.02801203
v -0.00197908 0.07212751 0.03186156
v -0.02006847 0.07222471 0.02548452
v -0.02006847 0.06118273 0.01942139
v -0.00197908 0.06489024 0.02810750
v -0.02006847 0.07151654 0.02486963
v -0.00197908 0.06736469 0.02922563
v -0.02006847 0.06568728 0.02122075
v -0.02006847 0.06618717 0.02151849
v -0.02006847 0.06222972 0.01975797
v -0.00197908 0.06547900 0.02831462
v -0.02006847 0.06289346 0.01997479
v -0.00197908 0.06630659 0.02866899
v -0.02006847 0.06544289 0.02109130
v -0.00197908 0.06569006 0.02838906
v -0.02006847 0.06365440 0.02026444
v -0.00197908 0.06613996 0.02859294
v -0.02006847 0.06489024 0.02081946
v -0.02006847 0.06407931 0.02045376
v 0.02872965 0.07312944 -0.00057800
v 0.02850195 0.07312944 -0.00057800
v 0.02992796 0.07312381 -0.00057800
v 0.02850487 0.07313225 -0.00058274
v 0.01588394 0.07310409 -0.02177519
v 0.02794731 0.07295761 -0.00098778
v 0.02765540 0.07241114 -0.00057800
v 0.02994547 0.07311536 -0.00057800
v 0.02961123 0.07318015 -0.00306510
v 0.02971048 0.07318015 -0.00182629
v 0.02859683 0.07330690 -0.00306510
v 0.02859683 0.07325056 -0.00182629
v 0.01588394 0.07325902 -0.02282214
v 0.01588394 0.07270691 -0.02119250
v 0.02496978 0.06737177 -0.00057800
v 0.03040524 0.07286184 -0.00096172
v 0.03061250 0.07240832 -0.00057800
v 0.02950322 0.07314916 -0.00430154
v 0.02859683 0.07330690 -0.00553799
v 0.02859683 0.07332943 -0.00430154
v 0.02612431 0.07337451 -0.01048376
v 0.02241553 0.07338296 -0.01666361
v 0.01747049 0.07333225 -0.02160938
v 0.01623277 0.07328437 -0.02284583
v 0.01588394 0.07310127 -0.02380751
v 0.01588394 0.07267310 -0.02116645
v 0.02443850 0.06633798 -0.00057800
v 0.02444580 0.06635488 -0.00057800
v 0.02496541 0.06736332 -0.00057800
v 0.03032788 0.07269001 -0.00182629
v 0.02926969 0.07298014 -0.00637649
v 0.02936894 0.07306466 -0.00553799
v 0.03061980 0.07238860 -0.00057800
v 0.03056433 0.07207312 -0.00182629
v 0.02867856 0.07318860 -0.00678390
v 0.02736057 0.07331817 -0.00924732
v 0.02736057 0.07334634 -0.00801087
v 0.02612431 0.07332380 -0.01172020
v 0.02365033 0.07336887 -0.01542717
v 0.01996928 0.07320268 -0.02040373
v 0.02243013 0.07318860 -0.01791190
v 0.01870091 0.07317169 -0.02161886
v 0.01737708 0.07311254 -0.02281267
v 0.01623277 0.07307029 -0.02368671
v 0.01588394 0.07247029 -0.02439020
v 0.01588394 0.07204213 -0.02068087
v 0.02418161 0.06572390 -0.00057800
v 0.03049427 0.07185340 -0.00270980
v 0.03025928 0.07228438 -0.00309826
v 0.03001553 0.07230973 -0.00430154
v 0.02973529 0.07230973 -0.00553799
v 0.02914416 0.07278578 -0.00720079
v 0.02799840 0.07294635 -0.00990344
v 0.02811371 0.07302522 -0.00924732
v 0.02835600 0.07315479 -0.00801087
v 0.03079202 0.07107313 -0.00057800
v 0.03079202 0.07107313 -0.00058984
v 0.02735765 0.07315479 -0.01038191
v 0.02611993 0.07315198 -0.01286901
v 0.02499898 0.07322240 -0.01429731
v 0.02462824 0.07311817 -0.01542717
v 0.02363282 0.07315198 -0.01660913
v 0.02121430 0.07319141 -0.01916255
v 0.02082459 0.07307874 -0.02001527
v 0.01957374 0.07305901 -0.02121382
v 0.02320954 0.07304775 -0.01750685
v 0.01828348 0.07303085 -0.02237683
v 0.01690272 0.07295480 -0.02349721
v 0.01588394 0.07200269 -0.02466023
v 0.01588394 0.06664220 -0.01733157
v 0.02390867 0.06489012 -0.00057800
v 0.03062272 0.07107313 -0.00182629
v 0.03048989 0.07107313 -0.00267427
v 0.03038042 0.07107313 -0.00329249
v 0.03017171 0.07107313 -0.00430154
v 0.02987979 0.07107313 -0.00553799
v 0.02929450 0.07196044 -0.00762715
v 0.02941127 0.07234635 -0.00678390
v 0.02677528 0.07296043 -0.01240238
v 0.02691686 0.07306184 -0.01172020
v 0.02810933 0.07230973 -0.01014504
v 0.02689788 0.07230973 -0.01263688
v 0.03079057 0.07105905 -0.00057800
v 0.03045924 0.07042807 -0.00248714
v 0.02669646 0.04460869 -0.00057800
v 0.02668770 0.04460869 -0.00066801
v 0.02570395 0.07307592 -0.01395623
v 0.02548355 0.07289282 -0.01478052
v 0.02435822 0.07299423 -0.01615909
v 0.02164925 0.07266466 -0.01959128
v 0.02039840 0.07264776 -0.02083957
v 0.02285048 0.07259142 -0.01833115
v 0.01910814 0.07257733 -0.02203812
v 0.01775949 0.07230973 -0.02322008
v 0.01714063 0.07230973 -0.02367012
v 0.01934896 0.07175199 -0.02224892
v 0.01588394 0.07174917 -0.02473129
v 0.01588394 0.06642248 -0.01719893
v 0.02359195 0.06366760 -0.00057800
v 0.01588394 0.06592108 -0.01691469
v 0.02606592 0.04460869 -0.00430154
v 0.02954555 0.07107313 -0.00677443
v 0.02574628 0.04460869 -0.00553799
v 0.02928866 0.07107313 -0.00760820
v 0.02906535 0.07107313 -0.00822642
v 0.02864499 0.07107313 -0.00924732
v 0.02817501 0.07107313 -0.01029190
v 0.02788747 0.07107313 -0.01091012
v 0.02749631 0.07107313 -0.01172020
v 0.02562805 0.07207029 -0.01499133
v 0.02655050 0.07230973 -0.01325273
v 0.02696940 0.07107313 -0.01276479
v 0.02663808 0.07107313 -0.01338301
v 0.02654028 0.04460869 -0.00182629
v 0.02632865 0.04460869 -0.00306510
v 0.02297309 0.04460869 -0.00057800
v 0.02591997 0.07241396 -0.01429731
v 0.02520040 0.07241396 -0.01541295
v 0.02452170 0.07230973 -0.01638648
v 0.02405317 0.07230973 -0.01700470
v 0.02185359 0.07184213 -0.01981157
v 0.02112965 0.07224494 -0.02032557
v 0.02061150 0.07182241 -0.02103854
v 0.02336863 0.07223086 -0.01791190
v 0.02305920 0.07176608 -0.01854670
v 0.01870091 0.07222240 -0.02254027
v 0.01934896 0.07155763 -0.02224892
v 0.01792734 0.07107313 -0.02333614
v 0.01730994 0.07107313 -0.02379803
v 0.01642544 0.07107313 -0.02441625
v 0.01588394 0.07107313 -0.02477629
v 0.02358903 0.06365351 -0.00057800
v 0.01588394 0.06489012 -0.01641727
v 0.02562367 0.04460869 -0.00595961
v 0.02553756 0.04460869 -0.00625332
v 0.02923466 0.07039426 -0.00744476
v 0.02541787 0.04460869 -0.00662047
v 0.02533468 0.04460869 -0.00687155
v 0.02509531 0.04460869 -0.00754898
v 0.02492892 0.04460869 -0.00801087
v 0.02466327 0.04460869 -0.00867647
v 0.02448083 0.04460869 -0.00912178
v 0.02432465 0.04460869 -0.00948892
v 0.02421372 0.04460869 -0.00974000
v 0.02400354 0.04460869 -0.01017347
v 0.02384883 0.04460869 -0.01048376
v 0.02615788 0.07107313 -0.01419072
v 0.02564411 0.07107313 -0.01501739
v 0.02522083 0.07107313 -0.01563561
v 0.02460197 0.07107313 -0.01650017
v 0.02351167 0.04460869 -0.01113278
v 0.02328836 0.04460869 -0.01155440
v 0.02308255 0.04460869 -0.01192154
v 0.02293806 0.04460869 -0.01217262
v 0.01588394 0.04511010 -0.01529926
v 0.01588394 0.04460869 -0.01530400
v 0.02294973 0.05747613 -0.00057800
v 0.02185359 0.07136326 -0.01981157
v 0.02061150 0.07135481 -0.02103854
v 0.02414658 0.07107313 -0.01711839
v 0.02305920 0.07153791 -0.01854670
v 0.02055019 0.07052948 -0.02097932
v 0.01927307 0.07073229 -0.02218260
v 0.01879871 0.07111538 -0.02263265
v 0.01602114 0.04460869 -0.02008159
v 0.01588394 0.04460869 -0.02019055
v 0.01588394 0.06407604 -0.01609750
v 0.01588394 0.06379717 -0.01599091
v 0.02335696 0.06243099 -0.00057800
v 0.02245202 0.04460869 -0.01295428
v 0.02213383 0.04460869 -0.01345170
v 0.02192949 0.04460869 -0.01376910
v 0.02150913 0.04460869 -0.01438732
v 0.02089028 0.04460869 -0.01524715
v 0.01588394 0.05871273 -0.01528031
v 0.02294973 0.05748739 -0.00057800
v 0.02242137 0.07103651 -0.01914360
v 0.02178353 0.07053792 -0.01973814
v 0.02344453 0.07110412 -0.01799243
v 0.02042029 0.04460869 -0.01586537
v 0.02298914 0.07071257 -0.01846617
v 0.01925117 0.04460869 -0.01720367
v 0.01863231 0.04460869 -0.01780294
v 0.01798280 0.04460869 -0.01842116
v 0.01736395 0.04460869 -0.01896122
v 0.01663854 0.04460869 -0.01957944
v 0.01588394 0.06324507 -0.01580852
v 0.02318035 0.06119439 -0.00057800
v 0.01588394 0.05994652 -0.01529215
v 0.02295411 0.05772683 -0.00057800
v 0.01980143 0.04460869 -0.01658544
v 0.01588394 0.06241972 -0.01560008
v 0.02316575 0.06107889 -0.00057800
v 0.01588394 0.06089017 -0.01536558
v 0.02297017 0.05855780 -0.00057800
v 0.01588394 0.06196903 -0.01552191
v 0.02305336 0.05994652 -0.00057800
v 0.01588394 0.06118312 -0.01538927
v 0.02297163 0.05859442 -0.00057800
v 0.02375972 0.07311195 0.02016481
v 0.02850274 0.07312880 -0.00057800
v 0.02362108 0.07308948 0.02016481
v 0.02489040 0.07310352 0.02016481
v 0.02612430 0.07326365 0.01795774
v 0.02612430 0.07327770 0.01672122
v 0.02859671 0.07330579 0.01053857
v 0.02983369 0.07317937 0.00064838
v 0.02872919 0.07313161 -0.00057800
v 0.02765550 0.07241243 -0.00057800
v 0.02803137 0.07289282 -0.00016176
v 0.02296331 0.07294901 0.02016481
v 0.02512609 0.07308386 0.02016481
v 0.02742135 0.07317095 0.01671512
v 0.02735973 0.07330017 0.01548469
v 0.02607808 0.07307543 0.01912118
v 0.02701467 0.07308386 0.01795774
v 0.02735973 0.07329456 0.01424816
v 0.02859671 0.07327489 0.01177510
v 0.02958876 0.07316814 0.00930407
v 0.02964883 0.07317095 0.00806755
v 0.02983369 0.07317375 0.00188491
v 0.02992919 0.07312319 -0.00056379
v 0.02992765 0.07312319 -0.00057800
v 0.03048529 0.07296586 0.00188491
v 0.03048838 0.07296868 0.00064838
v 0.01890578 0.06741467 0.02016481
v 0.02180489 0.07160335 0.02016481
v 0.02239180 0.07240120 0.02016481
v 0.02244264 0.07246019 0.02016481
v 0.02257665 0.07260908 0.02016481
v 0.02496588 0.06736410 -0.00057800
v 0.01733915 0.06489191 0.02016481
v 0.01794146 0.06597349 0.02016481
v 0.02534637 0.07303329 0.02016481
v 0.02832405 0.07314566 0.01424816
v 0.02803907 0.07298553 0.01629889
v 0.02814074 0.07305577 0.01548469
v 0.02563444 0.07299957 0.02000238
v 0.02680055 0.07297149 0.01866027
v 0.02949017 0.07313161 0.01053857
v 0.03030198 0.07271583 0.00683102
v 0.03046219 0.07294058 0.00259149
v 0.03046681 0.07294339 -0.00013537
v 0.02994614 0.07311476 -0.00057800
v 0.03075179 0.07231130 0.00188491
v 0.03074563 0.07231130 0.00064838
v 0.02444059 0.06634432 -0.00057800
v 0.01662900 0.06352096 0.02016481
v 0.02556974 0.07294901 0.02016481
v 0.02933921 0.07303329 0.01177510
v 0.02787270 0.07274955 0.01712324
v 0.02819311 0.07232534 0.01671512
v 0.02910968 0.07271583 0.01333447
v 0.02924216 0.07295463 0.01251012
v 0.02760929 0.07232534 0.01791713
v 0.02608579 0.07231691 0.02016481
v 0.02652789 0.07231130 0.01956381
v 0.02697770 0.07231130 0.01894453
v 0.03026809 0.07259223 0.00806755
v 0.03059158 0.07209779 0.00683102
v 0.03061315 0.07240962 -0.00057800
v 0.03089351 0.07107520 0.00312143
v 0.03094127 0.07107520 0.00188491
v 0.03090738 0.07107520 0.00064838
v 0.03079338 0.07107520 -0.00057800
v 0.03061931 0.07238996 -0.00057800
v 0.02418180 0.06572627 -0.00057800
v 0.01618073 0.06241971 0.02016481
v 0.03000930 0.07231130 0.01053857
v 0.02805447 0.07192642 0.01748059
v 0.02927450 0.07189271 0.01382989
v 0.02937310 0.07230568 0.01295681
v 0.02969659 0.07231130 0.01177510
v 0.02632610 0.07145446 0.02016481
v 0.02641698 0.07107520 0.02016481
v 0.02670196 0.07107520 0.01974655
v 0.03024345 0.07226073 0.00933453
v 0.03053767 0.07197418 0.00806755
v 0.03077490 0.07107520 0.00559449
v 0.03067785 0.06983630 0.00435796
v 0.03071482 0.06983630 0.00312143
v 0.02679131 0.04460869 0.00312143
v 0.02681904 0.04460869 0.00188491
v 0.02678823 0.04460869 0.00064838
v 0.02674972 0.04460869 -0.00004806
v 0.02671275 0.04460869 -0.00041557
v 0.02669580 0.04460869 -0.00057800
v 0.02391068 0.06489752 -0.00057800
v 0.01576481 0.06118081 0.02016481
v 0.01612527 0.06226239 0.02016481
v 0.03048684 0.07181405 0.00894266
v 0.02805447 0.07133928 0.01748059
v 0.02874613 0.07107520 0.01548469
v 0.02708399 0.07107520 0.01912727
v 0.02908349 0.07107520 0.01442887
v 0.02926834 0.07107520 0.01381162
v 0.02949479 0.07107520 0.01301163
v 0.02984139 0.07107520 0.01177510
v 0.03015718 0.07107520 0.01053857
v 0.02047241 0.04460869 0.02016481
v 0.02066650 0.04460869 0.01993741
v 0.02100848 0.04460869 0.01950493
v 0.02155842 0.04460869 0.01879022
v 0.02176022 0.04460869 0.01852017
v 0.02199899 0.04460869 0.01815266
v 0.02215765 0.04460869 0.01790292
v 0.03070250 0.07107520 0.00683102
v 0.03056232 0.07003295 0.00683102
v 0.03058851 0.06974078 0.00561479
v 0.02675126 0.04460869 0.00384223
v 0.02297255 0.04460869 -0.00057800
v 0.02390914 0.06489191 -0.00057800
v 0.01555531 0.06035206 0.02016481
v 0.02358873 0.06365581 -0.00057800
v 0.03048684 0.07134771 0.00894266
v 0.02774947 0.07098530 0.01791713
v 0.02312043 0.04460869 0.01626437
v 0.02350862 0.04460869 0.01548469
v 0.02404008 0.04460869 0.01433547
v 0.02796513 0.07051615 0.01730598
v 0.02824857 0.07098530 0.01682477
v 0.02922675 0.07042063 0.01366949
v 0.02503982 0.04460869 0.01177510
v 0.02538180 0.04460869 0.01077613
v 0.02252428 0.04460869 0.01730192
v 0.02277537 0.04460869 0.01688162
v 0.02583315 0.04460869 0.00930407
v 0.03038671 0.07099092 0.00933453
v 0.02601801 0.04460869 0.00856906
v 0.02614124 0.04460869 0.00806755
v 0.01539356 0.04460869 0.02016481
v 0.03055308 0.07099092 0.00816298
v 0.03050686 0.07025769 0.00781577
v 0.02672969 0.04460869 0.00409401
v 0.01536276 0.04514807 0.02016481
v 0.01531192 0.04634765 0.02016481
v 0.01528573 0.04758374 0.02016481
v 0.01520409 0.05747533 0.02016481
v 0.02294944 0.05747533 -0.00057800
v 0.01545364 0.05994471 0.02016481
v 0.02335458 0.06241971 -0.00057800
v 0.03044524 0.07052176 0.00864013
v 0.02298179 0.04460869 0.01651411
v 0.02430657 0.04460869 0.01371619
v 0.02458231 0.04460869 0.01301163
v 0.02558206 0.04460869 0.01015888
v 0.02572994 0.04460869 0.00965737
v 0.02628605 0.04460869 0.00733253
v 0.02656795 0.04460869 0.00559449
v 0.02664189 0.04460869 0.00493663
v 0.02669426 0.04460869 0.00445948
v 0.01524722 0.05852882 0.02016481
v 0.02297101 0.05859624 -0.00057800
v 0.02295407 0.05772817 -0.00057800
v 0.02294944 0.05748656 -0.00057800
v 0.01537662 0.05951489 0.02016481
v 0.02317897 0.06119205 -0.00057800
v 0.01525493 0.05869738 0.02016481
v 0.02638309 0.04460869 0.00683102
v 0.02649400 0.04460869 0.00609600
v 0.02305419 0.05994471 -0.00057800
v 0.02316356 0.06107967 -0.00057800
v -0.02151868 0.04460588 -0.01838722
v -0.02180866 0.04460588 -0.01810564
v -0.02632407 0.06817286 -0.02580950
v -0.02578428 0.06865055 -0.02653717
v -0.02524449 0.06912825 -0.02720790
v -0.02488672 0.06830212 -0.02702440
v -0.02451389 0.06867022 -0.02735027
v -0.02406197 0.06792840 -0.02721739
v -0.02333639 0.06859998 -0.02773626
v -0.02209990 0.06859998 -0.02802416
v -0.02151868 0.06863932 -0.02812540
v -0.02151868 0.04460588 -0.01294549
v -0.02243507 0.04460588 -0.01749503
v -0.02651237 0.06899898 -0.02604678
v -0.02268613 0.04460588 -0.01724825
v -0.02523445 0.06983635 -0.02720157
v -0.02457289 0.06983635 -0.02747682
v -0.02333639 0.06983635 -0.02791343
v -0.02585332 0.06983635 -0.02667005
v -0.02209990 0.06983635 -0.02822348
v -0.02151868 0.06983635 -0.02832788
v -0.02151868 0.05376629 -0.01291068
v -0.02616967 0.04758442 0.00399350
v -0.02617217 0.04671052 0.00399350
v -0.02617343 0.04634804 0.00399350
v -0.02620105 0.04510886 0.00399350
v -0.02621486 0.04460588 0.00399350
v -0.02698060 0.06983635 -0.02531911
v -0.02651864 0.06983635 -0.02604995
v -0.02325229 0.04460588 -0.01663131
v -0.02387116 0.04460588 -0.01594793
v -0.02436576 0.04460588 -0.01532783
v -0.02498464 0.04460588 -0.01451790
v -0.02523821 0.04460588 -0.01415089
v -0.02541270 0.04460588 -0.01389779
v -0.02577047 0.04460588 -0.01333463
v -0.02601275 0.04460588 -0.01295181
v -0.02640943 0.04460588 -0.01230324
v -0.02678226 0.06859154 -0.02536657
v -0.02773757 0.06898212 -0.02366761
v -0.02519553 0.07046296 -0.02717626
v -0.02457289 0.07061751 -0.02729016
v -0.02333639 0.07086760 -0.02750530
v -0.02151868 0.07108115 -0.02772043
v -0.02151868 0.05500266 -0.01294549
v -0.02617343 0.04794690 0.00399350
v -0.02994066 0.04460588 0.00399350
v -0.02750910 0.06983635 -0.02429088
v -0.02646341 0.07051074 -0.02598035
v -0.02660526 0.04460588 -0.01193940
v -0.02743503 0.06858031 -0.02407890
v -0.02673958 0.04460588 -0.01168629
v -0.02800621 0.06983635 -0.02284502
v -0.02773882 0.06983635 -0.02367393
v -0.02765220 0.04460588 -0.00983863
v -0.02791833 0.04460588 -0.00922169
v -0.02840540 0.04460588 -0.00800996
v -0.02876819 0.04460588 -0.00696907
v -0.02888117 0.04460588 -0.00660207
v -0.02895774 0.04460588 -0.00635213
v -0.03266723 0.07029437 -0.00757652
v -0.03298859 0.07107272 -0.00677291
v -0.03270866 0.07107272 -0.00770307
v -0.02561732 0.07089850 -0.02638215
v -0.02521436 0.07170496 -0.02595820
v -0.02151868 0.07165157 -0.02720157
v -0.02197562 0.07115421 -0.02756857
v -0.02151868 0.05623904 -0.01308786
v -0.02631779 0.05625590 0.00399350
v -0.02627762 0.05500266 0.00399350
v -0.03429162 0.07107272 0.00311713
v -0.03000971 0.04460588 0.00311713
v -0.03421505 0.07107272 0.00399350
v -0.02768861 0.07049949 -0.02354106
v -0.02666928 0.07077487 -0.02531911
v -0.02604790 0.07139306 -0.02531911
v -0.02734590 0.04460588 -0.01048405
v -0.03268355 0.07186513 -0.00762081
v -0.02908327 0.04460588 -0.00587439
v -0.03333004 0.07107272 -0.00553587
v -0.02457289 0.07173868 -0.02603413
v -0.02151868 0.07169373 -0.02713197
v -0.02631026 0.07165157 -0.02452183
v -0.02904059 0.07298068 -0.01388513
v -0.02151868 0.05692185 -0.01323023
v -0.02638056 0.05734615 0.00399350
v -0.03408449 0.07218827 0.00311713
v -0.03434309 0.07107272 0.00188325
v -0.03410207 0.07177802 0.00399350
v -0.03404181 0.07210397 0.00399350
v -0.03005490 0.04460588 0.00188325
v -0.03155501 0.07202810 -0.01048405
v -0.03129892 0.07287109 -0.00969626
v -0.02701199 0.07107554 -0.02403144
v -0.03390121 0.07184546 -0.00276438
v -0.03281285 0.07211802 -0.00677291
v -0.03258815 0.07291043 -0.00610851
v -0.02916989 0.04460588 -0.00553587
v -0.03362379 0.07107272 -0.00430198
v -0.02856734 0.07298068 -0.01388513
v -0.02151868 0.07171620 -0.02686937
v -0.03014654 0.07293852 -0.01236651
v -0.02947870 0.07303125 -0.01284741
v -0.02951762 0.07318299 -0.01172110
v -0.02151868 0.05735178 -0.01332198
v -0.02648977 0.05877642 0.00399350
v -0.03379828 0.07288795 0.00188325
v -0.03411713 0.07226976 0.00188325
v -0.03410458 0.07227819 0.00064620
v -0.03431547 0.07107272 0.00064620
v -0.03004109 0.04460588 0.00064620
v -0.03393134 0.07228662 0.00399350
v -0.03143450 0.07297225 -0.00887051
v -0.03360245 0.07227819 -0.00313138
v -0.03333883 0.07230910 -0.00430198
v -0.03379954 0.07107272 -0.00344143
v -0.03391126 0.07107272 -0.00282132
v -0.03406441 0.07107272 -0.00182789
v -0.03421756 0.07107272 -0.00059084
v -0.03397277 0.07202810 -0.00182789
v -0.03366019 0.07264629 -0.00182789
v -0.03296474 0.07242431 -0.00563394
v -0.03269987 0.07300316 -0.00528593
v -0.02933183 0.04460588 -0.00480503
v -0.03387737 0.07035900 -0.00262833
v -0.02841670 0.07305092 -0.01295181
v -0.02151868 0.07171620 -0.02662260
v -0.02851336 0.07310150 -0.01172110
v -0.03025952 0.07300878 -0.01172110
v -0.03050556 0.07310431 -0.01048405
v -0.03183495 0.07314084 -0.00677291
v -0.03199061 0.07327853 -0.00430198
v -0.02951762 0.07322514 -0.01048405
v -0.02151868 0.05800930 -0.01350548
v -0.02660526 0.05994535 0.00399350
v -0.03317940 0.07316332 0.00188325
v -0.03319572 0.07317737 0.00064620
v -0.03381334 0.07289638 0.00064620
v -0.03370790 0.07280646 0.00311713
v -0.03309027 0.07312960 0.00311713
v -0.03405186 0.07219951 -0.00059084
v -0.02996201 0.04460588 -0.00059084
v -0.03360119 0.07272216 0.00399350
v -0.03158765 0.07305092 -0.00800996
v -0.02983019 0.04460588 -0.00182789
v -0.03375435 0.07281770 -0.00059084
v -0.03281285 0.07308464 -0.00430198
v -0.02943853 0.04460588 -0.00430198
v -0.02956909 0.04460588 -0.00356798
v -0.02965445 0.04460588 -0.00306494
v -0.02151868 0.07169091 -0.02641379
v -0.03171946 0.07292166 0.00399350
v -0.03153744 0.07284579 0.00399350
v -0.03207597 0.07312960 0.00311713
v -0.03215631 0.07308464 0.00399350
v -0.03210108 0.07316332 -0.00563394
v -0.03293587 0.07315208 -0.00306494
v -0.03304257 0.07317737 -0.00182789
v -0.03199061 0.07331225 -0.00306494
v -0.03199061 0.07329538 -0.00182789
v -0.03199061 0.07321109 0.00064620
v -0.02151868 0.05838583 -0.01364152
v -0.02664543 0.06030783 0.00399350
v -0.03313672 0.07318018 -0.00059084
v -0.03316434 0.07298911 0.00399350
v -0.03298357 0.07308464 0.00399350
v -0.02151868 0.07167686 -0.02634418
v -0.03103405 0.07222761 0.00399350
v -0.02151868 0.05871179 -0.01377440
v -0.02674460 0.06118173 0.00399350
v -0.02151868 0.07149702 -0.02602147
v -0.03052815 0.07129471 0.00399350
v -0.02151868 0.05987791 -0.01436603
v -0.02691533 0.06241810 0.00399350
v -0.02151868 0.07114859 -0.02542035
v -0.02881715 0.06813353 0.00399350
v -0.02151868 0.06045395 -0.01474569
v -0.02698562 0.06278058 0.00399350
v -0.02151868 0.06127727 -0.01552398
v -0.02844306 0.06736360 0.00399350
v -0.02789323 0.06605978 0.00399350
v -0.02770367 0.06553995 0.00399350
v -0.02765471 0.06539664 0.00399350
v -0.02750156 0.06492176 0.00399350
v -0.02724171 0.06398043 0.00399350
v -0.02715635 0.06365447 0.00399350
v -0.02151868 0.06069279 -0.01494817
v -0.02006986 0.07107265 0.02931892
v -0.02006986 0.07212362 0.02884543
v -0.02059192 0.07197029 0.02869421
v -0.02080241 0.07107265 0.02884295
v -0.02067778 0.06983767 0.02876362
v -0.02006986 0.07074647 0.02927430
v -0.02006986 0.07258359 0.02832484
v -0.02209996 0.07202326 0.02753900
v -0.02276743 0.07175006 0.02727375
v -0.02142142 0.07107265 0.02842400
v -0.02135356 0.07290140 0.02711509
v -0.02006986 0.06979586 0.02914291
v -0.02129540 0.06983767 0.02833228
v -0.02006986 0.04460866 0.02377588
v -0.02006986 0.07273413 0.02814883
v -0.02324242 0.07203441 0.02654244
v -0.02221629 0.07269789 0.02666639
v -0.02270650 0.07292648 0.02598467
v -0.02405529 0.07179745 0.02608383
v -0.02413561 0.07107265 0.02615572
v -0.02282144 0.07107265 0.02732085
v -0.02209996 0.07107265 0.02789598
v -0.02280621 0.07025583 0.02730598
v -0.02052822 0.07297666 0.02737291
v -0.02031497 0.04460866 0.02358004
v -0.02006986 0.04460866 0.01859231
v -0.02006986 0.07297388 0.02757619
v -0.02333658 0.07269511 0.02570454
v -0.02399159 0.07294878 0.02479227
v -0.02188116 0.07298224 0.02628958
v -0.02333658 0.07298782 0.02508479
v -0.02530853 0.07182254 0.02488152
v -0.02475461 0.07107265 0.02558803
v -0.02443611 0.07222119 0.02524841
v -0.02409545 0.07013317 0.02611853
v -0.02093258 0.04460866 0.02303467
v -0.02329504 0.07301569 0.02410063
v -0.02588876 0.07304078 0.02174559
v -0.02621418 0.04460866 0.00399598
v -0.02621003 0.04475363 0.00399598
v -0.02620034 0.04511046 0.00399598
v -0.02006986 0.04494040 0.01857495
v -0.02006986 0.07297666 0.02683496
v -0.02520190 0.07293484 0.02353046
v -0.02481554 0.07264771 0.02435597
v -0.02447073 0.07298224 0.02402131
v -0.02545393 0.07298782 0.02290328
v -0.02648976 0.07178351 0.02359492
v -0.02539300 0.07107265 0.02496828
v -0.02566719 0.07221561 0.02397668
v -0.02534315 0.07009136 0.02491622
v -0.02161806 0.04460866 0.02241492
v -0.03215633 0.07308539 0.00399598
v -0.03298306 0.07308539 0.00399598
v -0.02705337 0.07303521 0.02040941
v -0.02664624 0.07300454 0.02138613
v -0.02994066 0.04460866 0.00399598
v -0.02617403 0.04634542 0.00399598
v -0.02006986 0.04620604 0.01851546
v -0.02006986 0.07281777 0.02618299
v -0.03153733 0.07284564 0.00399598
v -0.03171874 0.07292091 0.00399598
v -0.02635405 0.07290697 0.02220916
v -0.02607155 0.07267001 0.02290328
v -0.02675425 0.07205114 0.02290328
v -0.02791471 0.07200374 0.02140844
v -0.02901701 0.07185599 0.01999046
v -0.02762390 0.07129566 0.02223147
v -0.02654238 0.07107265 0.02365937
v -0.02601201 0.07107265 0.02427912
v -0.02652022 0.07020008 0.02363210
v -0.02280205 0.04460866 0.02114815
v -0.02246970 0.04460866 0.02151504
v -0.02223706 0.04460866 0.02176542
v -0.02187009 0.04460866 0.02215462
v -0.03273102 0.07299896 0.00806649
v -0.03155256 0.07299060 0.01177755
v -0.03316446 0.07298782 0.00399598
v -0.02821521 0.07299896 0.01907075
v -0.02776100 0.07297666 0.01998302
v -0.02991297 0.04460866 0.00435791
v -0.03421552 0.07107265 0.00399598
v -0.02617264 0.04671062 0.00399598
v -0.02006986 0.04746052 0.01849315
v -0.02006986 0.07222676 0.02548143
v -0.03103465 0.07222676 0.00399598
v -0.02746881 0.07282612 0.02080853
v -0.02713646 0.07245535 0.02181004
v -0.02889930 0.07292928 0.01857495
v -0.02918457 0.07228531 0.01907075
v -0.03029517 0.07190897 0.01766020
v -0.03007360 0.07107265 0.01846588
v -0.02965263 0.07107265 0.01919222
v -0.02909594 0.07107265 0.02011689
v -0.02868604 0.07107265 0.02073416
v -0.02798811 0.07095835 0.02175798
v -0.02766406 0.07047049 0.02228601
v -0.02723755 0.07095835 0.02277933
v -0.02766406 0.07045098 0.02228601
v -0.02302916 0.04460866 0.02084819
v -0.03360206 0.07272298 0.00399598
v -0.03266871 0.07296551 0.00899116
v -0.03144316 0.07296273 0.01257826
v -0.02975925 0.04460866 0.00559493
v -0.03384301 0.07055691 0.00742939
v -0.03388871 0.07032832 0.00660636
v -0.03418367 0.07107265 0.00435791
v -0.03385132 0.07170825 0.00749136
v -0.03389979 0.07181139 0.00682947
v -0.03396903 0.07196193 0.00559493
v -0.03410197 0.07177794 0.00399598
v -0.02616987 0.04758318 0.00399598
v -0.02006986 0.04758318 0.01849315
v -0.03052782 0.07129566 0.00399598
v -0.02006986 0.07151589 0.02486664
v -0.02789117 0.06606029 0.00399598
v -0.02844370 0.06736495 0.00399598
v -0.02881621 0.06813437 0.00399598
v -0.03166750 0.07207344 0.01424911
v -0.03050843 0.07214871 0.01672066
v -0.03148471 0.07184763 0.01513411
v -0.03092664 0.07107265 0.01672066
v -0.03039211 0.07107265 0.01784861
v -0.02998636 0.06983767 0.01828987
v -0.02947953 0.06983767 0.01919222
v -0.02901008 0.06983767 0.01998550
v -0.02641221 0.04460866 0.01607613
v -0.02620587 0.04460866 0.01638104
v -0.02600370 0.04460866 0.01667356
v -0.02387942 0.04460866 0.01970290
v -0.02334628 0.04460866 0.02042924
v -0.03393164 0.07228531 0.00399598
v -0.03249976 0.07290418 0.00981666
v -0.03300521 0.07241912 0.00936301
v -0.03290550 0.07218774 0.01054053
v -0.03217157 0.07255571 0.01177755
v -0.03196108 0.07230761 0.01293524
v -0.02955292 0.04460866 0.00682947
v -0.03350097 0.07107265 0.00930351
v -0.03376408 0.07101131 0.00796981
v -0.03385132 0.07138208 0.00749136
v -0.03391502 0.07101131 0.00694351
v -0.03406596 0.07107265 0.00559493
v -0.02931058 0.04460866 0.00806649
v -0.02915826 0.04460866 0.00873830
v -0.03263409 0.07174727 0.01246919
v -0.03274072 0.07193684 0.01177755
v -0.03320324 0.07107265 0.01054053
v -0.03404104 0.07210410 0.00399598
v -0.02617403 0.04794559 0.00399598
v -0.02006986 0.05623910 0.01854273
v -0.02006986 0.06618574 0.02151752
v -0.02750066 0.06492290 0.00399598
v -0.02765298 0.06539681 0.00399598
v -0.02770284 0.06553899 0.00399598
v -0.03155949 0.07107265 0.01531507
v -0.03128807 0.07107265 0.01593234
v -0.03150963 0.07006348 0.01519608
v -0.03075631 0.06983767 0.01672066
v -0.03030348 0.06983767 0.01767012
v -0.02670025 0.04460866 0.01550596
v -0.02902947 0.04460866 0.00928616
v -0.03263132 0.07038407 0.01246423
v -0.03286673 0.07107265 0.01177755
v -0.03264517 0.07107265 0.01250389
v -0.03242083 0.07107265 0.01312116
v -0.03199155 0.07107265 0.01424911
v -0.02627788 0.05500134 0.00399598
v -0.02006986 0.05726499 0.01860222
v -0.02006986 0.06568953 0.02122004
v -0.02724032 0.06398064 0.00399598
v -0.02786486 0.04460866 0.01289062
v -0.02771530 0.04460866 0.01325751
v -0.02761144 0.04460866 0.01351037
v -0.02741895 0.04460866 0.01395410
v -0.02729017 0.04460866 0.01424911
v -0.02695643 0.04460866 0.01496058
v -0.02894084 0.04460866 0.00964809
v -0.02888545 0.04460866 0.00986624
v -0.02881344 0.04460866 0.01012158
v -0.02870127 0.04460866 0.01049839
v -0.02847001 0.04460866 0.01121977
v -0.02828583 0.04460866 0.01177755
v -0.02804073 0.04460866 0.01243200
v -0.02631804 0.05625582 0.00399598
v -0.02006986 0.05749079 0.01861710
v -0.02006986 0.06544141 0.02108865
v -0.02715446 0.06365447 0.00399598
v -0.02638174 0.05734583 0.00399598
v -0.02006986 0.05811803 0.01869147
v -0.02006986 0.06489223 0.02081844
v -0.02006986 0.06408100 0.02045155
v -0.02698551 0.06278192 0.00399598
v -0.02648976 0.05877594 0.00399598
v -0.02006986 0.05839959 0.01873609
v -0.02006986 0.06365447 0.02026315
v -0.02691627 0.06241951 0.00399598
v -0.02660470 0.05994400 0.00399598
v -0.02006986 0.05930003 0.01891457
v -0.02006986 0.05890417 0.01882533
v -0.02006986 0.06289343 0.01997311
v -0.02679441 0.06154416 0.00399598
v -0.02006986 0.06222994 0.01975743
v -0.02006986 0.06118175 0.01941781
v -0.02664486 0.06030919 0.00399598
v -0.02006986 0.05994400 0.01906084
v -0.02674456 0.06118175 0.00399598
v -0.02006986 0.06039283 0.01917983
v -0.02151868 0.04460867 -0.01838830
v -0.02143070 0.04460867 -0.01847374
v -0.02151868 0.04460867 -0.01294691
v -0.02151868 0.06863995 -0.02812518
v -0.02117823 0.04460867 -0.01869656
v -0.00198099 0.04460867 -0.02282451
v -0.00198099 0.05376690 -0.02237218
v -0.00198099 0.05410175 -0.02235710
v -0.00198099 0.05500306 -0.02231857
v -0.02151868 0.05376690 -0.01291340
v -0.02151868 0.06983705 -0.02832622
v -0.02064078 0.06913386 -0.02844014
v -0.00769215 0.04460867 -0.02589702
v -0.00818753 0.04460867 -0.02577138
v -0.00849738 0.04460867 -0.02569264
v -0.00923183 0.04460867 -0.02548658
v -0.00973486 0.04460867 -0.02534417
v -0.01046740 0.04460867 -0.02511130
v -0.01097043 0.04460867 -0.02494880
v -0.01136061 0.04460867 -0.02481645
v -0.01163986 0.04460867 -0.02471928
v -0.01200517 0.04460867 -0.02457856
v -0.01225573 0.04460867 -0.02447972
v -0.01296723 0.04460867 -0.02417649
v -0.01344157 0.04460867 -0.02397042
v -0.01426210 0.04460867 -0.02357338
v -0.01462741 0.04460867 -0.02337066
v -0.01487988 0.04460867 -0.02322994
v -0.01549193 0.04460867 -0.02286305
v -0.01590697 0.04460867 -0.02261175
v -0.01627420 0.04460867 -0.02238223
v -0.01652476 0.04460867 -0.02222308
v -0.01689581 0.04460867 -0.02197346
v -0.01715211 0.04460867 -0.02179923
v -0.01768382 0.04460867 -0.02143736
v -0.01804340 0.04460867 -0.02118774
v -0.01866310 0.04460867 -0.02074043
v -0.01947215 0.04460867 -0.02012224
v -0.01983938 0.04460867 -0.01983074
v -0.02008993 0.04460867 -0.01963138
v -0.02052219 0.04460867 -0.01926616
v -0.00198099 0.04460867 -0.02653029
v -0.00198099 0.05533791 -0.02231857
v -0.00198099 0.05623923 -0.02232527
v -0.02151868 0.05500306 -0.01294858
v -0.02151868 0.07108159 -0.02772143
v -0.02033093 0.07047885 -0.02842004
v -0.02122605 0.06983705 -0.02837815
v -0.01962516 0.06983705 -0.02854233
v -0.01838768 0.06983705 -0.02866128
v -0.00231570 0.07107321 -0.03002163
v -0.00478875 0.07013842 -0.02973515
v -0.00355127 0.04460867 -0.02647836
v -0.00478875 0.04460867 -0.02637616
v -0.00602432 0.04460867 -0.02621701
v -0.00707437 0.04460867 -0.02602937
v -0.00231570 0.04460867 -0.02653029
v -0.00198099 0.07107321 -0.03002833
v -0.00198099 0.05657408 -0.02234202
v -0.02151868 0.05623923 -0.01309098
v -0.00198099 0.05747539 -0.02239396
v -0.00198099 0.05871156 -0.02249783
v -0.00198099 0.06118110 -0.02272232
v -0.00198099 0.06241727 -0.02283624
v -0.00198099 0.06365622 -0.02297529
v -0.02151868 0.07165083 -0.02720376
v -0.01838768 0.07141922 -0.02821900
v -0.01715211 0.07158665 -0.02834130
v -0.01962516 0.07059884 -0.02846695
v -0.00541036 0.07169269 -0.02964636
v -0.00355127 0.07107321 -0.02992111
v -0.00355127 0.06995145 -0.02979881
v -0.00355127 0.07194383 -0.02976866
v -0.00231570 0.07203870 -0.02982059
v -0.00198099 0.07204428 -0.02982562
v -0.02151868 0.05692010 -0.01323339
v -0.00198099 0.06489239 -0.02319476
v -0.02151868 0.07169269 -0.02713172
v -0.02148043 0.07169269 -0.02717361
v -0.01642530 0.07167037 -0.02839658
v -0.01838768 0.07079975 -0.02854233
v -0.02086073 0.07174571 -0.02726407
v -0.01962516 0.07185175 -0.02744166
v -0.01838768 0.07194941 -0.02760081
v -0.00478875 0.07178477 -0.02968992
v -0.00355127 0.07256331 -0.02930962
v -0.00231570 0.07265539 -0.02936491
v -0.00198099 0.07266376 -0.02936993
v -0.02151868 0.05735261 -0.01332553
v -0.00198099 0.06569045 -0.02339914
v -0.02151868 0.07171781 -0.02687205
v -0.01068353 0.07294560 -0.02723727
v -0.01715211 0.07203312 -0.02772311
v -0.00682955 0.07294002 -0.02843009
v -0.01104502 0.07273632 -0.02770635
v -0.00355127 0.07307675 -0.02869144
v -0.00231570 0.07309350 -0.02874672
v -0.00198099 0.07298187 -0.02891928
v -0.02151868 0.05800837 -0.01350646
v -0.00198099 0.06630713 -0.02363704
v -0.02151868 0.05838507 -0.01364551
v -0.02151868 0.07171501 -0.02662243
v -0.01068353 0.07294560 -0.02713172
v -0.00355127 0.07310466 -0.02779179
v -0.00198099 0.07309628 -0.02875175
v -0.00198099 0.06736472 -0.02417649
v -0.02151868 0.05987796 -0.01436757
v -0.02151868 0.05871156 -0.01377618
v -0.02151868 0.07168990 -0.02641469
v -0.01838768 0.07205824 -0.02655542
v -0.00973486 0.07295955 -0.02710492
v -0.01715211 0.07219497 -0.02655542
v -0.01591462 0.07231775 -0.02655542
v -0.01467905 0.07241821 -0.02655542
v -0.01715211 0.07185453 -0.02577305
v -0.01591462 0.07189081 -0.02575127
v -0.00198099 0.07311302 -0.02779179
v -0.00198099 0.07230937 -0.02675646
v -0.02151868 0.06045558 -0.01474619
v -0.00198099 0.07248238 -0.02686200
v -0.00198099 0.07294281 -0.02715685
v -0.02151868 0.07167595 -0.02634601
v -0.00849738 0.07296513 -0.02709989
v -0.01104502 0.07262470 -0.02665426
v -0.02042847 0.07170106 -0.02592550
v -0.01838768 0.07179873 -0.02581996
v -0.02151868 0.07114855 -0.02542291
v -0.02151868 0.06127876 -0.01552688
v -0.02151868 0.06117552 -0.01542469
v -0.01467905 0.07192430 -0.02574960
v -0.02151868 0.06069277 -0.01495057
v -0.00726181 0.07296513 -0.02710995
v -0.00355127 0.07295676 -0.02713843
v -0.00198099 0.07299025 -0.02732941
v -0.01097043 0.07193546 -0.02577975
v -0.02151868 0.07149736 -0.02602267
v -0.00973486 0.07251308 -0.02648673
v -0.01344157 0.07193267 -0.02576300
v -0.01220600 0.07193267 -0.02576970
v -0.00197907 0.04460588 0.02692967
v 0.01528529 0.04758314 0.02016481
v 0.01529641 0.04701338 0.02016481
v 0.01531031 0.04634587 0.02016481
v 0.01536034 0.04514771 0.02016481
v 0.01539092 0.04460588 0.02016481
v -0.00197907 0.04460588 0.03063347
v -0.00197907 0.05714055 0.02694712
v 0.01520190 0.05747570 0.02016481
v 0.02047211 0.04460588 0.02016481
v -0.00157881 0.04460588 0.03063493
v -0.00197907 0.06983721 0.03493058
v -0.00197907 0.05747570 0.02694857
v 0.01525194 0.05869621 0.02016481
v 0.02044987 0.04460588 0.02019099
v 0.02641777 0.07107448 0.02016481
v 0.02559499 0.07021705 0.02117111
v 0.02443310 0.06983721 0.02249005
v 0.02392443 0.06983721 0.02310808
v -0.00107569 0.04460588 0.03063638
v -0.00107569 0.06983721 0.03492331
v -0.00197907 0.07107448 0.03502074
v -0.00197907 0.05837502 0.02698493
v -0.00197907 0.05871297 0.02699947
v 0.01537424 0.05951454 0.02016481
v 0.02013021 0.04460588 0.02055744
v 0.02330457 0.06983721 0.02382208
v 0.02632604 0.07145432 0.02016481
v 0.02561723 0.07191236 0.02118856
v 0.02623431 0.07107448 0.02043093
v 0.02565892 0.07107448 0.02124382
v 0.02515859 0.07107448 0.02186330
v 0.02454151 0.07107448 0.02261511
v 0.02401615 0.07107448 0.02323314
v -0.00034186 0.04460588 0.03061602
v 0.00020573 0.06973946 0.03480988
v 0.00139541 0.07002434 0.03476335
v -0.00107569 0.07107448 0.03500911
v 0.00015847 0.04460588 0.03060003
v 0.00089230 0.04460588 0.03055495
v 0.00139541 0.04460588 0.03052150
v -0.00107569 0.07190398 0.03478225
v -0.00197907 0.07190957 0.03478807
v -0.00197907 0.05960950 0.02708090
v 0.01545207 0.05994465 0.02016481
v 0.01987726 0.04460588 0.02084392
v 0.02339629 0.07107448 0.02391370
v 0.02272640 0.06983721 0.02444011
v 0.01893497 0.04460588 0.02187493
v 0.01927686 0.04460588 0.02150848
v 0.01951035 0.04460588 0.02125690
v 0.02608421 0.07231733 0.02016481
v 0.02444700 0.07197939 0.02249441
v 0.02589520 0.07232013 0.02042221
v 0.02530591 0.07273906 0.02082792
v 0.00235995 0.07025336 0.03470227
v 0.00015847 0.07107448 0.03491895
v 0.00115358 0.07176434 0.03469064
v 0.00015847 0.07184254 0.03473717
v 0.00212924 0.04460588 0.03044443
v 0.00208754 0.07293458 0.03342259
v 0.00015847 0.07245977 0.03409006
v -0.00107569 0.07252122 0.03407698
v -0.00197907 0.07207714 0.03459757
v -0.00197907 0.05994465 0.02711144
v 0.01555214 0.06035242 0.02016481
v 0.02281535 0.07107448 0.02453172
v 0.02326009 0.07201570 0.02376101
v 0.02210932 0.06983721 0.02506977
v 0.01831510 0.04460588 0.02251186
v 0.02556998 0.07294854 0.02016481
v 0.02408843 0.07280330 0.02211633
v 0.00386930 0.06983721 0.03434600
v 0.00510624 0.06983721 0.03410460
v 0.00510624 0.07107448 0.03415696
v 0.00235995 0.07083987 0.03470227
v 0.00263235 0.04460588 0.03039062
v 0.00336618 0.04460588 0.03027865
v 0.00386930 0.04460588 0.03020158
v 0.00149826 0.07118061 0.03476480
v 0.00197914 0.07166379 0.03464556
v 0.00386930 0.07221679 0.03385012
v 0.00255452 0.07241509 0.03385885
v 0.00716317 0.07295413 0.03222726
v 0.00634318 0.07299602 0.03232032
v 0.00510624 0.07300998 0.03241048
v 0.00139541 0.07294574 0.03344731
v 0.00510624 0.07210507 0.03373088
v 0.00510624 0.07272231 0.03302851
v -0.00197907 0.07258266 0.03396646
v 0.00015847 0.07295692 0.03347204
v -0.00107569 0.07294854 0.03345895
v -0.00197907 0.06072109 0.02720742
v 0.01576339 0.06118192 0.02016481
v 0.02219549 0.07107448 0.02516138
v 0.02203983 0.07202408 0.02500433
v 0.02246789 0.07243185 0.02419581
v 0.02289596 0.07283961 0.02336983
v 0.02155617 0.07107448 0.02577941
v 0.02146166 0.06983721 0.02568780
v 0.01765355 0.04460588 0.02312989
v 0.02534761 0.07303511 0.02016481
v 0.02448314 0.07301836 0.02129181
v 0.00634318 0.06983721 0.03381813
v 0.00824446 0.07038184 0.03342696
v 0.00510624 0.04460588 0.02994710
v 0.00634318 0.07107448 0.03385158
v 0.00714372 0.07177272 0.03346040
v 0.00386930 0.07107448 0.03439835
v 0.00824446 0.07053824 0.03342696
v 0.00271574 0.07118061 0.03458885
v 0.00634318 0.07192353 0.03357383
v 0.00634318 0.07254077 0.03293835
v 0.00798873 0.07289547 0.03207748
v 0.01079061 0.07294854 0.03097520
v 0.01005122 0.07299602 0.03109881
v 0.00881428 0.07304350 0.03130676
v 0.01005122 0.07308539 0.03032228
v -0.00197907 0.07270835 0.03378323
v -0.00107569 0.07294854 0.03329463
v -0.00197074 0.07293737 0.03343277
v -0.00197907 0.06133832 0.02730630
v 0.01617756 0.06241919 0.02016481
v 0.01612197 0.06226278 0.02016481
v 0.01581065 0.06132715 0.02016481
v 0.02078621 0.07197101 0.02618513
v 0.02165902 0.07285079 0.02463061
v 0.02207040 0.07302115 0.02380609
v 0.02093631 0.07107448 0.02631600
v 0.02084180 0.06983721 0.02624184
v 0.01703369 0.04460588 0.02368103
v 0.02512523 0.07308539 0.02016481
v 0.02489175 0.07308539 0.02042221
v 0.02366592 0.07309098 0.02168880
v 0.00589288 0.04460588 0.02975224
v 0.01005122 0.06983721 0.03270859
v 0.01107413 0.06983721 0.03233341
v 0.01111027 0.07107448 0.03234650
v 0.00650996 0.04460588 0.02957192
v 0.00757734 0.04460588 0.02922728
v 0.00756344 0.07099907 0.03352875
v 0.00796649 0.07136215 0.03334698
v 0.01085732 0.07178947 0.03224761
v 0.01005122 0.07196822 0.03238431
v 0.00881428 0.07217769 0.03258935
v 0.01005122 0.07107448 0.03272313
v 0.00871977 0.07099907 0.03318120
v 0.00881428 0.07279772 0.03192478
v 0.01327839 0.07295971 0.02976823
v 0.01252233 0.07301277 0.02994855
v 0.01161338 0.07285358 0.03079052
v 0.01123535 0.07304070 0.03035572
v 0.01499621 0.07313845 0.02784871
v -0.00197074 0.07293737 0.03337751
v -0.00197907 0.07293177 0.03344004
v -0.00197907 0.07293458 0.03342405
v -0.00197907 0.06211755 0.02744300
v 0.01662786 0.06352240 0.02016481
v 0.02032201 0.07279493 0.02581140
v 0.01944642 0.07182857 0.02732812
v 0.02018581 0.07107448 0.02693549
v 0.02083624 0.07301557 0.02498688
v 0.02121983 0.07308260 0.02418708
v 0.01816500 0.07028408 0.02852200
v 0.02011075 0.06983721 0.02686132
v 0.01628041 0.04460588 0.02429906
v 0.01949367 0.06983721 0.02737029
v 0.02489175 0.07310494 0.02016481
v 0.01870426 0.07313566 0.02537806
v 0.01169121 0.06983721 0.03208184
v 0.00831117 0.04460588 0.02895244
v 0.00881428 0.04460588 0.02876339
v 0.00921177 0.04460588 0.02860343
v 0.00948696 0.04460588 0.02849146
v 0.01173013 0.07107448 0.03209202
v 0.01335622 0.07184812 0.03105373
v 0.01252233 0.07206318 0.03125150
v 0.01123535 0.07232292 0.03152198
v 0.01005122 0.07258546 0.03171684
v 0.01575505 0.07296809 0.02853654
v 0.01499621 0.07303233 0.02871686
v 0.01371757 0.07306305 0.02911967
v 0.01252233 0.07268041 0.03056658
v 0.01410394 0.07284240 0.02955447
v 0.01619146 0.07306026 0.02785889
v 0.01992174 0.07307143 0.02538969
v 0.02376043 0.07311332 0.02016481
v -0.00197907 0.07293458 0.03337024
v -0.00197907 0.06241919 0.02749680
v -0.00197907 0.06331851 0.02768584
v 0.01733667 0.06489093 0.02016481
v 0.01949645 0.07298205 0.02609933
v 0.01804548 0.07291503 0.02719579
v 0.01657783 0.07282006 0.02827624
v 0.01724216 0.07199614 0.02871977
v 0.01806772 0.07161910 0.02845365
v 0.01956594 0.07107448 0.02742555
v 0.01816500 0.07079519 0.02852200
v 0.01652502 0.07107448 0.02951375
v 0.01590793 0.07107448 0.02987294
v 0.01499621 0.06983721 0.03030773
v 0.01583010 0.06983721 0.02982931
v 0.01644997 0.06983721 0.02946431
v 0.01259182 0.04460588 0.02690640
v 0.01357859 0.04460588 0.02628838
v 0.01419845 0.04460588 0.02587103
v 0.01499621 0.04460588 0.02529081
v 0.01566055 0.04460588 0.02479639
v 0.01252233 0.06983721 0.03167176
v 0.01252233 0.07107448 0.03170811
v 0.01010404 0.04460588 0.02820790
v 0.01128817 0.04460588 0.02762913
v 0.01575227 0.07180064 0.02978423
v 0.01499621 0.07201849 0.02998491
v 0.01499621 0.07263573 0.02933489
v 0.01356747 0.07107448 0.03117443
v 0.01721993 0.07301557 0.02745317
v 0.01870426 0.07304350 0.02635527
v 0.02361867 0.07309098 0.02016481
v -0.00197907 0.07277538 0.03283220
v -0.00197907 0.06365366 0.02775710
v 0.01793985 0.06597459 0.02016481
v 0.01616644 0.07231175 0.02903969
v 0.01757850 0.07115268 0.02884192
v 0.01862643 0.07115268 0.02811919
v 0.01351466 0.06983721 0.03114825
v 0.01413174 0.06983721 0.03080070
v 0.01197752 0.04460588 0.02727140
v 0.02295989 0.07294854 0.02016481
v -0.00197907 0.07212742 0.03186080
v -0.00197907 0.06455578 0.02801158
v 0.01890439 0.06741574 0.02016481
v 0.02257352 0.07261059 0.02016481
v -0.00197907 0.06736547 0.02922582
v -0.00197907 0.06489093 0.02810756
v 0.02180356 0.07160234 0.02016481
v 0.02244010 0.07245977 0.02016481
v -0.00197907 0.06568971 0.02838967
v -0.00197907 0.06630695 0.02866887
v 0.02239006 0.07240112 0.02016481
v -0.01859792 0.00801944 0.01961192
v -0.00293862 0.00801944 0.02649909
v -0.01859792 0.00801944 0.02452503
v -0.01859792 0.04460230 0.02014551
v -0.00293862 0.04460230 0.02688853
v -0.00293862 0.04078465 0.02683689
v -0.00293862 0.04016150 0.02683043
v -0.00293862 0.00801944 0.03021915
v -0.01802617 0.00801944 0.02493921
v -0.01859792 0.00925140 0.02464014
v -0.01859792 0.04460230 0.02491661
v -0.00293862 0.04460230 0.03060213
v -0.00355175 0.00801944 0.03019871
v -0.00293862 0.00925140 0.03027940
v -0.01802005 0.00801944 0.02494351
v -0.01810435 0.00925140 0.02499407
v -0.01859792 0.01048695 0.02470038
v -0.01829442 0.04460230 0.02513392
v -0.01859792 0.04387172 0.02494674
v -0.01831435 0.04387172 0.02515006
v -0.00355175 0.04460230 0.03057416
v -0.00355175 0.03398020 0.03053758
v -0.00293862 0.03398020 0.03055910
v -0.00478874 0.00801944 0.03009329
v -0.00355175 0.00925140 0.03025896
v -0.00478874 0.00925140 0.03015998
v -0.00293862 0.01048695 0.03031059
v -0.00355175 0.01048695 0.03029123
v -0.01714634 0.00801944 0.02552658
v -0.01653168 0.00866049 0.02599347
v -0.01704670 0.00914396 0.02568688
v -0.01721225 0.01048695 0.02563847
v -0.01814574 0.01048695 0.02502097
v -0.01859792 0.01543629 0.02483055
v -0.01740385 0.04460230 0.02575250
v -0.01743144 0.04387172 0.02576864
v -0.01859792 0.03285925 0.02505109
v -0.01750655 0.03274107 0.02581705
v -0.00478874 0.04460230 0.03044292
v -0.00478874 0.03398020 0.03042893
v -0.00355175 0.03274107 0.03052683
v -0.00293862 0.03274107 0.03055157
v -0.00602573 0.00801944 0.02992008
v -0.00602573 0.00925140 0.02999109
v -0.00478874 0.01048695 0.03019549
v -0.00602573 0.01048695 0.03003304
v -0.00293862 0.01172607 0.03032673
v -0.00355175 0.01172607 0.03030737
v -0.00478874 0.01172607 0.03021593
v -0.01647803 0.00801944 0.02596120
v -0.01603811 0.00914396 0.02630223
v -0.01656540 0.00948418 0.02601391
v -0.01586030 0.00801944 0.02632159
v -0.01475054 0.00801944 0.02694016
v -0.01659452 0.01048695 0.02603220
v -0.01672481 0.01667183 0.02611611
v -0.01731801 0.01543629 0.02570086
v -0.01734254 0.01667183 0.02571592
v -0.01823770 0.01543629 0.02508336
v -0.01859792 0.02161759 0.02498977
v -0.01859792 0.01596990 0.02484454
v -0.01678459 0.04460230 0.02615484
v -0.01681218 0.04387172 0.02617313
v -0.01688882 0.03274107 0.02622477
v -0.01835573 0.02161759 0.02515221
v -0.00529150 0.04460230 0.03036546
v -0.00602573 0.03398020 0.03025681
v -0.00602573 0.03274107 0.03025143
v -0.00602573 0.01790738 0.03016321
v -0.00478874 0.01790738 0.03028800
v -0.00691629 0.00801944 0.02976195
v -0.00710176 0.00925140 0.02979745
v -0.00602573 0.01172607 0.03005994
v -0.00602573 0.01667183 0.03014923
v -0.00726118 0.01172607 0.02984263
v -0.00734855 0.01061229 0.02979637
v -0.00726118 0.01667183 0.02996312
v -0.01482565 0.00925140 0.02698212
v -0.01591548 0.01048695 0.02642486
v -0.01413281 0.00801944 0.02726828
v -0.01506937 0.01667183 0.02710691
v -0.01591548 0.01667183 0.02660990
v -0.01591548 0.01790738 0.02663034
v -0.01679226 0.02161759 0.02615161
v -0.01741152 0.02161759 0.02577079
v -0.01591548 0.04460230 0.02667122
v -0.01591548 0.04387172 0.02670887
v -0.01591548 0.03274107 0.02682183
v -0.00602573 0.04460230 0.03024928
v -0.00726118 0.03398020 0.03003304
v -0.00726118 0.03274107 0.03002981
v -0.00726118 0.02655977 0.03001153
v -0.00726118 0.01790738 0.02997818
v -0.00754015 0.00801944 0.02963285
v -0.00772102 0.00925140 0.02967158
v -0.00781912 0.01028281 0.02969202
v -0.00812722 0.01543629 0.02976087
v -0.00791416 0.01172607 0.02971246
v -0.00788044 0.01110651 0.02970385
v -0.00819620 0.01667183 0.02977701
v -0.00823452 0.01790738 0.02978561
v -0.01420639 0.00925140 0.02730593
v -0.01425391 0.01048695 0.02733175
v -0.01487163 0.01048695 0.02700579
v -0.01491302 0.01172607 0.02702623
v -0.01344304 0.00801944 0.02759962
v -0.01344304 0.00925140 0.02767600
v -0.01445011 0.01667183 0.02743717
v -0.01447463 0.01790738 0.02745224
v -0.01509389 0.01790738 0.02711874
v -0.01509696 0.04460230 0.02712950
v -0.01513528 0.04387172 0.02714887
v -0.01515827 0.04263259 0.02715747
v -0.01525790 0.03274107 0.02720911
v -0.01524411 0.03150553 0.02720266
v -0.00652849 0.04460230 0.03015783
v -0.00726118 0.04460230 0.03001906
v -0.00768577 0.04460230 0.02993084
v -0.00832189 0.04263259 0.02980067
v -0.00831729 0.03398020 0.02980605
v -0.00827591 0.02655977 0.02980067
v -0.00824832 0.01914292 0.02978669
v -0.00849816 0.00801944 0.02940479
v -0.00849816 0.00925140 0.02948332
v -0.00837401 0.01061229 0.02956723
v -0.00874648 0.01543629 0.02961779
v -0.00853189 0.01172607 0.02956293
v -0.00881393 0.01667183 0.02963285
v -0.00885378 0.01790738 0.02964253
v -0.00886604 0.01914292 0.02964684
v -0.01344304 0.01048695 0.02772656
v -0.01429529 0.01172607 0.02735326
v -0.01344304 0.01667183 0.02793957
v -0.01220606 0.00801944 0.02815795
v -0.01230416 0.01048695 0.02824509
v -0.01211102 0.00912964 0.02826876
v -0.01344304 0.01790738 0.02797076
v -0.01344304 0.01914292 0.02798798
v -0.01463864 0.03274107 0.02753292
v -0.01447770 0.04460230 0.02743717
v -0.01451755 0.04387172 0.02745869
v -0.01454054 0.04263259 0.02747698
v -0.00829123 0.04460230 0.02979960
v -0.00830503 0.04387172 0.02980067
v -0.00893962 0.04263259 0.02966512
v -0.00893502 0.03398020 0.02966082
v -0.00887370 0.02038205 0.02964899
v -0.00972902 0.00801944 0.02906376
v -0.00973515 0.00925140 0.02914229
v -0.00973515 0.01048695 0.02919501
v -0.00973515 0.01543629 0.02935207
v -0.00973515 0.01419716 0.02931657
v -0.00973515 0.01172607 0.02923696
v -0.00973515 0.01667183 0.02938219
v -0.00973515 0.01790738 0.02940479
v -0.00973515 0.01914292 0.02941662
v -0.00973515 0.02038205 0.02942092
v -0.01250802 0.01543629 0.02833008
v -0.01255401 0.01667183 0.02835159
v -0.01258926 0.01790738 0.02836773
v -0.01152548 0.00801944 0.02844411
v -0.01158833 0.00863542 0.02846778
v -0.01163585 0.00945912 0.02848714
v -0.01168643 0.01048695 0.02850866
v -0.01183818 0.01419716 0.02857428
v -0.01261225 0.01914292 0.02837741
v -0.01344304 0.03274107 0.02812030
v -0.01344304 0.04460230 0.02793419
v -0.01344304 0.04387172 0.02797722
v -0.01344304 0.04263259 0.02801595
v -0.00854262 0.04460230 0.02974258
v -0.00892276 0.04387172 0.02965974
v -0.00973515 0.04263259 0.02945750
v -0.00973515 0.03398020 0.02945427
v -0.01090776 0.00801944 0.02867110
v -0.01096907 0.01048695 0.02877976
v -0.01109323 0.00912964 0.02867433
v -0.01096907 0.01419716 0.02890885
v -0.01096907 0.01543629 0.02894758
v -0.01096907 0.01667183 0.02897985
v -0.01096907 0.01790738 0.02900674
v -0.01096907 0.01914292 0.02902611
v -0.01096907 0.03274107 0.02909604
v -0.01189030 0.01543629 0.02859472
v -0.01193475 0.01667183 0.02861301
v -0.01197154 0.01790738 0.02862699
v -0.01199453 0.01914292 0.02863775
v -0.01274868 0.03274107 0.02843658
v -0.01264444 0.04263259 0.02838817
v -0.01255401 0.04460230 0.02834621
v -0.01259999 0.04387172 0.02836773
v -0.00890896 0.04460230 0.02965437
v -0.00923852 0.04460230 0.02956508
v -0.00973515 0.04387172 0.02944029
v -0.01096907 0.04263259 0.02906807
v -0.01213095 0.03274107 0.02868401
v -0.01202672 0.04263259 0.02865712
v -0.01198226 0.04387172 0.02863883
v -0.01218766 0.04460230 0.02850973
v -0.01193628 0.04460230 0.02862054
v -0.00973515 0.04460230 0.02942200
v -0.01096907 0.04387172 0.02903794
v -0.01023792 0.04460230 0.02925848
v -0.01138140 0.04460230 0.02884430
v -0.01096907 0.04460230 0.02900567
v -0.01859792 0.03286030 0.02505057
v -0.01859792 0.04386923 0.02494351
v -0.01900980 0.03340075 0.02475899
v -0.01900980 0.03322307 0.02475899
v -0.01897444 0.02161815 0.02473394
v -0.01859792 0.02161815 0.02498907
v -0.01859792 0.04450593 0.02491845
v -0.01891397 0.04460588 0.02468838
v -0.01893336 0.04386923 0.02470204
v -0.02034816 0.03397822 0.02361545
v -0.02035044 0.03274184 0.02361773
v -0.02035614 0.02161815 0.02361773
v -0.01962592 0.04386923 0.02415305
v -0.02032648 0.04386923 0.02359039
v -0.01962592 0.02161815 0.02421228
v -0.01962592 0.02038177 0.02418267
v -0.02027399 0.01543627 0.02354483
v -0.01962592 0.01543627 0.02405510
v -0.01876564 0.01048706 0.02458131
v -0.01859792 0.01048706 0.02469976
v -0.01859792 0.01543627 0.02482961
v -0.01859792 0.04460588 0.02491389
v -0.01962592 0.04460588 0.02412800
v -0.02094716 0.04263286 0.02304824
v -0.02163402 0.04263286 0.02242863
v -0.02097454 0.02161815 0.02305279
v -0.02096085 0.02038177 0.02304824
v -0.02034245 0.02038177 0.02360634
v -0.02031507 0.04460588 0.02358129
v -0.02093347 0.04460588 0.02303457
v -0.02094488 0.04386923 0.02304140
v -0.02089239 0.01543627 0.02299585
v -0.02020553 0.01172343 0.02348789
v -0.01956089 0.01048706 0.02396170
v -0.01958713 0.01172343 0.02397765
v -0.01872456 0.00925068 0.02454714
v -0.01859792 0.00925068 0.02463826
v -0.01859792 0.04460588 0.02014383
v -0.02162717 0.04386923 0.02242408
v -0.02225242 0.04263286 0.02179763
v -0.02162946 0.02161815 0.02243546
v -0.02162717 0.02038177 0.02242863
v -0.02158724 0.01667264 0.02239218
v -0.02157355 0.01543627 0.02237624
v -0.02161805 0.04460588 0.02241496
v -0.02086273 0.01172343 0.02288650
v -0.02017929 0.01048706 0.02346511
v -0.01951525 0.00925068 0.02392981
v -0.01944109 0.00801430 0.02387059
v -0.01864470 0.00801430 0.02449019
v -0.01859792 0.00812165 0.02453347
v -0.02634848 0.04460588 0.00177886
v -0.01859792 0.00679273 0.01933515
v -0.02224558 0.04386923 0.02178396
v -0.02186906 0.04460588 0.02215528
v -0.02283089 0.04263286 0.02118030
v -0.02224558 0.02038177 0.02173613
v -0.02282975 0.04139648 0.02117803
v -0.02220450 0.01667264 0.02169740
v -0.02229692 0.01531781 0.02155161
v -0.02206873 0.01172343 0.02166551
v -0.02154959 0.01419989 0.02235118
v -0.02149939 0.01172343 0.02230106
v -0.02148455 0.01103861 0.02228740
v -0.02152449 0.01295981 0.02232612
v -0.02097568 0.01056849 0.02273616
v -0.02080682 0.00925068 0.02280677
v -0.02013365 0.00925068 0.02342638
v -0.02005949 0.00801430 0.02336260
v -0.01932129 0.00679273 0.02378630
v -0.01859906 0.00679273 0.02433985
v -0.01859792 0.00754789 0.02445374
v -0.01859792 0.00801430 0.02452208
v -0.03005433 0.04460588 0.00177886
v -0.02629942 0.03892373 0.00177886
v -0.01859792 0.00679273 0.02429429
v -0.02629942 0.00679273 0.00177886
v -0.02281720 0.04386923 0.02116436
v -0.02223645 0.04460588 0.02176574
v -0.02246920 0.04460588 0.02151517
v -0.02340251 0.04263286 0.02042858
v -0.02340023 0.04139648 0.02042858
v -0.02337741 0.04386923 0.02042858
v -0.02277156 0.02038177 0.02111880
v -0.02274190 0.01667264 0.02107780
v -0.02272934 0.01565467 0.02106413
v -0.02271679 0.01482918 0.02104818
v -0.02266887 0.01172343 0.02098440
v -0.02264605 0.01048706 0.02095707
v -0.02192040 0.01056849 0.02177941
v -0.02146174 0.01021313 0.02226462
v -0.02142522 0.00925068 0.02222817
v -0.02073837 0.00801430 0.02274299
v -0.02062769 0.00679273 0.02265415
v -0.01994768 0.00679273 0.02326692
v -0.03005547 0.04460588 0.00188364
v -0.03006117 0.04386923 0.00177886
v -0.03006688 0.00679273 0.00177886
v -0.02280237 0.04460588 0.02114841
v -0.02389541 0.04386923 0.01972468
v -0.02390796 0.04263286 0.01974063
v -0.02644888 0.01667264 0.01613688
v -0.02388970 0.03274184 0.01971557
v -0.02388742 0.03150547 0.01971102
v -0.02302942 0.04460588 0.02084772
v -0.02334546 0.04460588 0.02042858
v -0.02355654 0.04460588 0.02014383
v -0.02598908 0.01667264 0.01675421
v -0.02643861 0.01543627 0.01612094
v -0.02637929 0.01048706 0.01602982
v -0.02585672 0.01048706 0.01672005
v -0.02580880 0.00925068 0.01672005
v -0.02308418 0.00925068 0.02029418
v -0.02260726 0.00925068 0.02091151
v -0.02198886 0.00925068 0.02161084
v -0.02192611 0.00801430 0.02154023
v -0.02135677 0.00801430 0.02215755
v -0.02125180 0.00679273 0.02205049
v -0.03000983 0.04460588 0.00312058
v -0.03006231 0.04386923 0.00188364
v -0.03001782 0.04386923 0.00312058
v -0.03024829 0.01172343 0.00177886
v -0.03006802 0.00679273 0.00183581
v -0.03007372 0.00683715 0.00177886
v -0.02607465 0.04380630 0.01659931
v -0.02642835 0.04335099 0.01610727
v -0.02600391 0.04263286 0.01673599
v -0.02387943 0.04460588 0.01970191
v -0.02600277 0.04460588 0.01667449
v -0.02644090 0.04139648 0.01612549
v -0.02679574 0.01667264 0.01548311
v -0.02679231 0.01543627 0.01548311
v -0.02674211 0.01048706 0.01541021
v -0.02672043 0.00925068 0.01537149
v -0.02635418 0.00925068 0.01598882
v -0.02560457 0.00793657 0.01683622
v -0.02522691 0.00829934 0.01738521
v -0.02303284 0.00801430 0.02021900
v -0.02254337 0.00801430 0.02083633
v -0.02182000 0.00679273 0.02143772
v -0.02991399 0.04460588 0.00435752
v -0.02992654 0.04386923 0.00435752
v -0.03010681 0.03026909 0.00312058
v -0.03002694 0.04263286 0.00312058
v -0.03024943 0.01172343 0.00188364
v -0.03003949 0.03026909 0.00435752
v -0.03025171 0.01048706 0.00177886
v -0.03025400 0.01048706 0.00188364
v -0.03006802 0.00679273 0.00188364
v -0.03013876 0.00736650 0.00188364
v -0.03013876 0.00736650 0.00177886
v -0.02675124 0.04263286 0.01548311
v -0.02643519 0.04263286 0.01611638
v -0.02620472 0.04460588 0.01637835
v -0.02641123 0.04460588 0.01607538
v -0.02669990 0.04460588 0.01550361
v -0.02676721 0.04139648 0.01548311
v -0.02739702 0.01543627 0.01427351
v -0.02739018 0.01419989 0.01428262
v -0.02736850 0.01172343 0.01426212
v -0.02741870 0.01050557 0.01412772
v -0.02731602 0.00925068 0.01424617
v -0.02721675 0.00801430 0.01424617
v -0.02666681 0.00801430 0.01528037
v -0.02629828 0.00801430 0.01589770
v -0.02518127 0.00747385 0.01732826
v -0.02293358 0.00679273 0.02010055
v -0.02244410 0.00679273 0.02071332
v -0.02243840 0.00679273 0.02072016
v -0.02975882 0.04460588 0.00559445
v -0.02978620 0.04386923 0.00559445
v -0.02979989 0.04263286 0.00559445
v -0.02991969 0.03026909 0.00559445
v -0.03020836 0.01172343 0.00312058
v -0.03021406 0.01048706 0.00312058
v -0.03015587 0.01172343 0.00394748
v -0.03009654 0.01172343 0.00456481
v -0.03025057 0.01038341 0.00177886
v -0.03023574 0.00925068 0.00188364
v -0.03019695 0.00925068 0.00312058
v -0.03005775 0.00679273 0.00218889
v -0.03013648 0.00739241 0.00251236
v -0.03018097 0.00801430 0.00188364
v -0.03017413 0.00792176 0.00177886
v -0.02728977 0.04460588 0.01424617
v -0.02732514 0.04263286 0.01424617
v -0.02734226 0.04139648 0.01424617
v -0.02766173 0.02950653 0.01362884
v -0.02766287 0.02868475 0.01363112
v -0.02767884 0.01419989 0.01366529
v -0.02767542 0.01295981 0.01365618
v -0.02766971 0.01172343 0.01364479
v -0.02766515 0.01093126 0.01363568
v -0.02765831 0.01010578 0.01361745
v -0.02764005 0.00925068 0.01357873
v -0.02759441 0.00801430 0.01347394
v -0.02749971 0.00679273 0.01329170
v -0.02703077 0.00679273 0.01424617
v -0.02702507 0.00679273 0.01425756
v -0.02657097 0.00679273 0.01511636
v -0.02618760 0.00679273 0.01574508
v -0.02557605 0.00679273 0.01662665
v -0.02511738 0.00679273 0.01724398
v -0.02955345 0.04460588 0.00683139
v -0.02959338 0.04386923 0.00683139
v -0.02962533 0.04263286 0.00683139
v -0.02974855 0.03026909 0.00683139
v -0.02975539 0.02903271 0.00683139
v -0.03009768 0.01048706 0.00459215
v -0.02997218 0.01048706 0.00559445
v -0.03015815 0.01048706 0.00397254
v -0.03014903 0.00925068 0.00387914
v -0.03023346 0.00925068 0.00177886
v -0.03022889 0.00914333 0.00177886
v -0.03015359 0.00811055 0.00300212
v -0.03013876 0.00858437 0.00377436
v -0.03002352 0.00679273 0.00301351
v -0.03004178 0.00690008 0.00300212
v -0.03011023 0.00775888 0.00333699
v -0.03017869 0.00801430 0.00177886
v -0.02741870 0.04460588 0.01395231
v -0.02761152 0.04460588 0.01350811
v -0.02762864 0.04263286 0.01354684
v -0.02763434 0.04139648 0.01355823
v -0.02786938 0.02906973 0.01313680
v -0.02794355 0.01419989 0.01301379
v -0.02794241 0.01295981 0.01301379
v -0.02793556 0.01172343 0.01301379
v -0.02787281 0.01050557 0.01312997
v -0.02790475 0.00925068 0.01296140
v -0.02786254 0.00801430 0.01285889
v -0.02778153 0.00679273 0.01266526
v -0.02931042 0.04460588 0.00806605
v -0.02935378 0.04386923 0.00806605
v -0.02939371 0.04263286 0.00806605
v -0.02951922 0.03026909 0.00806605
v -0.02952606 0.02903271 0.00806605
v -0.02976795 0.01048706 0.00683139
v -0.03008856 0.00925068 0.00449875
v -0.02995392 0.00925068 0.00559445
v -0.02975311 0.00925068 0.00683139
v -0.03005775 0.00811055 0.00425501
v -0.02992996 0.00679273 0.00422539
v -0.02991855 0.00679273 0.00435752
v -0.02771535 0.04460588 0.01325753
v -0.02787167 0.04386923 0.01290445
v -0.02787965 0.04263286 0.01292951
v -0.02841362 0.02903271 0.01177686
v -0.02841704 0.01172343 0.01177686
v -0.02841020 0.01048706 0.01177686
v -0.02837939 0.00925068 0.01177686
v -0.02830409 0.00801430 0.01177686
v -0.02814778 0.00679273 0.01178597
v -0.02915867 0.04460588 0.00873805
v -0.02903545 0.04389885 0.00941005
v -0.02902974 0.04460588 0.00928704
v -0.02909934 0.04263286 0.00930298
v -0.02922257 0.03026909 0.00930298
v -0.02922713 0.02903271 0.00930298
v -0.02951009 0.01048706 0.00806605
v -0.02949982 0.00925068 0.00806605
v -0.02989573 0.00801430 0.00559445
v -0.02970063 0.00801430 0.00683139
v -0.02945190 0.00801430 0.00806605
v -0.02991741 0.00679273 0.00436891
v -0.02786482 0.04460588 0.01289078
v -0.02830523 0.04386923 0.01177686
v -0.02832349 0.04263286 0.01177686
v -0.02804167 0.04460588 0.01243291
v -0.02840678 0.03026909 0.01177686
v -0.02877188 0.03026909 0.01077911
v -0.02877417 0.02903271 0.01078594
v -0.02876846 0.01048706 0.01074494
v -0.02875591 0.00925068 0.01071988
v -0.02872282 0.00801430 0.01063787
v -0.02890766 0.00732948 0.00994765
v -0.02867148 0.00686307 0.01043286
v -0.02822536 0.00679273 0.01158323
v -0.02890994 0.04350647 0.00995904
v -0.02889169 0.04432825 0.00989525
v -0.02894075 0.04460588 0.00964696
v -0.02891679 0.04263286 0.00997954
v -0.02897726 0.03026909 0.01015950
v -0.02897954 0.02903271 0.01016633
v -0.02919861 0.01048706 0.00930298
v -0.02896357 0.01048706 0.01012761
v -0.02918720 0.00925068 0.00930298
v -0.02977251 0.00679273 0.00560584
v -0.02958767 0.00679273 0.00683139
v -0.02934008 0.00679273 0.00807971
v -0.02913813 0.00801430 0.00930298
v -0.02872396 0.04263286 0.01059915
v -0.02828697 0.04460588 0.01177686
v -0.02874678 0.04389885 0.01043741
v -0.02895672 0.00925068 0.01010027
v -0.02893048 0.00801430 0.01001826
v -0.02902518 0.00686307 0.00933487
v -0.02899095 0.00679273 0.00941916
v -0.02870799 0.00679273 0.01030073
v -0.02870115 0.04460588 0.01049664
v -0.02881296 0.04460588 0.01012305
v -0.02888484 0.04460588 0.00986792
v -0.02929673 0.00679273 0.00824828
v -0.02847067 0.04460588 0.01121875
v -0.02902175 0.00679273 0.00930754
v -0.00293862 0.00287097 0.02401260
v 0.01144177 0.00287097 0.02044326
v -0.00293862 0.00287097 0.02881528
v -0.00293862 0.04460588 0.02688842
v 0.01144177 0.04460588 0.02325523
v 0.01144177 0.00287097 0.02581273
v -0.00231364 0.00287097 0.02885320
v -0.00293862 0.00307115 0.02893203
v -0.00293862 0.04460588 0.03060144
v 0.01144177 0.04460588 0.02754800
v 0.01144177 0.00295268 0.02586163
v 0.01132916 0.00287097 0.02588358
v -0.00107773 0.00287097 0.02885719
v -0.00231364 0.00307115 0.02896695
v -0.00293862 0.00431306 0.02951378
v -0.00281757 0.04460588 0.03060743
v -0.00293862 0.03398015 0.03055953
v 0.01128552 0.04460588 0.02762983
v 0.01144177 0.04139896 0.02757095
v 0.01144177 0.00302213 0.02589755
v 0.01089983 0.00287097 0.02612007
v 0.01144177 0.00338163 0.02608115
v 0.00015958 0.00287097 0.02880031
v -0.00107773 0.00307115 0.02896895
v -0.00231364 0.00422727 0.02950779
v -0.00293862 0.00486866 0.02972233
v -0.00231364 0.04460588 0.03063138
v -0.00293862 0.03274231 0.03055155
v -0.00231364 0.03274231 0.03057650
v 0.01080552 0.04460588 0.02786432
v 0.01128552 0.04263270 0.02764280
v 0.01128552 0.04139896 0.02765078
v 0.01144177 0.04016113 0.02757295
v 0.01099133 0.00307115 0.02616996
v 0.00943589 0.00368394 0.02723368
v 0.00992857 0.00318962 0.02675271
v 0.00996798 0.00287097 0.02656112
v 0.01144177 0.00415374 0.02640346
v 0.01029736 0.00430489 0.02705407
v 0.00135044 0.00287097 0.02870352
v 0.00015958 0.00307115 0.02890908
v -0.00107773 0.00423545 0.02950480
v -0.00231364 0.00484415 0.02973131
v -0.00293862 0.00506475 0.02977123
v -0.00107773 0.04387053 0.03063338
v -0.00158026 0.04460588 0.03063437
v -0.00293862 0.01172371 0.03032704
v -0.00231364 0.02161818 0.03046075
v -0.00107773 0.03274231 0.03057849
v -0.00107773 0.02161818 0.03047172
v 0.01010170 0.04460588 0.02820759
v 0.01011296 0.04263270 0.02821258
v 0.01011437 0.04139896 0.02821557
v 0.01128552 0.04016113 0.02765178
v 0.01144177 0.03027074 0.02756098
v 0.00967801 0.00430489 0.02735043
v 0.00881372 0.00430489 0.02771964
v 0.00753840 0.00435392 0.02820459
v 0.00881372 0.00344291 0.02735941
v 0.00884891 0.00287097 0.02705107
v 0.00896152 0.00287097 0.02700218
v 0.01144177 0.00420276 0.02642142
v 0.01058030 0.00509743 0.02718778
v 0.00149683 0.00287097 0.02869055
v 0.00141660 0.00296493 0.02874543
v 0.00139548 0.00430489 0.02936211
v 0.00013706 0.00441111 0.02950979
v -0.00028946 0.00489317 0.02971435
v -0.00107773 0.00485640 0.02972832
v -0.00107773 0.00554272 0.02989795
v -0.00231364 0.00554272 0.02990295
v -0.00293862 0.00549370 0.02986702
v -0.00034435 0.04460588 0.03061542
v -0.00107773 0.04460588 0.03063637
v 0.00015958 0.03274231 0.03054357
v -0.00293862 0.01048996 0.03031007
v -0.00231364 0.01048996 0.03033003
v -0.00231364 0.01172371 0.03034599
v -0.00107773 0.01048996 0.03032404
v 0.00015958 0.02161818 0.03042882
v 0.00985115 0.04460588 0.02832334
v 0.00949501 0.04263270 0.02849597
v 0.00949642 0.04139896 0.02849697
v 0.01006792 0.03027074 0.02820759
v 0.01128552 0.03027074 0.02763981
v 0.01144177 0.02408567 0.02750110
v 0.01012141 0.00552230 0.02751208
v 0.00869970 0.00564894 0.02816668
v 0.00792550 0.00530578 0.02837922
v 0.00710203 0.00479513 0.02851293
v 0.00634050 0.00390454 0.02838720
v 0.00761301 0.00299761 0.02756896
v 0.00833090 0.00287097 0.02724765
v 0.00881372 0.00287097 0.02706504
v 0.01144177 0.00553864 0.02683553
v 0.01122922 0.00552230 0.02694929
v 0.01077878 0.00591857 0.02728956
v 0.00228652 0.00287097 0.02860773
v 0.00263139 0.00317737 0.02872847
v 0.00263139 0.00430489 0.02922041
v 0.00139548 0.00513828 0.02964949
v 0.00053542 0.00498713 0.02968841
v 0.00013706 0.00545693 0.02982711
v 0.00015958 0.00678055 0.03007458
v -0.00107773 0.00678055 0.03012148
v -0.00231364 0.00678055 0.03012447
v -0.00293862 0.00678055 0.03010052
v 0.00015958 0.04460588 0.03060045
v 0.00139548 0.03274231 0.03046274
v 0.00089296 0.04460588 0.03055455
v -0.00293862 0.00925213 0.03027914
v -0.00231364 0.00925213 0.03030009
v -0.00107773 0.00925213 0.03029510
v 0.00015958 0.00925213 0.03025120
v 0.00015958 0.01048996 0.03027914
v 0.00015958 0.01172371 0.03029710
v 0.00139548 0.01172371 0.03021428
v 0.00139548 0.01296154 0.03022925
v 0.00139548 0.02161818 0.03033302
v 0.00139548 0.03150448 0.03044877
v 0.00948375 0.04460588 0.02849098
v 0.00881372 0.04263270 0.02877437
v 0.00921067 0.04460588 0.02860274
v 0.00881372 0.04139896 0.02877437
v 0.00944997 0.03027074 0.02847501
v 0.01128552 0.02408567 0.02757794
v 0.00944011 0.02939241 0.02847102
v 0.00926838 0.01543311 0.02840316
v 0.01004962 0.01419937 0.02805092
v 0.01121092 0.01296154 0.02749811
v 0.01144177 0.01296154 0.02738436
v 0.01004962 0.00678055 0.02777252
v 0.00821266 0.00613100 0.02847501
v 0.00753840 0.00564894 0.02858278
v 0.00634050 0.00554272 0.02890609
v 0.00634050 0.00452141 0.02861571
v 0.00571692 0.00369211 0.02846603
v 0.00634050 0.00307115 0.02798606
v 0.00754122 0.00287097 0.02752306
v 0.00773406 0.00287097 0.02746219
v 0.01144177 0.00667434 0.02706504
v 0.01091391 0.00678055 0.02735741
v 0.00263139 0.00287097 0.02857081
v 0.00386870 0.00333669 0.02864265
v 0.00386870 0.00287097 0.02840716
v 0.00386870 0.00430489 0.02904579
v 0.00270599 0.00555498 0.02959560
v 0.00234423 0.00597576 0.02974927
v 0.00139548 0.00575924 0.02980216
v 0.00139548 0.00678055 0.02998178
v 0.00139548 0.00801430 0.03010351
v 0.00015958 0.00801430 0.03019332
v -0.00107773 0.00801430 0.03023723
v -0.00231364 0.00801430 0.03024022
v -0.00293862 0.00801430 0.03021926
v 0.00263139 0.03150448 0.03031506
v 0.00263139 0.03274231 0.03032504
v 0.00263139 0.04460588 0.03038990
v 0.00212886 0.04460588 0.03044478
v 0.00139548 0.04460588 0.03052161
v 0.00139548 0.00925213 0.03016239
v 0.00139548 0.01048996 0.03019332
v 0.00263139 0.01172371 0.03007857
v 0.00263139 0.01296154 0.03009453
v 0.00757641 0.04263270 0.02923438
v 0.00881372 0.04460588 0.02876439
v 0.00757641 0.04387053 0.02923139
v 0.00757641 0.04139896 0.02922939
v 0.00881372 0.03027074 0.02872448
v 0.00865043 0.01543311 0.02864365
v 0.00924586 0.01419937 0.02839518
v 0.01004962 0.01296154 0.02803396
v 0.01118981 0.01172371 0.02748813
v 0.01144177 0.01172371 0.02736440
v 0.01144177 0.01220985 0.02737238
v 0.00892774 0.00678055 0.02826446
v 0.01103778 0.00801430 0.02741629
v 0.01004962 0.00801430 0.02788428
v 0.00830838 0.00678055 0.02851193
v 0.00757641 0.00678055 0.02875940
v 0.00634050 0.00678055 0.02912162
v 0.00510319 0.00678055 0.02941100
v 0.00510319 0.00554272 0.02919147
v 0.00522425 0.00418234 0.02875142
v 0.00489346 0.00351644 0.02855285
v 0.00522425 0.00308749 0.02826546
v 0.00634050 0.00287097 0.02787430
v 0.01144177 0.00678055 0.02708200
v 0.01144177 0.00765888 0.02717680
v 0.01144177 0.00801430 0.02721272
v 0.00406858 0.00287097 0.02837124
v 0.00386870 0.00554272 0.02941898
v 0.00316769 0.00624130 0.02969240
v 0.00270599 0.00670294 0.02981813
v 0.00263139 0.00801430 0.02996182
v 0.00263139 0.00925213 0.03002269
v 0.00386870 0.03027074 0.03011349
v 0.00386870 0.03150448 0.03012647
v 0.00386870 0.04460588 0.03020230
v 0.00336617 0.04460588 0.03027914
v 0.00263139 0.01048996 0.03005661
v 0.00386870 0.01172371 0.02988498
v 0.00386870 0.01048996 0.02986503
v 0.00386870 0.01296154 0.02990095
v 0.00649253 0.04263270 0.02957465
v 0.00650801 0.04460588 0.02957265
v 0.00650660 0.04387053 0.02957365
v 0.00830978 0.04460588 0.02895299
v 0.00757641 0.04460588 0.02922740
v 0.00757641 0.03027074 0.02917651
v 0.00757641 0.01543311 0.02902583
v 0.00862650 0.01419937 0.02863267
v 0.00921771 0.01296154 0.02838521
v 0.01004962 0.01172371 0.02801300
v 0.01004962 0.01048996 0.02798407
v 0.01115602 0.01048996 0.02747217
v 0.01144177 0.01102922 0.02734544
v 0.00905724 0.00801430 0.02831735
v 0.01144177 0.00874148 0.02725464
v 0.01144177 0.00925213 0.02728357
v 0.01110816 0.00925213 0.02744921
v 0.01004962 0.00925213 0.02794515
v 0.00843788 0.00801430 0.02856282
v 0.00757641 0.00801430 0.02886517
v 0.00634050 0.00801430 0.02923438
v 0.00510319 0.00801430 0.02952875
v 0.00389826 0.00670294 0.02963253
v 0.00436559 0.00801430 0.02968242
v 0.00350553 0.00706652 0.02974828
v 0.00443457 0.00287097 0.02830138
v 0.00519469 0.00287097 0.02814572
v 0.00374764 0.00801430 0.02979119
v 0.00398975 0.00913775 0.02980715
v 0.00510319 0.03027074 0.02987101
v 0.00464712 0.01172371 0.02973930
v 0.00476536 0.01543311 0.02976225
v 0.00510319 0.03150448 0.02987999
v 0.00510319 0.04460588 0.02994685
v 0.00460348 0.01048996 0.02972932
v 0.00454858 0.00947682 0.02971734
v 0.00588865 0.04387053 0.02975127
v 0.00639399 0.03027074 0.02954571
v 0.00589006 0.04460588 0.02975227
v 0.00634050 0.01543311 0.02939703
v 0.00634050 0.01048996 0.02931720
v 0.00757641 0.01048996 0.02894201
v 0.00857301 0.01172371 0.02861072
v 0.00919096 0.01172371 0.02837423
v 0.00916140 0.01048996 0.02836226
v 0.00912199 0.00925213 0.02834529
v 0.01144177 0.00986900 0.02730752
v 0.01144177 0.01048996 0.02733047
v 0.00850404 0.00925213 0.02858777
v 0.00757641 0.00925213 0.02891607
v 0.00634050 0.00925213 0.02928926
v 0.00501733 0.00913775 0.02960359
v 0.00448102 0.00865160 0.02970337
v 0.00574789 0.02903291 0.02971136
v 0.00577604 0.03027074 0.02971834
v 0.00538331 0.01543311 0.02963253
v 0.00522284 0.01048996 0.02959461
v 0.00578871 0.03150448 0.02972233
v 0.00526507 0.01172371 0.02960359
v 0.00854205 0.01048996 0.02860074
v -0.02045441 0.00702137 -0.01977102
v -0.02035831 0.00702137 -0.01986009
v -0.02045441 0.00702137 -0.01427154
v -0.02045441 0.00801470 -0.01993262
v -0.01927794 0.00702137 -0.02078897
v -0.02044567 0.00801470 -0.01994026
v -0.01904788 0.00722739 -0.02102437
v -0.00557958 0.00702137 -0.02304882
v -0.00557958 0.04387008 -0.02253348
v -0.00557958 0.04460588 -0.02252840
v -0.02045441 0.03063677 -0.01419392
v -0.02045441 0.00802941 -0.01993389
v -0.01902167 0.00702137 -0.02100401
v -0.01979628 0.00925084 -0.02060956
v -0.01972931 0.00801470 -0.02055866
v -0.01911049 0.00801470 -0.02107527
v -0.01838830 0.00801470 -0.02162369
v -0.01766902 0.00801470 -0.02215811
v -0.01756128 0.00702137 -0.02208431
v -0.01877269 0.00702137 -0.02119361
v -0.00557958 0.00702137 -0.02687886
v -0.00557958 0.04460588 -0.02627191
v -0.02045441 0.04460588 -0.01419647
v -0.02045441 0.04387008 -0.01418120
v -0.02045441 0.04298712 -0.01416720
v -0.02045441 0.04263394 -0.01416466
v -0.02045441 0.04173995 -0.01416466
v -0.02045441 0.00819865 -0.01994789
v -0.01917747 0.00925084 -0.02113126
v -0.02045441 0.00925084 -0.02003314
v -0.01983269 0.01048697 -0.02063628
v -0.01921387 0.01048697 -0.02116307
v -0.01827036 0.00931338 -0.02183110
v -0.01773745 0.00894548 -0.02220520
v -0.01705166 0.00801470 -0.02256657
v -0.01706622 0.00702137 -0.02241388
v -0.00602513 0.00702137 -0.02682160
v -0.00557958 0.00800366 -0.02702010
v -0.00557958 0.03274115 -0.02664982
v -0.00602513 0.04460588 -0.02621719
v -0.02045441 0.04460588 -0.01932312
v -0.01841888 0.01048697 -0.02178147
v -0.01777968 0.00976957 -0.02223446
v -0.02045441 0.01048697 -0.02008404
v -0.01984725 0.01172679 -0.02064646
v -0.01922989 0.01172679 -0.02117706
v -0.01843781 0.01172679 -0.02179547
v -0.01725696 0.00931338 -0.02254621
v -0.01613728 0.00925084 -0.02323841
v -0.01604555 0.00801470 -0.02318370
v -0.01694392 0.00702137 -0.02249404
v -0.00726130 0.00702137 -0.02659638
v -0.00602513 0.00801470 -0.02696157
v -0.00557958 0.00912575 -0.02711935
v -0.00557958 0.03150501 -0.02668672
v -0.00602513 0.03274115 -0.02658366
v -0.00707493 0.04460588 -0.02603015
v -0.02009040 0.04460588 -0.01963232
v -0.01920659 0.01543521 -0.02115798
v -0.01982395 0.01543521 -0.02062610
v -0.02045441 0.01543521 -0.02006241
v -0.01780152 0.01048697 -0.02224973
v -0.01715213 0.01048697 -0.02267091
v -0.02045441 0.01172679 -0.02010313
v -0.01984870 0.01296293 -0.02064646
v -0.01922989 0.01296293 -0.02117834
v -0.01781899 0.01172679 -0.02226246
v -0.01843781 0.01296293 -0.02179674
v -0.01551992 0.00925084 -0.02358706
v -0.01542673 0.00801470 -0.02353617
v -0.01618241 0.01048697 -0.02326641
v -0.01534374 0.00724579 -0.02349036
v -0.01558689 0.00702137 -0.02331222
v -0.01585917 0.00702137 -0.02314935
v -0.00849747 0.00702137 -0.02630372
v -0.00726130 0.00801470 -0.02673126
v -0.00592030 0.00931338 -0.02707736
v -0.00557958 0.00963345 -0.02714862
v -0.00557958 0.01147294 -0.02715498
v -0.00602513 0.03150501 -0.02662056
v -0.00769229 0.04460588 -0.02589654
v -0.00726130 0.03150501 -0.02636607
v -0.01947305 0.04460588 -0.02012221
v -0.01840869 0.01543521 -0.02177511
v -0.01842761 0.01419907 -0.02179038
v -0.01922261 0.01419907 -0.02117198
v -0.01984142 0.01419907 -0.02064010
v -0.02045441 0.01419907 -0.02009040
v -0.01715213 0.01172679 -0.02269254
v -0.02045441 0.01296293 -0.02010313
v -0.01781899 0.01296293 -0.02226246
v -0.01467833 0.00925084 -0.02403242
v -0.01467833 0.00801470 -0.02393444
v -0.01556505 0.01048697 -0.02361124
v -0.01619552 0.01172679 -0.02327532
v -0.01361543 0.00801470 -0.02448031
v -0.01289760 0.00718325 -0.02473608
v -0.01504088 0.00702137 -0.02361378
v -0.01530879 0.00702137 -0.02347127
v -0.00943516 0.00702137 -0.02603905
v -0.00849747 0.00801470 -0.02642969
v -0.00726130 0.00925084 -0.02681906
v -0.00607609 0.01048697 -0.02707991
v -0.00557958 0.00992777 -0.02715625
v -0.00557958 0.01048697 -0.02716262
v -0.00592466 0.01175254 -0.02709009
v -0.00726130 0.01172679 -0.02683306
v -0.00818734 0.04460588 -0.02577184
v -0.00839701 0.03150501 -0.02607977
v -0.00849747 0.01543521 -0.02645387
v -0.01866349 0.04460588 -0.02073935
v -0.01778987 0.01543521 -0.02224210
v -0.01780880 0.01419907 -0.02225609
v -0.01715213 0.01296293 -0.02268999
v -0.01715213 0.01419907 -0.02267854
v -0.01370861 0.00925084 -0.02452740
v -0.01467833 0.01048697 -0.02407568
v -0.01557816 0.01172679 -0.02361633
v -0.01619260 0.01296293 -0.02327404
v -0.01299807 0.00801470 -0.02478443
v -0.01220744 0.00801470 -0.02513562
v -0.01227005 0.00702137 -0.02497911
v -0.01265590 0.00702137 -0.02481624
v -0.01286848 0.00702137 -0.02472208
v -0.01307961 0.00702137 -0.02461774
v -0.01005397 0.00702137 -0.02584055
v -0.00962590 0.00801470 -0.02610013
v -0.00849747 0.00925084 -0.02651113
v -0.00726130 0.01048697 -0.02684578
v -0.00849747 0.01172679 -0.02652258
v -0.00849747 0.01419907 -0.02648059
v -0.00849747 0.04460588 -0.02569295
v -0.00849747 0.04387008 -0.02571331
v -0.00901582 0.03150501 -0.02590927
v -0.00967540 0.01543521 -0.02611540
v -0.01804468 0.04460588 -0.02118597
v -0.01715213 0.01543521 -0.02265564
v -0.01768358 0.04460588 -0.02143537
v -0.01715213 0.04460588 -0.02179929
v -0.01689732 0.04460588 -0.02197361
v -0.01652604 0.04460588 -0.02222301
v -0.01618532 0.01419907 -0.02326895
v -0.01617222 0.01543521 -0.02326005
v -0.01309125 0.00925084 -0.02482896
v -0.01374501 0.01048697 -0.02454775
v -0.01467833 0.01172679 -0.02408459
v -0.01557379 0.01296293 -0.02361506
v -0.01556651 0.01419907 -0.02361124
v -0.01220744 0.00925084 -0.02522087
v -0.01097127 0.00801470 -0.02563569
v -0.01097127 0.00702137 -0.02551099
v -0.01121443 0.00702137 -0.02541174
v -0.01024326 0.00801470 -0.02590163
v -0.01033644 0.00880936 -0.02593217
v -0.00984722 0.00923244 -0.02610268
v -0.00973510 0.01048697 -0.02615993
v -0.00849747 0.01048697 -0.02653403
v -0.00973510 0.01172679 -0.02615103
v -0.00971035 0.01419907 -0.02612685
v -0.00923131 0.04460588 -0.02548681
v -0.00973510 0.03150501 -0.02569295
v -0.00973510 0.04460588 -0.02534430
v -0.01032916 0.01419907 -0.02592962
v -0.01029276 0.01543521 -0.02591817
v -0.01579948 0.02781867 -0.02316207
v -0.01627414 0.04460588 -0.02238206
v -0.01555341 0.01543521 -0.02360361
v -0.01530879 0.02742502 -0.02347127
v -0.01312766 0.01048697 -0.02484551
v -0.01374793 0.01172679 -0.02455030
v -0.01467833 0.01296293 -0.02407695
v -0.01467833 0.01419907 -0.02406550
v -0.01086061 0.00923244 -0.02575275
v -0.01220744 0.01048697 -0.02524887
v -0.01037430 0.00963345 -0.02594489
v -0.01038449 0.01048697 -0.02594871
v -0.01037284 0.01172679 -0.02594489
v -0.01034518 0.01334187 -0.02593471
v -0.01097127 0.03150501 -0.02529213
v -0.01097127 0.04460588 -0.02494857
v -0.01046749 0.04460588 -0.02511144
v -0.01097127 0.01419907 -0.02569549
v -0.01097127 0.01543521 -0.02567259
v -0.01590722 0.04460588 -0.02261238
v -0.01549225 0.04460588 -0.02286432
v -0.01467833 0.01543521 -0.02404769
v -0.01528841 0.02824911 -0.02345982
v -0.01426191 0.04460588 -0.02357307
v -0.01479772 0.02781867 -0.02371558
v -0.01312911 0.01172679 -0.02484551
v -0.01373482 0.01296293 -0.02454521
v -0.01371589 0.01419907 -0.02453757
v -0.01100185 0.01048697 -0.02572221
v -0.01220744 0.01172679 -0.02524632
v -0.01099020 0.01172679 -0.02571967
v -0.01204874 0.03150501 -0.02489004
v -0.01163959 0.04460588 -0.02471953
v -0.01136149 0.04460588 -0.02481624
v -0.01220744 0.01296293 -0.02523105
v -0.01220744 0.01419907 -0.02521324
v -0.01220744 0.01543521 -0.02518779
v -0.01488072 0.04460588 -0.02323078
v -0.01368823 0.01543521 -0.02452612
v -0.01467833 0.02656046 -0.02380211
v -0.01392702 0.04460588 -0.02373594
v -0.01344216 0.03150501 -0.02427927
v -0.01344216 0.04460588 -0.02397007
v -0.01311746 0.01296293 -0.02483787
v -0.01309854 0.01419907 -0.02482896
v -0.01266755 0.03150501 -0.02463428
v -0.01225840 0.04460588 -0.02448031
v -0.01200651 0.04460588 -0.02457829
v -0.01306941 0.01543521 -0.02481497
v -0.01296895 0.04460588 -0.02417620
v -0.00557959 0.00702137 -0.02687932
v -0.00479449 0.00702137 -0.02698194
v -0.00557959 0.00702137 -0.02304835
v -0.00557959 0.00800366 -0.02702003
v -0.00481994 0.00797791 -0.02711948
v -0.00358651 0.00702137 -0.02708774
v -0.00388801 0.00754379 -0.02715969
v 0.01442169 0.00702137 -0.01736274
v 0.01442169 0.04387008 -0.01661897
v 0.01442169 0.04460588 -0.01660416
v -0.00557959 0.04387008 -0.02253417
v -0.00557959 0.00912575 -0.02711948
v -0.00525458 0.00894180 -0.02715863
v -0.00443033 0.00836788 -0.02719989
v -0.00306376 0.00735984 -0.02718085
v -0.00337310 0.00702137 -0.02710150
v -0.00350428 0.00797791 -0.02722317
v 0.01442169 0.00702137 -0.02208453
v 0.01442169 0.04460588 -0.02135346
v -0.00557959 0.04460588 -0.02252782
v -0.00557959 0.00963345 -0.02714911
v -0.00543666 0.00976589 -0.02717873
v -0.00481994 0.00931338 -0.02722105
v -0.00354931 0.00925084 -0.02731944
v -0.00231391 0.00732305 -0.02718719
v -0.00231391 0.00702137 -0.02713324
v -0.00267807 0.00702137 -0.02712689
v -0.00231391 0.00801470 -0.02726443
v -0.00231391 0.00925084 -0.02736388
v 0.01429443 0.00702137 -0.02217340
v 0.01442169 0.00740031 -0.02216811
v 0.01442169 0.03768939 -0.02164970
v 0.01382455 0.04460588 -0.02181157
v -0.00557959 0.04460588 -0.02627204
v -0.00557959 0.00992777 -0.02715651
v -0.00557959 0.01048697 -0.02716180
v -0.00545624 0.01048697 -0.02718190
v -0.00478666 0.01048697 -0.02725702
v -0.00354931 0.01048697 -0.02736176
v -0.00231391 0.01048697 -0.02740831
v -0.00107656 0.00734512 -0.02718296
v -0.00169132 0.00702137 -0.02713006
v -0.00107656 0.00801470 -0.02725596
v -0.00107656 0.00925084 -0.02735224
v 0.01368750 0.00702137 -0.02255850
v 0.01436491 0.00745917 -0.02221995
v 0.01442169 0.00750700 -0.02218715
v 0.01442169 0.03645325 -0.02169519
v 0.01402425 0.03645325 -0.02198402
v 0.01320587 0.04460588 -0.02227497
v -0.00478666 0.04460588 -0.02637572
v -0.00478666 0.03274115 -0.02676823
v -0.00557959 0.03274115 -0.02664974
v -0.00557959 0.01147294 -0.02715440
v -0.00544254 0.01136257 -0.02717979
v -0.00489043 0.01175254 -0.02723692
v -0.00354931 0.01172679 -0.02736176
v -0.00231391 0.01172679 -0.02741254
v -0.00107656 0.01172679 -0.02740091
v -0.00107656 0.01048697 -0.02739456
v -0.00107656 0.00702137 -0.02712583
v -0.00044222 0.00738927 -0.02717556
v 0.00004528 0.00805517 -0.02720835
v 0.00015884 0.00925084 -0.02728770
v 0.01347410 0.00702137 -0.02269075
v 0.01280843 0.00801470 -0.02327265
v 0.01387545 0.00793008 -0.02259553
v 0.01442169 0.00827222 -0.02228131
v 0.01442169 0.03150501 -0.02184754
v 0.01413976 0.03150501 -0.02205808
v 0.01411431 0.03274115 -0.02203798
v 0.01405362 0.03521343 -0.02200306
v 0.01349563 0.03274115 -0.02247175
v 0.01252259 0.04460588 -0.02270239
v -0.00354931 0.04460588 -0.02647834
v -0.00354931 0.03274115 -0.02688778
v -0.00478666 0.03150501 -0.02680315
v -0.00557959 0.03150501 -0.02668677
v -0.00537205 0.01218667 -0.02717027
v -0.00354931 0.03150501 -0.02692058
v -0.00231391 0.01296293 -0.02739033
v -0.00107656 0.01296293 -0.02738609
v 0.00015884 0.01296293 -0.02732579
v 0.00015884 0.01172679 -0.02733531
v 0.00015884 0.01048697 -0.02732685
v -0.00007806 0.00702137 -0.02708668
v 0.00038203 0.00767255 -0.02714805
v 0.00089694 0.00849664 -0.02718719
v 0.00108685 0.00925084 -0.02720835
v 0.01257153 0.00702137 -0.02323456
v 0.01204879 0.00702137 -0.02354878
v 0.01218976 0.00801470 -0.02362390
v 0.01289849 0.00925084 -0.02332555
v 0.01375798 0.00925084 -0.02278597
v 0.01442169 0.00830902 -0.02228449
v 0.01442169 0.03109297 -0.02185812
v 0.01352304 0.03150501 -0.02248762
v 0.01442169 0.01172679 -0.02235008
v 0.01253042 0.03150501 -0.02310654
v 0.01239924 0.03262710 -0.02315838
v 0.01252259 0.03397729 -0.02303989
v 0.01152996 0.04460588 -0.02327370
v 0.01188433 0.03296557 -0.02345356
v -0.00304810 0.04460588 -0.02649950
v -0.00231391 0.03645325 -0.02682748
v -0.00231391 0.03521343 -0.02686874
v -0.00231391 0.03397729 -0.02690894
v -0.00231391 0.03274115 -0.02694809
v -0.00231391 0.03150501 -0.02697665
v -0.00107656 0.01419907 -0.02735859
v 0.00015884 0.01419907 -0.02730357
v 0.00116908 0.01419907 -0.02721893
v 0.00126698 0.01296293 -0.02722846
v 0.00130222 0.01172679 -0.02723269
v 0.00126502 0.01048697 -0.02722740
v 0.00111818 0.00702137 -0.02698089
v 0.00134333 0.00805517 -0.02709515
v 0.00138640 0.00702137 -0.02695232
v 0.00170553 0.00925084 -0.02713958
v 0.00188174 0.01048697 -0.02715969
v 0.01137138 0.00702137 -0.02388522
v 0.01128523 0.00801470 -0.02409470
v 0.01227982 0.00925084 -0.02367256
v 0.01292199 0.01048697 -0.02333824
v 0.01375798 0.01048697 -0.02281136
v 0.01442169 0.00925084 -0.02235220
v 0.01375798 0.01172679 -0.02278703
v 0.01290437 0.01172679 -0.02332766
v 0.01442169 0.01063046 -0.02237230
v 0.01190391 0.03214148 -0.02346520
v 0.01116189 0.04460588 -0.02345885
v 0.01123433 0.03397729 -0.02375720
v 0.01139683 0.03262710 -0.02371171
v -0.00231391 0.04460588 -0.02653019
v -0.00107656 0.03645325 -0.02684017
v -0.00107656 0.03274115 -0.02693751
v -0.00107656 0.03521343 -0.02687297
v -0.00107656 0.03150501 -0.02696607
v 0.00015884 0.03645325 -0.02677670
v 0.00178776 0.01419907 -0.02714805
v 0.00188565 0.01296293 -0.02715969
v 0.00139619 0.03645325 -0.02664656
v 0.00192089 0.01172679 -0.02716392
v 0.00263159 0.00801470 -0.02690789
v 0.00263159 0.00702137 -0.02677246
v 0.00263159 0.00925084 -0.02699993
v 0.00263159 0.01048697 -0.02704119
v 0.01009487 0.00702137 -0.02450837
v 0.01034547 0.00801470 -0.02455387
v 0.01044728 0.00925084 -0.02460042
v 0.01128523 0.00925084 -0.02418992
v 0.01230331 0.01048697 -0.02368526
v 0.01228569 0.01172679 -0.02367574
v 0.01442169 0.01048697 -0.02237442
v 0.01128523 0.01172679 -0.02419204
v 0.01091129 0.04460588 -0.02358370
v 0.01004984 0.03397729 -0.02432534
v 0.01004984 0.03274115 -0.02435496
v 0.01044336 0.01172679 -0.02459936
v -0.00181075 0.04460588 -0.02653124
v 0.00015884 0.03768939 -0.02673438
v -0.00107656 0.04460588 -0.02652913
v -0.00057535 0.04460588 -0.02650691
v 0.00139619 0.03768939 -0.02661059
v 0.00263159 0.01419907 -0.02701157
v 0.00263159 0.03645325 -0.02646353
v 0.00263159 0.01296293 -0.02703802
v 0.00263159 0.01172679 -0.02704860
v 0.00386894 0.00925084 -0.02676294
v 0.00386894 0.00801470 -0.02666455
v 0.00386894 0.00702137 -0.02652701
v 0.00386894 0.01048697 -0.02680526
v 0.00962890 0.00702137 -0.02473372
v 0.00957800 0.00706552 -0.02476652
v 0.00972680 0.00801470 -0.02483317
v 0.00982860 0.00925084 -0.02487867
v 0.01046490 0.01048697 -0.02460994
v 0.01128523 0.01048697 -0.02421214
v 0.01040616 0.04460588 -0.02380905
v 0.00930586 0.03397729 -0.02465014
v 0.00925691 0.03521343 -0.02463004
v 0.01004984 0.04460588 -0.02396668
v 0.00933914 0.03274115 -0.02466390
v 0.00982469 0.01172679 -0.02487655
v 0.00984818 0.01048697 -0.02488713
v 0.00015884 0.04460588 -0.02647094
v 0.00066200 0.04460588 -0.02642650
v 0.00139619 0.04460588 -0.02635773
v 0.00263159 0.03768939 -0.02642650
v 0.00189936 0.04460588 -0.02629108
v 0.00263159 0.04460588 -0.02619057
v 0.00386894 0.01296293 -0.02679256
v 0.00386894 0.03521343 -0.02626357
v 0.00386894 0.03645325 -0.02623077
v 0.00386894 0.01172679 -0.02680949
v 0.00510238 0.00925084 -0.02647517
v 0.00510238 0.00801470 -0.02637678
v 0.00519244 0.00702137 -0.02621067
v 0.00510238 0.01048697 -0.02651537
v 0.00949773 0.00702137 -0.02479086
v 0.00888884 0.00702137 -0.02502785
v 0.00881248 0.00801470 -0.02521193
v 0.00881248 0.00925084 -0.02530292
v 0.00881248 0.01048697 -0.02532197
v 0.00868718 0.03397729 -0.02489560
v 0.00863824 0.03521343 -0.02487655
v 0.00872047 0.03274115 -0.02491041
v 0.00876745 0.04460588 -0.02448510
v 0.00931565 0.04460588 -0.02426398
v 0.00881248 0.01172679 -0.02529975
v 0.00304665 0.04460588 -0.02611651
v 0.00361834 0.04460588 -0.02601389
v 0.00510238 0.01296293 -0.02649104
v 0.00510238 0.01172679 -0.02651326
v 0.00497708 0.03397729 -0.02605409
v 0.00504365 0.03274115 -0.02606890
v 0.00566036 0.03274115 -0.02592290
v 0.00490464 0.03521343 -0.02603928
v 0.00482045 0.03645325 -0.02602023
v 0.00386894 0.04460588 -0.02596205
v 0.00423702 0.04460588 -0.02588481
v 0.00633973 0.00925084 -0.02614613
v 0.00696233 0.00862541 -0.02593877
v 0.00637106 0.00813243 -0.02605303
v 0.00599124 0.00702137 -0.02601283
v 0.00595012 0.00702137 -0.02602341
v 0.00633973 0.01048697 -0.02617893
v 0.00755359 0.00702137 -0.02552298
v 0.00745374 0.00813243 -0.02571871
v 0.00762603 0.00925084 -0.02574304
v 0.00766911 0.01048697 -0.02575468
v 0.00764365 0.01172679 -0.02574304
v 0.00757709 0.03397729 -0.02530292
v 0.00757709 0.03274115 -0.02533466
v 0.00757709 0.03521343 -0.02526378
v 0.00857950 0.03645325 -0.02485328
v 0.00841896 0.04460588 -0.02461629
v 0.00633973 0.01172679 -0.02616835
v 0.00570148 0.03184348 -0.02593242
v 0.00559576 0.03397729 -0.02590703
v 0.00633973 0.03274115 -0.02572823
v 0.00633973 0.03397729 -0.02569649
v 0.00552332 0.03521343 -0.02588904
v 0.00510238 0.04460588 -0.02567321
v 0.00700736 0.00925084 -0.02595358
v 0.00680374 0.00779764 -0.02589222
v 0.00651007 0.00702137 -0.02585519
v 0.00705043 0.01048697 -0.02596945
v 0.00739109 0.00702137 -0.02557906
v 0.00702498 0.01172679 -0.02596099
v 0.00633973 0.03521343 -0.02565735
v 0.00633973 0.04460588 -0.02532620
v 0.00757709 0.03645325 -0.02521828
v 0.00762408 0.04460588 -0.02490300
v 0.00818989 0.04460588 -0.02469987
v 0.00560555 0.04460588 -0.02553250
v -0.02634821 0.04460588 0.00177886
v -0.02045537 0.04460588 -0.01419550
v -0.03005425 0.04460588 0.00177886
v -0.02629929 0.03892552 0.00177886
v -0.02045537 0.04460588 -0.01932109
v -0.02045537 0.04409082 -0.01418479
v -0.03004178 0.04460588 0.00064579
v -0.03006096 0.04387008 0.00177886
v -0.02045537 0.03026887 -0.01419336
v -0.02045537 0.04173995 -0.01416337
v -0.02045537 0.04263394 -0.01416337
v -0.02045537 0.04298712 -0.01416551
v -0.02045537 0.04387008 -0.01418051
v -0.02633574 0.00702137 0.00177886
v -0.02052251 0.04460588 -0.01926326
v -0.02045537 0.01532116 -0.02006433
v -0.02996121 0.04460588 -0.00059009
v -0.03013002 0.01667135 -0.00109130
v -0.03016838 0.01543521 -0.00052798
v -0.03023936 0.01172679 0.00064579
v -0.03024895 0.01172679 0.00177886
v -0.02045537 0.00702137 -0.01427047
v -0.03009645 0.00702137 0.00177886
v -0.02081312 0.04460588 -0.01901266
v -0.02045537 0.01419907 -0.02008789
v -0.02051675 0.01543521 -0.02000650
v -0.02143176 0.04460588 -0.01847289
v -0.02117951 0.04460588 -0.01869351
v -0.02982981 0.04460588 -0.00182812
v -0.02995450 0.03026887 -0.00182812
v -0.03005712 0.01790749 -0.00182812
v -0.03013194 0.01543521 -0.00114699
v -0.03017222 0.01419907 -0.00054297
v -0.03017510 0.01296293 -0.00056653
v -0.03016934 0.01175622 -0.00071433
v -0.03023936 0.01048697 0.00064579
v -0.03025183 0.01048697 0.00177886
v -0.02045537 0.00702137 -0.01976875
v -0.03009741 0.00702137 0.00156038
v -0.03013865 0.00736720 0.00177886
v -0.02045537 0.01405927 -0.02009003
v -0.02053114 0.01419907 -0.02001935
v -0.02113539 0.01543521 -0.01942176
v -0.02206765 0.04460588 -0.01785388
v -0.02965525 0.04460588 -0.00306400
v -0.02979816 0.03026887 -0.00306400
v -0.02989983 0.01790749 -0.00306400
v -0.02990750 0.01667135 -0.00306400
v -0.03006288 0.01667135 -0.00182812
v -0.03013577 0.01219034 -0.00120696
v -0.03013577 0.01136625 -0.00121125
v -0.03013577 0.01109033 -0.00121125
v -0.03016838 0.01060102 -0.00068005
v -0.03016455 0.00925084 -0.00037590
v -0.03021730 0.00925084 0.00064579
v -0.03023360 0.00925084 0.00177886
v -0.03025087 0.01038396 0.00177886
v -0.02097809 0.00702137 -0.01927397
v -0.02045537 0.00801470 -0.01993153
v -0.03013961 0.00736352 0.00115985
v -0.03008590 0.00702137 0.00084070
v -0.03017510 0.00792272 0.00177886
v -0.02045537 0.01296293 -0.02010074
v -0.02053881 0.01296293 -0.02002578
v -0.02114977 0.01419907 -0.01943461
v -0.02176265 0.01543521 -0.01880275
v -0.02268532 0.04460588 -0.01724772
v -0.02956893 0.04460588 -0.00356735
v -0.02958332 0.03026887 -0.00429988
v -0.02968786 0.01667135 -0.00429988
v -0.02969170 0.01543521 -0.00429988
v -0.02991038 0.01543521 -0.00306400
v -0.03006576 0.01543521 -0.00182812
v -0.03008302 0.01175622 -0.00170389
v -0.03007727 0.01060102 -0.00170389
v -0.03013098 0.01026256 -0.00115127
v -0.03011947 0.00925084 -0.00099492
v -0.03014920 0.00841571 -0.00015529
v -0.03016359 0.00800734 0.00070790
v -0.03022881 0.00914047 0.00177886
v -0.02161495 0.00702137 -0.01865495
v -0.02106537 0.00801470 -0.01935322
v -0.02050141 0.00925084 -0.01998936
v -0.02045537 0.00819865 -0.01994652
v -0.03012330 0.00759161 0.00033521
v -0.03007535 0.00702137 0.00063294
v -0.02045537 0.01172679 -0.02010288
v -0.02115649 0.01296293 -0.01943889
v -0.02053881 0.01172679 -0.02002578
v -0.02177320 0.01419907 -0.01881560
v -0.02238128 0.01543521 -0.01815589
v -0.02325216 0.04460588 -0.01663085
v -0.02943945 0.04460588 -0.00429988
v -0.02927352 0.03645325 -0.00553576
v -0.02940205 0.01667135 -0.00553576
v -0.02940684 0.01543521 -0.00553576
v -0.02969074 0.01419907 -0.00429988
v -0.02990942 0.01172679 -0.00306400
v -0.03006768 0.01296293 -0.00182812
v -0.02989983 0.01048697 -0.00306400
v -0.03003507 0.00925084 -0.00182812
v -0.02997464 0.00801470 -0.00182812
v -0.03009165 0.00800734 -0.00057724
v -0.02173772 0.00702137 -0.01852430
v -0.02169263 0.00801470 -0.01873421
v -0.02112004 0.00925084 -0.01940248
v -0.02052922 0.01048697 -0.02001721
v -0.02045537 0.00925084 -0.02003220
v -0.03001972 0.00702137 -0.00031165
v -0.02045537 0.01048697 -0.02008146
v -0.02177512 0.01296293 -0.01881988
v -0.02115649 0.01172679 -0.01943675
v -0.02239087 0.01419907 -0.01816660
v -0.02294908 0.01419907 -0.01754759
v -0.02293853 0.01543521 -0.01753688
v -0.02387080 0.04460588 -0.01594758
v -0.02933203 0.04460588 -0.00480323
v -0.02925914 0.03768939 -0.00553576
v -0.02901072 0.03768939 -0.00653818
v -0.02907019 0.01667135 -0.00672238
v -0.02907307 0.01543521 -0.00673095
v -0.02901552 0.03645325 -0.00654674
v -0.02940588 0.01419907 -0.00553576
v -0.02968691 0.01172679 -0.00429988
v -0.02967635 0.01048697 -0.00429988
v -0.02965142 0.00925084 -0.00429988
v -0.02987297 0.00925084 -0.00306400
v -0.02981734 0.00801470 -0.00306400
v -0.02973294 0.00702137 -0.00306400
v -0.02976364 0.00702137 -0.00281982
v -0.02988448 0.00702137 -0.00182812
v -0.02990846 0.00702137 -0.00157966
v -0.02999766 0.00702137 -0.00058795
v -0.02279850 0.00702137 -0.01737409
v -0.02231031 0.00801470 -0.01807450
v -0.02235827 0.00925084 -0.01812590
v -0.02173963 0.00925084 -0.01878561
v -0.02114690 0.01048697 -0.01942818
v -0.02045537 0.01036189 -0.02007718
v -0.02239375 0.01296293 -0.01816660
v -0.02177224 0.01172679 -0.01881988
v -0.02295004 0.01296293 -0.01754759
v -0.02356772 0.01296293 -0.01680006
v -0.02356772 0.01419907 -0.01678507
v -0.02436570 0.04460588 -0.01532857
v -0.02916994 0.04460588 -0.00553576
v -0.02881986 0.03892552 -0.00712292
v -0.02882945 0.03768939 -0.00715505
v -0.02908362 0.04460588 -0.00587204
v -0.02895797 0.04460588 -0.00634969
v -0.02888412 0.01667135 -0.00734139
v -0.02888604 0.01543521 -0.00734996
v -0.02907211 0.01419907 -0.00672452
v -0.02939629 0.01172679 -0.00553576
v -0.02938478 0.01048697 -0.00553576
v -0.02936080 0.00925084 -0.00553576
v -0.02960250 0.00801470 -0.00429988
v -0.02952098 0.00702137 -0.00429988
v -0.02956318 0.00702137 -0.00405570
v -0.02358690 0.00702137 -0.01641452
v -0.02395808 0.00737823 -0.01605039
v -0.02287043 0.00801470 -0.01745549
v -0.02291743 0.00925084 -0.01750903
v -0.02238033 0.01048697 -0.01814946
v -0.02176169 0.01048697 -0.01880917
v -0.02238991 0.01172679 -0.01816017
v -0.02294525 0.01172679 -0.01754116
v -0.02356388 0.01172679 -0.01680434
v -0.02405687 0.01296293 -0.01618105
v -0.02406262 0.01172679 -0.01618534
v -0.02498434 0.04460588 -0.01451893
v -0.02851390 0.03892552 -0.00800967
v -0.02888124 0.04460588 -0.00660243
v -0.02876903 0.04460588 -0.00696870
v -0.02853308 0.03768939 -0.00800967
v -0.02865297 0.01667135 -0.00800967
v -0.02865969 0.01543521 -0.00800967
v -0.02888412 0.01419907 -0.00734353
v -0.02906923 0.01296293 -0.00670739
v -0.02906539 0.01172679 -0.00669239
v -0.02906060 0.01048697 -0.00667097
v -0.02904813 0.00925084 -0.00663242
v -0.02931189 0.00801470 -0.00553576
v -0.02928599 0.00702137 -0.00529373
v -0.02392163 0.00702137 -0.01600327
v -0.02506874 0.00801470 -0.01463459
v -0.02448943 0.00801470 -0.01542710
v -0.02399261 0.00801470 -0.01609537
v -0.02348811 0.00801470 -0.01671224
v -0.02419402 0.00702137 -0.01564129
v -0.02499681 0.00702137 -0.01453392
v -0.02353511 0.00925084 -0.01677436
v -0.02355525 0.01048697 -0.01679792
v -0.02293662 0.01048697 -0.01753045
v -0.02405975 0.01048697 -0.01617891
v -0.02462563 0.01172679 -0.01542710
v -0.02461987 0.01048697 -0.01542710
v -0.02541211 0.04460588 -0.01389992
v -0.02513492 0.01172679 -0.01473098
v -0.02557132 0.01172679 -0.01411197
v -0.02801899 0.03892552 -0.00924341
v -0.02804201 0.03768939 -0.00924341
v -0.02840456 0.04460588 -0.00800967
v -0.02818876 0.01543521 -0.00924341
v -0.02819068 0.01419907 -0.00924341
v -0.02865489 0.01419907 -0.00800967
v -0.02863379 0.01172679 -0.00800967
v -0.02887357 0.01172679 -0.00730926
v -0.02886686 0.01048697 -0.00728999
v -0.02885439 0.00925084 -0.00725143
v -0.02902319 0.00801470 -0.00654674
v -0.02898003 0.00702137 -0.00640966
v -0.02922845 0.00702137 -0.00553576
v -0.02549651 0.00801470 -0.01401772
v -0.02554254 0.00925084 -0.01407984
v -0.02511286 0.00925084 -0.01469885
v -0.02458151 0.00925084 -0.01542710
v -0.02542745 0.00702137 -0.01391705
v -0.02404056 0.00925084 -0.01615535
v -0.02513204 0.01048697 -0.01472669
v -0.02645755 0.03768939 -0.01238559
v -0.02576986 0.04460588 -0.01333660
v -0.02618995 0.01172679 -0.01320808
v -0.02653331 0.02285204 -0.01250768
v -0.02652756 0.02409186 -0.01249697
v -0.02556460 0.01048697 -0.01410768
v -0.02771975 0.03768939 -0.00998451
v -0.02791733 0.04460588 -0.00921770
v -0.02765069 0.04460588 -0.00983672
v -0.02780127 0.01419907 -0.01016443
v -0.02780127 0.01296293 -0.01017514
v -0.02780032 0.01172679 -0.01017942
v -0.02818588 0.01296293 -0.00924341
v -0.02818013 0.01172679 -0.00924341
v -0.02862132 0.01048697 -0.00800967
v -0.02859351 0.00925084 -0.00800967
v -0.02882657 0.00801470 -0.00716576
v -0.02878150 0.00702137 -0.00702653
v -0.02611514 0.00801470 -0.01309028
v -0.02616022 0.00925084 -0.01315882
v -0.02618228 0.01048697 -0.01319523
v -0.02555022 0.00702137 -0.01373285
v -0.02646330 0.00718325 -0.01239630
v -0.02683640 0.03768939 -0.01171731
v -0.02640767 0.04460588 -0.01230205
v -0.02601156 0.04460588 -0.01295319
v -0.02658223 0.01172679 -0.01258907
v -0.02696204 0.02409186 -0.01171731
v -0.02734569 0.04460588 -0.01048143
v -0.02742242 0.03768939 -0.01060352
v -0.02752217 0.01296293 -0.01079415
v -0.02752697 0.01172679 -0.01079629
v -0.02779456 0.01048697 -0.01016657
v -0.02816670 0.01048697 -0.00924341
v -0.02813409 0.00925084 -0.00924341
v -0.02853404 0.00801470 -0.00800967
v -0.02843813 0.00702137 -0.00800967
v -0.02650934 0.00801470 -0.01247126
v -0.02655346 0.00925084 -0.01254195
v -0.02657456 0.01048697 -0.01257622
v -0.02631464 0.00702137 -0.01258050
v -0.02692847 0.00801470 -0.01171731
v -0.02644891 0.00702137 -0.01237059
v -0.02656497 0.00702137 -0.01216283
v -0.02673857 0.04460588 -0.01168518
v -0.02705220 0.01048697 -0.01171731
v -0.02706371 0.01172679 -0.01171731
v -0.02752121 0.01048697 -0.01078344
v -0.02777730 0.00925084 -0.01012587
v -0.02806791 0.00801470 -0.00924341
v -0.02775428 0.00702137 -0.00978103
v -0.02701192 0.00925084 -0.01171731
v -0.02746270 0.00801470 -0.01066349
v -0.02676159 0.00702137 -0.01178585
v -0.02686901 0.00702137 -0.01157595
v -0.02743489 0.00702137 -0.01046429
v -0.02750299 0.00925084 -0.01074488
v -0.02774277 0.00801470 -0.01004448
v -0.02770057 0.00712806 -0.00994809
v -0.02769289 0.00702137 -0.00993096
v -0.02762575 0.00702137 -0.01007447
v 0.02681682 0.04460588 0.00177886
v 0.02678804 0.04460588 0.00064634
v 0.02311230 0.04460588 0.00177886
v 0.02708715 0.02903274 0.00177886
v 0.02675049 0.04460588 -0.00005114
v 0.02704335 0.02903274 0.00064634
v 0.01442169 0.04460588 -0.01660385
v 0.02311105 0.04454334 0.00177886
v 0.02710467 0.02789961 0.00177886
v 0.02682683 0.03645325 -0.00059021
v 0.02674924 0.03745393 -0.00126641
v 0.02674173 0.03827802 -0.00120257
v 0.02668792 0.04460588 -0.00066823
v 0.02686438 0.03397729 -0.00059021
v 0.02705962 0.02779660 0.00064634
v 0.02693447 0.02903274 -0.00059021
v 0.01442169 0.04460588 -0.02135143
v 0.01442169 0.04459116 -0.01660385
v 0.02310479 0.04387008 0.00177886
v 0.02710593 0.02779660 0.00177886
v 0.02675675 0.03645325 -0.00133024
v 0.02668291 0.03645325 -0.00194734
v 0.02668666 0.03779608 -0.00173691
v 0.02654023 0.04460588 -0.00182675
v 0.02719103 0.01296293 0.00064634
v 0.02713596 0.01296293 -0.00059021
v 0.02712220 0.01419907 -0.00059021
v 0.02701331 0.01419907 -0.00182675
v 0.01463195 0.04460588 -0.02119066
v 0.01546296 0.03768939 -0.02087148
v 0.01484471 0.03768939 -0.02134198
v 0.01442169 0.03768939 -0.02164698
v 0.01442169 0.04429684 -0.01660858
v 0.02326248 0.00702137 0.00177886
v 0.02719979 0.01296293 0.00177886
v 0.02719979 0.01172679 0.00064634
v 0.02699579 0.01543521 -0.00182675
v 0.02652522 0.03645325 -0.00306330
v 0.02650644 0.03768939 -0.00306330
v 0.02681933 0.01554926 -0.00318625
v 0.02632873 0.04460588 -0.00306330
v 0.02647766 0.03892552 -0.00306330
v 0.02714472 0.01172679 -0.00059021
v 0.02702708 0.01296293 -0.00182675
v 0.02685187 0.01419907 -0.00306330
v 0.01525020 0.04460588 -0.02069888
v 0.01602115 0.04460588 -0.02008179
v 0.01663940 0.04460588 -0.01958055
v 0.01617884 0.03892552 -0.02022365
v 0.01621013 0.03768939 -0.02025202
v 0.01635405 0.03650107 -0.02017872
v 0.01549175 0.03645325 -0.02089512
v 0.01487349 0.03645325 -0.02136326
v 0.01442169 0.03645325 -0.02169190
v 0.01442169 0.04387008 -0.01661567
v 0.01442169 0.00702137 -0.01736044
v 0.02704084 0.00702137 0.00177886
v 0.02720730 0.01172679 0.00177886
v 0.02719979 0.01048697 0.00064634
v 0.02674173 0.01603488 -0.00368039
v 0.02629869 0.03645325 -0.00429985
v 0.02627867 0.03768939 -0.00429985
v 0.02606590 0.04460588 -0.00429985
v 0.02624613 0.03892552 -0.00429985
v 0.02714472 0.01048697 -0.00059021
v 0.02703709 0.01048697 -0.00182675
v 0.02703584 0.01172679 -0.00182675
v 0.02686188 0.01296293 -0.00306330
v 0.02674674 0.01521079 -0.00370640
v 0.01736403 0.04460588 -0.01896109
v 0.01679709 0.03892552 -0.01970822
v 0.01684715 0.03694991 -0.01975078
v 0.01698232 0.03026887 -0.01986427
v 0.01700735 0.02903274 -0.01988318
v 0.01623390 0.03026887 -0.02047190
v 0.01560313 0.03026887 -0.02098023
v 0.01498488 0.03026887 -0.02145310
v 0.01495860 0.03150501 -0.02143892
v 0.01489602 0.03521343 -0.02138217
v 0.01442169 0.03521343 -0.02173209
v 0.01442169 0.03150501 -0.02184558
v 0.01442169 0.00702137 -0.02208438
v 0.02704084 0.00702137 0.00163700
v 0.02714097 0.00801470 0.00177886
v 0.02720605 0.01048697 0.00177886
v 0.02718978 0.00925084 0.00177886
v 0.02718227 0.00925084 0.00064634
v 0.02712970 0.00925084 -0.00059021
v 0.02664912 0.01554926 -0.00419109
v 0.02660907 0.01667135 -0.00429985
v 0.02635876 0.01543521 -0.00553640
v 0.02633874 0.01667135 -0.00553640
v 0.02602961 0.03521343 -0.00553640
v 0.02600583 0.03645325 -0.00553640
v 0.02597705 0.03768939 -0.00553640
v 0.02587692 0.04460588 -0.00503516
v 0.02593825 0.03892552 -0.00553640
v 0.02687189 0.01048697 -0.00306330
v 0.02702082 0.00925084 -0.00182675
v 0.02687064 0.01172679 -0.00306330
v 0.02675049 0.01419907 -0.00372532
v 0.02663035 0.01419907 -0.00434477
v 0.01798229 0.04460588 -0.01842202
v 0.01819630 0.03521343 -0.01861590
v 0.01822383 0.03397729 -0.01863954
v 0.01762560 0.02903274 -0.01935357
v 0.01727893 0.01048697 -0.02012198
v 0.01655054 0.01048697 -0.02074144
v 0.01591226 0.01172679 -0.02123085
v 0.01510753 0.01172679 -0.02184794
v 0.01442169 0.03109297 -0.02185740
v 0.01442169 0.00741870 -0.02217186
v 0.01477087 0.00702137 -0.02183612
v 0.02703083 0.00702137 0.00064634
v 0.02713346 0.00801470 0.00064634
v 0.02707589 0.00801470 -0.00059021
v 0.02602711 0.01543521 -0.00677294
v 0.02636877 0.01419907 -0.00553640
v 0.02604088 0.01419907 -0.00677294
v 0.02571923 0.03274115 -0.00677294
v 0.02568794 0.03521343 -0.00672566
v 0.02567293 0.03645325 -0.00666891
v 0.02565666 0.03768939 -0.00660744
v 0.02574677 0.04460588 -0.00553640
v 0.02553776 0.04460588 -0.00625515
v 0.02562412 0.04460588 -0.00595961
v 0.02675925 0.01048697 -0.00376787
v 0.02685437 0.00925084 -0.00306330
v 0.02675174 0.00925084 -0.00373004
v 0.02696200 0.00801470 -0.00182675
v 0.02680180 0.00812875 -0.00308222
v 0.02674423 0.00861437 -0.00368985
v 0.02675800 0.01172679 -0.00376315
v 0.02663410 0.01296293 -0.00436369
v 0.01863183 0.04460588 -0.01780493
v 0.01884209 0.03397729 -0.01805791
v 0.01832270 0.02903274 -0.01873412
v 0.01834398 0.02779660 -0.01875303
v 0.01789718 0.01048697 -0.01958528
v 0.01790094 0.00925084 -0.01959237
v 0.01728269 0.00925084 -0.02012198
v 0.01654553 0.00925084 -0.02074144
v 0.01593229 0.01048697 -0.02124504
v 0.01512505 0.01048697 -0.02186450
v 0.01448927 0.01172679 -0.02230663
v 0.01442169 0.01172679 -0.02234919
v 0.01442169 0.00750700 -0.02218604
v 0.01586971 0.00801470 -0.02119066
v 0.01576333 0.00702137 -0.02110554
v 0.01556183 0.00702137 -0.02125450
v 0.02701957 0.00702137 0.00040045
v 0.02696826 0.00702137 -0.00059021
v 0.02694573 0.00702137 -0.00083610
v 0.02685437 0.00702137 -0.00182912
v 0.02568419 0.01419907 -0.00793383
v 0.02567668 0.01543521 -0.00790546
v 0.02566291 0.03398097 -0.00688880
v 0.02663660 0.01172679 -0.00438260
v 0.02638004 0.01172679 -0.00553640
v 0.02604713 0.01296293 -0.00677294
v 0.02568794 0.01296293 -0.00794329
v 0.02550147 0.03439670 -0.00737821
v 0.02549020 0.03521343 -0.00734511
v 0.02547143 0.03645325 -0.00728837
v 0.02541887 0.04460588 -0.00662163
v 0.02663785 0.01048697 -0.00438733
v 0.02663035 0.00925084 -0.00434714
v 0.02677677 0.00713542 -0.00268264
v 0.02671670 0.00779028 -0.00350780
v 0.02661533 0.00812875 -0.00418163
v 0.01925009 0.04460588 -0.01720439
v 0.01947661 0.03397729 -0.01743846
v 0.01950289 0.03274115 -0.01746447
v 0.01886461 0.03274115 -0.01808156
v 0.01894096 0.02903274 -0.01814067
v 0.01896223 0.02779660 -0.01816195
v 0.01919001 0.01048697 -0.01838183
v 0.01857176 0.01048697 -0.01896819
v 0.01857301 0.00925084 -0.01897291
v 0.01853922 0.00801470 -0.01893981
v 0.01786089 0.00801470 -0.01955690
v 0.01724264 0.00801470 -0.02008179
v 0.01592728 0.00925084 -0.02123795
v 0.01648796 0.00801470 -0.02069888
v 0.01450680 0.01048697 -0.02231845
v 0.01510878 0.00925084 -0.02185504
v 0.01442169 0.01048697 -0.02237519
v 0.01442169 0.00827222 -0.02228062
v 0.01444046 0.00828326 -0.02227116
v 0.01490979 0.00793008 -0.02188814
v 0.01626019 0.00702137 -0.02071779
v 0.02679054 0.00702137 -0.00243439
v 0.02548019 0.01419907 -0.00855329
v 0.02547143 0.01543521 -0.00852492
v 0.02551023 0.03357260 -0.00740422
v 0.02638379 0.01048697 -0.00553640
v 0.02605214 0.01172679 -0.00677294
v 0.02568920 0.01172679 -0.00794565
v 0.02548395 0.01296293 -0.00856275
v 0.02530122 0.03274115 -0.00804259
v 0.02532625 0.03398097 -0.00789364
v 0.02524991 0.03521343 -0.00800949
v 0.02492827 0.04460588 -0.00800949
v 0.02509472 0.04460588 -0.00755081
v 0.02533501 0.04460588 -0.00687225
v 0.02636752 0.00925084 -0.00553640
v 0.02631121 0.00801470 -0.00553640
v 0.02674423 0.00702137 -0.00279850
v 0.02667790 0.00702137 -0.00319570
v 0.02648266 0.00702137 -0.00427857
v 0.02642635 0.00702137 -0.00454338
v 0.01980201 0.04460588 -0.01658493
v 0.02012115 0.03274115 -0.01679063
v 0.02013992 0.03150501 -0.01681900
v 0.02017747 0.02903274 -0.01686629
v 0.01957924 0.02779660 -0.01754486
v 0.01976196 0.01172679 -0.01774582
v 0.01977197 0.01048697 -0.01776474
v 0.01919127 0.00925084 -0.01838183
v 0.01959301 0.02656046 -0.01756141
v 0.01915747 0.00801470 -0.01834636
v 0.01846037 0.00702137 -0.01886415
v 0.01832646 0.00702137 -0.01898710
v 0.01776953 0.00702137 -0.01948361
v 0.01715127 0.00702137 -0.02000140
v 0.01700234 0.00702137 -0.02012435
v 0.01638158 0.00702137 -0.02062085
v 0.01449053 0.00925084 -0.02230663
v 0.01442169 0.00936856 -0.02235391
v 0.01442169 0.00925084 -0.02235155
v 0.02522863 0.01419907 -0.00924604
v 0.02520611 0.01543521 -0.00924604
v 0.02605339 0.01048697 -0.00677294
v 0.02568920 0.01048697 -0.00793856
v 0.02548395 0.01172679 -0.00856275
v 0.02523489 0.01296293 -0.00924604
v 0.02487570 0.03150501 -0.00924604
v 0.02484692 0.03274115 -0.00924604
v 0.02481062 0.03397729 -0.00924604
v 0.02466294 0.04460588 -0.00867623
v 0.02603587 0.00925084 -0.00677294
v 0.02597329 0.00801470 -0.00677294
v 0.02620232 0.00702137 -0.00553640
v 0.02613599 0.00702137 -0.00577992
v 0.02042026 0.04460588 -0.01586618
v 0.02066807 0.03274115 -0.01617354
v 0.02069435 0.03150501 -0.01620191
v 0.02071688 0.03026887 -0.01622556
v 0.02073690 0.02903274 -0.01624683
v 0.02019749 0.02779660 -0.01688520
v 0.02035518 0.01419907 -0.01705544
v 0.02038022 0.01172679 -0.01707908
v 0.02039023 0.01048697 -0.01708854
v 0.01977072 0.00925084 -0.01776474
v 0.01973693 0.00801470 -0.01772927
v 0.01954795 0.00702137 -0.01777183
v 0.01907863 0.00702137 -0.01826834
v 0.02473804 0.01296293 -0.01048022
v 0.02472802 0.01419907 -0.01048022
v 0.02548144 0.01048697 -0.00855802
v 0.02567918 0.00925084 -0.00790782
v 0.02523364 0.01172679 -0.00924604
v 0.02473804 0.01172679 -0.01048022
v 0.02445018 0.03150501 -0.01026034
v 0.02443391 0.03274115 -0.01022724
v 0.02441264 0.03397729 -0.01017995
v 0.02448147 0.04460588 -0.00912073
v 0.02564665 0.00801470 -0.00780852
v 0.02585690 0.00702137 -0.00677294
v 0.02579307 0.00702137 -0.00697864
v 0.02558782 0.00702137 -0.00763356
v 0.02088959 0.04460588 -0.01524672
v 0.02129258 0.03150501 -0.01542641
v 0.02142399 0.03032038 -0.01531292
v 0.02135390 0.02903274 -0.01546424
v 0.02137017 0.02779660 -0.01549261
v 0.02075317 0.02779660 -0.01626811
v 0.02090335 0.01419907 -0.01643835
v 0.02091337 0.01296293 -0.01645017
v 0.02092713 0.01048697 -0.01647145
v 0.02038898 0.00925084 -0.01708617
v 0.02035518 0.00801470 -0.01705071
v 0.01966184 0.00702137 -0.01764889
v 0.02437009 0.01172679 -0.01130301
v 0.02436884 0.01296293 -0.01130065
v 0.02436258 0.01419907 -0.01128173
v 0.02522738 0.01048697 -0.00924604
v 0.02547143 0.00925084 -0.00852492
v 0.02472927 0.01048697 -0.01048022
v 0.02436633 0.01048697 -0.01129592
v 0.02416484 0.03150501 -0.01087743
v 0.02414982 0.03274115 -0.01084433
v 0.02421365 0.04460588 -0.00974018
v 0.02432503 0.04460588 -0.00948720
v 0.02543639 0.00801470 -0.00842561
v 0.02554652 0.00702137 -0.00775414
v 0.02150784 0.04460588 -0.01438847
v 0.02172686 0.03397729 -0.01471002
v 0.02177817 0.03150501 -0.01478095
v 0.02179194 0.03076922 -0.01480223
v 0.02182448 0.02903274 -0.01484715
v 0.02184325 0.02779660 -0.01487316
v 0.02201096 0.01419907 -0.01508831
v 0.02152161 0.01419907 -0.01570540
v 0.02153162 0.01296293 -0.01572195
v 0.02153788 0.01172679 -0.01572905
v 0.02154539 0.01048697 -0.01573377
v 0.02092588 0.00925084 -0.01646908
v 0.02089584 0.00801470 -0.01643125
v 0.02071813 0.00702137 -0.01646908
v 0.02028009 0.00702137 -0.01696559
v 0.02015869 0.00702137 -0.01710036
v 0.02405595 0.01172679 -0.01192010
v 0.02405220 0.01296293 -0.01191774
v 0.02404093 0.01419907 -0.01190119
v 0.02520360 0.00925084 -0.00924604
v 0.02513226 0.00801470 -0.00924604
v 0.02470174 0.00925084 -0.01048022
v 0.02435256 0.00925084 -0.01126754
v 0.02405220 0.01048697 -0.01191301
v 0.02403968 0.00925084 -0.01188464
v 0.02371804 0.03150501 -0.01171677
v 0.02368675 0.03274115 -0.01171677
v 0.02363669 0.03397729 -0.01171677
v 0.02351154 0.04460588 -0.01113041
v 0.02412479 0.03397729 -0.01079468
v 0.02400339 0.04460588 -0.01017286
v 0.02537506 0.00702137 -0.00825065
v 0.02531499 0.00702137 -0.00841379
v 0.02500837 0.00702137 -0.00924604
v 0.02192836 0.04460588 -0.01376901
v 0.02215238 0.03397729 -0.01409056
v 0.02217741 0.03274115 -0.01412839
v 0.02219868 0.03150501 -0.01416386
v 0.02230882 0.02779660 -0.01418986
v 0.02305223 0.01419907 -0.01360114
v 0.02262921 0.01419907 -0.01422060
v 0.02264173 0.01296293 -0.01424188
v 0.02202347 0.01296293 -0.01510250
v 0.02202848 0.01172679 -0.01510959
v 0.02202973 0.01048697 -0.01511432
v 0.02154414 0.00925084 -0.01573141
v 0.02151410 0.00801470 -0.01569831
v 0.02082326 0.00702137 -0.01634850
v 0.02346899 0.01048697 -0.01295332
v 0.02347524 0.01172679 -0.01295332
v 0.02346773 0.01296293 -0.01295332
v 0.02344145 0.01419907 -0.01295332
v 0.02428373 0.00731201 -0.01112805
v 0.02463041 0.00801470 -0.01048022
v 0.02431627 0.00801470 -0.01119425
v 0.02400589 0.00801470 -0.01181371
v 0.02344646 0.00925084 -0.01295332
v 0.02332381 0.00804781 -0.01305735
v 0.02320491 0.03150501 -0.01261522
v 0.02318865 0.03274115 -0.01258448
v 0.02316361 0.03397729 -0.01254665
v 0.02308101 0.04460588 -0.01191774
v 0.02328626 0.04460588 -0.01155127
v 0.02384945 0.04460588 -0.01048022
v 0.02439762 0.00702137 -0.01075212
v 0.02245024 0.04460588 -0.01295332
v 0.02277063 0.03397729 -0.01316374
v 0.02279566 0.03274115 -0.01320394
v 0.02287951 0.02779660 -0.01331979
v 0.02306599 0.01296293 -0.01362242
v 0.02306975 0.01172679 -0.01362952
v 0.02264673 0.01172679 -0.01424661
v 0.02264798 0.01048697 -0.01424424
v 0.02202597 0.00925084 -0.01511432
v 0.02200094 0.00801470 -0.01508122
v 0.02184075 0.00702137 -0.01511668
v 0.02144151 0.00702137 -0.01561083
v 0.02132011 0.00702137 -0.01575742
v 0.02306725 0.01048697 -0.01362479
v 0.02305849 0.00925084 -0.01361060
v 0.02408349 0.00702137 -0.01143068
v 0.02397085 0.00702137 -0.01164111
v 0.02331380 0.00702137 -0.01286111
v 0.02322869 0.00702137 -0.01301715
v 0.02304472 0.00848193 -0.01358932
v 0.02301218 0.00765784 -0.01353731
v 0.02265674 0.04460588 -0.01262231
v 0.02293584 0.04460588 -0.01217072
v 0.02264423 0.00925084 -0.01422769
v 0.02268928 0.00804781 -0.01407874
v 0.02250155 0.00702137 -0.01416858
v 0.02193712 0.00702137 -0.01499374
v 0.02296712 0.00702137 -0.01346165
v -0.00231609 0.00702137 -0.02713342
v -0.00231609 0.00670271 -0.02707567
v -0.00267914 0.00702137 -0.02712655
v -0.00182851 0.00702137 -0.02713067
v -0.00231609 0.00554049 -0.02680616
v -0.00355228 0.00554049 -0.02676216
v -0.00350728 0.00687860 -0.02706742
v -0.00182851 0.00671157 -0.02707429
v -0.00182851 0.00624547 -0.02696704
v -0.00182851 0.00554049 -0.02680478
v -0.00337526 0.00702137 -0.02710042
v -0.00182851 0.00702137 -0.02333001
v -0.00231609 0.00430455 -0.02640189
v -0.00355228 0.00430455 -0.02636201
v -0.00478848 0.00430455 -0.02627951
v -0.00478848 0.00554049 -0.02666865
v -0.00478848 0.00677689 -0.02694641
v -0.00358979 0.00702137 -0.02708667
v -0.00182851 0.00430455 -0.02639914
v -0.00182851 0.00225492 -0.01929147
v -0.01715495 0.00702137 -0.01763315
v -0.01715495 0.00225492 -0.01308584
v -0.00231609 0.00344513 -0.02605263
v -0.00355228 0.00348479 -0.02603338
v -0.00182851 0.00344793 -0.02605125
v -0.00478848 0.00356271 -0.02599625
v -0.00559111 0.00363503 -0.02596187
v -0.00601268 0.00423317 -0.02612000
v -0.00602468 0.00554049 -0.02651740
v -0.00602468 0.00677689 -0.02678691
v -0.00479598 0.00702137 -0.02698216
v -0.00182851 0.00225492 -0.02538985
v -0.01715495 0.00702137 -0.02235510
v -0.01715495 0.00225492 -0.02035851
v -0.00231609 0.00282693 -0.02574736
v -0.00182851 0.00320485 -0.02593162
v -0.00355228 0.00286659 -0.02572674
v -0.00478848 0.00294451 -0.02568136
v -0.00601268 0.00316099 -0.02565661
v -0.00641624 0.00377360 -0.02590550
v -0.00726087 0.00461155 -0.02604300
v -0.00726087 0.00554049 -0.02630426
v -0.00602468 0.00702137 -0.02682128
v -0.00726087 0.00677689 -0.02656415
v -0.00182851 0.00243595 -0.02550260
v -0.00231609 0.00225492 -0.02538710
v -0.01715495 0.00686694 -0.02233310
v -0.01706494 0.00702137 -0.02241423
v -0.01715495 0.00228571 -0.02038189
v -0.01711144 0.00225492 -0.02039289
v -0.00355228 0.00225492 -0.02534447
v -0.00182851 0.00282973 -0.02574599
v -0.00478848 0.00225492 -0.02525509
v -0.00602318 0.00225492 -0.02511346
v -0.00726087 0.00225492 -0.02491958
v -0.00726087 0.00306815 -0.02539260
v -0.00726087 0.00399335 -0.02582574
v -0.00800199 0.00483224 -0.02596875
v -0.00844756 0.00560114 -0.02604987
v -0.00726087 0.00702137 -0.02659715
v -0.00849857 0.00677689 -0.02627264
v -0.01715495 0.00677689 -0.02231934
v -0.01694342 0.00702137 -0.02249398
v -0.01691641 0.00677689 -0.02247610
v -0.01715495 0.00287592 -0.02082741
v -0.01671838 0.00225492 -0.02070090
v -0.00763893 0.00225492 -0.02484258
v -0.00817302 0.00233797 -0.02478207
v -0.00854958 0.00297857 -0.02504333
v -0.00844756 0.00437407 -0.02569099
v -0.00882562 0.00522929 -0.02586149
v -0.00919618 0.00605371 -0.02596187
v -0.00849857 0.00702137 -0.02630426
v -0.00938821 0.00677689 -0.02602375
v -0.01670338 0.00554049 -0.02233722
v -0.01715495 0.00621001 -0.02219009
v -0.01585875 0.00702137 -0.02314988
v -0.01581974 0.00680955 -0.02314163
v -0.01715495 0.00306815 -0.02094841
v -0.01653385 0.00244948 -0.02099104
v -0.01639283 0.00225492 -0.02091816
v -0.00807400 0.00225492 -0.02473945
v -0.00824203 0.00225492 -0.02469407
v -0.00899665 0.00250687 -0.02466519
v -0.00973327 0.00334016 -0.02488658
v -0.00973327 0.00430455 -0.02529360
v -0.00965676 0.00560114 -0.02570336
v -0.01096947 0.00554049 -0.02523172
v -0.01000481 0.00677689 -0.02582574
v -0.00943472 0.00702137 -0.02603888
v -0.00955624 0.00702137 -0.02600037
v -0.01521364 0.00641903 -0.02341939
v -0.01591576 0.00554049 -0.02280612
v -0.01655936 0.00488029 -0.02224372
v -0.01715495 0.00554049 -0.02203334
v -0.01558720 0.00702137 -0.02331214
v -0.01715495 0.00331776 -0.02110242
v -0.01681590 0.00306815 -0.02118217
v -0.01545668 0.00352538 -0.02232347
v -0.01501561 0.00270096 -0.02206633
v -0.01419048 0.00235477 -0.02230147
v -0.01602227 0.00225492 -0.02114780
v -0.00881512 0.00225492 -0.02451806
v -0.00970776 0.00225492 -0.02420730
v -0.01096646 0.00225492 -0.02376453
v -0.00973327 0.00272196 -0.02454556
v -0.01049839 0.00357951 -0.02475595
v -0.01093496 0.00434421 -0.02488658
v -0.01096947 0.00677689 -0.02547923
v -0.01169858 0.00478231 -0.02475045
v -0.01192512 0.00554049 -0.02484945
v -0.01005132 0.00702137 -0.02584087
v -0.01530816 0.00702137 -0.02347164
v -0.01475307 0.00680955 -0.02373153
v -0.01336235 0.00677316 -0.02443694
v -0.01275025 0.00635838 -0.02466657
v -0.01440351 0.00554049 -0.02364628
v -0.01502161 0.00554049 -0.02331489
v -0.01418898 0.00473893 -0.02353215
v -0.01588725 0.00440300 -0.02244998
v -0.01628031 0.00405634 -0.02207046
v -0.01715495 0.00430548 -0.02159606
v -0.01715495 0.00431528 -0.02160019
v -0.01715495 0.00539539 -0.02199071
v -0.01463305 0.00431808 -0.02312788
v -0.01388743 0.00391497 -0.02337402
v -0.01306230 0.00346986 -0.02358577
v -0.01463305 0.00309521 -0.02252285
v -0.01346136 0.00306161 -0.02313475
v -0.01257172 0.00264544 -0.02334376
v -0.01388143 0.00225492 -0.02238535
v -0.01410497 0.00225492 -0.02226434
v -0.01428199 0.00225492 -0.02216809
v -0.01135953 0.00225492 -0.02361740
v -0.01174659 0.00235570 -0.02353765
v -0.01093496 0.00312787 -0.02433243
v -0.01217716 0.00306161 -0.02376728
v -0.01132352 0.00395836 -0.02459919
v -0.01228518 0.00677316 -0.02494020
v -0.01121400 0.00702137 -0.02541185
v -0.01096947 0.00702137 -0.02551086
v -0.01214865 0.00434421 -0.02438331
v -0.01346136 0.00431808 -0.02374253
v -0.01254322 0.00554049 -0.02457307
v -0.01504111 0.00702137 -0.02361327
v -0.01308030 0.00702137 -0.02461844
v -0.01286727 0.00702137 -0.02472294
v -0.01344186 0.00554049 -0.02413717
v -0.01183510 0.00225492 -0.02340977
v -0.01165207 0.00225492 -0.02349365
v -0.01265423 0.00702137 -0.02481645
v -0.01226867 0.00702137 -0.02497871
v -0.01859792 0.00260225 0.01574315
v -0.01859792 0.00260225 0.02268401
v -0.01859792 0.00801891 0.01961320
v -0.00293862 0.00801891 0.02649879
v -0.00293862 0.00260225 0.02372131
v -0.01775793 0.00260225 0.02340388
v -0.01859792 0.00283186 0.02285973
v -0.01859792 0.00801891 0.02452338
v -0.00293862 0.00801891 0.03022004
v -0.00293862 0.00260225 0.02865700
v -0.01763531 0.00260225 0.02349741
v -0.01799552 0.00338969 0.02369013
v -0.01849828 0.00292359 0.02300143
v -0.01859792 0.00296760 0.02294758
v -0.01859792 0.00801361 0.02452338
v -0.01802617 0.00801891 0.02493858
v -0.00293862 0.00677703 0.03010100
v -0.00355175 0.00801891 0.03019878
v -0.00355175 0.00801361 0.03019878
v -0.00293862 0.00306782 0.02893191
v -0.00355175 0.00306782 0.02889790
v -0.00355175 0.00260225 0.02862016
v -0.01712948 0.00309381 0.02412659
v -0.01640905 0.00260225 0.02431790
v -0.01622358 0.00279792 0.02456305
v -0.01658533 0.00362248 0.02479120
v -0.01741611 0.00430440 0.02451912
v -0.01859792 0.00421638 0.02362353
v -0.01859792 0.00326296 0.02311622
v -0.01859792 0.00754591 0.02445536
v -0.01790202 0.00677703 0.02485214
v -0.01715247 0.00801361 0.02552242
v -0.01715093 0.00801891 0.02552384
v -0.00293862 0.00549220 0.02986718
v -0.00355175 0.00677703 0.03007691
v -0.00478261 0.00801891 0.03009392
v -0.00293862 0.00431235 0.02951433
v -0.00357781 0.00440144 0.02952000
v -0.00478874 0.00430440 0.02936979
v -0.00466918 0.00299889 0.02873494
v -0.00431663 0.00260225 0.02854363
v -0.00402233 0.00260225 0.02857481
v -0.01615920 0.00260225 0.02447661
v -0.01553841 0.00260225 0.02487056
v -0.01585264 0.00315320 0.02498535
v -0.01679685 0.00430440 0.02492725
v -0.01506630 0.00402018 0.02586819
v -0.01582045 0.00438129 0.02555926
v -0.01765677 0.00521858 0.02468351
v -0.01859792 0.00452764 0.02375248
v -0.01840018 0.00438500 0.02384176
v -0.01859792 0.00677703 0.02433916
v -0.01852128 0.00677703 0.02439868
v -0.01781005 0.00604261 0.02478554
v -0.01715247 0.00677703 0.02535095
v -0.01647803 0.00801361 0.02596029
v -0.01647803 0.00801891 0.02596029
v -0.00293862 0.00506480 0.02977082
v -0.00357781 0.00544288 0.02983034
v -0.00478874 0.00677703 0.02996638
v -0.00478874 0.00575733 0.02979350
v -0.00602573 0.00801891 0.02991962
v -0.00602573 0.00801361 0.02991962
v -0.00603952 0.00679187 0.02979350
v -0.00293862 0.00486860 0.02972264
v -0.00318388 0.00487868 0.02971839
v -0.00400853 0.00496564 0.02969430
v -0.00478874 0.00514010 0.02965321
v -0.00602573 0.00430440 0.02918557
v -0.00602573 0.00329424 0.02870376
v -0.00495735 0.00260225 0.02845011
v -0.01515060 0.00260225 0.02509304
v -0.01466317 0.00308267 0.02563012
v -0.01424164 0.00350423 0.02609067
v -0.01534527 0.00484474 0.02602265
v -0.01466317 0.00438129 0.02622387
v -0.01338173 0.00434470 0.02688423
v -0.01612088 0.00554045 0.02574348
v -0.01720765 0.00559454 0.02506895
v -0.01828829 0.00559454 0.02431648
v -0.01859792 0.00529016 0.02400331
v -0.01859792 0.00662961 0.02430798
v -0.01634007 0.00677703 0.02587527
v -0.01859792 0.00557545 0.02407841
v -0.01572081 0.00677703 0.02624513
v -0.01586030 0.00801891 0.02632165
v -0.00563639 0.00599330 0.02974107
v -0.00691629 0.00801891 0.02976232
v -0.00675381 0.00721397 0.02972689
v -0.00646105 0.00638940 0.02967446
v -0.00603952 0.00556484 0.02957669
v -0.00726118 0.00554045 0.02933436
v -0.00726118 0.00430440 0.02894183
v -0.00800919 0.00362990 0.02849829
v -0.00726118 0.00349310 0.02858048
v -0.00602573 0.00267595 0.02831832
v -0.00547084 0.00260225 0.02836650
v -0.00726118 0.00287481 0.02819928
v -0.01389982 0.00260225 0.02575765
v -0.01378640 0.00267967 0.02586677
v -0.01340166 0.00308267 0.02627205
v -0.01257087 0.00395920 0.02712230
v -0.01292955 0.00478376 0.02728243
v -0.01375420 0.00554045 0.02707696
v -0.01467850 0.00554045 0.02657956
v -0.01550315 0.00554045 0.02611618
v -0.01395807 0.00651402 0.02718040
v -0.01456507 0.00686664 0.02690549
v -0.01407610 0.00733805 0.02723850
v -0.01475054 0.00801891 0.02694092
v -0.00754015 0.00801891 0.02963195
v -0.00753862 0.00801361 0.02963195
v -0.00720446 0.00679187 0.02957669
v -0.00849816 0.00677703 0.02927343
v -0.00849816 0.00554045 0.02903961
v -0.00941939 0.00468831 0.02855497
v -0.00845218 0.00428743 0.02865558
v -0.00883385 0.00386375 0.02839484
v -0.00978727 0.00297662 0.02761828
v -0.00845218 0.00315797 0.02809725
v -0.00602726 0.00260225 0.02826588
v -0.00615448 0.00260225 0.02824179
v -0.00726118 0.00260225 0.02801223
v -0.00773635 0.00260225 0.02790736
v -0.01376340 0.00260225 0.02582709
v -0.01311195 0.00260225 0.02613176
v -0.01217693 0.00312138 0.02685022
v -0.01174621 0.00356892 0.02729660
v -0.01217693 0.00434470 0.02743973
v -0.01313648 0.00554045 0.02738163
v -0.01024405 0.00505685 0.02843452
v -0.01095374 0.00549750 0.02828856
v -0.01220606 0.00554045 0.02779967
v -0.01220606 0.00677703 0.02802782
v -0.01350436 0.00686664 0.02744823
v -0.01344304 0.00801891 0.02759986
v -0.01413281 0.00801891 0.02726826
v -0.00849816 0.00801361 0.02940522
v -0.00849816 0.00801891 0.02940522
v -0.00973515 0.00801891 0.02906228
v -0.00973515 0.00677703 0.02892908
v -0.00979340 0.00549750 0.02867117
v -0.00979340 0.00428743 0.02828856
v -0.01096907 0.00332977 0.02744256
v -0.01014135 0.00260225 0.02728385
v -0.00956961 0.00260225 0.02744398
v -0.00909443 0.00260225 0.02757435
v -0.00847824 0.00260225 0.02772881
v -0.01270882 0.00260225 0.02631457
v -0.01096907 0.00271148 0.02707129
v -0.01219226 0.00260225 0.02652146
v -0.01096907 0.00430440 0.02790170
v -0.01053222 0.00588088 0.02853088
v -0.01135074 0.00677703 0.02837925
v -0.01220606 0.00801361 0.02815677
v -0.01152548 0.00801891 0.02844444
v -0.01219993 0.00801891 0.02815961
v -0.01090776 0.00801891 0.02867117
v -0.01090623 0.00801361 0.02867117
v -0.01073302 0.00677703 0.02860457
v -0.01058587 0.00260225 0.02713647
v -0.01119899 0.00260225 0.02691257
v -0.01097214 0.00260225 0.02699618
v -0.00182613 0.00702137 -0.02712982
v -0.00182613 0.00690500 -0.02710959
v -0.00182613 0.00702137 -0.02332998
v -0.00169055 0.00702137 -0.02712982
v -0.00107684 0.00672555 -0.02707292
v -0.00182613 0.00671153 -0.02707418
v -0.00182613 0.00224711 -0.01924815
v 0.01764106 0.00702137 -0.01421289
v -0.00107684 0.00702137 -0.02712603
v -0.00107684 0.00554040 -0.02680105
v -0.00182613 0.00624560 -0.02696797
v -0.00007779 0.00702137 -0.02708683
v 0.00004590 0.00689706 -0.02705648
v 0.00016007 0.00554040 -0.02675047
v -0.00182613 0.00224711 -0.02538480
v 0.01177283 0.00224711 -0.01421289
v 0.02247218 0.00702137 -0.01421289
v -0.00107684 0.00430430 -0.02639514
v -0.00182613 0.00554040 -0.02680484
v 0.00016007 0.00430430 -0.02634583
v 0.00010061 0.00702137 -0.02707166
v 0.00139699 0.00677696 -0.02691865
v 0.00139699 0.00554040 -0.02664425
v 0.00139699 0.00430430 -0.02624846
v -0.00182613 0.00243591 -0.02550367
v -0.00159302 0.00224711 -0.02538607
v 0.02009111 0.00224711 -0.01421289
v 0.02244125 0.00677696 -0.01421289
v 0.02193697 0.00702137 -0.01499562
v -0.00107684 0.00345236 -0.02604867
v -0.00182613 0.00344768 -0.02605120
v -0.00182613 0.00430430 -0.02639894
v 0.00016007 0.00350470 -0.02602338
v 0.00139699 0.00360097 -0.02597786
v 0.00111869 0.00702137 -0.02698061
v 0.00138510 0.00702137 -0.02695279
v 0.00263153 0.00702137 -0.02677197
v 0.00263153 0.00677696 -0.02673909
v 0.00263153 0.00554040 -0.02646722
v 0.00253639 0.00428655 -0.02608787
v 0.00205827 0.00366967 -0.02594498
v -0.00182613 0.00282940 -0.02574645
v -0.00107684 0.00283408 -0.02574519
v -0.00107684 0.00224711 -0.02538228
v 0.01950833 0.00224711 -0.01503355
v 0.02036704 0.00255601 -0.01421289
v 0.02213678 0.00558853 -0.01421289
v 0.02183945 0.00603343 -0.01486664
v 0.02192032 0.00677696 -0.01497412
v 0.02144221 0.00702137 -0.01561396
v 0.00016007 0.00288642 -0.02571990
v 0.00139699 0.00298316 -0.02566932
v 0.00386845 0.00702137 -0.02652665
v 0.00386845 0.00677696 -0.02649251
v 0.00398263 0.00542590 -0.02616753
v 0.00446788 0.00493707 -0.02593360
v 0.00364485 0.00468611 -0.02602338
v 0.00288367 0.00386221 -0.02587038
v 0.00386845 0.00306821 -0.02528997
v 0.00253639 0.00318177 -0.02561368
v -0.00033231 0.00224711 -0.02535825
v 0.01896361 0.00224711 -0.01567213
v 0.01917293 0.00263873 -0.01586813
v 0.02032898 0.00275557 -0.01449234
v 0.02042888 0.00262658 -0.01421289
v 0.02184896 0.00485669 -0.01421289
v 0.02212727 0.00558900 -0.01422806
v 0.02142318 0.00677696 -0.01559247
v 0.02168959 0.00520906 -0.01466558
v 0.02118531 0.00551890 -0.01543820
v 0.02068102 0.00582874 -0.01618552
v 0.02080472 0.00677696 -0.01632967
v 0.02082375 0.00702137 -0.01634990
v 0.00016007 0.00224711 -0.02533549
v 0.00139699 0.00224711 -0.02523559
v 0.00098786 0.00224711 -0.02527100
v 0.00261726 0.00224711 -0.02507374
v 0.00237939 0.00224711 -0.02510788
v 0.00519576 0.00702137 -0.02621053
v 0.00522668 0.00665545 -0.02614857
v 0.00572145 0.00616195 -0.02593613
v 0.00489604 0.00576144 -0.02604108
v 0.00398263 0.00428655 -0.02579830
v 0.00522668 0.00542590 -0.02586658
v 0.00634229 0.00554040 -0.02558333
v 0.00634229 0.00430430 -0.02517490
v 0.00510537 0.00430430 -0.02552516
v 0.00508634 0.00302054 -0.02496625
v 0.00466055 0.00237469 -0.02474876
v 0.00386845 0.00224711 -0.02484865
v 0.01837608 0.00224711 -0.01635370
v 0.01947741 0.00346311 -0.01622725
v 0.02063345 0.00357994 -0.01490457
v 0.01829282 0.00224711 -0.01644854
v 0.01795743 0.00259994 -0.01715287
v 0.01873050 0.00303129 -0.01669006
v 0.02084515 0.00317943 -0.01421289
v 0.02074049 0.00303783 -0.01421289
v 0.02151595 0.00420430 -0.01421289
v 0.02151119 0.00421411 -0.01422806
v 0.02084515 0.00430430 -0.01516127
v 0.02052641 0.00500437 -0.01600975
v 0.02015771 0.00546609 -0.01662430
v 0.01946314 0.00554040 -0.01743738
v 0.01964154 0.00677696 -0.01763085
v 0.02026000 0.00677696 -0.01694675
v 0.02027903 0.00702137 -0.01696825
v 0.00595218 0.00702137 -0.02602338
v 0.00598073 0.00698632 -0.02601073
v 0.00637321 0.00665545 -0.02583750
v 0.00757921 0.00677696 -0.02547964
v 0.00757921 0.00554040 -0.02518628
v 0.00634229 0.00344722 -0.02482083
v 0.00748168 0.00438188 -0.02483348
v 0.00700594 0.00365284 -0.02471714
v 0.00548596 0.00257658 -0.02463369
v 0.00582611 0.00224711 -0.02430871
v 0.00477711 0.00224711 -0.02462484
v 0.00393268 0.00224711 -0.02483474
v 0.01828568 0.00342432 -0.01748922
v 0.01911109 0.00406456 -0.01705170
v 0.01965343 0.00440758 -0.01664959
v 0.02034325 0.00430430 -0.01577961
v 0.01777427 0.00224711 -0.01696825
v 0.01749834 0.00302755 -0.01793433
v 0.01707255 0.00224711 -0.01767131
v 0.01669434 0.00263125 -0.01837817
v 0.01933944 0.00488847 -0.01730334
v 0.01887322 0.00554040 -0.01805572
v 0.01905876 0.00677696 -0.01824919
v 0.01954639 0.00702137 -0.01777248
v 0.01966057 0.00702137 -0.01765108
v 0.00599262 0.00702137 -0.02601200
v 0.00651117 0.00702137 -0.02585520
v 0.00739367 0.00702137 -0.02557827
v 0.00755542 0.00702137 -0.02552263
v 0.00888986 0.00702137 -0.02502695
v 0.00891365 0.00670218 -0.02496878
v 0.00939415 0.00623999 -0.02468427
v 0.00853068 0.00554040 -0.02483601
v 0.00826903 0.00484501 -0.02473105
v 0.00634229 0.00282894 -0.02450471
v 0.00782897 0.00402110 -0.02456540
v 0.00748168 0.00317149 -0.02428974
v 0.00739843 0.00224711 -0.02379153
v 0.01703687 0.00345563 -0.01868039
v 0.01786228 0.00403979 -0.01831368
v 0.01861395 0.00446413 -0.01780788
v 0.01588083 0.00224711 -0.01874741
v 0.01583801 0.00224711 -0.01878408
v 0.01536466 0.00273407 -0.01955796
v 0.01620671 0.00309485 -0.01911917
v 0.01811918 0.00486370 -0.01855015
v 0.01825476 0.00554040 -0.01867407
v 0.01907779 0.00702137 -0.01826943
v 0.01844030 0.00677696 -0.01884731
v 0.00950119 0.00702137 -0.02479049
v 0.00914914 0.00554040 -0.02458184
v 0.00963201 0.00702137 -0.02473358
v 0.01001498 0.00670218 -0.02449333
v 0.01139938 0.00667414 -0.02381176
v 0.01188939 0.00619326 -0.02345643
v 0.01005066 0.00554040 -0.02417088
v 0.01080947 0.00475014 -0.02353610
v 0.01004829 0.00432486 -0.02372830
v 0.00873525 0.00438188 -0.02434538
v 0.00963201 0.00350750 -0.02356138
v 0.00876617 0.00308457 -0.02372324
v 0.00756969 0.00224711 -0.02372956
v 0.00832374 0.00236488 -0.02352092
v 0.00791936 0.00224711 -0.02360185
v 0.01658492 0.00430430 -0.01954025
v 0.01745790 0.00439263 -0.01885995
v 0.01571908 0.00355844 -0.01983741
v 0.01459158 0.00224711 -0.01978683
v 0.01453925 0.00230272 -0.01987914
v 0.01496979 0.00311494 -0.02011308
v 0.01680614 0.00502119 -0.01971981
v 0.01742460 0.00547590 -0.01936322
v 0.01698216 0.00584556 -0.01986397
v 0.01774572 0.00677696 -0.01946565
v 0.01845933 0.00702137 -0.01886627
v 0.01832612 0.00702137 -0.01898893
v 0.01009586 0.00702137 -0.02450850
v 0.01137084 0.00702137 -0.02388510
v 0.01205114 0.00701763 -0.02354748
v 0.01248644 0.00667414 -0.02322123
v 0.01363535 0.00677696 -0.02254852
v 0.01336894 0.00554040 -0.02237401
v 0.01252212 0.00554040 -0.02287982
v 0.01168958 0.00554040 -0.02335148
v 0.01107112 0.00554040 -0.02367140
v 0.01318578 0.00485949 -0.02225642
v 0.01248406 0.00439029 -0.02245747
v 0.01124715 0.00432486 -0.02311754
v 0.01045504 0.00392623 -0.02335780
v 0.01123763 0.00310279 -0.02250426
v 0.01004829 0.00308457 -0.02311375
v 0.00914676 0.00268360 -0.02332745
v 0.00843316 0.00224711 -0.02338183
v 0.01079519 0.00234805 -0.02229814
v 0.01050262 0.00224711 -0.02237275
v 0.01596646 0.00430430 -0.02003341
v 0.01434658 0.00372855 -0.02097041
v 0.01501737 0.00420616 -0.02070613
v 0.01442983 0.00224711 -0.01990823
v 0.01313345 0.00245694 -0.02098685
v 0.01386370 0.00294857 -0.02080223
v 0.01462013 0.00455292 -0.02116262
v 0.01544315 0.00528290 -0.02086672
v 0.01622098 0.00556423 -0.02036598
v 0.01712726 0.00677696 -0.01998409
v 0.01563583 0.00610727 -0.02100835
v 0.01764582 0.00702137 -0.01958830
v 0.01776713 0.00702137 -0.01948462
v 0.01204876 0.00702137 -0.02354874
v 0.01347360 0.00702137 -0.02269140
v 0.01368768 0.00702137 -0.02255737
v 0.01429425 0.00702137 -0.02217296
v 0.01425381 0.00677696 -0.02214640
v 0.01398739 0.00554040 -0.02197190
v 0.01286941 0.00403559 -0.02206294
v 0.01204638 0.00353835 -0.02231205
v 0.01162060 0.00271397 -0.02206800
v 0.01216770 0.00224711 -0.02141299
v 0.01089034 0.00224711 -0.02216663
v 0.01352117 0.00328131 -0.02123849
v 0.01332850 0.00224711 -0.02067325
v 0.01298359 0.00224711 -0.02090845
v 0.01258873 0.00299764 -0.02165324
v 0.01501737 0.00563339 -0.02129160
v 0.01635419 0.00677696 -0.02060244
v 0.01700119 0.00702137 -0.02012572
v 0.01714867 0.00702137 -0.02000306
v 0.01499596 0.00677696 -0.02162290
v 0.01573573 0.00677696 -0.02108548
v 0.01476760 0.00702137 -0.02183786
v 0.01638036 0.00702137 -0.02062141
v 0.01576190 0.00702137 -0.02110571
v 0.01555971 0.00702137 -0.02125619
v -0.01715622 0.00225492 -0.01308550
v -0.01715622 0.00225492 -0.02035939
v -0.01715622 0.00702137 -0.01763080
v -0.02266346 0.00225492 0.00177886
v -0.01780614 0.00225492 -0.01992707
v -0.01715622 0.00275042 -0.02073265
v -0.01715622 0.00702137 -0.02235563
v -0.02633495 0.00702137 0.00177886
v -0.02854950 0.00225492 0.00177886
v -0.01790242 0.00225492 -0.01985856
v -0.01792776 0.00229925 -0.01987745
v -0.01715622 0.00287592 -0.02082715
v -0.01715622 0.00686694 -0.02233201
v -0.01753629 0.00677689 -0.02206506
v -0.01756290 0.00702137 -0.02208396
v -0.03009639 0.00702137 0.00177886
v -0.02875220 0.00257685 0.00177886
v -0.02855456 0.00225492 0.00128983
v -0.01797084 0.00225492 -0.01980422
v -0.01925041 0.00225492 -0.01873877
v -0.01875252 0.00277141 -0.01954672
v -0.01835978 0.00313720 -0.02009244
v -0.01743494 0.00306815 -0.02075391
v -0.01715622 0.00306815 -0.02094763
v -0.01715622 0.00677689 -0.02231784
v -0.01715622 0.00621001 -0.02219027
v -0.01732345 0.00554049 -0.02191859
v -0.01817861 0.00554049 -0.02129963
v -0.01894636 0.00640177 -0.02094054
v -0.01847633 0.00679929 -0.02137523
v -0.01877405 0.00702137 -0.02119332
v -0.03009766 0.00702137 0.00156151
v -0.03007358 0.00683661 0.00177886
v -0.02879401 0.00264544 0.00177886
v -0.02879781 0.00264544 0.00064489
v -0.02855583 0.00225492 0.00064489
v -0.01930742 0.00225492 -0.01868680
v -0.02005870 0.00271915 -0.01833716
v -0.01956460 0.00315726 -0.01907659
v -0.01907051 0.00359584 -0.01980895
v -0.01773519 0.00374514 -0.02096417
v -0.01715622 0.00331776 -0.02110119
v -0.01715622 0.00554049 -0.02203198
v -0.01715622 0.00539539 -0.02198946
v -0.01796324 0.00456956 -0.02113662
v -0.01879686 0.00554049 -0.02082006
v -0.02025887 0.00611670 -0.01976642
v -0.01952787 0.00679929 -0.02053421
v -0.01902364 0.00702137 -0.02100433
v -0.03006345 0.00675963 0.00177886
v -0.03008625 0.00702137 0.00083861
v -0.02882062 0.00269769 0.00177886
v -0.02910313 0.00326364 0.00064489
v -0.02877247 0.00270283 -0.00059065
v -0.02850769 0.00225492 -0.00059065
v -0.02853809 0.00225492 0.00005193
v -0.02910694 0.00326364 0.00177886
v -0.02049705 0.00225492 -0.01753630
v -0.02033488 0.00354358 -0.01860647
v -0.02057433 0.00225492 -0.01746070
v -0.02129647 0.00273455 -0.01708271
v -0.02081631 0.00313906 -0.01785050
v -0.01988006 0.00430455 -0.01941914
v -0.01926181 0.00430455 -0.01997195
v -0.01838131 0.00421590 -0.02065469
v -0.01715622 0.00431528 -0.02159966
v -0.01715622 0.00430548 -0.02159494
v -0.01715622 0.00432181 -0.02160202
v -0.02010811 0.00529227 -0.01963176
v -0.01966849 0.00563893 -0.02012079
v -0.02081377 0.00567439 -0.01909313
v -0.02151564 0.00605651 -0.01855450
v -0.02095694 0.00677689 -0.01925378
v -0.02033868 0.00677689 -0.01983966
v -0.01927828 0.00702137 -0.02078935
v -0.03006345 0.00688047 0.00070632
v -0.02984301 0.00554049 0.00064489
v -0.03004445 0.00664579 0.00177886
v -0.03007612 0.00702137 0.00063308
v -0.02948447 0.00421637 0.00177886
v -0.02950981 0.00430455 0.00064489
v -0.02907146 0.00332103 -0.00059065
v -0.02872686 0.00281014 -0.00182856
v -0.02841014 0.00225492 -0.00182856
v -0.02846208 0.00225492 -0.00122614
v -0.02155491 0.00355898 -0.01736384
v -0.02115457 0.00430455 -0.01818360
v -0.02053632 0.00430455 -0.01880019
v -0.02168414 0.00225492 -0.01627240
v -0.02172848 0.00225492 -0.01622279
v -0.02249242 0.00282693 -0.01577393
v -0.02202367 0.00319272 -0.01657479
v -0.02136868 0.00523209 -0.01840094
v -0.02190585 0.00560301 -0.01795444
v -0.02271160 0.00618575 -0.01727407
v -0.02231126 0.00666958 -0.01783160
v -0.02159672 0.00677689 -0.01863718
v -0.02097847 0.00702137 -0.01927268
v -0.02036022 0.00702137 -0.01985856
v -0.02997477 0.00677689 -0.00059065
v -0.02977206 0.00554049 -0.00059065
v -0.02944393 0.00430455 -0.00059065
v -0.02982780 0.00543598 0.00177886
v -0.02985568 0.00554049 0.00177886
v -0.03001911 0.00702137 -0.00031189
v -0.02951868 0.00430455 0.00177886
v -0.02901699 0.00342834 -0.00182856
v -0.02895617 0.00355804 -0.00284440
v -0.02869773 0.00311480 -0.00317987
v -0.02823910 0.00225492 -0.00307828
v -0.02833032 0.00225492 -0.00244988
v -0.02173735 0.00430455 -0.01756465
v -0.02273694 0.00365136 -0.01606687
v -0.02235560 0.00430455 -0.01686301
v -0.02281675 0.00225492 -0.01493291
v -0.02282942 0.00228991 -0.01494945
v -0.02300552 0.00317079 -0.01538886
v -0.02260391 0.00554049 -0.01714886
v -0.02311574 0.00554049 -0.01652990
v -0.02373272 0.00554049 -0.01576212
v -0.02387335 0.00655200 -0.01594166
v -0.02333618 0.00678109 -0.01666220
v -0.02279775 0.00701017 -0.01737329
v -0.02173735 0.00702137 -0.01852615
v -0.02161573 0.00702137 -0.01865608
v -0.02990762 0.00702137 -0.00157814
v -0.02988482 0.00702137 -0.00182856
v -0.02986201 0.00677689 -0.00182856
v -0.02966311 0.00554049 -0.00182856
v -0.02999757 0.00702137 -0.00058829
v -0.02933498 0.00430455 -0.00182856
v -0.02912974 0.00418371 -0.00317987
v -0.02889663 0.00369148 -0.00366889
v -0.02845321 0.00306815 -0.00429965
v -0.02805540 0.00225492 -0.00409176
v -0.02288136 0.00430455 -0.01624405
v -0.02367951 0.00306815 -0.01445806
v -0.02388855 0.00383565 -0.01472502
v -0.02355156 0.00427049 -0.01538649
v -0.02287123 0.00225492 -0.01486440
v -0.02397470 0.00241729 -0.01360050
v -0.02405958 0.00465914 -0.01494708
v -0.02420655 0.00554049 -0.01514553
v -0.02392022 0.00702137 -0.01600309
v -0.02358703 0.00702137 -0.01641415
v -0.02529862 0.00576117 -0.01373044
v -0.02497809 0.00677689 -0.01451004
v -0.02428003 0.00688933 -0.01548808
v -0.02419261 0.00702137 -0.01564164
v -0.02280535 0.00702137 -0.01736620
v -0.02279901 0.00702137 -0.01737329
v -0.02976319 0.00702137 -0.00282078
v -0.02971251 0.00677689 -0.00306411
v -0.02951615 0.00554049 -0.00306411
v -0.02903472 0.00451544 -0.00429965
v -0.02882568 0.00389724 -0.00429965
v -0.02777668 0.00227079 -0.00529423
v -0.02778682 0.00225492 -0.00522336
v -0.02801360 0.00225492 -0.00429965
v -0.02803894 0.00295711 -0.00563915
v -0.02414954 0.00306815 -0.01384147
v -0.02505664 0.00430455 -0.01336899
v -0.02440545 0.00427049 -0.01426434
v -0.02372766 0.00225492 -0.01376587
v -0.02393289 0.00225492 -0.01348711
v -0.02409126 0.00225492 -0.01324850
v -0.02506804 0.00267810 -0.01212163
v -0.02477919 0.00308168 -0.01291776
v -0.02518460 0.00493675 -0.01356507
v -0.02489574 0.00542571 -0.01416040
v -0.02541011 0.00677689 -0.01389108
v -0.02563688 0.00542571 -0.01307368
v -0.02638942 0.00635838 -0.01227282
v -0.02608663 0.00677316 -0.01286579
v -0.02542784 0.00702137 -0.01391707
v -0.02508071 0.00702137 -0.01441318
v -0.02499583 0.00702137 -0.01453366
v -0.02973279 0.00702137 -0.00306411
v -0.02956302 0.00702137 -0.00405632
v -0.02949968 0.00677689 -0.00429965
v -0.02930077 0.00554049 -0.00429965
v -0.02894351 0.00478652 -0.00508161
v -0.02866985 0.00434654 -0.00551157
v -0.02776275 0.00225492 -0.00530604
v -0.02765126 0.00247094 -0.00611872
v -0.02784890 0.00331170 -0.00677311
v -0.02528215 0.00350252 -0.01248308
v -0.02545445 0.00430455 -0.01275003
v -0.02440165 0.00225492 -0.01275240
v -0.02486787 0.00225492 -0.01197988
v -0.02526188 0.00225492 -0.01132549
v -0.02529862 0.00228431 -0.01129714
v -0.02550766 0.00308168 -0.01171293
v -0.02650598 0.00471560 -0.01124517
v -0.02628427 0.00554049 -0.01208855
v -0.02631468 0.00702137 -0.01257994
v -0.02644897 0.00702137 -0.01237204
v -0.02663140 0.00554049 -0.01147196
v -0.02672009 0.00677316 -0.01180270
v -0.02951995 0.00702137 -0.00429965
v -0.02920829 0.00677689 -0.00553756
v -0.02902078 0.00560254 -0.00551157
v -0.02882822 0.00523162 -0.00590610
v -0.02825938 0.00430455 -0.00677311
v -0.02755878 0.00225492 -0.00595335
v -0.02743082 0.00225492 -0.00633370
v -0.02753597 0.00269350 -0.00677311
v -0.02694813 0.00225492 -0.00762830
v -0.02771587 0.00357764 -0.00752908
v -0.02634128 0.00389164 -0.01093333
v -0.02609170 0.00430408 -0.01168222
v -0.02528848 0.00225492 -0.01127824
v -0.02531002 0.00225492 -0.01123572
v -0.02632735 0.00262957 -0.00965290
v -0.02613351 0.00305228 -0.01050573
v -0.02671755 0.00430408 -0.01050573
v -0.02771081 0.00478838 -0.00874573
v -0.02713690 0.00554049 -0.01047975
v -0.02656426 0.00702137 -0.01216179
v -0.02764113 0.00630332 -0.00981591
v -0.02676190 0.00702137 -0.01178616
v -0.02742702 0.00674003 -0.01040887
v -0.02922856 0.00702137 -0.00553756
v -0.02896884 0.00677689 -0.00637622
v -0.02892197 0.00605605 -0.00622503
v -0.02866605 0.00560254 -0.00669278
v -0.02819096 0.00554049 -0.00801102
v -0.02784763 0.00434794 -0.00796849
v -0.02731046 0.00312647 -0.00796849
v -0.02651738 0.00231138 -0.00882841
v -0.02655412 0.00225492 -0.00864414
v -0.02755498 0.00396442 -0.00835357
v -0.02673656 0.00305228 -0.00924184
v -0.02654779 0.00345400 -0.01011121
v -0.02590800 0.00225492 -0.01001435
v -0.02734594 0.00434794 -0.00919223
v -0.02781089 0.00554049 -0.00898670
v -0.02754991 0.00554049 -0.00960565
v -0.02769307 0.00702137 -0.00993166
v -0.02841520 0.00677689 -0.00801102
v -0.02789577 0.00674003 -0.00934106
v -0.02743462 0.00702137 -0.01046321
v -0.02762466 0.00702137 -0.01007577
v -0.02903599 0.00702137 -0.00621085
v -0.02897898 0.00702137 -0.00640929
v -0.02878134 0.00702137 -0.00702825
v -0.02876994 0.00677689 -0.00699281
v -0.02645277 0.00225492 -0.00888039
v -0.02650091 0.00225492 -0.00877408
v -0.02775388 0.00702137 -0.00978283
v -0.02843801 0.00702137 -0.00801102
v -0.02793378 0.00702137 -0.00931980
v 0.02704043 0.00702137 0.00177886
v 0.02702698 0.00688164 0.00177886
v 0.02704043 0.00702137 0.00163797
v 0.02701652 0.00677696 0.00177886
v 0.02702997 0.00702137 0.00064553
v 0.01943970 0.00224711 0.00177886
v 0.01764189 0.00702137 -0.01421289
v 0.01177471 0.00224711 -0.01421289
v 0.01198692 0.00224711 -0.01365718
v 0.02684914 0.00586472 0.00177886
v 0.02700456 0.00677696 0.00064553
v 0.02701951 0.00702137 0.00040134
v 0.02537562 0.00224711 0.00177886
v 0.02247192 0.00702137 -0.01421289
v 0.02009127 0.00224711 -0.01421289
v 0.02683420 0.00578341 0.00177886
v 0.02682673 0.00581332 0.00064553
v 0.02679534 0.00594324 -0.00059110
v 0.02694180 0.00677696 -0.00059110
v 0.02696870 0.00702137 -0.00059110
v 0.02550713 0.00244666 0.00177886
v 0.02537263 0.00224711 0.00153779
v 0.02296658 0.00702137 -0.01346308
v 0.02244203 0.00677696 -0.01421289
v 0.02043051 0.00262658 -0.01421289
v 0.02062778 0.00237422 -0.01366658
v 0.02042454 0.00224711 -0.01378085
v 0.02682224 0.00573107 0.00177886
v 0.02667280 0.00519504 0.00064553
v 0.02663843 0.00532496 -0.00059110
v 0.02676247 0.00607502 -0.00141605
v 0.02672211 0.00631056 -0.00224099
v 0.02682374 0.00674424 -0.00182774
v 0.02685363 0.00702137 -0.00182774
v 0.02577315 0.00294998 0.00177886
v 0.02550414 0.00245227 0.00134995
v 0.02533229 0.00224711 0.00064553
v 0.02322811 0.00702137 -0.01301695
v 0.02295014 0.00677696 -0.01343490
v 0.02213717 0.00558853 -0.01421289
v 0.02074136 0.00303783 -0.01421289
v 0.02176356 0.00374210 -0.01352413
v 0.02074883 0.00224711 -0.01330967
v 0.02153042 0.00299531 -0.01304826
v 0.02173068 0.00253452 -0.01222331
v 0.02668027 0.00516513 0.00177886
v 0.02636494 0.00430430 0.00064553
v 0.02629172 0.00430430 -0.00059110
v 0.02638885 0.00430430 0.00177886
v 0.02617814 0.00430430 -0.00182774
v 0.02660106 0.00561377 -0.00182774
v 0.02642173 0.00554040 -0.00306281
v 0.02666383 0.00674424 -0.00308159
v 0.02674304 0.00702137 -0.00279826
v 0.02679086 0.00702137 -0.00243353
v 0.02581648 0.00310326 0.00064553
v 0.02548621 0.00248498 0.00064553
v 0.02524561 0.00224711 -0.00059110
v 0.02331329 0.00702137 -0.01286198
v 0.02331180 0.00677696 -0.01281658
v 0.02316235 0.00554040 -0.01256299
v 0.02279622 0.00554040 -0.01317975
v 0.02212222 0.00554974 -0.01421289
v 0.02084597 0.00317943 -0.01421289
v 0.02151697 0.00420430 -0.01421289
v 0.02198174 0.00456648 -0.01383876
v 0.02241513 0.00430757 -0.01294964
v 0.02285002 0.00404914 -0.01200260
v 0.02202508 0.00335889 -0.01269918
v 0.02154835 0.00224711 -0.01207460
v 0.02240766 0.00307756 -0.01170048
v 0.02282760 0.00273967 -0.01048106
v 0.02300394 0.00249012 -0.00980013
v 0.02196531 0.00226300 -0.01139836
v 0.02577613 0.00317803 -0.00059110
v 0.02572084 0.00328131 -0.00182774
v 0.02563715 0.00343413 -0.00306281
v 0.02601524 0.00430430 -0.00306281
v 0.02620205 0.00554040 -0.00429945
v 0.02645461 0.00677696 -0.00429945
v 0.02667728 0.00702137 -0.00319430
v 0.02544437 0.00256022 -0.00059110
v 0.02512605 0.00224711 -0.00182774
v 0.02397085 0.00702137 -0.01164100
v 0.02408293 0.00702137 -0.01143124
v 0.02396487 0.00684939 -0.01161125
v 0.02360770 0.00554040 -0.01171770
v 0.02305475 0.00487305 -0.01237515
v 0.02185023 0.00485669 -0.01421289
v 0.02152893 0.00422766 -0.01421289
v 0.02321167 0.00439870 -0.01164100
v 0.02307418 0.00362060 -0.01117765
v 0.02194139 0.00224711 -0.01141245
v 0.02349860 0.00296867 -0.00933052
v 0.02317879 0.00226159 -0.00897518
v 0.02316086 0.00224711 -0.00898771
v 0.02286944 0.00224711 -0.00962324
v 0.02197129 0.00224711 -0.01135923
v 0.02323857 0.00335796 -0.01048106
v 0.02538608 0.00266303 -0.00182774
v 0.02530090 0.00281585 -0.00306281
v 0.02556093 0.00358041 -0.00393628
v 0.02575222 0.00423000 -0.00432919
v 0.02562071 0.00463798 -0.00553608
v 0.02590914 0.00554040 -0.00553608
v 0.02617515 0.00677696 -0.00553608
v 0.02620205 0.00702137 -0.00553608
v 0.02642622 0.00702137 -0.00454364
v 0.02648300 0.00702137 -0.00427910
v 0.02494223 0.00224711 -0.00306438
v 0.02439826 0.00702137 -0.01075187
v 0.02421444 0.00648581 -0.01097259
v 0.02409638 0.00554040 -0.01070334
v 0.02427422 0.00491183 -0.00987370
v 0.02383336 0.00442160 -0.01036366
v 0.02412328 0.00401456 -0.00924443
v 0.02425330 0.00372248 -0.00858071
v 0.02402913 0.00305886 -0.00810484
v 0.02415018 0.00264107 -0.00704979
v 0.02318925 0.00224711 -0.00892040
v 0.02468818 0.00224711 -0.00430571
v 0.02522020 0.00312803 -0.00432919
v 0.02546977 0.00376827 -0.00475966
v 0.02536367 0.00402016 -0.00553608
v 0.02552507 0.00487305 -0.00621701
v 0.02560726 0.00563947 -0.00668662
v 0.02551760 0.00611708 -0.00742391
v 0.02582844 0.00677696 -0.00677115
v 0.02585683 0.00702137 -0.00677115
v 0.02613480 0.00702137 -0.00578028
v 0.02446551 0.00684939 -0.01052959
v 0.02490936 0.00702137 -0.00948862
v 0.02497810 0.00677696 -0.00924443
v 0.02436388 0.00554040 -0.01008503
v 0.02469416 0.00554040 -0.00924443
v 0.02520825 0.00563947 -0.00790448
v 0.02539505 0.00529318 -0.00704196
v 0.02439079 0.00463284 -0.00924443
v 0.02462093 0.00420289 -0.00810484
v 0.02517537 0.00439870 -0.00668662
v 0.02439676 0.00346497 -0.00775577
v 0.02429365 0.00241441 -0.00622484
v 0.02411431 0.00224711 -0.00638294
v 0.02441021 0.00224711 -0.00541868
v 0.02439527 0.00227001 -0.00553608
v 0.02487050 0.00306821 -0.00553608
v 0.02451483 0.00305886 -0.00669132
v 0.02557289 0.00677696 -0.00758671
v 0.02536068 0.00677696 -0.00820503
v 0.02558783 0.00702137 -0.00763054
v 0.02500799 0.00702137 -0.00924443
v 0.02537562 0.00702137 -0.00824886
v 0.02437883 0.00224711 -0.00553608
v 0.02554599 0.00702137 -0.00775264
v -0.01859792 0.00677715 0.02433958
v -0.01859792 0.00662961 0.02430867
v -0.01859792 0.00678903 0.02429320
v -0.01859904 0.00678903 0.02434179
v -0.01932888 0.00678903 0.02378081
v -0.01916046 0.00554070 0.02364388
v -0.01859792 0.00557513 0.02407897
v -0.01859792 0.00678903 0.01933492
v -0.01994756 0.00678903 0.02326621
v -0.01994644 0.00677715 0.02326621
v -0.01859792 0.00528989 0.02400388
v -0.01977914 0.00554070 0.02311824
v -0.01904368 0.00485014 0.02354891
v -0.01859792 0.00260225 0.01574155
v -0.02384715 0.00260225 0.00177886
v -0.02629942 0.00678903 0.00177886
v -0.02062687 0.00678903 0.02265443
v -0.02063249 0.00677715 0.02264781
v -0.02047305 0.00554070 0.02249983
v -0.01859792 0.00452761 0.02375210
v -0.02033269 0.00473703 0.02236952
v -0.01958601 0.00438171 0.02287308
v -0.01882136 0.00402598 0.02337664
v -0.01859792 0.00421655 0.02362400
v -0.01859792 0.00260225 0.02268094
v -0.02876740 0.00260225 0.00177886
v -0.03006764 0.00678903 0.00177886
v -0.02124668 0.00678903 0.02205591
v -0.02125117 0.00677715 0.02204928
v -0.02109060 0.00554070 0.02187480
v -0.02153973 0.00478744 0.02111505
v -0.02083909 0.00435057 0.02164069
v -0.02012946 0.00391328 0.02216634
v -0.01859792 0.00296781 0.02294597
v -0.01859792 0.00326289 0.02311603
v -0.01930530 0.00328174 0.02255284
v -0.01859792 0.00283175 0.02285762
v -0.01884494 0.00260225 0.02250425
v -0.02879435 0.00264569 0.00177886
v -0.02876740 0.00260225 0.00188487
v -0.03006315 0.00675952 0.00177886
v -0.03006876 0.00678903 0.00183628
v -0.02182044 0.00678903 0.02143750
v -0.02182493 0.00677715 0.02143087
v -0.02166661 0.00554070 0.02125639
v -0.02134661 0.00396328 0.02089419
v -0.02235940 0.00545341 0.02038842
v -0.02269850 0.00498293 0.01978547
v -0.02187771 0.00434729 0.02046130
v -0.02052245 0.00328584 0.02134253
v -0.01977015 0.00287150 0.02181075
v -0.01927049 0.00260225 0.02211554
v -0.02910649 0.00326371 0.00177886
v -0.02879435 0.00264569 0.00188487
v -0.02910762 0.00326371 0.00188487
v -0.02869329 0.00260225 0.00312168
v -0.02875954 0.00270880 0.00312168
v -0.03004406 0.00664600 0.00177886
v -0.03006315 0.00674805 0.00188487
v -0.03006764 0.00678903 0.00188487
v -0.02243800 0.00678903 0.02071971
v -0.02244249 0.00677715 0.02071088
v -0.02282313 0.00580750 0.01994670
v -0.02255141 0.00430426 0.01959995
v -0.02283548 0.00348132 0.01872977
v -0.02169020 0.00335346 0.02007038
v -0.02302300 0.00430426 0.01898155
v -0.02496100 0.00554070 0.01703578
v -0.02527764 0.00470875 0.01622744
v -0.02411663 0.00430426 0.01754597
v -0.02097495 0.00290757 0.02055406
v -0.02046856 0.00260225 0.02088535
v -0.02007556 0.00260225 0.02130278
v -0.02948489 0.00421655 0.00177886
v -0.02907730 0.00332682 0.00312168
v -0.02951970 0.00430426 0.00188487
v -0.02946580 0.00430426 0.00312168
v -0.02855182 0.00260225 0.00436070
v -0.02869329 0.00283175 0.00435628
v -0.02901667 0.00345018 0.00435628
v -0.02985654 0.00554070 0.00177886
v -0.02985767 0.00554070 0.00188487
v -0.02980826 0.00554070 0.00312168
v -0.03002385 0.00678903 0.00301346
v -0.03005753 0.00678903 0.00218965
v -0.02244361 0.00678903 0.02071308
v -0.02293766 0.00677715 0.02009247
v -0.02395607 0.00615052 0.01857738
v -0.02397291 0.00365304 0.01736266
v -0.02258846 0.00265675 0.01840953
v -0.02328237 0.00315510 0.01788609
v -0.02153637 0.00260225 0.01966842
v -0.02133875 0.00260225 0.01990474
v -0.02511595 0.00677715 0.01724339
v -0.02557519 0.00677715 0.01662499
v -0.02541575 0.00554070 0.01641738
v -0.02510023 0.00388500 0.01595799
v -0.02477124 0.00430016 0.01667137
v -0.02606699 0.00555546 0.01541689
v -0.02634994 0.00515301 0.01472339
v -0.02553926 0.00430016 0.01552069
v -0.02951857 0.00430426 0.00177886
v -0.02982847 0.00543619 0.00177886
v -0.02935127 0.00430426 0.00435628
v -0.02970159 0.00554070 0.00435628
v -0.02835644 0.00260225 0.00564168
v -0.02865736 0.00312765 0.00568143
v -0.02895267 0.00357927 0.00532806
v -0.02991718 0.00677715 0.00435628
v -0.02992953 0.00678903 0.00422597
v -0.02293317 0.00678903 0.02010131
v -0.02372926 0.00282888 0.01703358
v -0.02420534 0.00317191 0.01666033
v -0.02386849 0.00260225 0.01665149
v -0.02262551 0.00260225 0.01831235
v -0.02256488 0.00260225 0.01838965
v -0.02511708 0.00678903 0.01724339
v -0.02557519 0.00678903 0.01662719
v -0.02619499 0.00678903 0.01573493
v -0.02619387 0.00677715 0.01573272
v -0.02648244 0.00597758 0.01496192
v -0.02408519 0.00260225 0.01635112
v -0.02534726 0.00341206 0.01513419
v -0.02488465 0.00302724 0.01552069
v -0.02670251 0.00555546 0.01428609
v -0.02656553 0.00459605 0.01389959
v -0.02620510 0.00423213 0.01428609
v -0.02913905 0.00419442 0.00568143
v -0.02955675 0.00554070 0.00559309
v -0.02977346 0.00677715 0.00559309
v -0.02814647 0.00260225 0.00682990
v -0.02888979 0.00370878 0.00615186
v -0.02841708 0.00306781 0.00682990
v -0.02991718 0.00678903 0.00436953
v -0.02657114 0.00678903 0.01511652
v -0.02657002 0.00677715 0.01511431
v -0.02702813 0.00677715 0.01424634
v -0.02770520 0.00600749 0.01249051
v -0.02509799 0.00260225 0.01474327
v -0.02638700 0.00377189 0.01354842
v -0.02559316 0.00302724 0.01428167
v -0.02512157 0.00260225 0.01470131
v -0.02736386 0.00557349 0.01294548
v -0.02680357 0.00423213 0.01308683
v -0.02758393 0.00518333 0.01221223
v -0.02906158 0.00448950 0.00682990
v -0.02936699 0.00554070 0.00682990
v -0.02958594 0.00677715 0.00682990
v -0.02977458 0.00678903 0.00559309
v -0.02788934 0.00260225 0.00796732
v -0.02882578 0.00387148 0.00682990
v -0.02804542 0.00295880 0.00815726
v -0.02702476 0.00678903 0.01425738
v -0.02703038 0.00678903 0.01424634
v -0.02750197 0.00677715 0.01327898
v -0.02778043 0.00677715 0.01266278
v -0.02814984 0.00677715 0.01177714
v -0.02835981 0.00554070 0.01054033
v -0.02787475 0.00557349 0.01179039
v -0.02741776 0.00428335 0.01179039
v -0.02758843 0.00385714 0.01096658
v -0.02658237 0.00340756 0.01272683
v -0.02619387 0.00302437 0.01308683
v -0.02545168 0.00260225 0.01406965
v -0.02775910 0.00468171 0.01138842
v -0.02896838 0.00473457 0.00775088
v -0.02908853 0.00547759 0.00812413
v -0.02934229 0.00677715 0.00806671
v -0.02958482 0.00678903 0.00684315
v -0.02958707 0.00678903 0.00682990
v -0.02775236 0.00260225 0.00850622
v -0.02871463 0.00431532 0.00812413
v -0.02788710 0.00328379 0.00930352
v -0.02750309 0.00678903 0.01328118
v -0.02777818 0.00678903 0.01267161
v -0.02815209 0.00678903 0.01177714
v -0.02870789 0.00678903 0.01030180
v -0.02885161 0.00650215 0.00976732
v -0.02792191 0.00428335 0.01054695
v -0.02875954 0.00547759 0.00933444
v -0.02887294 0.00502350 0.00857689
v -0.02836767 0.00430426 0.00930352
v -0.02774450 0.00353747 0.01014057
v -0.02734028 0.00310224 0.01054695
v -0.02678335 0.00302437 0.01179260
v -0.02636679 0.00260225 0.01219898
v -0.02634096 0.00260225 0.01225419
v -0.02897400 0.00584766 0.00894352
v -0.02934341 0.00678903 0.00806671
v -0.02902228 0.00678903 0.00930793
v -0.02757271 0.00260225 0.00908045
v -0.02753678 0.00266577 0.00930352
v -0.02899084 0.00678903 0.00942057
v -0.02703375 0.00260225 0.01054474
v -0.02663514 0.00260225 0.01156069
v -0.02749299 0.00260225 0.00930793
v 0.02448178 0.04460588 0.01326554
v 0.02458225 0.04460588 0.01301141
v 0.02046476 0.04460588 0.01326554
v 0.02478678 0.02903291 0.01326554
v 0.02510344 0.04139896 0.01177446
v 0.02503975 0.04460588 0.01177446
v 0.02488725 0.02903291 0.01301141
v 0.02311197 0.04460588 0.00177998
v 0.01804361 0.00287097 0.01326554
v 0.02478857 0.02874286 0.01326554
v 0.02541561 0.04139896 0.01087037
v 0.02534026 0.03036878 0.01166201
v 0.02538242 0.04460588 0.01077704
v 0.02489353 0.02779508 0.01301141
v 0.02531155 0.02903291 0.01180932
v 0.02681682 0.04460588 0.00177998
v 0.02103619 0.00287097 0.00177998
v 0.02338737 0.00287097 0.01326554
v 0.02479305 0.02779508 0.01326554
v 0.02561027 0.04139896 0.01025303
v 0.02560041 0.04263270 0.01021704
v 0.02558246 0.04460588 0.01015857
v 0.02550173 0.04460588 0.01040933
v 0.02550532 0.03085084 0.01115487
v 0.02551249 0.03002562 0.01117511
v 0.02495453 0.01172371 0.01301141
v 0.02534923 0.01172371 0.01191278
v 0.02551788 0.02903291 0.01119085
v 0.02681950 0.04460588 0.00188343
v 0.02709132 0.02903291 0.00188343
v 0.02708683 0.02903291 0.00177998
v 0.02573227 0.00287097 0.00177998
v 0.02341428 0.00287097 0.01320707
v 0.02344927 0.00300170 0.01326554
v 0.02484509 0.01296154 0.01326554
v 0.02573048 0.04460588 0.00965705
v 0.02569370 0.03150448 0.01051616
v 0.02602830 0.03274231 0.00930171
v 0.02571792 0.02903291 0.01053865
v 0.02566589 0.03036878 0.01066122
v 0.02484867 0.01172371 0.01326554
v 0.02494376 0.01048996 0.01301141
v 0.02534744 0.01048996 0.01191727
v 0.02555286 0.01048996 0.01129880
v 0.02555017 0.01172371 0.01129431
v 0.02578789 0.01048996 0.01053865
v 0.02679170 0.04460588 0.00312038
v 0.02692177 0.03768955 0.00312038
v 0.02709042 0.02779508 0.00312038
v 0.02711015 0.02779508 0.00188343
v 0.02710656 0.02779508 0.00177998
v 0.02573317 0.00287097 0.00186544
v 0.02575291 0.00291182 0.00177998
v 0.02387806 0.00287097 0.01204434
v 0.02405388 0.00304664 0.01184868
v 0.02423778 0.00376973 0.01230972
v 0.02391663 0.00403527 0.01326554
v 0.02583274 0.04460588 0.00930171
v 0.02604624 0.03150448 0.00930171
v 0.02633599 0.03274231 0.00806477
v 0.02601844 0.04460588 0.00856854
v 0.02607136 0.02903291 0.00930171
v 0.02606149 0.03027074 0.00930171
v 0.02614402 0.01048996 0.00930171
v 0.02483522 0.01048996 0.01326554
v 0.02492044 0.00925213 0.01301141
v 0.02533937 0.00925213 0.01190378
v 0.02554928 0.00925213 0.01128531
v 0.02578251 0.00925213 0.01053865
v 0.02614133 0.00925213 0.00930171
v 0.02677734 0.04460588 0.00339812
v 0.02675223 0.04460588 0.00384117
v 0.02684821 0.03768955 0.00435732
v 0.02699712 0.02779508 0.00435732
v 0.02700789 0.02655725 0.00435732
v 0.02709759 0.02655725 0.00312038
v 0.02720793 0.01172371 0.00188343
v 0.02719986 0.01296154 0.00177998
v 0.02573317 0.00287097 0.00193404
v 0.02577174 0.00294859 0.00181147
v 0.02577264 0.00295268 0.00177998
v 0.02410591 0.00287097 0.01146185
v 0.02439118 0.00344291 0.01148547
v 0.02458135 0.00423136 0.01184868
v 0.02439297 0.00459495 0.01268643
v 0.02409515 0.00423136 0.01306313
v 0.02399737 0.00422319 0.01326554
v 0.02635124 0.03150448 0.00806477
v 0.02658717 0.03274231 0.00683007
v 0.02614223 0.04460588 0.00806477
v 0.02637457 0.02903291 0.00806477
v 0.02645351 0.01048996 0.00806477
v 0.02636380 0.03027074 0.00806477
v 0.02480920 0.00925213 0.01326554
v 0.02487200 0.00801430 0.01301141
v 0.02531873 0.00801430 0.01185093
v 0.02553223 0.00801430 0.01123246
v 0.02574752 0.00801430 0.01053865
v 0.02610276 0.00801430 0.00930171
v 0.02644992 0.00925213 0.00806477
v 0.02672890 0.04460588 0.00409306
v 0.02669481 0.04460588 0.00445965
v 0.02675582 0.03892330 0.00506912
v 0.02676927 0.03768955 0.00516583
v 0.02680246 0.03274231 0.00542783
v 0.02684372 0.02779508 0.00559313
v 0.02685449 0.02655725 0.00559313
v 0.02706530 0.01419937 0.00435732
v 0.02716308 0.01296154 0.00312038
v 0.02716667 0.01172371 0.00312038
v 0.02720703 0.01048996 0.00188343
v 0.02720703 0.01172371 0.00177998
v 0.02571882 0.00287097 0.00300680
v 0.02576008 0.00295676 0.00307877
v 0.02578789 0.00298536 0.00177998
v 0.02639161 0.00430489 0.00188343
v 0.02424675 0.00287097 0.01107728
v 0.02452394 0.00304664 0.01050491
v 0.02505410 0.00430489 0.01053865
v 0.02501373 0.00554272 0.01177446
v 0.02415076 0.00463988 0.01326554
v 0.02450689 0.00554272 0.01306313
v 0.02437593 0.00535889 0.01326554
v 0.02661498 0.03027074 0.00683007
v 0.02660152 0.03150448 0.00683007
v 0.02673518 0.03027074 0.00615650
v 0.02672801 0.03150448 0.00610478
v 0.02672083 0.03274231 0.00604630
v 0.02656654 0.03398015 0.00683007
v 0.02674505 0.02860804 0.00622397
v 0.02628666 0.04460588 0.00733272
v 0.02663202 0.02779508 0.00686493
v 0.02666880 0.01048996 0.00705160
v 0.02475897 0.00801430 0.01326554
v 0.02464594 0.00678055 0.01326554
v 0.02475807 0.00678055 0.01301141
v 0.02528733 0.00686226 0.01166426
v 0.02551339 0.00733206 0.01117961
v 0.02598973 0.00678055 0.00930171
v 0.02640776 0.00801430 0.00806477
v 0.02666701 0.00925213 0.00703248
v 0.02664279 0.04460588 0.00493643
v 0.02656833 0.04460588 0.00559313
v 0.02668226 0.03768955 0.00578430
v 0.02681054 0.03150448 0.00548631
v 0.02674953 0.02779508 0.00624646
v 0.02675312 0.02655725 0.00626783
v 0.02690742 0.01419937 0.00559313
v 0.02706979 0.01296154 0.00435732
v 0.02707158 0.01172371 0.00435732
v 0.02716577 0.01048996 0.00312038
v 0.02720614 0.01048996 0.00177998
v 0.02715052 0.00925213 0.00312038
v 0.02719089 0.00925213 0.00188343
v 0.02719178 0.00935835 0.00177998
v 0.02571344 0.00287097 0.00314624
v 0.02636111 0.00430489 0.00312038
v 0.02577892 0.00314877 0.00435732
v 0.02566410 0.00287097 0.00399411
v 0.02638892 0.00430489 0.00177998
v 0.02668046 0.00516688 0.00177998
v 0.02668136 0.00516280 0.00188343
v 0.02438490 0.00287097 0.01066234
v 0.02488276 0.00307115 0.00930171
v 0.02447101 0.00287097 0.01039246
v 0.02472398 0.00287097 0.00951873
v 0.02536807 0.00427630 0.00938942
v 0.02549097 0.00498713 0.00986058
v 0.02538870 0.00545693 0.01057800
v 0.02546405 0.00650684 0.01101656
v 0.02460198 0.00648642 0.01326554
v 0.02444948 0.00566937 0.01326554
v 0.02664907 0.02902474 0.00671425
v 0.02650285 0.03768955 0.00683007
v 0.02638264 0.04460588 0.00683007
v 0.02678362 0.01048996 0.00643425
v 0.02678183 0.01172371 0.00641963
v 0.02563898 0.00686226 0.01057800
v 0.02628845 0.00678055 0.00806477
v 0.02558695 0.00581235 0.01019230
v 0.02572061 0.00545693 0.00938942
v 0.02673877 0.00745462 0.00618686
v 0.02666252 0.00792442 0.00677835
v 0.02676389 0.00827984 0.00633080
v 0.02677914 0.00925213 0.00641401
v 0.02649388 0.04460588 0.00609578
v 0.02691190 0.01296154 0.00559313
v 0.02691549 0.01172371 0.00559313
v 0.02691639 0.01048996 0.00559313
v 0.02706979 0.01048996 0.00435732
v 0.02705543 0.00925213 0.00435732
v 0.02710208 0.00801430 0.00312038
v 0.02714245 0.00801430 0.00188343
v 0.02718999 0.00925213 0.00177998
v 0.02627589 0.00430489 0.00435732
v 0.02666611 0.00523225 0.00312038
v 0.02570805 0.00327950 0.00559313
v 0.02550442 0.00287097 0.00559313
v 0.02563898 0.00287097 0.00435732
v 0.02683475 0.00578375 0.00177998
v 0.02683565 0.00578375 0.00188343
v 0.02521736 0.00315286 0.00803328
v 0.02553851 0.00361857 0.00759923
v 0.02545060 0.00384326 0.00842348
v 0.02477960 0.00287097 0.00930171
v 0.02559323 0.00466848 0.00903520
v 0.02605521 0.00554272 0.00806477
v 0.02630370 0.00554272 0.00683007
v 0.02653604 0.00678055 0.00683007
v 0.02700610 0.00801430 0.00435732
v 0.02683565 0.00792442 0.00570221
v 0.02670468 0.00665800 0.00570221
v 0.02679708 0.00699299 0.00536261
v 0.02690473 0.00925213 0.00559313
v 0.02697918 0.00678055 0.00312038
v 0.02714155 0.00801430 0.00177998
v 0.02701776 0.00678055 0.00188343
v 0.02702762 0.00688269 0.00177998
v 0.02613236 0.00430489 0.00559313
v 0.02664458 0.00556724 0.00447426
v 0.02681771 0.00584912 0.00312038
v 0.02678183 0.00599210 0.00414141
v 0.02560938 0.00347150 0.00683007
v 0.02531155 0.00287097 0.00683007
v 0.02685001 0.00586546 0.00177998
v 0.02498413 0.00287097 0.00840661
v 0.02506307 0.00287097 0.00804115
v 0.02529720 0.00287097 0.00690204
v 0.02593411 0.00430489 0.00683007
v 0.02568563 0.00427630 0.00803328
v 0.02650285 0.00554272 0.00559313
v 0.02674146 0.00616777 0.00496567
v 0.02685718 0.00665800 0.00447426
v 0.02701686 0.00678055 0.00177998
f 1 2 6
f 1 6 15
f 1 15 14
f 1 14 29
f 1 29 57
f 1 57 56
f 1 56 55
f 1 55 54
f 1 54 53
f 1 53 91
f 1 91 90
f 1 90 89
f 1 89 88
f 1 88 115
f 1 115 139
f 1 139 138
f 1 138 137
f 1 137 136
f 1 136 113
f 1 113 112
f 1 112 111
f 1 111 135
f 1 135 134
f 1 134 120
f 1 120 96
f 1 96 95
f 1 95 65
f 1 65 64
f 1 64 63
f 1 63 62
f 1 62 58
f 1 58 30
f 1 30 16
f 1 16 7
f 1 7 3
f 1 3 8
f 1 8 18
f 1 18 34
f 1 34 67
f 1 67 98
f 1 98 100
f 1 100 126
f 1 126 125
f 1 125 124
f 1 124 123
f 1 123 142
f 1 142 146
f 1 146 151
f 1 151 156
f 1 156 152
f 1 152 147
f 1 147 143
f 1 143 129
f 1 129 101
f 1 101 69
f 1 69 36
f 1 36 35
f 1 35 19
f 1 19 9
f 1 9 4
f 1 4 5
f 1 5 2
f 2 5 6
f 3 7 8
f 4 9 5
f 5 9 10
f 5 10 11
f 5 11 12
f 5 12 13
f 5 13 14
f 5 14 15
f 5 15 6
f 7 16 32
f 7 32 66
f 7 66 97
f 7 97 121
f 7 121 140
f 7 140 128
f 7 128 127
f 7 127 144
f 7 144 149
f 7 149 148
f 7 148 153
f 7 153 157
f 7 157 155
f 7 155 154
f 7 154 150
f 7 150 145
f 7 145 141
f 7 141 122
f 7 122 99
f 7 99 68
f 7 68 33
f 7 33 17
f 7 17 18
f 7 18 8
f 9 19 10
f 10 19 20
f 10 20 21
f 10 21 11
f 11 21 22
f 11 22 12
f 12 23 13
f 12 22 24
f 12 24 23
f 13 23 25
f 13 25 26
f 13 26 27
f 13 27 28
f 13 28 14
f 14 28 29
f 16 30 31
f 16 31 32
f 17 33 18
f 18 33 34
f 19 35 20
f 20 35 36
f 20 36 37
f 20 37 38
f 20 38 21
f 21 38 39
f 21 39 22
f 22 39 40
f 22 40 41
f 22 41 24
f 23 24 25
f 24 41 42
f 24 42 43
f 24 43 44
f 24 44 25
f 25 44 45
f 25 45 46
f 25 46 47
f 25 47 48
f 25 48 49
f 25 49 50
f 25 50 26
f 26 51 27
f 26 50 51
f 27 51 50
f 27 50 52
f 27 52 49
f 27 49 53
f 27 53 54
f 27 54 55
f 27 55 56
f 27 56 57
f 27 57 28
f 28 57 29
f 30 58 31
f 31 59 60
f 31 60 61
f 31 61 32
f 31 58 62
f 31 62 63
f 31 63 64
f 31 64 65
f 31 65 59
f 32 61 66
f 33 67 34
f 33 68 67
f 36 69 37
f 37 69 70
f 37 70 71
f 37 71 38
f 38 71 72
f 38 72 39
f 39 72 73
f 39 73 40
f 40 74 41
f 40 73 75
f 40 75 74
f 41 74 42
f 42 74 76
f 42 76 43
f 43 76 77
f 43 77 78
f 43 78 79
f 43 79 80
f 43 80 46
f 43 46 45
f 43 45 44
f 46 80 47
f 47 80 79
f 47 79 81
f 47 81 82
f 47 82 83
f 47 83 84
f 47 84 85
f 47 85 86
f 47 86 87
f 47 87 48
f 48 87 88
f 48 88 89
f 48 89 90
f 48 90 49
f 49 52 50
f 49 90 91
f 49 91 53
f 59 92 93
f 59 93 94
f 59 94 60
f 59 65 95
f 59 95 96
f 59 96 92
f 60 94 61
f 61 94 66
f 66 94 97
f 67 68 98
f 68 99 100
f 68 100 98
f 69 101 102
f 69 102 70
f 70 102 103
f 70 103 71
f 71 103 104
f 71 104 72
f 72 104 73
f 73 104 75
f 74 75 104
f 74 104 76
f 76 104 105
f 76 105 106
f 76 106 77
f 77 107 78
f 77 106 107
f 78 82 81
f 78 81 79
f 78 107 108
f 78 108 83
f 78 83 82
f 83 93 109
f 83 109 110
f 83 110 84
f 83 108 93
f 84 110 111
f 84 111 112
f 84 112 113
f 84 113 85
f 85 113 114
f 85 114 86
f 86 114 87
f 87 114 88
f 88 114 115
f 92 116 93
f 92 96 116
f 93 108 117
f 93 117 118
f 93 118 94
f 93 116 109
f 94 118 119
f 94 119 97
f 96 120 109
f 96 109 116
f 97 119 121
f 99 122 123
f 99 123 124
f 99 124 125
f 99 125 126
f 99 126 100
f 101 127 128
f 101 128 102
f 101 129 127
f 102 128 103
f 103 128 130
f 103 130 131
f 103 131 104
f 104 131 105
f 105 131 106
f 106 131 132
f 106 132 107
f 107 133 108
f 107 132 133
f 108 133 119
f 108 119 118
f 108 118 117
f 109 120 134
f 109 134 110
f 110 134 135
f 110 135 111
f 113 136 114
f 114 136 137
f 114 137 138
f 114 138 139
f 114 139 115
f 119 133 140
f 119 140 121
f 122 141 142
f 122 142 123
f 127 129 143
f 127 143 144
f 128 140 130
f 130 132 131
f 130 140 132
f 132 140 133
f 141 145 146
f 141 146 142
f 143 147 148
f 143 148 149
f 143 149 144
f 145 150 146
f 146 150 151
f 147 152 148
f 148 152 153
f 150 154 151
f 151 154 155
f 151 155 156
f 152 156 155
f 152 155 157
f 152 157 153
f 158 159 160
f 158 160 161
f 158 161 162
f 158 162 163
f 158 163 164
f 158 164 165
f 158 165 166
f 158 166 167
f 158 167 168
f 158 168 159
f 159 168 160
f 160 168 169
f 160 169 220
f 160 220 170
f 160 170 161
f 161 170 171
f 161 171 172
f 161 172 162
f 162 172 173
f 162 173 163
f 163 173 174
f 163 174 175
f 163 175 176
f 163 176 177
f 163 177 178
f 163 178 179
f 163 179 180
f 163 180 181
f 163 181 182
f 163 182 274
f 163 274 374
f 163 374 516
f 163 516 660
f 163 660 806
f 163 806 938
f 163 938 1060
f 163 1060 1170
f 163 1170 1246
f 163 1246 1245
f 163 1245 1300
f 163 1300 1334
f 163 1334 1372
f 163 1372 1403
f 163 1403 1406
f 163 1406 1434
f 163 1434 1464
f 163 1464 1463
f 163 1463 1462
f 163 1462 1487
f 163 1487 1486
f 163 1486 1485
f 163 1485 1501
f 163 1501 1502
f 163 1502 1488
f 163 1488 1469
f 163 1469 1468
f 163 1468 1467
f 163 1467 1466
f 163 1466 1438
f 163 1438 1437
f 163 1437 1411
f 163 1411 1410
f 163 1410 1408
f 163 1408 1377
f 163 1377 1376
f 163 1376 1374
f 163 1374 1338
f 163 1338 1337
f 163 1337 1336
f 163 1336 1303
f 163 1303 1302
f 163 1302 1254
f 163 1254 1251
f 163 1251 1187
f 163 1187 1084
f 163 1084 971
f 163 971 854
f 163 854 709
f 163 709 549
f 163 549 418
f 163 418 275
f 163 275 183
f 163 183 164
f 164 183 184
f 164 184 185
f 164 185 186
f 164 186 187
f 164 187 188
f 164 188 189
f 164 189 190
f 164 190 191
f 164 191 192
f 164 192 193
f 164 193 194
f 164 194 195
f 164 195 196
f 164 196 197
f 164 197 198
f 164 198 199
f 164 199 200
f 164 200 201
f 164 201 202
f 164 202 203
f 164 203 204
f 164 204 205
f 164 205 206
f 164 206 207
f 164 207 208
f 164 208 209
f 164 209 210
f 164 210 211
f 164 211 212
f 164 212 213
f 164 213 214
f 164 214 215
f 164 215 216
f 164 216 217
f 164 217 165
f 165 217 218
f 165 218 166
f 166 218 219
f 166 219 167
f 167 219 169
f 167 169 168
f 169 219 220
f 170 220 221
f 170 221 222
f 170 222 223
f 170 223 224
f 170 224 171
f 171 224 225
f 171 225 226
f 171 226 172
f 172 226 227
f 172 227 173
f 173 227 174
f 174 227 228
f 174 228 175
f 175 228 176
f 176 228 229
f 176 229 177
f 177 229 178
f 178 229 230
f 178 230 179
f 179 230 231
f 179 231 180
f 180 231 232
f 180 232 233
f 180 233 234
f 180 234 181
f 181 234 235
f 181 235 236
f 181 236 237
f 181 237 238
f 181 238 239
f 181 239 240
f 181 240 241
f 181 241 242
f 181 242 243
f 181 243 244
f 181 244 245
f 181 245 246
f 181 246 247
f 181 247 248
f 181 248 249
f 181 249 250
f 181 250 251
f 181 251 252
f 181 252 253
f 181 253 254
f 181 254 255
f 181 255 256
f 181 256 257
f 181 257 258
f 181 258 259
f 181 259 260
f 181 260 261
f 181 261 262
f 181 262 263
f 181 263 264
f 181 264 265
f 181 265 266
f 181 266 267
f 181 267 268
f 181 268 269
f 181 269 270
f 181 270 271
f 181 271 272
f 181 272 273
f 181 273 274
f 181 274 182
f 183 275 419
f 183 419 276
f 183 276 277
f 183 277 184
f 184 277 278
f 184 278 279
f 184 279 280
f 184 280 185
f 185 280 281
f 185 281 186
f 186 281 282
f 186 282 187
f 187 282 283
f 187 283 188
f 188 283 189
f 189 284 190
f 189 283 284
f 190 284 285
f 190 285 191
f 191 285 286
f 191 286 287
f 191 287 192
f 192 287 193
f 193 287 288
f 193 288 289
f 193 289 194
f 194 289 290
f 194 290 291
f 194 291 195
f 195 291 292
f 195 292 293
f 195 293 196
f 196 293 294
f 196 294 295
f 196 295 197
f 197 295 296
f 197 296 297
f 197 297 298
f 197 298 198
f 198 298 199
f 199 298 299
f 199 299 300
f 199 300 301
f 199 301 200
f 200 301 302
f 200 302 303
f 200 303 304
f 200 304 201
f 201 304 202
f 202 304 305
f 202 305 203
f 203 305 204
f 204 305 306
f 204 306 307
f 204 307 205
f 205 307 308
f 205 308 206
f 206 308 207
f 207 308 309
f 207 309 310
f 207 310 311
f 207 311 208
f 208 311 209
f 209 311 312
f 209 312 313
f 209 313 210
f 210 313 314
f 210 314 211
f 211 314 315
f 211 315 316
f 211 316 212
f 212 316 317
f 212 317 213
f 213 317 214
f 214 317 318
f 214 318 215
f 215 318 319
f 215 319 320
f 215 320 216
f 216 320 321
f 216 321 218
f 216 218 217
f 218 321 322
f 218 322 219
f 219 322 220
f 220 322 323
f 220 323 221
f 221 323 456
f 221 456 324
f 221 324 325
f 221 325 222
f 222 325 223
f 223 326 327
f 223 327 328
f 223 328 225
f 223 225 224
f 223 325 326
f 225 328 329
f 225 329 226
f 226 329 330
f 226 330 227
f 227 330 228
f 228 331 229
f 228 330 331
f 229 331 230
f 230 331 332
f 230 332 333
f 230 333 334
f 230 334 231
f 231 334 232
f 232 334 335
f 232 335 233
f 233 235 234
f 233 335 336
f 233 336 237
f 233 237 236
f 233 236 235
f 237 336 337
f 237 337 238
f 238 337 338
f 238 338 239
f 239 338 339
f 239 339 240
f 240 339 340
f 240 340 241
f 241 340 242
f 242 340 341
f 242 341 342
f 242 342 243
f 243 342 343
f 243 343 244
f 244 343 344
f 244 344 345
f 244 345 346
f 244 346 245
f 245 346 246
f 246 346 347
f 246 347 348
f 246 348 247
f 247 348 248
f 248 348 249
f 249 348 250
f 250 348 349
f 250 349 350
f 250 350 351
f 250 351 251
f 251 351 352
f 251 352 353
f 251 353 252
f 252 353 253
f 253 353 354
f 253 354 254
f 254 355 255
f 254 354 355
f 255 355 356
f 255 356 256
f 256 356 357
f 256 357 257
f 257 357 258
f 258 357 358
f 258 358 259
f 259 358 359
f 259 359 260
f 260 360 261
f 260 359 360
f 261 360 262
f 262 361 263
f 262 360 362
f 262 362 361
f 263 363 264
f 263 361 364
f 263 364 363
f 264 363 265
f 265 363 266
f 266 363 365
f 266 365 267
f 267 365 268
f 268 365 366
f 268 366 269
f 269 366 367
f 269 367 270
f 270 367 271
f 271 367 272
f 272 367 368
f 272 368 273
f 273 369 274
f 273 368 370
f 273 370 508
f 273 508 369
f 274 371 372
f 274 372 373
f 274 373 374
f 274 369 375
f 274 375 376
f 274 376 377
f 274 377 378
f 274 378 379
f 274 379 380
f 274 380 381
f 274 381 382
f 274 382 383
f 274 383 384
f 274 384 385
f 274 385 386
f 274 386 387
f 274 387 388
f 274 388 389
f 274 389 390
f 274 390 391
f 274 391 392
f 274 392 393
f 274 393 394
f 274 394 395
f 274 395 396
f 274 396 397
f 274 397 398
f 274 398 399
f 274 399 400
f 274 400 401
f 274 401 402
f 274 402 403
f 274 403 404
f 274 404 405
f 274 405 406
f 274 406 407
f 274 407 408
f 274 408 409
f 274 409 410
f 274 410 411
f 274 411 412
f 274 412 413
f 274 413 414
f 274 414 415
f 274 415 416
f 274 416 417
f 274 417 371
f 275 418 419
f 276 419 278
f 276 278 277
f 278 420 279
f 278 419 420
f 279 421 422
f 279 422 280
f 279 420 421
f 280 422 423
f 280 423 281
f 281 423 424
f 281 424 282
f 282 424 425
f 282 425 283
f 283 425 284
f 284 425 426
f 284 426 427
f 284 427 285
f 285 427 428
f 285 428 286
f 286 428 288
f 286 288 287
f 288 428 429
f 288 429 430
f 288 430 289
f 289 430 431
f 289 431 432
f 289 432 290
f 290 432 291
f 291 432 292
f 292 432 433
f 292 433 294
f 292 294 293
f 294 433 434
f 294 434 435
f 294 435 436
f 294 436 297
f 294 297 296
f 294 296 295
f 297 436 437
f 297 437 438
f 297 438 439
f 297 439 440
f 297 440 299
f 297 299 298
f 299 440 302
f 299 302 300
f 300 302 301
f 302 440 441
f 302 441 442
f 302 442 303
f 303 442 304
f 304 442 443
f 304 443 305
f 305 443 444
f 305 444 306
f 306 444 307
f 307 444 445
f 307 445 446
f 307 446 308
f 308 446 309
f 309 446 310
f 310 446 447
f 310 447 448
f 310 448 313
f 310 313 312
f 310 312 311
f 313 448 315
f 313 315 314
f 315 449 316
f 315 448 450
f 315 450 449
f 316 451 317
f 316 449 451
f 317 451 318
f 318 451 319
f 319 451 452
f 319 452 320
f 320 452 453
f 320 453 321
f 321 453 454
f 321 454 455
f 321 455 322
f 322 455 323
f 323 455 595
f 323 595 456
f 324 456 457
f 324 457 458
f 324 458 459
f 324 459 325
f 325 459 326
f 326 460 461
f 326 461 327
f 326 459 462
f 326 462 460
f 327 461 463
f 327 463 464
f 327 464 328
f 328 464 465
f 328 465 329
f 329 465 466
f 329 466 330
f 330 466 331
f 331 466 332
f 332 466 467
f 332 467 468
f 332 468 333
f 333 469 470
f 333 470 334
f 333 468 469
f 334 470 471
f 334 471 335
f 335 472 473
f 335 473 336
f 335 471 472
f 336 473 474
f 336 474 337
f 337 474 338
f 338 474 475
f 338 475 339
f 339 476 342
f 339 342 341
f 339 341 340
f 339 475 477
f 339 477 476
f 342 478 479
f 342 479 344
f 342 344 343
f 342 476 480
f 342 480 481
f 342 481 478
f 344 479 482
f 344 482 345
f 345 482 346
f 346 483 347
f 346 482 483
f 347 483 484
f 347 484 485
f 347 485 348
f 348 485 486
f 348 486 349
f 349 486 350
f 350 352 351
f 350 486 487
f 350 487 352
f 352 488 489
f 352 489 490
f 352 490 353
f 352 487 491
f 352 491 492
f 352 492 488
f 353 490 354
f 354 490 355
f 355 490 356
f 356 358 357
f 356 490 493
f 356 493 358
f 358 494 362
f 358 362 359
f 358 493 495
f 358 495 496
f 358 496 494
f 359 362 360
f 361 362 497
f 361 497 364
f 362 494 498
f 362 498 499
f 362 499 500
f 362 500 497
f 363 364 501
f 363 501 365
f 364 497 502
f 364 502 503
f 364 503 501
f 365 501 504
f 365 504 366
f 366 504 505
f 366 505 367
f 367 505 506
f 367 506 368
f 368 506 507
f 368 507 370
f 369 508 509
f 369 509 375
f 370 507 510
f 370 510 511
f 370 511 508
f 371 512 372
f 371 417 512
f 372 512 373
f 373 512 513
f 373 513 514
f 373 514 515
f 373 515 374
f 374 515 516
f 375 509 517
f 375 517 376
f 376 517 518
f 376 518 377
f 377 518 519
f 377 519 378
f 378 519 520
f 378 520 379
f 379 520 380
f 380 521 381
f 380 520 522
f 380 522 521
f 381 521 382
f 382 521 523
f 382 523 383
f 383 523 384
f 384 523 524
f 384 524 385
f 385 524 525
f 385 525 386
f 386 525 387
f 387 525 526
f 387 526 527
f 387 527 528
f 387 528 529
f 387 529 388
f 388 529 389
f 389 529 530
f 389 530 390
f 390 530 531
f 390 531 532
f 390 532 391
f 391 532 392
f 392 532 393
f 393 532 533
f 393 533 394
f 394 533 534
f 394 534 395
f 395 534 396
f 396 534 535
f 396 535 397
f 397 535 398
f 398 535 399
f 399 535 536
f 399 536 537
f 399 537 400
f 400 537 401
f 401 537 402
f 402 537 538
f 402 538 403
f 403 538 539
f 403 539 540
f 403 540 404
f 404 540 405
f 405 540 541
f 405 541 406
f 406 541 407
f 407 541 542
f 407 542 408
f 408 542 543
f 408 543 409
f 409 543 410
f 410 543 544
f 410 544 411
f 411 544 412
f 412 544 545
f 412 545 413
f 413 545 414
f 414 545 546
f 414 546 415
f 415 546 547
f 415 547 416
f 416 548 417
f 416 547 548
f 417 548 512
f 418 549 550
f 418 550 419
f 419 550 551
f 419 551 420
f 420 551 552
f 420 552 553
f 420 553 554
f 420 554 421
f 421 554 555
f 421 555 556
f 421 556 557
f 421 557 422
f 422 557 423
f 423 557 558
f 423 558 424
f 424 558 559
f 424 559 425
f 425 559 560
f 425 560 426
f 426 560 427
f 427 560 561
f 427 561 428
f 428 561 429
f 429 561 562
f 429 562 563
f 429 563 430
f 430 563 564
f 430 564 431
f 431 564 432
f 432 564 565
f 432 565 566
f 432 566 433
f 433 566 567
f 433 567 434
f 434 567 435
f 435 568 569
f 435 569 438
f 435 438 437
f 435 437 436
f 435 567 570
f 435 570 568
f 438 571 572
f 438 572 573
f 438 573 574
f 438 574 440
f 438 440 439
f 438 569 571
f 440 574 575
f 440 575 441
f 441 575 576
f 441 576 577
f 441 577 578
f 441 578 442
f 442 578 444
f 442 444 443
f 444 578 445
f 445 579 580
f 445 580 581
f 445 581 582
f 445 582 446
f 445 578 579
f 446 581 583
f 446 583 447
f 446 582 581
f 447 583 584
f 447 584 585
f 447 585 448
f 448 585 586
f 448 586 450
f 449 450 587
f 449 587 588
f 449 588 589
f 449 589 451
f 450 586 590
f 450 590 587
f 451 591 452
f 451 589 591
f 452 591 592
f 452 592 593
f 452 593 453
f 453 593 454
f 454 593 594
f 454 594 455
f 455 594 595
f 456 595 596
f 456 596 597
f 456 597 457
f 457 598 458
f 457 597 599
f 457 599 600
f 457 600 598
f 458 598 462
f 458 462 459
f 460 601 602
f 460 602 603
f 460 603 461
f 460 462 601
f 461 603 604
f 461 604 463
f 462 598 605
f 462 605 606
f 462 606 601
f 463 604 607
f 463 607 608
f 463 608 464
f 464 608 609
f 464 609 465
f 465 609 467
f 465 467 466
f 467 609 610
f 467 610 468
f 468 610 611
f 468 611 470
f 468 470 469
f 470 612 613
f 470 613 614
f 470 614 471
f 470 611 615
f 470 615 612
f 471 614 616
f 471 616 472
f 472 616 617
f 472 617 473
f 473 617 618
f 473 618 474
f 474 618 477
f 474 477 475
f 476 477 619
f 476 619 620
f 476 620 480
f 477 618 621
f 477 621 619
f 478 481 622
f 478 622 479
f 479 623 624
f 479 624 482
f 479 622 623
f 480 620 481
f 481 625 626
f 481 626 622
f 481 620 627
f 481 627 628
f 481 628 625
f 482 624 484
f 482 484 483
f 484 624 629
f 484 629 486
f 484 486 485
f 486 629 487
f 487 629 630
f 487 630 631
f 487 631 491
f 488 632 495
f 488 495 633
f 488 633 490
f 488 490 489
f 488 492 634
f 488 634 635
f 488 635 632
f 490 633 493
f 491 631 634
f 491 634 492
f 493 633 495
f 494 496 636
f 494 636 639
f 494 639 498
f 495 632 496
f 496 632 637
f 496 637 638
f 496 638 499
f 496 499 639
f 496 639 636
f 497 500 640
f 497 640 502
f 498 639 499
f 499 641 642
f 499 642 640
f 499 640 500
f 499 638 643
f 499 643 641
f 501 503 644
f 501 644 645
f 501 645 504
f 502 640 642
f 502 642 644
f 502 644 503
f 504 645 646
f 504 646 505
f 505 646 647
f 505 647 506
f 506 647 507
f 507 647 648
f 507 648 649
f 507 649 510
f 508 511 650
f 508 650 509
f 509 650 651
f 509 651 517
f 510 649 652
f 510 652 511
f 511 652 650
f 512 548 653
f 512 653 654
f 512 654 655
f 512 655 656
f 512 656 513
f 513 656 657
f 513 657 514
f 514 657 515
f 515 657 658
f 515 658 659
f 515 659 516
f 516 659 660
f 517 651 661
f 517 661 518
f 518 661 662
f 518 662 519
f 519 662 663
f 519 663 520
f 520 663 664
f 520 664 522
f 521 522 665
f 521 665 523
f 522 666 667
f 522 667 668
f 522 668 669
f 522 669 665
f 522 664 666
f 523 665 670
f 523 670 524
f 524 670 671
f 524 671 672
f 524 672 525
f 525 672 526
f 526 672 527
f 527 672 673
f 527 673 674
f 527 674 675
f 527 675 676
f 527 676 677
f 527 677 678
f 527 678 528
f 528 678 529
f 529 678 677
f 529 677 679
f 529 679 530
f 530 679 680
f 530 680 681
f 530 681 531
f 531 682 683
f 531 683 532
f 531 681 682
f 532 683 684
f 532 684 533
f 533 684 685
f 533 685 686
f 533 686 687
f 533 687 688
f 533 688 534
f 534 687 689
f 534 689 690
f 534 690 691
f 534 691 535
f 534 688 687
f 535 691 690
f 535 690 692
f 535 692 693
f 535 693 536
f 536 693 694
f 536 694 537
f 537 694 695
f 537 695 696
f 537 696 538
f 538 696 697
f 538 697 539
f 539 697 698
f 539 698 699
f 539 699 540
f 540 699 541
f 541 699 542
f 542 699 698
f 542 698 700
f 542 700 701
f 542 701 702
f 542 702 703
f 542 703 543
f 543 703 544
f 544 703 704
f 544 704 705
f 544 705 545
f 545 705 706
f 545 706 546
f 546 706 707
f 546 707 547
f 547 707 708
f 547 708 548
f 548 708 653
f 549 709 710
f 549 710 711
f 549 711 550
f 550 711 712
f 550 712 551
f 551 712 713
f 551 713 552
f 552 713 714
f 552 714 715
f 552 715 553
f 553 715 555
f 553 555 554
f 555 715 716
f 555 716 556
f 556 716 717
f 556 717 718
f 556 718 557
f 557 718 719
f 557 719 558
f 558 719 720
f 558 720 559
f 559 720 560
f 560 720 721
f 560 721 722
f 560 722 723
f 560 723 562
f 560 562 561
f 562 723 724
f 562 724 725
f 562 725 563
f 563 725 726
f 563 726 564
f 564 726 727
f 564 727 567
f 564 567 565
f 565 567 566
f 567 727 570
f 568 728 729
f 568 729 571
f 568 571 569
f 568 570 730
f 568 730 728
f 570 727 726
f 570 726 730
f 571 729 731
f 571 731 732
f 571 732 733
f 571 733 572
f 572 733 734
f 572 734 573
f 573 734 735
f 573 735 576
f 573 576 575
f 573 575 574
f 576 735 577
f 577 735 736
f 577 736 578
f 578 736 579
f 579 736 580
f 580 736 737
f 580 737 581
f 581 738 739
f 581 739 584
f 581 584 583
f 581 737 740
f 581 740 738
f 584 741 586
f 584 586 585
f 584 739 741
f 586 741 590
f 587 590 588
f 588 590 742
f 588 742 743
f 588 743 589
f 589 743 591
f 590 741 744
f 590 744 742
f 591 743 592
f 592 745 746
f 592 746 593
f 592 743 747
f 592 747 745
f 593 746 594
f 594 596 595
f 594 746 596
f 596 599 597
f 596 746 745
f 596 745 599
f 598 600 748
f 598 748 749
f 598 749 605
f 599 748 600
f 599 745 750
f 599 750 748
f 601 606 602
f 602 606 751
f 602 751 752
f 602 752 603
f 603 753 604
f 603 752 753
f 604 754 607
f 604 753 754
f 605 755 606
f 605 749 756
f 605 756 755
f 606 755 751
f 607 757 758
f 607 758 759
f 607 759 760
f 607 760 608
f 607 754 757
f 608 760 761
f 608 761 609
f 609 761 610
f 610 761 615
f 610 615 611
f 612 615 762
f 612 762 613
f 613 762 763
f 613 763 764
f 613 764 614
f 614 764 616
f 615 761 765
f 615 765 766
f 615 766 762
f 616 764 617
f 617 767 768
f 617 768 621
f 617 621 618
f 617 764 767
f 619 621 768
f 619 768 620
f 620 768 627
f 622 626 769
f 622 769 623
f 623 769 624
f 624 770 629
f 624 769 770
f 625 628 771
f 625 771 626
f 626 772 773
f 626 773 769
f 626 771 772
f 627 768 774
f 627 774 628
f 628 775 771
f 628 774 776
f 628 776 775
f 629 770 630
f 630 770 631
f 631 770 777
f 631 777 634
f 632 635 778
f 632 778 637
f 634 777 779
f 634 779 780
f 634 780 635
f 635 780 781
f 635 781 778
f 637 778 782
f 637 782 783
f 637 783 638
f 638 783 643
f 641 784 642
f 641 643 785
f 641 785 784
f 642 784 644
f 643 783 785
f 644 784 786
f 644 786 787
f 644 787 788
f 644 788 645
f 645 788 646
f 646 788 789
f 646 789 647
f 647 789 790
f 647 790 648
f 648 790 791
f 648 791 649
f 649 791 792
f 649 792 793
f 649 793 652
f 650 652 794
f 650 794 651
f 651 794 795
f 651 795 661
f 652 793 796
f 652 796 794
f 653 708 654
f 654 797 655
f 654 708 798
f 654 798 797
f 655 797 799
f 655 799 800
f 655 800 801
f 655 801 656
f 656 801 657
f 657 801 802
f 657 802 658
f 658 802 803
f 658 803 804
f 658 804 659
f 659 804 805
f 659 805 660
f 660 805 806
f 661 795 807
f 661 807 808
f 661 808 662
f 662 808 809
f 662 809 663
f 663 809 664
f 664 809 810
f 664 810 666
f 665 669 671
f 665 671 670
f 666 810 667
f 667 811 812
f 667 812 813
f 667 813 814
f 667 814 668
f 667 810 815
f 667 815 811
f 668 814 669
f 669 814 816
f 669 816 671
f 671 816 813
f 671 813 817
f 671 817 672
f 672 817 673
f 673 818 674
f 673 817 818
f 674 818 675
f 675 818 813
f 675 813 819
f 675 819 820
f 675 820 821
f 675 821 822
f 675 822 823
f 675 823 824
f 675 824 676
f 676 824 677
f 677 824 825
f 677 825 680
f 677 680 679
f 680 825 826
f 680 826 682
f 680 682 681
f 682 826 827
f 682 827 828
f 682 828 829
f 682 829 685
f 682 685 683
f 683 685 684
f 685 829 830
f 685 830 831
f 685 831 832
f 685 832 833
f 685 833 687
f 685 687 686
f 687 833 832
f 687 832 834
f 687 834 835
f 687 835 836
f 687 836 690
f 687 690 689
f 690 835 837
f 690 837 838
f 690 838 839
f 690 839 693
f 690 693 692
f 690 836 835
f 693 839 838
f 693 838 695
f 693 695 694
f 695 840 841
f 695 841 697
f 695 697 696
f 695 838 840
f 697 842 843
f 697 843 698
f 697 841 842
f 698 843 844
f 698 844 700
f 700 844 701
f 701 844 842
f 701 842 845
f 701 845 846
f 701 846 847
f 701 847 848
f 701 848 702
f 702 848 703
f 703 848 704
f 704 848 849
f 704 849 850
f 704 850 851
f 704 851 705
f 705 851 850
f 705 850 706
f 706 850 852
f 706 852 707
f 707 853 798
f 707 798 708
f 707 852 850
f 707 850 853
f 709 854 710
f 710 854 855
f 710 855 856
f 710 856 711
f 711 856 712
f 712 856 857
f 712 857 713
f 713 857 975
f 713 975 858
f 713 858 714
f 714 858 859
f 714 859 860
f 714 860 861
f 714 861 715
f 715 861 862
f 715 862 717
f 715 717 716
f 717 863 864
f 717 864 718
f 717 862 863
f 718 864 865
f 718 865 719
f 719 865 721
f 719 721 720
f 721 865 866
f 721 866 867
f 721 867 868
f 721 868 722
f 722 868 723
f 723 868 724
f 724 868 869
f 724 869 870
f 724 870 725
f 725 870 730
f 725 730 726
f 728 730 870
f 728 870 869
f 728 869 871
f 728 871 872
f 728 872 873
f 728 873 729
f 729 873 731
f 731 874 875
f 731 875 876
f 731 876 732
f 731 873 872
f 731 872 874
f 732 876 877
f 732 877 733
f 733 877 878
f 733 878 734
f 734 878 879
f 734 879 735
f 735 879 737
f 735 737 736
f 737 879 740
f 738 880 881
f 738 881 882
f 738 882 739
f 738 740 883
f 738 883 880
f 739 882 741
f 740 879 883
f 741 882 744
f 742 884 743
f 742 744 885
f 742 885 884
f 743 884 747
f 744 882 886
f 744 886 885
f 745 747 887
f 745 887 750
f 747 884 888
f 747 888 887
f 748 756 749
f 748 750 889
f 748 889 756
f 750 890 889
f 750 887 891
f 750 891 890
f 751 755 892
f 751 892 752
f 752 892 893
f 752 893 894
f 752 894 753
f 753 894 754
f 754 894 895
f 754 895 757
f 755 756 896
f 755 896 897
f 755 897 898
f 755 898 899
f 755 899 893
f 755 893 892
f 756 889 896
f 757 895 900
f 757 900 901
f 757 901 758
f 758 901 759
f 759 901 902
f 759 902 760
f 760 902 765
f 760 765 761
f 762 903 904
f 762 904 763
f 762 766 903
f 763 904 905
f 763 905 767
f 763 767 764
f 765 902 766
f 766 902 903
f 767 905 774
f 767 774 768
f 769 773 770
f 770 773 777
f 771 775 906
f 771 906 907
f 771 907 772
f 772 907 908
f 772 908 773
f 773 908 777
f 774 905 776
f 775 776 909
f 775 909 910
f 775 910 906
f 776 905 911
f 776 911 909
f 777 908 912
f 777 912 779
f 778 781 913
f 778 913 782
f 779 912 914
f 779 914 780
f 780 914 781
f 781 914 915
f 781 915 913
f 782 916 783
f 782 913 916
f 783 916 917
f 783 917 918
f 783 918 785
f 784 785 919
f 784 919 786
f 785 918 919
f 786 919 920
f 786 920 787
f 787 921 789
f 787 789 788
f 787 920 922
f 787 922 921
f 789 921 923
f 789 923 790
f 790 923 924
f 790 924 791
f 791 924 925
f 791 925 792
f 792 925 793
f 793 925 926
f 793 926 927
f 793 927 796
f 794 796 928
f 794 928 795
f 795 928 807
f 796 927 928
f 797 798 853
f 797 853 929
f 797 929 799
f 799 929 930
f 799 930 931
f 799 931 932
f 799 932 933
f 799 933 800
f 800 933 801
f 801 933 802
f 802 933 934
f 802 934 935
f 802 935 803
f 803 935 936
f 803 936 804
f 804 936 805
f 805 936 937
f 805 937 806
f 806 937 938
f 807 928 939
f 807 939 940
f 807 940 941
f 807 941 942
f 807 942 808
f 808 942 809
f 809 942 810
f 810 942 815
f 811 815 943
f 811 943 944
f 811 944 945
f 811 945 812
f 812 945 946
f 812 946 813
f 813 946 947
f 813 947 819
f 813 818 817
f 813 816 814
f 815 942 941
f 815 941 943
f 819 947 948
f 819 948 820
f 820 948 821
f 821 949 950
f 821 950 951
f 821 951 952
f 821 952 822
f 821 948 953
f 821 953 949
f 822 952 823
f 823 952 954
f 823 954 955
f 823 955 827
f 823 827 824
f 824 827 825
f 825 827 826
f 827 955 830
f 827 830 828
f 828 830 829
f 830 956 832
f 830 832 831
f 830 955 956
f 832 956 957
f 832 957 958
f 832 958 959
f 832 959 960
f 832 960 835
f 832 835 834
f 835 961 838
f 835 838 837
f 835 960 959
f 835 959 962
f 835 962 961
f 838 963 840
f 838 961 963
f 840 963 842
f 840 842 841
f 842 963 964
f 842 964 845
f 842 844 843
f 845 964 965
f 845 965 846
f 846 966 967
f 846 967 847
f 846 965 966
f 847 967 968
f 847 968 849
f 847 849 848
f 849 968 850
f 850 968 969
f 850 969 853
f 853 969 970
f 853 970 929
f 854 971 972
f 854 972 855
f 855 972 973
f 855 973 974
f 855 974 856
f 856 974 857
f 857 974 975
f 858 975 976
f 858 976 859
f 859 976 977
f 859 977 978
f 859 978 860
f 860 978 979
f 860 979 861
f 861 979 980
f 861 980 862
f 862 980 863
f 863 980 981
f 863 981 982
f 863 982 864
f 864 982 983
f 864 983 865
f 865 983 984
f 865 984 866
f 866 984 985
f 866 985 867
f 867 985 868
f 868 985 986
f 868 986 987
f 868 987 871
f 868 871 869
f 871 987 872
f 872 988 989
f 872 989 874
f 872 987 986
f 872 986 990
f 872 990 988
f 874 991 875
f 874 989 991
f 875 991 992
f 875 992 993
f 875 993 994
f 875 994 876
f 876 994 993
f 876 993 995
f 876 995 996
f 876 996 997
f 876 997 998
f 876 998 878
f 876 878 877
f 878 998 883
f 878 883 879
f 880 883 998
f 880 998 997
f 880 997 999
f 880 999 881
f 881 999 1000
f 881 1000 886
f 881 886 882
f 884 885 888
f 885 886 888
f 886 1000 1001
f 886 1001 888
f 887 888 1002
f 887 1002 891
f 888 1001 1002
f 889 890 1003
f 889 1003 896
f 890 891 1004
f 890 1004 1003
f 891 1002 1005
f 891 1005 1006
f 891 1006 1004
f 893 899 1007
f 893 1007 1008
f 893 1008 1009
f 893 1009 894
f 894 1009 1010
f 894 1010 1011
f 894 1011 1012
f 894 1012 900
f 894 900 895
f 896 1003 1013
f 896 1013 1014
f 896 1014 897
f 897 1014 898
f 898 1014 1015
f 898 1015 1016
f 898 1016 1017
f 898 1017 1018
f 898 1018 1019
f 898 1019 1020
f 898 1020 1007
f 898 1007 899
f 900 1012 901
f 901 1012 1021
f 901 1021 902
f 902 1021 903
f 903 1021 1022
f 903 1022 904
f 904 1022 905
f 905 1022 911
f 906 1023 1024
f 906 1024 907
f 906 910 1023
f 907 1024 912
f 907 912 908
f 909 1025 910
f 909 911 1022
f 909 1022 1026
f 909 1026 1025
f 910 1025 1027
f 910 1027 1023
f 912 1024 914
f 913 1028 916
f 913 915 1029
f 913 1029 1030
f 913 1030 1028
f 914 1024 1031
f 914 1031 915
f 915 1031 1032
f 915 1032 1029
f 916 1033 1034
f 916 1034 917
f 916 1028 1033
f 917 1034 918
f 918 1034 919
f 919 1034 1035
f 919 1035 920
f 920 1035 1036
f 920 1036 1037
f 920 1037 922
f 921 922 1038
f 921 1038 923
f 922 1037 1039
f 922 1039 1038
f 923 1038 1040
f 923 1040 1041
f 923 1041 924
f 924 1041 1042
f 924 1042 925
f 925 1042 1043
f 925 1043 926
f 926 1043 1044
f 926 1044 927
f 927 939 928
f 927 1044 1045
f 927 1045 1046
f 927 1046 939
f 929 970 1047
f 929 1047 930
f 930 1047 931
f 931 1047 1048
f 931 1048 1049
f 931 1049 1050
f 931 1050 932
f 932 1050 933
f 933 1050 934
f 934 1050 1051
f 934 1051 1052
f 934 1052 935
f 935 1052 1053
f 935 1053 1054
f 935 1054 936
f 936 1055 937
f 936 1054 1056
f 936 1056 1055
f 937 1055 1057
f 937 1057 1058
f 937 1058 938
f 938 1058 1059
f 938 1059 1060
f 939 1046 1061
f 939 1061 940
f 940 1061 1062
f 940 1062 941
f 941 1062 943
f 943 1062 944
f 944 1063 1064
f 944 1064 1065
f 944 1065 953
f 944 953 945
f 944 1062 1063
f 945 953 946
f 946 953 947
f 947 953 948
f 949 1066 950
f 949 953 1067
f 949 1067 1066
f 950 1066 1068
f 950 1068 1069
f 950 1069 951
f 951 1069 1070
f 951 1070 1071
f 951 1071 952
f 952 1071 954
f 953 1065 1067
f 954 1071 955
f 955 1071 957
f 955 957 956
f 957 1071 958
f 958 1072 1073
f 958 1073 959
f 958 1071 1070
f 958 1070 1072
f 959 1073 962
f 961 962 1074
f 961 1074 1075
f 961 1075 963
f 962 1073 1074
f 963 1075 1076
f 963 1076 964
f 964 1076 1077
f 964 1077 965
f 965 1077 966
f 966 1078 967
f 966 1077 1079
f 966 1079 1078
f 967 1080 1081
f 967 1081 968
f 967 1078 1080
f 968 1081 969
f 969 1082 970
f 969 1081 1082
f 970 1082 1083
f 970 1083 1047
f 971 1084 1085
f 971 1085 972
f 972 1085 1086
f 972 1086 973
f 973 1086 1087
f 973 1087 1088
f 973 1088 1089
f 973 1089 974
f 974 1089 975
f 975 1089 1090
f 975 1090 976
f 976 1090 1091
f 976 1091 977
f 977 1091 1092
f 977 1092 1093
f 977 1093 1094
f 977 1094 978
f 978 1094 1095
f 978 1095 979
f 979 1095 1096
f 979 1096 980
f 980 1096 1097
f 980 1097 1098
f 980 1098 981
f 981 1098 1099
f 981 1099 1100
f 981 1100 1101
f 981 1101 982
f 982 1101 1102
f 982 1102 983
f 983 1102 1103
f 983 1103 1104
f 983 1104 1105
f 983 1105 984
f 984 1105 985
f 985 1105 1106
f 985 1106 1107
f 985 1107 988
f 985 988 990
f 985 990 986
f 988 1108 989
f 988 1107 1108
f 989 1108 1109
f 989 1109 991
f 991 1109 1110
f 991 1110 993
f 991 993 992
f 993 1111 1112
f 993 1112 1113
f 993 1113 1114
f 993 1114 1115
f 993 1115 995
f 993 1110 1111
f 995 1115 996
f 996 1115 1116
f 996 1116 1117
f 996 1117 1118
f 996 1118 999
f 996 999 997
f 999 1118 1005
f 999 1005 1000
f 1000 1005 1001
f 1001 1005 1002
f 1003 1004 1119
f 1003 1119 1013
f 1004 1006 1117
f 1004 1117 1119
f 1005 1118 1117
f 1005 1117 1006
f 1007 1020 1120
f 1007 1120 1008
f 1008 1120 1010
f 1008 1010 1009
f 1010 1120 1121
f 1010 1121 1011
f 1011 1121 1012
f 1012 1121 1122
f 1012 1122 1021
f 1013 1119 1114
f 1013 1114 1015
f 1013 1015 1014
f 1015 1114 1113
f 1015 1113 1112
f 1015 1112 1016
f 1016 1112 1018
f 1016 1018 1017
f 1018 1112 1111
f 1018 1111 1123
f 1018 1123 1019
f 1019 1123 1124
f 1019 1124 1125
f 1019 1125 1126
f 1019 1126 1020
f 1020 1127 1128
f 1020 1128 1129
f 1020 1129 1130
f 1020 1130 1120
f 1020 1126 1131
f 1020 1131 1132
f 1020 1132 1133
f 1020 1133 1134
f 1020 1134 1135
f 1020 1135 1136
f 1020 1136 1137
f 1020 1137 1127
f 1021 1122 1022
f 1022 1122 1026
f 1023 1138 1031
f 1023 1031 1024
f 1023 1027 1138
f 1025 1026 1139
f 1025 1139 1121
f 1025 1121 1027
f 1026 1122 1139
f 1027 1121 1120
f 1027 1120 1138
f 1028 1030 1140
f 1028 1140 1033
f 1029 1032 1141
f 1029 1141 1030
f 1030 1141 1142
f 1030 1142 1143
f 1030 1143 1140
f 1031 1138 1032
f 1032 1138 1130
f 1032 1130 1141
f 1033 1140 1144
f 1033 1144 1035
f 1033 1035 1034
f 1035 1144 1145
f 1035 1145 1036
f 1036 1145 1143
f 1036 1143 1146
f 1036 1146 1037
f 1037 1146 1147
f 1037 1147 1039
f 1038 1039 1148
f 1038 1148 1040
f 1039 1147 1148
f 1040 1148 1041
f 1041 1148 1149
f 1041 1149 1042
f 1042 1149 1150
f 1042 1150 1151
f 1042 1151 1043
f 1043 1151 1044
f 1044 1151 1152
f 1044 1152 1153
f 1044 1153 1154
f 1044 1154 1155
f 1044 1155 1045
f 1045 1155 1156
f 1045 1156 1046
f 1046 1156 1061
f 1047 1083 1157
f 1047 1157 1158
f 1047 1158 1048
f 1048 1159 1160
f 1048 1160 1049
f 1048 1158 1161
f 1048 1161 1159
f 1049 1160 1050
f 1050 1160 1051
f 1051 1160 1162
f 1051 1162 1163
f 1051 1163 1052
f 1052 1163 1164
f 1052 1164 1053
f 1053 1164 1165
f 1053 1165 1054
f 1054 1165 1166
f 1054 1166 1056
f 1055 1056 1057
f 1056 1166 1242
f 1056 1242 1167
f 1056 1167 1057
f 1057 1167 1168
f 1057 1168 1059
f 1057 1059 1058
f 1059 1168 1169
f 1059 1169 1170
f 1059 1170 1060
f 1061 1156 1063
f 1061 1063 1062
f 1063 1156 1171
f 1063 1171 1064
f 1064 1172 1173
f 1064 1173 1065
f 1064 1171 1172
f 1065 1173 1067
f 1066 1174 1068
f 1066 1067 1173
f 1066 1173 1174
f 1068 1174 1175
f 1068 1175 1069
f 1069 1175 1176
f 1069 1176 1070
f 1070 1176 1072
f 1072 1177 1178
f 1072 1178 1073
f 1072 1176 1177
f 1073 1178 1074
f 1074 1178 1179
f 1074 1179 1076
f 1074 1076 1075
f 1076 1179 1077
f 1077 1179 1079
f 1078 1079 1080
f 1079 1179 1180
f 1079 1180 1181
f 1079 1181 1182
f 1079 1182 1080
f 1080 1182 1183
f 1080 1183 1184
f 1080 1184 1185
f 1080 1185 1082
f 1080 1082 1081
f 1082 1185 1083
f 1083 1185 1186
f 1083 1186 1157
f 1084 1187 1085
f 1085 1188 1189
f 1085 1189 1086
f 1085 1187 1188
f 1086 1189 1190
f 1086 1190 1087
f 1087 1190 1191
f 1087 1191 1088
f 1088 1191 1192
f 1088 1192 1193
f 1088 1193 1090
f 1088 1090 1089
f 1090 1193 1091
f 1091 1193 1194
f 1091 1194 1092
f 1092 1194 1195
f 1092 1195 1196
f 1092 1196 1093
f 1093 1196 1094
f 1094 1196 1197
f 1094 1197 1198
f 1094 1198 1199
f 1094 1199 1095
f 1095 1199 1200
f 1095 1200 1201
f 1095 1201 1096
f 1096 1201 1097
f 1097 1201 1100
f 1097 1100 1099
f 1097 1099 1098
f 1100 1201 1202
f 1100 1202 1203
f 1100 1203 1204
f 1100 1204 1101
f 1101 1204 1205
f 1101 1205 1206
f 1101 1206 1102
f 1102 1206 1103
f 1103 1206 1207
f 1103 1207 1104
f 1104 1207 1208
f 1104 1208 1105
f 1105 1208 1106
f 1106 1208 1107
f 1107 1208 1108
f 1108 1209 1109
f 1108 1208 1207
f 1108 1207 1209
f 1109 1210 1110
f 1109 1209 1210
f 1110 1124 1111
f 1110 1210 1124
f 1111 1124 1123
f 1114 1117 1116
f 1114 1116 1115
f 1114 1119 1117
f 1120 1130 1138
f 1121 1139 1122
f 1124 1210 1125
f 1125 1210 1211
f 1125 1211 1212
f 1125 1212 1213
f 1125 1213 1126
f 1126 1213 1131
f 1127 1214 1215
f 1127 1215 1216
f 1127 1216 1128
f 1127 1137 1217
f 1127 1217 1218
f 1127 1218 1219
f 1127 1219 1220
f 1127 1220 1221
f 1127 1221 1214
f 1128 1216 1222
f 1128 1222 1129
f 1129 1222 1142
f 1129 1142 1141
f 1129 1141 1130
f 1131 1213 1132
f 1132 1213 1212
f 1132 1212 1204
f 1132 1204 1223
f 1132 1223 1133
f 1133 1223 1134
f 1134 1223 1135
f 1135 1223 1136
f 1136 1223 1202
f 1136 1202 1137
f 1137 1202 1224
f 1137 1224 1218
f 1137 1218 1217
f 1140 1143 1145
f 1140 1145 1144
f 1142 1222 1225
f 1142 1225 1143
f 1143 1225 1146
f 1146 1225 1147
f 1147 1225 1222
f 1147 1222 1226
f 1147 1226 1148
f 1148 1226 1216
f 1148 1216 1149
f 1149 1216 1227
f 1149 1227 1150
f 1150 1227 1151
f 1151 1153 1152
f 1151 1227 1228
f 1151 1228 1153
f 1153 1228 1229
f 1153 1229 1154
f 1154 1229 1155
f 1155 1229 1156
f 1156 1229 1171
f 1157 1161 1158
f 1157 1186 1161
f 1159 1230 1231
f 1159 1231 1160
f 1159 1161 1232
f 1159 1232 1233
f 1159 1233 1230
f 1160 1231 1234
f 1160 1234 1162
f 1161 1186 1232
f 1162 1234 1235
f 1162 1235 1236
f 1162 1236 1163
f 1163 1236 1237
f 1163 1237 1238
f 1163 1238 1164
f 1164 1238 1239
f 1164 1239 1240
f 1164 1240 1165
f 1165 1240 1241
f 1165 1241 1166
f 1166 1241 1242
f 1167 1242 1243
f 1167 1243 1168
f 1168 1243 1244
f 1168 1244 1169
f 1169 1244 1245
f 1169 1245 1246
f 1169 1246 1170
f 1171 1229 1172
f 1172 1229 1215
f 1172 1215 1214
f 1172 1214 1174
f 1172 1174 1173
f 1174 1214 1247
f 1174 1247 1175
f 1175 1221 1220
f 1175 1220 1248
f 1175 1248 1176
f 1175 1247 1221
f 1176 1248 1177
f 1177 1248 1181
f 1177 1181 1180
f 1177 1180 1179
f 1177 1179 1178
f 1181 1249 1182
f 1181 1248 1249
f 1182 1249 1183
f 1183 1249 1184
f 1184 1233 1232
f 1184 1232 1186
f 1184 1186 1185
f 1184 1249 1250
f 1184 1250 1233
f 1187 1251 1188
f 1188 1252 1253
f 1188 1253 1189
f 1188 1251 1254
f 1188 1254 1252
f 1189 1253 1255
f 1189 1255 1190
f 1190 1255 1256
f 1190 1256 1191
f 1191 1256 1257
f 1191 1257 1192
f 1192 1257 1258
f 1192 1258 1259
f 1192 1259 1193
f 1193 1259 1194
f 1194 1259 1195
f 1195 1259 1260
f 1195 1260 1261
f 1195 1261 1262
f 1195 1262 1263
f 1195 1263 1196
f 1196 1263 1264
f 1196 1264 1197
f 1197 1264 1265
f 1197 1265 1198
f 1198 1265 1199
f 1199 1265 1266
f 1199 1266 1267
f 1199 1267 1200
f 1200 1267 1201
f 1201 1267 1268
f 1201 1268 1202
f 1202 1223 1203
f 1202 1268 1224
f 1203 1223 1204
f 1204 1212 1211
f 1204 1211 1205
f 1205 1211 1269
f 1205 1269 1206
f 1206 1269 1207
f 1207 1269 1209
f 1209 1269 1210
f 1210 1269 1211
f 1214 1221 1247
f 1215 1229 1228
f 1215 1228 1227
f 1215 1227 1216
f 1216 1226 1222
f 1218 1224 1270
f 1218 1270 1271
f 1218 1271 1272
f 1218 1272 1219
f 1219 1233 1250
f 1219 1250 1273
f 1219 1273 1220
f 1219 1272 1274
f 1219 1274 1275
f 1219 1275 1276
f 1219 1276 1277
f 1219 1277 1278
f 1219 1278 1279
f 1219 1279 1280
f 1219 1280 1233
f 1220 1273 1281
f 1220 1281 1248
f 1224 1268 1270
f 1230 1233 1282
f 1230 1282 1283
f 1230 1283 1234
f 1230 1234 1231
f 1233 1280 1284
f 1233 1284 1285
f 1233 1285 1286
f 1233 1286 1282
f 1234 1283 1285
f 1234 1285 1235
f 1235 1285 1284
f 1235 1284 1236
f 1236 1287 1288
f 1236 1288 1237
f 1236 1284 1287
f 1237 1288 1289
f 1237 1289 1238
f 1238 1289 1290
f 1238 1290 1291
f 1238 1291 1292
f 1238 1292 1239
f 1239 1292 1240
f 1240 1292 1293
f 1240 1293 1294
f 1240 1294 1295
f 1240 1295 1241
f 1241 1295 1296
f 1241 1296 1242
f 1242 1296 1243
f 1243 1296 1297
f 1243 1297 1298
f 1243 1298 1244
f 1244 1298 1299
f 1244 1299 1300
f 1244 1300 1245
f 1248 1281 1249
f 1249 1281 1250
f 1250 1281 1273
f 1252 1301 1253
f 1252 1254 1302
f 1252 1302 1303
f 1252 1303 1304
f 1252 1304 1305
f 1252 1305 1301
f 1253 1301 1306
f 1253 1306 1255
f 1255 1306 1307
f 1255 1307 1256
f 1256 1307 1308
f 1256 1308 1257
f 1257 1308 1309
f 1257 1309 1258
f 1258 1309 1310
f 1258 1310 1311
f 1258 1311 1260
f 1258 1260 1259
f 1260 1311 1261
f 1261 1311 1312
f 1261 1312 1313
f 1261 1313 1314
f 1261 1314 1315
f 1261 1315 1262
f 1262 1315 1316
f 1262 1316 1263
f 1263 1316 1265
f 1263 1265 1264
f 1265 1316 1317
f 1265 1317 1266
f 1266 1317 1267
f 1267 1317 1318
f 1267 1318 1268
f 1268 1318 1270
f 1270 1318 1271
f 1271 1318 1319
f 1271 1319 1320
f 1271 1320 1272
f 1272 1320 1274
f 1274 1321 1275
f 1274 1320 1321
f 1275 1321 1276
f 1276 1321 1322
f 1276 1322 1277
f 1277 1322 1323
f 1277 1323 1278
f 1278 1323 1279
f 1279 1323 1324
f 1279 1324 1325
f 1279 1325 1280
f 1280 1325 1288
f 1280 1288 1287
f 1280 1287 1284
f 1282 1286 1283
f 1283 1286 1285
f 1288 1325 1290
f 1288 1290 1289
f 1290 1325 1291
f 1291 1293 1292
f 1291 1325 1326
f 1291 1326 1327
f 1291 1327 1293
f 1293 1327 1294
f 1294 1327 1328
f 1294 1328 1329
f 1294 1329 1295
f 1295 1329 1330
f 1295 1330 1296
f 1296 1330 1331
f 1296 1331 1297
f 1297 1331 1332
f 1297 1332 1298
f 1298 1332 1333
f 1298 1333 1299
f 1299 1334 1300
f 1299 1333 1335
f 1299 1335 1334
f 1301 1305 1306
f 1303 1336 1304
f 1304 1336 1337
f 1304 1337 1338
f 1304 1338 1339
f 1304 1339 1340
f 1304 1340 1341
f 1304 1341 1342
f 1304 1342 1343
f 1304 1343 1305
f 1305 1343 1344
f 1305 1344 1306
f 1306 1344 1342
f 1306 1342 1345
f 1306 1345 1346
f 1306 1346 1308
f 1306 1308 1307
f 1308 1346 1347
f 1308 1347 1309
f 1309 1347 1310
f 1310 1347 1348
f 1310 1348 1349
f 1310 1349 1312
f 1310 1312 1311
f 1312 1349 1313
f 1313 1350 1351
f 1313 1351 1352
f 1313 1352 1314
f 1313 1349 1353
f 1313 1353 1350
f 1314 1352 1354
f 1314 1354 1315
f 1315 1354 1316
f 1316 1354 1319
f 1316 1319 1317
f 1317 1319 1318
f 1319 1354 1355
f 1319 1355 1320
f 1320 1355 1321
f 1321 1356 1322
f 1321 1355 1357
f 1321 1357 1356
f 1322 1356 1358
f 1322 1358 1359
f 1322 1359 1360
f 1322 1360 1323
f 1323 1360 1361
f 1323 1361 1324
f 1324 1361 1325
f 1325 1361 1326
f 1326 1361 1362
f 1326 1362 1363
f 1326 1363 1327
f 1327 1363 1362
f 1327 1362 1328
f 1328 1362 1364
f 1328 1364 1365
f 1328 1365 1329
f 1329 1365 1366
f 1329 1366 1330
f 1330 1366 1367
f 1330 1367 1331
f 1331 1367 1368
f 1331 1368 1332
f 1332 1368 1369
f 1332 1369 1333
f 1333 1369 1370
f 1333 1370 1371
f 1333 1371 1335
f 1334 1335 1372
f 1335 1371 1373
f 1335 1373 1372
f 1338 1374 1339
f 1339 1375 1340
f 1339 1374 1376
f 1339 1376 1377
f 1339 1377 1378
f 1339 1378 1379
f 1339 1379 1375
f 1340 1375 1380
f 1340 1380 1341
f 1341 1380 1342
f 1342 1344 1343
f 1342 1380 1381
f 1342 1381 1382
f 1342 1382 1383
f 1342 1383 1384
f 1342 1384 1345
f 1345 1384 1346
f 1346 1384 1383
f 1346 1383 1347
f 1347 1383 1348
f 1348 1385 1353
f 1348 1353 1349
f 1348 1383 1385
f 1350 1353 1386
f 1350 1386 1387
f 1350 1387 1351
f 1351 1387 1388
f 1351 1388 1357
f 1351 1357 1352
f 1352 1357 1355
f 1352 1355 1354
f 1353 1389 1386
f 1353 1385 1389
f 1356 1357 1388
f 1356 1388 1390
f 1356 1390 1358
f 1358 1390 1359
f 1359 1391 1392
f 1359 1392 1360
f 1359 1390 1391
f 1360 1392 1393
f 1360 1393 1361
f 1361 1393 1362
f 1362 1393 1364
f 1364 1394 1365
f 1364 1393 1392
f 1364 1392 1391
f 1364 1391 1395
f 1364 1395 1394
f 1365 1394 1366
f 1366 1394 1396
f 1366 1396 1367
f 1367 1396 1397
f 1367 1397 1368
f 1368 1397 1398
f 1368 1398 1369
f 1369 1398 1370
f 1370 1399 1400
f 1370 1400 1401
f 1370 1401 1402
f 1370 1402 1373
f 1370 1373 1371
f 1370 1398 1399
f 1372 1373 1403
f 1373 1402 1404
f 1373 1404 1405
f 1373 1405 1406
f 1373 1406 1403
f 1375 1379 1407
f 1375 1407 1380
f 1377 1408 1378
f 1378 1409 1379
f 1378 1408 1410
f 1378 1410 1411
f 1378 1411 1412
f 1378 1412 1413
f 1378 1413 1414
f 1378 1414 1409
f 1379 1409 1407
f 1380 1407 1381
f 1381 1407 1415
f 1381 1415 1416
f 1381 1416 1382
f 1382 1416 1383
f 1383 1416 1385
f 1385 1416 1417
f 1385 1417 1389
f 1386 1389 1418
f 1386 1418 1419
f 1386 1419 1420
f 1386 1420 1387
f 1387 1420 1421
f 1387 1421 1388
f 1388 1421 1422
f 1388 1422 1390
f 1389 1417 1423
f 1389 1423 1418
f 1390 1424 1391
f 1390 1422 1424
f 1391 1424 1425
f 1391 1425 1426
f 1391 1426 1395
f 1394 1395 1427
f 1394 1427 1396
f 1395 1426 1427
f 1396 1427 1428
f 1396 1428 1397
f 1397 1428 1429
f 1397 1429 1398
f 1398 1429 1399
f 1399 1429 1400
f 1400 1430 1431
f 1400 1431 1401
f 1400 1429 1430
f 1401 1431 1432
f 1401 1432 1404
f 1401 1404 1402
f 1404 1432 1433
f 1404 1433 1405
f 1405 1434 1406
f 1405 1433 1434
f 1407 1409 1435
f 1407 1435 1436
f 1407 1436 1417
f 1407 1417 1415
f 1409 1414 1435
f 1411 1437 1412
f 1412 1437 1438
f 1412 1438 1439
f 1412 1439 1440
f 1412 1440 1413
f 1413 1440 1441
f 1413 1441 1414
f 1414 1441 1442
f 1414 1442 1443
f 1414 1443 1435
f 1415 1417 1416
f 1417 1444 1423
f 1417 1436 1444
f 1418 1445 1419
f 1418 1423 1445
f 1419 1446 1447
f 1419 1447 1448
f 1419 1448 1420
f 1419 1445 1446
f 1420 1448 1421
f 1421 1448 1422
f 1422 1448 1449
f 1422 1449 1424
f 1423 1450 1445
f 1423 1444 1450
f 1424 1449 1425
f 1425 1449 1451
f 1425 1451 1452
f 1425 1452 1453
f 1425 1453 1426
f 1426 1453 1427
f 1427 1453 1428
f 1428 1453 1454
f 1428 1454 1429
f 1429 1454 1430
f 1430 1454 1455
f 1430 1455 1456
f 1430 1456 1431
f 1431 1456 1457
f 1431 1457 1458
f 1431 1458 1459
f 1431 1459 1433
f 1431 1433 1432
f 1433 1459 1460
f 1433 1460 1461
f 1433 1461 1462
f 1433 1462 1463
f 1433 1463 1464
f 1433 1464 1434
f 1435 1443 1465
f 1435 1465 1444
f 1435 1444 1436
f 1438 1466 1439
f 1439 1467 1468
f 1439 1468 1469
f 1439 1469 1470
f 1439 1470 1471
f 1439 1471 1472
f 1439 1472 1440
f 1439 1466 1467
f 1440 1472 1442
f 1440 1442 1441
f 1442 1472 1473
f 1442 1473 1474
f 1442 1474 1443
f 1443 1474 1475
f 1443 1475 1450
f 1443 1450 1465
f 1444 1465 1450
f 1445 1450 1476
f 1445 1476 1446
f 1446 1476 1477
f 1446 1477 1478
f 1446 1478 1447
f 1447 1478 1451
f 1447 1451 1449
f 1447 1449 1448
f 1450 1475 1476
f 1451 1479 1452
f 1451 1478 1479
f 1452 1455 1454
f 1452 1454 1453
f 1452 1479 1455
f 1455 1479 1480
f 1455 1480 1457
f 1455 1457 1456
f 1457 1480 1481
f 1457 1481 1458
f 1458 1481 1482
f 1458 1482 1460
f 1458 1460 1459
f 1460 1482 1483
f 1460 1483 1461
f 1461 1483 1484
f 1461 1484 1485
f 1461 1485 1486
f 1461 1486 1487
f 1461 1487 1462
f 1469 1488 1470
f 1470 1488 1489
f 1470 1489 1490
f 1470 1490 1471
f 1471 1490 1491
f 1471 1491 1473
f 1471 1473 1472
f 1473 1491 1492
f 1473 1492 1493
f 1473 1493 1494
f 1473 1494 1474
f 1474 1494 1476
f 1474 1476 1475
f 1476 1494 1477
f 1477 1495 1496
f 1477 1496 1478
f 1477 1494 1493
f 1477 1493 1495
f 1478 1496 1479
f 1479 1496 1497
f 1479 1497 1480
f 1480 1497 1481
f 1481 1497 1498
f 1481 1498 1499
f 1481 1499 1483
f 1481 1483 1482
f 1483 1499 1484
f 1484 1499 1500
f 1484 1500 1490
f 1484 1490 1489
f 1484 1489 1501
f 1484 1501 1485
f 1488 1502 1489
f 1489 1502 1501
f 1490 1492 1491
f 1490 1500 1492
f 1492 1500 1499
f 1492 1499 1498
f 1492 1498 1493
f 1493 1498 1495
f 1495 1498 1496
f 1496 1498 1497
f 1503 1504 1505
f 1503 1505 1506
f 1503 1506 1513
f 1503 1513 1524
f 1503 1524 1537
f 1503 1537 1554
f 1503 1554 1572
f 1503 1572 1599
f 1503 1599 1629
f 1503 1629 1663
f 1503 1663 1668
f 1503 1668 1667
f 1503 1667 1684
f 1503 1684 1680
f 1503 1680 1640
f 1503 1640 1639
f 1503 1639 1638
f 1503 1638 1607
f 1503 1607 1580
f 1503 1580 1579
f 1503 1579 1558
f 1503 1558 1541
f 1503 1541 1528
f 1503 1528 1526
f 1503 1526 1514
f 1503 1514 1507
f 1503 1507 1504
f 1504 1507 1508
f 1504 1508 1505
f 1505 1509 1510
f 1505 1510 1521
f 1505 1521 1511
f 1505 1511 1506
f 1505 1508 1512
f 1505 1512 1509
f 1506 1511 1513
f 1507 1514 1515
f 1507 1515 1508
f 1508 1516 1512
f 1508 1515 1517
f 1508 1517 1516
f 1509 1512 1518
f 1509 1518 1510
f 1510 1518 1519
f 1510 1519 1520
f 1510 1520 1521
f 1511 1521 1522
f 1511 1522 1523
f 1511 1523 1524
f 1511 1524 1513
f 1512 1516 1525
f 1512 1525 1518
f 1514 1526 1515
f 1515 1527 1517
f 1515 1526 1528
f 1515 1528 1529
f 1515 1529 1527
f 1516 1517 1530
f 1516 1530 1525
f 1517 1527 1530
f 1518 1525 1531
f 1518 1531 1532
f 1518 1532 1519
f 1519 1532 1520
f 1520 1532 1533
f 1520 1533 1521
f 1521 1533 1522
f 1522 1533 1534
f 1522 1534 1535
f 1522 1535 1536
f 1522 1536 1523
f 1523 1536 1524
f 1524 1536 1535
f 1524 1535 1552
f 1524 1552 1551
f 1524 1551 1569
f 1524 1569 1594
f 1524 1594 1618
f 1524 1618 1649
f 1524 1649 1691
f 1524 1691 1734
f 1524 1734 1783
f 1524 1783 1841
f 1524 1841 1893
f 1524 1893 1892
f 1524 1892 1891
f 1524 1891 1890
f 1524 1890 1889
f 1524 1889 1909
f 1524 1909 1886
f 1524 1886 1885
f 1524 1885 1842
f 1524 1842 1785
f 1524 1785 1738
f 1524 1738 1737
f 1524 1737 1696
f 1524 1696 1655
f 1524 1655 1654
f 1524 1654 1650
f 1524 1650 1619
f 1524 1619 1595
f 1524 1595 1570
f 1524 1570 1553
f 1524 1553 1537
f 1525 1538 1531
f 1525 1530 1539
f 1525 1539 1538
f 1527 1529 1540
f 1527 1540 1530
f 1528 1541 1542
f 1528 1542 1529
f 1529 1542 1543
f 1529 1543 1540
f 1530 1540 1544
f 1530 1544 1545
f 1530 1545 1539
f 1531 1538 1546
f 1531 1546 1547
f 1531 1547 1548
f 1531 1548 1532
f 1532 1548 1549
f 1532 1549 1533
f 1533 1549 1550
f 1533 1550 1534
f 1534 1550 1551
f 1534 1551 1552
f 1534 1552 1535
f 1537 1553 1554
f 1538 1539 1546
f 1539 1545 1555
f 1539 1555 1556
f 1539 1556 1557
f 1539 1557 1546
f 1540 1543 1544
f 1541 1558 1542
f 1542 1558 1559
f 1542 1559 1560
f 1542 1560 1543
f 1543 1560 1561
f 1543 1561 1544
f 1544 1561 1545
f 1545 1561 1562
f 1545 1562 1563
f 1545 1563 1556
f 1545 1556 1555
f 1546 1564 1565
f 1546 1565 1566
f 1546 1566 1567
f 1546 1567 1548
f 1546 1548 1547
f 1546 1557 1568
f 1546 1568 1564
f 1548 1567 1549
f 1549 1567 1550
f 1550 1569 1551
f 1550 1567 1569
f 1553 1570 1596
f 1553 1596 1622
f 1553 1622 1656
f 1553 1656 1701
f 1553 1701 1700
f 1553 1700 1746
f 1553 1746 1797
f 1553 1797 1856
f 1553 1856 1872
f 1553 1872 1807
f 1553 1807 1806
f 1553 1806 1754
f 1553 1754 1709
f 1553 1709 1660
f 1553 1660 1659
f 1553 1659 1624
f 1553 1624 1597
f 1553 1597 1571
f 1553 1571 1554
f 1554 1571 1597
f 1554 1597 1623
f 1554 1623 1657
f 1554 1657 1704
f 1554 1704 1747
f 1554 1747 1753
f 1554 1753 1805
f 1554 1805 1871
f 1554 1871 1870
f 1554 1870 1869
f 1554 1869 1868
f 1554 1868 1867
f 1554 1867 1866
f 1554 1866 1904
f 1554 1904 1877
f 1554 1877 1876
f 1554 1876 1814
f 1554 1814 1813
f 1554 1813 1812
f 1554 1812 1760
f 1554 1760 1759
f 1554 1759 1756
f 1554 1756 1711
f 1554 1711 1661
f 1554 1661 1627
f 1554 1627 1598
f 1554 1598 1572
f 1556 1563 1573
f 1556 1573 1574
f 1556 1574 1575
f 1556 1575 1576
f 1556 1576 1577
f 1556 1577 1578
f 1556 1578 1557
f 1557 1578 1568
f 1558 1579 1559
f 1559 1579 1580
f 1559 1580 1581
f 1559 1581 1582
f 1559 1582 1560
f 1560 1582 1583
f 1560 1583 1561
f 1561 1583 1562
f 1562 1583 1584
f 1562 1584 1585
f 1562 1585 1586
f 1562 1586 1573
f 1562 1573 1563
f 1564 1587 1588
f 1564 1588 1565
f 1564 1568 1589
f 1564 1589 1587
f 1565 1588 1590
f 1565 1590 1591
f 1565 1591 1592
f 1565 1592 1566
f 1566 1592 1593
f 1566 1593 1569
f 1566 1569 1567
f 1568 1578 1589
f 1569 1593 1594
f 1570 1595 1596
f 1572 1598 1599
f 1573 1575 1574
f 1573 1586 1600
f 1573 1600 1601
f 1573 1601 1602
f 1573 1602 1575
f 1575 1603 1576
f 1575 1602 1632
f 1575 1632 1603
f 1576 1603 1604
f 1576 1604 1605
f 1576 1605 1606
f 1576 1606 1589
f 1576 1589 1577
f 1577 1589 1578
f 1580 1607 1581
f 1581 1607 1608
f 1581 1608 1582
f 1582 1608 1609
f 1582 1609 1583
f 1583 1609 1584
f 1584 1609 1610
f 1584 1610 1611
f 1584 1611 1585
f 1585 1611 1612
f 1585 1612 1613
f 1585 1613 1586
f 1586 1613 1600
f 1587 1614 1615
f 1587 1615 1588
f 1587 1589 1606
f 1587 1606 1605
f 1587 1605 1614
f 1588 1615 1616
f 1588 1616 1617
f 1588 1617 1590
f 1590 1617 1618
f 1590 1618 1591
f 1591 1618 1594
f 1591 1594 1592
f 1592 1594 1593
f 1595 1619 1620
f 1595 1620 1621
f 1595 1621 1596
f 1596 1621 1622
f 1597 1624 1625
f 1597 1625 1623
f 1598 1626 1599
f 1598 1627 1628
f 1598 1628 1626
f 1599 1626 1629
f 1600 1613 1630
f 1600 1630 1631
f 1600 1631 1601
f 1601 1631 1602
f 1602 1631 1632
f 1603 1633 1604
f 1603 1632 1634
f 1603 1634 1633
f 1604 1633 1635
f 1604 1635 1636
f 1604 1636 1605
f 1605 1636 1637
f 1605 1637 1614
f 1607 1638 1608
f 1608 1638 1639
f 1608 1639 1640
f 1608 1640 1641
f 1608 1641 1609
f 1609 1641 1610
f 1610 1641 1642
f 1610 1642 1611
f 1611 1642 1612
f 1612 1642 1613
f 1613 1642 1643
f 1613 1643 1630
f 1614 1637 1615
f 1615 1644 1616
f 1615 1637 1645
f 1615 1645 1644
f 1616 1644 1646
f 1616 1646 1647
f 1616 1647 1617
f 1617 1647 1648
f 1617 1648 1649
f 1617 1649 1618
f 1619 1650 1620
f 1620 1651 1652
f 1620 1652 1653
f 1620 1653 1621
f 1620 1650 1654
f 1620 1654 1655
f 1620 1655 1651
f 1621 1653 1622
f 1622 1653 1656
f 1623 1625 1658
f 1623 1658 1657
f 1624 1659 1625
f 1625 1659 1660
f 1625 1660 1658
f 1626 1628 1629
f 1627 1661 1662
f 1627 1662 1628
f 1628 1663 1629
f 1628 1662 1664
f 1628 1664 1665
f 1628 1665 1666
f 1628 1666 1667
f 1628 1667 1668
f 1628 1668 1663
f 1630 1669 1670
f 1630 1670 1631
f 1630 1643 1671
f 1630 1671 1672
f 1630 1672 1669
f 1631 1670 1669
f 1631 1669 1673
f 1631 1673 1674
f 1631 1674 1632
f 1632 1674 1634
f 1633 1675 1676
f 1633 1676 1635
f 1633 1634 1675
f 1634 1677 1675
f 1634 1674 1677
f 1635 1676 1678
f 1635 1678 1636
f 1636 1678 1637
f 1637 1678 1679
f 1637 1679 1645
f 1640 1680 1641
f 1641 1680 1642
f 1642 1681 1682
f 1642 1682 1683
f 1642 1683 1643
f 1642 1680 1684
f 1642 1684 1681
f 1643 1683 1685
f 1643 1685 1671
f 1644 1686 1646
f 1644 1645 1679
f 1644 1679 1686
f 1646 1686 1687
f 1646 1687 1688
f 1646 1688 1647
f 1647 1688 1689
f 1647 1689 1648
f 1648 1689 1690
f 1648 1690 1649
f 1649 1690 1691
f 1651 1692 1693
f 1651 1693 1694
f 1651 1694 1695
f 1651 1695 1652
f 1651 1655 1696
f 1651 1696 1692
f 1652 1695 1697
f 1652 1697 1698
f 1652 1698 1699
f 1652 1699 1653
f 1653 1699 1700
f 1653 1700 1701
f 1653 1701 1656
f 1657 1702 1703
f 1657 1703 1704
f 1657 1658 1702
f 1658 1660 1705
f 1658 1705 1706
f 1658 1706 1707
f 1658 1707 1708
f 1658 1708 1703
f 1658 1703 1702
f 1660 1709 1710
f 1660 1710 1705
f 1661 1711 1712
f 1661 1712 1662
f 1662 1712 1664
f 1664 1712 1713
f 1664 1713 1714
f 1664 1714 1715
f 1664 1715 1685
f 1664 1685 1716
f 1664 1716 1665
f 1665 1716 1682
f 1665 1682 1666
f 1666 1682 1681
f 1666 1681 1684
f 1666 1684 1667
f 1669 1717 1673
f 1669 1672 1718
f 1669 1718 1719
f 1669 1719 1717
f 1671 1685 1720
f 1671 1720 1672
f 1672 1720 1718
f 1673 1717 1674
f 1674 1717 1721
f 1674 1721 1677
f 1675 1722 1724
f 1675 1724 1676
f 1675 1677 1723
f 1675 1723 1722
f 1676 1724 1725
f 1676 1725 1678
f 1677 1721 1726
f 1677 1726 1723
f 1678 1725 1727
f 1678 1727 1728
f 1678 1728 1679
f 1679 1728 1686
f 1682 1716 1685
f 1682 1685 1683
f 1685 1715 1720
f 1686 1729 1687
f 1686 1728 1729
f 1687 1729 1730
f 1687 1730 1731
f 1687 1731 1688
f 1688 1731 1732
f 1688 1732 1689
f 1689 1732 1733
f 1689 1733 1691
f 1689 1691 1690
f 1691 1733 1734
f 1692 1735 1736
f 1692 1736 1693
f 1692 1696 1737
f 1692 1737 1738
f 1692 1738 1739
f 1692 1739 1735
f 1693 1736 1694
f 1694 1740 1741
f 1694 1741 1742
f 1694 1742 1697
f 1694 1697 1695
f 1694 1736 1740
f 1697 1742 1743
f 1697 1743 1698
f 1698 1743 1744
f 1698 1744 1699
f 1699 1744 1745
f 1699 1745 1700
f 1700 1745 1746
f 1703 1708 1704
f 1704 1708 1747
f 1705 1710 1706
f 1706 1710 1748
f 1706 1748 1749
f 1706 1749 1707
f 1707 1750 1751
f 1707 1751 1708
f 1707 1749 1750
f 1708 1752 1753
f 1708 1753 1747
f 1708 1751 1752
f 1709 1754 1710
f 1710 1754 1755
f 1710 1755 1748
f 1711 1756 1713
f 1711 1713 1712
f 1713 1756 1714
f 1714 1757 1758
f 1714 1758 1720
f 1714 1720 1715
f 1714 1756 1759
f 1714 1759 1760
f 1714 1760 1761
f 1714 1761 1757
f 1717 1762 1763
f 1717 1763 1721
f 1717 1719 1764
f 1717 1764 1762
f 1718 1764 1719
f 1718 1720 1758
f 1718 1758 1765
f 1718 1765 1764
f 1721 1763 1726
f 1722 1766 1767
f 1722 1767 1724
f 1722 1723 1766
f 1723 1768 1769
f 1723 1769 1766
f 1723 1726 1768
f 1724 1767 1770
f 1724 1770 1725
f 1725 1770 1771
f 1725 1771 1772
f 1725 1772 1727
f 1726 1763 1773
f 1726 1773 1774
f 1726 1774 1768
f 1727 1772 1775
f 1727 1775 1776
f 1727 1776 1728
f 1728 1776 1777
f 1728 1777 1729
f 1729 1777 1730
f 1730 1777 1778
f 1730 1778 1779
f 1730 1779 1731
f 1731 1779 1780
f 1731 1780 1781
f 1731 1781 1732
f 1732 1781 1782
f 1732 1782 1733
f 1733 1782 1734
f 1734 1782 1783
f 1735 1739 1784
f 1735 1784 1736
f 1736 1784 1740
f 1738 1785 1739
f 1739 1785 1786
f 1739 1786 1784
f 1740 1784 1741
f 1741 1787 1788
f 1741 1788 1789
f 1741 1789 1742
f 1741 1784 1790
f 1741 1790 1791
f 1741 1791 1787
f 1742 1789 1792
f 1742 1792 1743
f 1743 1792 1793
f 1743 1793 1744
f 1744 1793 1794
f 1744 1794 1795
f 1744 1795 1745
f 1745 1796 1746
f 1745 1795 1796
f 1746 1796 1797
f 1748 1798 1749
f 1748 1755 1798
f 1749 1799 1750
f 1749 1798 1800
f 1749 1800 1801
f 1749 1801 1799
f 1750 1799 1751
f 1751 1799 1802
f 1751 1802 1803
f 1751 1803 1804
f 1751 1804 1752
f 1752 1804 1805
f 1752 1805 1753
f 1754 1806 1755
f 1755 1800 1798
f 1755 1806 1807
f 1755 1807 1808
f 1755 1808 1809
f 1755 1809 1800
f 1757 1810 1811
f 1757 1811 1765
f 1757 1765 1758
f 1757 1761 1812
f 1757 1812 1813
f 1757 1813 1814
f 1757 1814 1815
f 1757 1815 1810
f 1760 1812 1761
f 1762 1764 1816
f 1762 1816 1763
f 1763 1816 1817
f 1763 1817 1818
f 1763 1818 1773
f 1764 1765 1811
f 1764 1811 1819
f 1764 1819 1816
f 1766 1820 1821
f 1766 1821 1767
f 1766 1769 1822
f 1766 1822 1820
f 1767 1821 1823
f 1767 1823 1824
f 1767 1824 1770
f 1768 1774 1773
f 1768 1773 1825
f 1768 1825 1826
f 1768 1826 1827
f 1768 1827 1828
f 1768 1828 1822
f 1768 1822 1769
f 1770 1824 1771
f 1771 1824 1772
f 1772 1824 1881
f 1772 1881 1829
f 1772 1829 1830
f 1772 1830 1776
f 1772 1776 1775
f 1773 1826 1825
f 1773 1818 1831
f 1773 1831 1832
f 1773 1832 1826
f 1776 1830 1833
f 1776 1833 1777
f 1777 1833 1834
f 1777 1834 1778
f 1778 1834 1835
f 1778 1835 1836
f 1778 1836 1779
f 1779 1836 1780
f 1780 1836 1837
f 1780 1837 1838
f 1780 1838 1839
f 1780 1839 1840
f 1780 1840 1781
f 1781 1840 1782
f 1782 1840 1783
f 1783 1840 1841
f 1784 1786 1790
f 1785 1842 1786
f 1786 1843 1844
f 1786 1844 1790
f 1786 1842 1843
f 1787 1845 1788
f 1787 1791 1845
f 1788 1845 1846
f 1788 1846 1847
f 1788 1847 1848
f 1788 1848 1789
f 1789 1848 1792
f 1790 1844 1833
f 1790 1833 1830
f 1790 1830 1791
f 1791 1830 1845
f 1792 1848 1849
f 1792 1849 1793
f 1793 1849 1794
f 1794 1849 1850
f 1794 1850 1851
f 1794 1851 1852
f 1794 1852 1853
f 1794 1853 1795
f 1795 1853 1854
f 1795 1854 1796
f 1796 1854 1855
f 1796 1855 1797
f 1797 1855 1856
f 1799 1801 1857
f 1799 1857 1832
f 1799 1832 1831
f 1799 1831 1858
f 1799 1858 1802
f 1800 1809 1859
f 1800 1859 1860
f 1800 1860 1861
f 1800 1861 1862
f 1800 1862 1857
f 1800 1857 1801
f 1802 1858 1803
f 1803 1858 1863
f 1803 1863 1864
f 1803 1864 1865
f 1803 1865 1866
f 1803 1866 1867
f 1803 1867 1868
f 1803 1868 1869
f 1803 1869 1870
f 1803 1870 1804
f 1804 1870 1871
f 1804 1871 1805
f 1807 1872 1808
f 1808 1872 1856
f 1808 1856 1873
f 1808 1873 1874
f 1808 1874 1809
f 1809 1874 1859
f 1810 1865 1875
f 1810 1875 1819
f 1810 1819 1811
f 1810 1815 1876
f 1810 1876 1877
f 1810 1877 1865
f 1814 1876 1815
f 1816 1819 1875
f 1816 1875 1864
f 1816 1864 1818
f 1816 1818 1817
f 1818 1864 1863
f 1818 1863 1858
f 1818 1858 1831
f 1820 1878 1879
f 1820 1879 1880
f 1820 1880 1821
f 1820 1822 1878
f 1821 1880 1881
f 1821 1881 1823
f 1822 1828 1878
f 1823 1881 1824
f 1826 1862 1827
f 1826 1832 1857
f 1826 1857 1862
f 1827 1882 1883
f 1827 1883 1884
f 1827 1884 1828
f 1827 1862 1882
f 1828 1884 1878
f 1829 1881 1846
f 1829 1846 1845
f 1829 1845 1830
f 1833 1844 1834
f 1834 1844 1885
f 1834 1885 1886
f 1834 1886 1835
f 1835 1886 1887
f 1835 1887 1836
f 1836 1887 1837
f 1837 1887 1888
f 1837 1888 1889
f 1837 1889 1890
f 1837 1890 1838
f 1838 1890 1891
f 1838 1891 1839
f 1839 1891 1892
f 1839 1892 1893
f 1839 1893 1840
f 1840 1893 1841
f 1842 1885 1843
f 1843 1885 1844
f 1846 1881 1880
f 1846 1880 1879
f 1846 1879 1847
f 1847 1894 1895
f 1847 1895 1896
f 1847 1896 1848
f 1847 1879 1894
f 1848 1896 1850
f 1848 1850 1849
f 1850 1896 1851
f 1851 1896 1852
f 1852 1896 1895
f 1852 1895 1897
f 1852 1897 1911
f 1852 1911 1898
f 1852 1898 1853
f 1853 1898 1899
f 1853 1899 1854
f 1854 1899 1900
f 1854 1900 1855
f 1855 1900 1873
f 1855 1873 1856
f 1859 1874 1901
f 1859 1901 1860
f 1860 1901 1902
f 1860 1902 1903
f 1860 1903 1861
f 1861 1903 1862
f 1862 1903 1882
f 1864 1875 1865
f 1865 1877 1904
f 1865 1904 1866
f 1873 1900 1874
f 1874 1900 1905
f 1874 1905 1901
f 1878 1884 1879
f 1879 1884 1883
f 1879 1883 1906
f 1879 1906 1894
f 1882 1903 1907
f 1882 1907 1883
f 1883 1907 1908
f 1883 1908 1906
f 1886 1909 1887
f 1887 1909 1888
f 1888 1909 1889
f 1894 1910 1895
f 1894 1906 1910
f 1895 1910 1906
f 1895 1906 1897
f 1897 1906 1911
f 1898 1911 1908
f 1898 1908 1912
f 1898 1912 1899
f 1899 1912 1913
f 1899 1913 1905
f 1899 1905 1900
f 1901 1905 1913
f 1901 1913 1902
f 1902 1913 1907
f 1902 1907 1903
f 1906 1908 1911
f 1907 1913 1912
f 1907 1912 1908
f 1914 1915 1919
f 1914 1919 1928
f 1914 1928 1940
f 1914 1940 1957
f 1914 1957 1978
f 1914 1978 2011
f 1914 2011 2035
f 1914 2035 2042
f 1914 2042 2049
f 1914 2049 2055
f 1914 2055 2058
f 1914 2058 2061
f 1914 2061 2060
f 1914 2060 2066
f 1914 2066 2070
f 1914 2070 2071
f 1914 2071 2068
f 1914 2068 2064
f 1914 2064 2062
f 1914 2062 2056
f 1914 2056 2052
f 1914 2052 2051
f 1914 2051 2046
f 1914 2046 2039
f 1914 2039 2028
f 1914 2028 2000
f 1914 2000 1971
f 1914 1971 1950
f 1914 1950 1934
f 1914 1934 1924
f 1914 1924 1923
f 1914 1923 1922
f 1914 1922 1920
f 1914 1920 1916
f 1914 1916 1917
f 1914 1917 1921
f 1914 1921 1931
f 1914 1931 1944
f 1914 1944 1959
f 1914 1959 1980
f 1914 1980 1999
f 1914 1999 1998
f 1914 1998 1997
f 1914 1997 1996
f 1914 1996 1995
f 1914 1995 1994
f 1914 1994 2027
f 1914 2027 2026
f 1914 2026 2025
f 1914 2025 2024
f 1914 2024 2023
f 1914 2023 2022
f 1914 2022 2021
f 1914 2021 2033
f 1914 2033 2032
f 1914 2032 2012
f 1914 2012 1979
f 1914 1979 1958
f 1914 1958 1943
f 1914 1943 1942
f 1914 1942 1941
f 1914 1941 1930
f 1914 1930 1929
f 1914 1929 1926
f 1914 1926 1918
f 1914 1918 1915
f 1915 1918 1919
f 1916 1920 1917
f 1917 1920 1922
f 1917 1922 1923
f 1917 1923 1924
f 1917 1924 1925
f 1917 1925 1935
f 1917 1935 1952
f 1917 1952 1951
f 1917 1951 1972
f 1917 1972 2001
f 1917 2001 2031
f 1917 2031 2030
f 1917 2030 2029
f 1917 2029 2041
f 1917 2041 2040
f 1917 2040 2048
f 1917 2048 2047
f 1917 2047 2053
f 1917 2053 2057
f 1917 2057 2063
f 1917 2063 2067
f 1917 2067 2069
f 1917 2069 2065
f 1917 2065 2059
f 1917 2059 2054
f 1917 2054 2050
f 1917 2050 2043
f 1917 2043 2036
f 1917 2036 2014
f 1917 2014 2013
f 1917 2013 1982
f 1917 1982 1981
f 1917 1981 1962
f 1917 1962 1961
f 1917 1961 1945
f 1917 1945 1932
f 1917 1932 1921
f 1918 1926 1919
f 1919 1927 1928
f 1919 1926 1929
f 1919 1929 1930
f 1919 1930 1927
f 1921 1932 1933
f 1921 1933 1931
f 1924 1934 1935
f 1924 1935 1925
f 1927 1936 1937
f 1927 1937 1938
f 1927 1938 1939
f 1927 1939 1940
f 1927 1940 1928
f 1927 1930 1941
f 1927 1941 1942
f 1927 1942 1943
f 1927 1943 1936
f 1931 1933 1944
f 1932 1945 1946
f 1932 1946 1933
f 1933 1946 1947
f 1933 1947 1948
f 1933 1948 1949
f 1933 1949 1944
f 1934 1950 1951
f 1934 1951 1952
f 1934 1952 1935
f 1936 1953 1937
f 1936 1943 1953
f 1937 1954 1955
f 1937 1955 1956
f 1937 1956 1938
f 1937 1953 1954
f 1938 1956 1939
f 1939 1956 1940
f 1940 1956 1957
f 1943 1958 1953
f 1944 1949 1948
f 1944 1948 1960
f 1944 1960 1959
f 1945 1961 1946
f 1946 1961 1962
f 1946 1962 1963
f 1946 1963 1964
f 1946 1964 1947
f 1947 1964 1965
f 1947 1965 1966
f 1947 1966 1967
f 1947 1967 1968
f 1947 1968 1969
f 1947 1969 1970
f 1947 1970 1960
f 1947 1960 1948
f 1950 1971 1951
f 1951 1971 1972
f 1953 1973 1954
f 1953 1958 1973
f 1954 1974 1955
f 1954 1973 1974
f 1955 1974 1975
f 1955 1975 1976
f 1955 1976 1977
f 1955 1977 1956
f 1956 1977 1957
f 1957 1977 1978
f 1958 1979 1973
f 1959 1960 1970
f 1959 1970 1980
f 1962 1981 1963
f 1963 1981 1982
f 1963 1982 1983
f 1963 1983 1984
f 1963 1984 1964
f 1964 1984 1985
f 1964 1985 1965
f 1965 1985 1966
f 1966 1985 1986
f 1966 1986 1987
f 1966 1987 1988
f 1966 1988 1989
f 1966 1989 1968
f 1966 1968 1967
f 1968 1989 1969
f 1969 1989 1990
f 1969 1990 1988
f 1969 1988 1991
f 1969 1991 1970
f 1970 1991 1992
f 1970 1992 1993
f 1970 1993 1994
f 1970 1994 1995
f 1970 1995 1996
f 1970 1996 1997
f 1970 1997 1998
f 1970 1998 1999
f 1970 1999 1980
f 1971 2000 2001
f 1971 2001 1972
f 1973 2002 1974
f 1973 1979 2002
f 1974 2003 1975
f 1974 2002 2003
f 1975 2004 2005
f 1975 2005 1976
f 1975 2003 2006
f 1975 2006 2004
f 1976 2007 2008
f 1976 2008 2009
f 1976 2009 1977
f 1976 2005 2007
f 1977 2009 2010
f 1977 2010 1978
f 1978 2010 2011
f 1979 2012 2002
f 1982 2013 1983
f 1983 2013 2014
f 1983 2014 2015
f 1983 2015 1984
f 1984 2015 2016
f 1984 2016 1985
f 1985 2016 2007
f 1985 2007 1986
f 1986 2007 1987
f 1987 2007 2017
f 1987 2017 2005
f 1987 2005 2004
f 1987 2004 1991
f 1987 1991 1988
f 1988 1990 1989
f 1991 2018 1992
f 1991 2004 2019
f 1991 2019 2018
f 1992 2018 2006
f 1992 2006 2003
f 1992 2003 2002
f 1992 2002 2020
f 1992 2020 2021
f 1992 2021 2022
f 1992 2022 2023
f 1992 2023 2024
f 1992 2024 2025
f 1992 2025 2026
f 1992 2026 2027
f 1992 2027 1993
f 1993 2027 1994
f 2000 2028 2029
f 2000 2029 2030
f 2000 2030 2031
f 2000 2031 2001
f 2002 2012 2032
f 2002 2032 2033
f 2002 2033 2021
f 2002 2021 2020
f 2004 2006 2034
f 2004 2034 2018
f 2004 2018 2019
f 2005 2017 2007
f 2006 2018 2034
f 2007 2016 2015
f 2007 2015 2009
f 2007 2009 2008
f 2009 2015 2035
f 2009 2035 2010
f 2010 2035 2011
f 2014 2036 2015
f 2015 2037 2038
f 2015 2038 2035
f 2015 2036 2037
f 2028 2039 2040
f 2028 2040 2041
f 2028 2041 2029
f 2035 2038 2045
f 2035 2045 2042
f 2036 2043 2044
f 2036 2044 2037
f 2037 2044 2038
f 2038 2044 2045
f 2039 2046 2047
f 2039 2047 2048
f 2039 2048 2040
f 2042 2045 2049
f 2043 2050 2049
f 2043 2049 2045
f 2043 2045 2044
f 2046 2051 2047
f 2047 2051 2052
f 2047 2052 2053
f 2049 2050 2054
f 2049 2054 2055
f 2052 2056 2057
f 2052 2057 2053
f 2054 2058 2055
f 2054 2059 2060
f 2054 2060 2061
f 2054 2061 2058
f 2056 2062 2057
f 2057 2062 2064
f 2057 2064 2063
f 2059 2065 2066
f 2059 2066 2060
f 2063 2064 2067
f 2064 2068 2067
f 2065 2069 2070
f 2065 2070 2066
f 2067 2068 2071
f 2067 2071 2070
f 2067 2070 2069
f 2072 2073 2078
f 2072 2078 2086
f 2072 2086 2100
f 2072 2100 2099
f 2072 2099 2098
f 2072 2098 2118
f 2072 2118 2142
f 2072 2142 2170
f 2072 2170 2203
f 2072 2203 2240
f 2072 2240 2259
f 2072 2259 2264
f 2072 2264 2268
f 2072 2268 2270
f 2072 2270 2266
f 2072 2266 2261
f 2072 2261 2247
f 2072 2247 2228
f 2072 2228 2187
f 2072 2187 2156
f 2072 2156 2154
f 2072 2154 2127
f 2072 2127 2104
f 2072 2104 2088
f 2072 2088 2079
f 2072 2079 2074
f 2072 2074 2075
f 2072 2075 2073
f 2073 2075 2076
f 2073 2076 2077
f 2073 2077 2078
f 2074 2079 2080
f 2074 2080 2081
f 2074 2081 2082
f 2074 2082 2083
f 2074 2083 2075
f 2075 2083 2084
f 2075 2084 2076
f 2076 2085 2078
f 2076 2078 2077
f 2076 2084 2096
f 2076 2096 2116
f 2076 2116 2140
f 2076 2140 2168
f 2076 2168 2202
f 2076 2202 2237
f 2076 2237 2227
f 2076 2227 2226
f 2076 2226 2246
f 2076 2246 2260
f 2076 2260 2265
f 2076 2265 2269
f 2076 2269 2267
f 2076 2267 2263
f 2076 2263 2258
f 2076 2258 2239
f 2076 2239 2238
f 2076 2238 2204
f 2076 2204 2171
f 2076 2171 2169
f 2076 2169 2141
f 2076 2141 2117
f 2076 2117 2097
f 2076 2097 2085
f 2078 2085 2086
f 2079 2087 2080
f 2079 2088 2087
f 2080 2087 2089
f 2080 2089 2090
f 2080 2090 2091
f 2080 2091 2081
f 2081 2091 2082
f 2082 2091 2092
f 2082 2092 2093
f 2082 2093 2094
f 2082 2094 2083
f 2083 2094 2084
f 2084 2094 2095
f 2084 2095 2096
f 2085 2097 2098
f 2085 2098 2099
f 2085 2099 2100
f 2085 2100 2086
f 2087 2101 2102
f 2087 2102 2103
f 2087 2103 2089
f 2087 2088 2104
f 2087 2104 2105
f 2087 2105 2101
f 2089 2106 2090
f 2089 2103 2106
f 2090 2107 2108
f 2090 2108 2091
f 2090 2106 2107
f 2091 2108 2092
f 2092 2108 2107
f 2092 2107 2109
f 2092 2109 2110
f 2092 2110 2093
f 2093 2111 2094
f 2093 2110 2112
f 2093 2112 2111
f 2094 2111 2113
f 2094 2113 2095
f 2095 2113 2114
f 2095 2114 2096
f 2096 2114 2115
f 2096 2115 2116
f 2097 2117 2098
f 2098 2117 2118
f 2101 2105 2119
f 2101 2119 2120
f 2101 2120 2121
f 2101 2121 2102
f 2102 2121 2122
f 2102 2122 2123
f 2102 2123 2124
f 2102 2124 2125
f 2102 2125 2126
f 2102 2126 2103
f 2103 2126 2106
f 2104 2127 2128
f 2104 2128 2105
f 2105 2128 2119
f 2106 2126 2107
f 2107 2126 2129
f 2107 2129 2109
f 2109 2129 2130
f 2109 2130 2131
f 2109 2131 2110
f 2110 2131 2132
f 2110 2132 2133
f 2110 2133 2112
f 2111 2112 2134
f 2111 2134 2135
f 2111 2135 2136
f 2111 2136 2113
f 2112 2133 2137
f 2112 2137 2135
f 2112 2135 2134
f 2113 2136 2138
f 2113 2138 2114
f 2114 2138 2139
f 2114 2139 2115
f 2115 2139 2116
f 2116 2139 2140
f 2117 2141 2142
f 2117 2142 2118
f 2119 2128 2143
f 2119 2143 2144
f 2119 2144 2145
f 2119 2145 2146
f 2119 2146 2147
f 2119 2147 2148
f 2119 2148 2122
f 2119 2122 2121
f 2119 2121 2120
f 2122 2149 2123
f 2122 2148 2149
f 2123 2149 2148
f 2123 2148 2124
f 2124 2150 2151
f 2124 2151 2129
f 2124 2129 2125
f 2124 2148 2152
f 2124 2152 2153
f 2124 2153 2150
f 2125 2129 2126
f 2127 2154 2128
f 2128 2155 2143
f 2128 2154 2156
f 2128 2156 2157
f 2128 2157 2155
f 2129 2151 2130
f 2130 2151 2150
f 2130 2150 2158
f 2130 2158 2131
f 2131 2158 2132
f 2132 2158 2159
f 2132 2159 2160
f 2132 2160 2137
f 2132 2137 2133
f 2135 2137 2161
f 2135 2161 2162
f 2135 2162 2136
f 2136 2162 2138
f 2137 2160 2163
f 2137 2163 2161
f 2138 2162 2164
f 2138 2164 2139
f 2139 2164 2165
f 2139 2165 2166
f 2139 2166 2140
f 2140 2166 2167
f 2140 2167 2168
f 2141 2169 2142
f 2142 2169 2171
f 2142 2171 2170
f 2143 2155 2144
f 2144 2155 2145
f 2145 2155 2146
f 2146 2155 2172
f 2146 2172 2147
f 2147 2173 2148
f 2147 2172 2174
f 2147 2174 2173
f 2148 2173 2175
f 2148 2175 2176
f 2148 2176 2177
f 2148 2177 2178
f 2148 2178 2152
f 2150 2159 2158
f 2150 2153 2159
f 2152 2178 2179
f 2152 2179 2180
f 2152 2180 2153
f 2153 2181 2182
f 2153 2182 2159
f 2153 2180 2183
f 2153 2183 2184
f 2153 2184 2181
f 2155 2157 2185
f 2155 2185 2186
f 2155 2186 2172
f 2156 2187 2227
f 2156 2227 2237
f 2156 2237 2236
f 2156 2236 2257
f 2156 2257 2256
f 2156 2256 2255
f 2156 2255 2254
f 2156 2254 2253
f 2156 2253 2262
f 2156 2262 2251
f 2156 2251 2245
f 2156 2245 2244
f 2156 2244 2243
f 2156 2243 2242
f 2156 2242 2241
f 2156 2241 2225
f 2156 2225 2224
f 2156 2224 2223
f 2156 2223 2222
f 2156 2222 2217
f 2156 2217 2216
f 2156 2216 2215
f 2156 2215 2214
f 2156 2214 2213
f 2156 2213 2212
f 2156 2212 2211
f 2156 2211 2210
f 2156 2210 2209
f 2156 2209 2208
f 2156 2208 2206
f 2156 2206 2205
f 2156 2205 2174
f 2156 2174 2172
f 2156 2172 2186
f 2156 2186 2185
f 2156 2185 2157
f 2159 2182 2188
f 2159 2188 2181
f 2159 2181 2189
f 2159 2189 2190
f 2159 2190 2191
f 2159 2191 2160
f 2160 2191 2163
f 2161 2163 2192
f 2161 2192 2193
f 2161 2193 2162
f 2162 2193 2194
f 2162 2194 2167
f 2162 2167 2164
f 2163 2191 2195
f 2163 2195 2196
f 2163 2196 2192
f 2164 2167 2197
f 2164 2197 2165
f 2165 2197 2167
f 2165 2167 2166
f 2167 2194 2230
f 2167 2230 2198
f 2167 2198 2199
f 2167 2199 2200
f 2167 2200 2168
f 2168 2200 2201
f 2168 2201 2202
f 2170 2171 2204
f 2170 2204 2203
f 2173 2174 2205
f 2173 2205 2206
f 2173 2206 2207
f 2173 2207 2175
f 2175 2207 2208
f 2175 2208 2209
f 2175 2209 2210
f 2175 2210 2211
f 2175 2211 2176
f 2176 2211 2212
f 2176 2212 2213
f 2176 2213 2177
f 2177 2213 2214
f 2177 2214 2215
f 2177 2215 2178
f 2178 2215 2179
f 2179 2215 2180
f 2180 2215 2216
f 2180 2216 2217
f 2180 2217 2183
f 2181 2196 2190
f 2181 2190 2189
f 2181 2188 2182
f 2181 2184 2218
f 2181 2218 2219
f 2181 2219 2220
f 2181 2220 2221
f 2181 2221 2196
f 2183 2217 2222
f 2183 2222 2223
f 2183 2223 2184
f 2184 2223 2224
f 2184 2224 2225
f 2184 2225 2218
f 2187 2226 2227
f 2187 2228 2226
f 2190 2196 2191
f 2191 2196 2195
f 2192 2196 2232
f 2192 2232 2229
f 2192 2229 2230
f 2192 2230 2194
f 2192 2194 2193
f 2196 2221 2231
f 2196 2231 2232
f 2198 2230 2233
f 2198 2233 2234
f 2198 2234 2235
f 2198 2235 2199
f 2199 2235 2234
f 2199 2234 2236
f 2199 2236 2237
f 2199 2237 2200
f 2200 2237 2201
f 2201 2237 2202
f 2203 2204 2238
f 2203 2238 2239
f 2203 2239 2240
f 2206 2208 2207
f 2218 2225 2219
f 2219 2225 2241
f 2219 2241 2242
f 2219 2242 2243
f 2219 2243 2244
f 2219 2244 2220
f 2220 2244 2221
f 2221 2244 2245
f 2221 2245 2231
f 2226 2228 2246
f 2228 2247 2246
f 2229 2232 2248
f 2229 2248 2249
f 2229 2249 2233
f 2229 2233 2230
f 2231 2250 2232
f 2231 2245 2251
f 2231 2251 2250
f 2232 2250 2252
f 2232 2252 2248
f 2233 2249 2253
f 2233 2253 2254
f 2233 2254 2255
f 2233 2255 2234
f 2234 2255 2256
f 2234 2256 2257
f 2234 2257 2236
f 2239 2258 2240
f 2240 2258 2259
f 2246 2247 2260
f 2247 2261 2260
f 2248 2252 2249
f 2249 2252 2253
f 2250 2251 2252
f 2251 2262 2252
f 2252 2262 2253
f 2258 2263 2264
f 2258 2264 2259
f 2260 2261 2266
f 2260 2266 2265
f 2263 2267 2268
f 2263 2268 2264
f 2265 2266 2269
f 2266 2270 2269
f 2267 2269 2268
f 2268 2269 2270
f 2271 2272 2273
f 2271 2273 2282
f 2271 2282 2301
f 2271 2301 2300
f 2271 2300 2299
f 2271 2299 2298
f 2271 2298 2297
f 2271 2297 2304
f 2271 2304 2303
f 2271 2303 2319
f 2271 2319 2339
f 2271 2339 2361
f 2271 2361 2360
f 2271 2360 2384
f 2271 2384 2411
f 2271 2411 2427
f 2271 2427 2429
f 2271 2429 2423
f 2271 2423 2409
f 2271 2409 2408
f 2271 2408 2407
f 2271 2407 2406
f 2271 2406 2402
f 2271 2402 2371
f 2271 2371 2346
f 2271 2346 2345
f 2271 2345 2327
f 2271 2327 2320
f 2271 2320 2305
f 2271 2305 2283
f 2271 2283 2274
f 2271 2274 2275
f 2271 2275 2276
f 2271 2276 2272
f 2272 2276 2277
f 2272 2277 2278
f 2272 2278 2279
f 2272 2279 2294
f 2272 2294 2315
f 2272 2315 2332
f 2272 2332 2337
f 2272 2337 2336
f 2272 2336 2358
f 2272 2358 2382
f 2272 2382 2410
f 2272 2410 2426
f 2272 2426 2425
f 2272 2425 2424
f 2272 2424 2432
f 2272 2432 2433
f 2272 2433 2428
f 2272 2428 2412
f 2272 2412 2385
f 2272 2385 2383
f 2272 2383 2359
f 2272 2359 2338
f 2272 2338 2318
f 2272 2318 2302
f 2272 2302 2280
f 2272 2280 2281
f 2272 2281 2282
f 2272 2282 2273
f 2274 2283 2275
f 2275 2284 2285
f 2275 2285 2276
f 2275 2283 2286
f 2275 2286 2287
f 2275 2287 2284
f 2276 2285 2288
f 2276 2288 2277
f 2277 2288 2285
f 2277 2285 2289
f 2277 2289 2290
f 2277 2290 2291
f 2277 2291 2292
f 2277 2292 2278
f 2278 2293 2294
f 2278 2294 2279
f 2278 2292 2295
f 2278 2295 2296
f 2278 2296 2293
f 2280 2297 2298
f 2280 2298 2299
f 2280 2299 2300
f 2280 2300 2301
f 2280 2301 2281
f 2280 2302 2303
f 2280 2303 2304
f 2280 2304 2297
f 2281 2301 2282
f 2283 2305 2286
f 2284 2306 2285
f 2284 2287 2307
f 2284 2307 2308
f 2284 2308 2306
f 2285 2306 2289
f 2286 2305 2309
f 2286 2309 2287
f 2287 2309 2310
f 2287 2310 2307
f 2289 2306 2311
f 2289 2311 2290
f 2290 2311 2312
f 2290 2312 2313
f 2290 2313 2295
f 2290 2295 2291
f 2291 2295 2292
f 2293 2296 2294
f 2294 2296 2314
f 2294 2314 2315
f 2295 2313 2316
f 2295 2316 2296
f 2296 2316 2317
f 2296 2317 2314
f 2302 2318 2319
f 2302 2319 2303
f 2305 2320 2309
f 2306 2308 2321
f 2306 2321 2311
f 2307 2310 2322
f 2307 2322 2323
f 2307 2323 2324
f 2307 2324 2325
f 2307 2325 2321
f 2307 2321 2308
f 2309 2320 2310
f 2310 2326 2322
f 2310 2320 2327
f 2310 2327 2328
f 2310 2328 2329
f 2310 2329 2326
f 2311 2321 2330
f 2311 2330 2312
f 2312 2330 2331
f 2312 2331 2313
f 2313 2331 2316
f 2314 2332 2315
f 2314 2317 2332
f 2316 2331 2333
f 2316 2333 2334
f 2316 2334 2317
f 2317 2334 2335
f 2317 2335 2336
f 2317 2336 2337
f 2317 2337 2332
f 2318 2338 2319
f 2319 2338 2339
f 2321 2325 2340
f 2321 2340 2330
f 2322 2326 2341
f 2322 2341 2323
f 2323 2341 2342
f 2323 2342 2324
f 2324 2342 2343
f 2324 2343 2344
f 2324 2344 2325
f 2325 2344 2340
f 2326 2329 2341
f 2327 2345 2328
f 2328 2345 2329
f 2329 2345 2346
f 2329 2346 2347
f 2329 2347 2341
f 2330 2340 2348
f 2330 2348 2349
f 2330 2349 2331
f 2331 2349 2350
f 2331 2350 2333
f 2333 2350 2351
f 2333 2351 2334
f 2334 2351 2352
f 2334 2352 2353
f 2334 2353 2354
f 2334 2354 2355
f 2334 2355 2335
f 2335 2355 2356
f 2335 2356 2336
f 2336 2356 2357
f 2336 2357 2358
f 2338 2359 2360
f 2338 2360 2361
f 2338 2361 2339
f 2340 2344 2342
f 2340 2342 2362
f 2340 2362 2348
f 2341 2363 2364
f 2341 2364 2342
f 2341 2347 2365
f 2341 2365 2363
f 2342 2344 2343
f 2342 2364 2366
f 2342 2366 2367
f 2342 2367 2368
f 2342 2368 2369
f 2342 2369 2370
f 2342 2370 2362
f 2346 2371 2372
f 2346 2372 2373
f 2346 2373 2374
f 2346 2374 2375
f 2346 2375 2347
f 2347 2375 2376
f 2347 2376 2377
f 2347 2377 2365
f 2348 2362 2349
f 2349 2362 2378
f 2349 2378 2350
f 2350 2378 2379
f 2350 2379 2351
f 2351 2379 2380
f 2351 2380 2381
f 2351 2381 2353
f 2351 2353 2352
f 2353 2381 2405
f 2353 2405 2422
f 2353 2422 2421
f 2353 2421 2420
f 2353 2420 2431
f 2353 2431 2430
f 2353 2430 2419
f 2353 2419 2401
f 2353 2401 2400
f 2353 2400 2398
f 2353 2398 2418
f 2353 2418 2417
f 2353 2417 2395
f 2353 2395 2394
f 2353 2394 2416
f 2353 2416 2415
f 2353 2415 2390
f 2353 2390 2389
f 2353 2389 2388
f 2353 2388 2414
f 2353 2414 2397
f 2353 2397 2396
f 2353 2396 2377
f 2353 2377 2376
f 2353 2376 2375
f 2353 2375 2374
f 2353 2374 2373
f 2353 2373 2372
f 2353 2372 2371
f 2353 2371 2402
f 2353 2402 2382
f 2353 2382 2358
f 2353 2358 2357
f 2353 2357 2356
f 2353 2356 2355
f 2353 2355 2354
f 2359 2383 2360
f 2360 2383 2385
f 2360 2385 2384
f 2362 2370 2386
f 2362 2386 2378
f 2363 2365 2387
f 2363 2387 2388
f 2363 2388 2389
f 2363 2389 2390
f 2363 2390 2391
f 2363 2391 2392
f 2363 2392 2364
f 2364 2393 2366
f 2364 2392 2394
f 2364 2394 2395
f 2364 2395 2393
f 2365 2377 2396
f 2365 2396 2397
f 2365 2397 2387
f 2366 2393 2367
f 2367 2393 2368
f 2368 2393 2369
f 2369 2393 2398
f 2369 2398 2370
f 2370 2399 2386
f 2370 2398 2400
f 2370 2400 2401
f 2370 2401 2399
f 2378 2386 2403
f 2378 2403 2404
f 2378 2404 2379
f 2379 2404 2405
f 2379 2405 2381
f 2379 2381 2380
f 2382 2402 2406
f 2382 2406 2407
f 2382 2407 2408
f 2382 2408 2409
f 2382 2409 2410
f 2384 2385 2411
f 2385 2412 2411
f 2386 2399 2413
f 2386 2413 2403
f 2387 2397 2414
f 2387 2414 2388
f 2390 2415 2391
f 2391 2415 2392
f 2392 2415 2416
f 2392 2416 2394
f 2393 2395 2417
f 2393 2417 2418
f 2393 2418 2398
f 2399 2401 2413
f 2401 2419 2413
f 2403 2413 2404
f 2404 2413 2420
f 2404 2420 2421
f 2404 2421 2422
f 2404 2422 2405
f 2409 2423 2424
f 2409 2424 2425
f 2409 2425 2426
f 2409 2426 2410
f 2411 2412 2427
f 2412 2428 2429
f 2412 2429 2427
f 2413 2419 2430
f 2413 2430 2431
f 2413 2431 2420
f 2423 2429 2424
f 2424 2429 2432
f 2428 2433 2429
f 2429 2433 2432
f 2434 2435 2436
f 2434 2436 2437
f 2434 2437 2438
f 2434 2438 2439
f 2434 2439 2440
f 2434 2440 2441
f 2434 2441 2442
f 2434 2442 2443
f 2434 2443 2444
f 2434 2444 2454
f 2434 2454 2477
f 2434 2477 2499
f 2434 2499 2515
f 2434 2515 2534
f 2434 2534 2560
f 2434 2560 2584
f 2434 2584 2600
f 2434 2600 2604
f 2434 2604 2608
f 2434 2608 2612
f 2434 2612 2620
f 2434 2620 2610
f 2434 2610 2606
f 2434 2606 2602
f 2434 2602 2595
f 2434 2595 2567
f 2434 2567 2538
f 2434 2538 2518
f 2434 2518 2501
f 2434 2501 2478
f 2434 2478 2455
f 2434 2455 2445
f 2434 2445 2460
f 2434 2460 2480
f 2434 2480 2505
f 2434 2505 2524
f 2434 2524 2544
f 2434 2544 2575
f 2434 2575 2578
f 2434 2578 2583
f 2434 2583 2582
f 2434 2582 2581
f 2434 2581 2557
f 2434 2557 2531
f 2434 2531 2512
f 2434 2512 2493
f 2434 2493 2492
f 2434 2492 2491
f 2434 2491 2490
f 2434 2490 2489
f 2434 2489 2488
f 2434 2488 2510
f 2434 2510 2485
f 2434 2485 2483
f 2434 2483 2471
f 2434 2471 2470
f 2434 2470 2469
f 2434 2469 2468
f 2434 2468 2467
f 2434 2467 2466
f 2434 2466 2465
f 2434 2465 2464
f 2434 2464 2463
f 2434 2463 2448
f 2434 2448 2446
f 2434 2446 2435
f 2435 2446 2436
f 2436 2447 2437
f 2436 2446 2448
f 2436 2448 2447
f 2437 2447 2438
f 2438 2449 2450
f 2438 2450 2451
f 2438 2451 2442
f 2438 2442 2440
f 2438 2440 2439
f 2438 2447 2452
f 2438 2452 2449
f 2440 2442 2441
f 2442 2451 2453
f 2442 2453 2443
f 2443 2453 2454
f 2443 2454 2444
f 2445 2455 2456
f 2445 2456 2457
f 2445 2457 2458
f 2445 2458 2459
f 2445 2459 2460
f 2447 2461 2462
f 2447 2462 2452
f 2447 2448 2463
f 2447 2463 2464
f 2447 2464 2465
f 2447 2465 2466
f 2447 2466 2467
f 2447 2467 2468
f 2447 2468 2469
f 2447 2469 2470
f 2447 2470 2471
f 2447 2471 2472
f 2447 2472 2473
f 2447 2473 2461
f 2449 2452 2474
f 2449 2474 2450
f 2450 2474 2451
f 2451 2474 2475
f 2451 2475 2476
f 2451 2476 2453
f 2452 2462 2474
f 2453 2476 2454
f 2454 2476 2477
f 2455 2478 2456
f 2456 2479 2503
f 2456 2503 2502
f 2456 2502 2519
f 2456 2519 2539
f 2456 2539 2568
f 2456 2568 2596
f 2456 2596 2603
f 2456 2603 2607
f 2456 2607 2611
f 2456 2611 2619
f 2456 2619 2618
f 2456 2618 2617
f 2456 2617 2616
f 2456 2616 2615
f 2456 2615 2614
f 2456 2614 2613
f 2456 2613 2609
f 2456 2609 2605
f 2456 2605 2601
f 2456 2601 2586
f 2456 2586 2585
f 2456 2585 2588
f 2456 2588 2599
f 2456 2599 2598
f 2456 2598 2576
f 2456 2576 2545
f 2456 2545 2523
f 2456 2523 2522
f 2456 2522 2506
f 2456 2506 2480
f 2456 2480 2460
f 2456 2460 2459
f 2456 2459 2458
f 2456 2458 2457
f 2456 2478 2479
f 2461 2481 2482
f 2461 2482 2462
f 2461 2473 2481
f 2462 2482 2474
f 2471 2483 2472
f 2472 2484 2473
f 2472 2483 2485
f 2472 2485 2484
f 2473 2486 2487
f 2473 2487 2481
f 2473 2484 2488
f 2473 2488 2489
f 2473 2489 2490
f 2473 2490 2491
f 2473 2491 2492
f 2473 2492 2493
f 2473 2493 2494
f 2473 2494 2495
f 2473 2495 2496
f 2473 2496 2486
f 2474 2482 2497
f 2474 2497 2498
f 2474 2498 2475
f 2475 2498 2476
f 2476 2499 2500
f 2476 2500 2477
f 2476 2498 2499
f 2477 2500 2499
f 2478 2501 2502
f 2478 2502 2503
f 2478 2503 2479
f 2480 2504 2505
f 2480 2506 2504
f 2481 2487 2507
f 2481 2507 2482
f 2482 2507 2508
f 2482 2508 2509
f 2482 2509 2498
f 2482 2498 2497
f 2484 2485 2510
f 2484 2510 2488
f 2486 2496 2511
f 2486 2511 2487
f 2487 2511 2507
f 2493 2512 2513
f 2493 2513 2494
f 2494 2513 2495
f 2495 2511 2496
f 2495 2513 2511
f 2498 2514 2515
f 2498 2515 2499
f 2498 2509 2516
f 2498 2516 2517
f 2498 2517 2514
f 2501 2518 2519
f 2501 2519 2502
f 2504 2520 2521
f 2504 2521 2505
f 2504 2506 2522
f 2504 2522 2523
f 2504 2523 2520
f 2505 2521 2524
f 2507 2525 2526
f 2507 2526 2527
f 2507 2527 2508
f 2507 2511 2525
f 2508 2527 2516
f 2508 2516 2509
f 2511 2513 2528
f 2511 2528 2529
f 2511 2529 2530
f 2511 2530 2525
f 2512 2531 2513
f 2513 2531 2532
f 2513 2532 2528
f 2514 2517 2515
f 2515 2517 2533
f 2515 2533 2534
f 2516 2527 2526
f 2516 2526 2535
f 2516 2535 2517
f 2517 2535 2536
f 2517 2536 2537
f 2517 2537 2533
f 2518 2538 2519
f 2519 2538 2539
f 2520 2540 2541
f 2520 2541 2521
f 2520 2523 2540
f 2521 2541 2542
f 2521 2542 2543
f 2521 2543 2544
f 2521 2544 2524
f 2523 2545 2540
f 2525 2530 2526
f 2526 2530 2546
f 2526 2546 2535
f 2528 2547 2548
f 2528 2548 2529
f 2528 2532 2549
f 2528 2549 2550
f 2528 2550 2551
f 2528 2551 2552
f 2528 2552 2553
f 2528 2553 2554
f 2528 2554 2547
f 2529 2548 2555
f 2529 2555 2530
f 2530 2556 2546
f 2530 2555 2548
f 2530 2548 2554
f 2530 2554 2556
f 2531 2557 2532
f 2532 2558 2549
f 2532 2557 2558
f 2533 2537 2559
f 2533 2559 2534
f 2534 2559 2561
f 2534 2561 2560
f 2535 2562 2536
f 2535 2546 2562
f 2536 2562 2537
f 2537 2561 2559
f 2537 2562 2563
f 2537 2563 2564
f 2537 2564 2565
f 2537 2565 2566
f 2537 2566 2561
f 2538 2567 2539
f 2539 2567 2568
f 2540 2569 2570
f 2540 2570 2571
f 2540 2571 2541
f 2540 2545 2572
f 2540 2572 2573
f 2540 2573 2569
f 2541 2571 2542
f 2542 2571 2574
f 2542 2574 2543
f 2543 2574 2552
f 2543 2552 2575
f 2543 2575 2544
f 2545 2576 2572
f 2546 2556 2577
f 2546 2577 2562
f 2547 2554 2548
f 2549 2558 2550
f 2550 2558 2551
f 2551 2558 2552
f 2552 2578 2575
f 2552 2574 2553
f 2552 2558 2578
f 2553 2574 2579
f 2553 2579 2554
f 2554 2579 2556
f 2556 2580 2564
f 2556 2564 2577
f 2556 2579 2580
f 2557 2581 2558
f 2558 2581 2582
f 2558 2582 2583
f 2558 2583 2578
f 2560 2561 2585
f 2560 2585 2586
f 2560 2586 2584
f 2561 2566 2587
f 2561 2587 2588
f 2561 2588 2585
f 2562 2577 2563
f 2563 2577 2564
f 2564 2580 2589
f 2564 2589 2565
f 2565 2589 2590
f 2565 2590 2591
f 2565 2591 2592
f 2565 2592 2566
f 2566 2592 2593
f 2566 2593 2594
f 2566 2594 2587
f 2567 2595 2568
f 2568 2595 2596
f 2569 2573 2593
f 2569 2593 2592
f 2569 2592 2570
f 2570 2597 2571
f 2570 2592 2597
f 2571 2597 2591
f 2571 2591 2590
f 2571 2590 2579
f 2571 2579 2574
f 2572 2576 2598
f 2572 2598 2599
f 2572 2599 2573
f 2573 2587 2593
f 2573 2599 2588
f 2573 2588 2587
f 2579 2590 2580
f 2580 2590 2589
f 2584 2586 2600
f 2586 2601 2600
f 2587 2594 2593
f 2591 2597 2592
f 2595 2602 2596
f 2596 2602 2603
f 2600 2601 2604
f 2601 2605 2604
f 2602 2606 2607
f 2602 2607 2603
f 2604 2605 2609
f 2604 2609 2608
f 2606 2610 2607
f 2607 2610 2611
f 2608 2609 2613
f 2608 2613 2614
f 2608 2614 2615
f 2608 2615 2616
f 2608 2616 2617
f 2608 2617 2618
f 2608 2618 2619
f 2608 2619 2612
f 2610 2620 2619
f 2610 2619 2611
f 2612 2619 2620
f 2621 2622 2623
f 2621 2623 2624
f 2621 2624 2625
f 2621 2625 2626
f 2621 2626 2632
f 2621 2632 2634
f 2621 2634 2646
f 2621 2646 2662
f 2621 2662 2679
f 2621 2679 2704
f 2621 2704 2733
f 2621 2733 2771
f 2621 2771 2789
f 2621 2789 2806
f 2621 2806 2810
f 2621 2810 2815
f 2621 2815 2820
f 2621 2820 2819
f 2621 2819 2826
f 2621 2826 2828
f 2621 2828 2824
f 2621 2824 2823
f 2621 2823 2821
f 2621 2821 2816
f 2621 2816 2812
f 2621 2812 2811
f 2621 2811 2807
f 2621 2807 2790
f 2621 2790 2772
f 2621 2772 2735
f 2621 2735 2705
f 2621 2705 2680
f 2621 2680 2663
f 2621 2663 2647
f 2621 2647 2635
f 2621 2635 2627
f 2621 2627 2622
f 2622 2627 2623
f 2623 2628 2629
f 2623 2629 2630
f 2623 2630 2624
f 2623 2627 2631
f 2623 2631 2628
f 2624 2630 2625
f 2625 2632 2626
f 2625 2630 2633
f 2625 2633 2634
f 2625 2634 2632
f 2627 2635 2631
f 2628 2636 2629
f 2628 2631 2637
f 2628 2637 2638
f 2628 2638 2636
f 2629 2639 2640
f 2629 2640 2641
f 2629 2641 2642
f 2629 2642 2630
f 2629 2636 2639
f 2630 2642 2643
f 2630 2643 2633
f 2631 2638 2637
f 2631 2635 2644
f 2631 2644 2638
f 2633 2643 2634
f 2634 2645 2656
f 2634 2656 2672
f 2634 2672 2695
f 2634 2695 2694
f 2634 2694 2693
f 2634 2693 2692
f 2634 2692 2720
f 2634 2720 2751
f 2634 2751 2750
f 2634 2750 2749
f 2634 2749 2748
f 2634 2748 2747
f 2634 2747 2781
f 2634 2781 2797
f 2634 2797 2796
f 2634 2796 2795
f 2634 2795 2794
f 2634 2794 2793
f 2634 2793 2792
f 2634 2792 2804
f 2634 2804 2803
f 2634 2803 2802
f 2634 2802 2801
f 2634 2801 2800
f 2634 2800 2799
f 2634 2799 2798
f 2634 2798 2782
f 2634 2782 2765
f 2634 2765 2764
f 2634 2764 2758
f 2634 2758 2724
f 2634 2724 2701
f 2634 2701 2677
f 2634 2677 2659
f 2634 2659 2646
f 2634 2643 2645
f 2635 2647 2644
f 2636 2638 2648
f 2636 2648 2639
f 2638 2649 2648
f 2638 2644 2650
f 2638 2650 2651
f 2638 2651 2649
f 2639 2652 2653
f 2639 2653 2640
f 2639 2648 2654
f 2639 2654 2652
f 2640 2653 2655
f 2640 2655 2643
f 2640 2643 2641
f 2641 2643 2642
f 2643 2655 2656
f 2643 2656 2645
f 2644 2647 2657
f 2644 2657 2658
f 2644 2658 2650
f 2646 2659 2660
f 2646 2660 2661
f 2646 2661 2662
f 2647 2663 2657
f 2648 2649 2654
f 2649 2664 2665
f 2649 2665 2654
f 2649 2651 2666
f 2649 2666 2667
f 2649 2667 2664
f 2650 2658 2651
f 2651 2658 2666
f 2652 2668 2669
f 2652 2669 2653
f 2652 2654 2665
f 2652 2665 2670
f 2652 2670 2668
f 2653 2669 2671
f 2653 2671 2655
f 2655 2671 2672
f 2655 2672 2656
f 2657 2673 2658
f 2657 2663 2673
f 2658 2673 2674
f 2658 2674 2675
f 2658 2675 2676
f 2658 2676 2667
f 2658 2667 2666
f 2659 2677 2702
f 2659 2702 2731
f 2659 2731 2769
f 2659 2769 2752
f 2659 2752 2721
f 2659 2721 2698
f 2659 2698 2674
f 2659 2674 2673
f 2659 2673 2682
f 2659 2682 2681
f 2659 2681 2706
f 2659 2706 2734
f 2659 2734 2738
f 2659 2738 2737
f 2659 2737 2736
f 2659 2736 2775
f 2659 2775 2774
f 2659 2774 2773
f 2659 2773 2791
f 2659 2791 2808
f 2659 2808 2813
f 2659 2813 2817
f 2659 2817 2822
f 2659 2822 2827
f 2659 2827 2825
f 2659 2825 2818
f 2659 2818 2814
f 2659 2814 2809
f 2659 2809 2805
f 2659 2805 2788
f 2659 2788 2770
f 2659 2770 2732
f 2659 2732 2703
f 2659 2703 2678
f 2659 2678 2661
f 2659 2661 2660
f 2661 2678 2662
f 2662 2678 2679
f 2663 2680 2681
f 2663 2681 2682
f 2663 2682 2673
f 2664 2683 2684
f 2664 2684 2670
f 2664 2670 2665
f 2664 2667 2676
f 2664 2676 2683
f 2668 2670 2684
f 2668 2684 2685
f 2668 2685 2686
f 2668 2686 2687
f 2668 2687 2688
f 2668 2688 2689
f 2668 2689 2690
f 2668 2690 2669
f 2669 2690 2691
f 2669 2691 2671
f 2671 2691 2692
f 2671 2692 2693
f 2671 2693 2694
f 2671 2694 2695
f 2671 2695 2672
f 2674 2696 2697
f 2674 2697 2675
f 2674 2698 2696
f 2675 2697 2699
f 2675 2699 2676
f 2676 2699 2700
f 2676 2700 2683
f 2677 2701 2702
f 2678 2703 2704
f 2678 2704 2679
f 2680 2705 2706
f 2680 2706 2681
f 2683 2707 2708
f 2683 2708 2685
f 2683 2685 2684
f 2683 2700 2709
f 2683 2709 2707
f 2685 2708 2686
f 2686 2708 2707
f 2686 2707 2709
f 2686 2709 2687
f 2687 2710 2711
f 2687 2711 2712
f 2687 2712 2713
f 2687 2713 2714
f 2687 2714 2715
f 2687 2715 2688
f 2687 2709 2710
f 2688 2715 2716
f 2688 2716 2717
f 2688 2717 2718
f 2688 2718 2689
f 2689 2718 2717
f 2689 2717 2719
f 2689 2719 2691
f 2689 2691 2690
f 2691 2719 2692
f 2692 2719 2720
f 2696 2698 2721
f 2696 2721 2722
f 2696 2722 2697
f 2697 2722 2723
f 2697 2723 2699
f 2699 2723 2709
f 2699 2709 2700
f 2701 2724 2725
f 2701 2725 2726
f 2701 2726 2702
f 2702 2726 2727
f 2702 2727 2728
f 2702 2728 2729
f 2702 2729 2730
f 2702 2730 2731
f 2703 2732 2704
f 2704 2732 2733
f 2705 2734 2706
f 2705 2735 2736
f 2705 2736 2737
f 2705 2737 2738
f 2705 2738 2734
f 2709 2723 2739
f 2709 2739 2740
f 2709 2740 2711
f 2709 2711 2710
f 2711 2740 2741
f 2711 2741 2742
f 2711 2742 2743
f 2711 2743 2712
f 2712 2743 2744
f 2712 2744 2745
f 2712 2745 2713
f 2713 2745 2746
f 2713 2746 2714
f 2714 2746 2719
f 2714 2719 2717
f 2714 2717 2715
f 2715 2717 2716
f 2719 2746 2747
f 2719 2747 2748
f 2719 2748 2749
f 2719 2749 2750
f 2719 2750 2751
f 2719 2751 2720
f 2721 2752 2730
f 2721 2730 2722
f 2722 2753 2723
f 2722 2730 2729
f 2722 2729 2754
f 2722 2754 2755
f 2722 2755 2753
f 2723 2753 2756
f 2723 2756 2757
f 2723 2757 2739
f 2724 2758 2725
f 2725 2759 2760
f 2725 2760 2761
f 2725 2761 2762
f 2725 2762 2763
f 2725 2763 2727
f 2725 2727 2726
f 2725 2758 2764
f 2725 2764 2765
f 2725 2765 2759
f 2727 2763 2728
f 2728 2766 2767
f 2728 2767 2755
f 2728 2755 2754
f 2728 2754 2729
f 2728 2763 2762
f 2728 2762 2761
f 2728 2761 2760
f 2728 2760 2759
f 2728 2759 2768
f 2728 2768 2766
f 2730 2752 2769
f 2730 2769 2731
f 2732 2770 2771
f 2732 2771 2733
f 2735 2772 2773
f 2735 2773 2774
f 2735 2774 2775
f 2735 2775 2736
f 2739 2757 2767
f 2739 2767 2766
f 2739 2766 2741
f 2739 2741 2740
f 2741 2766 2776
f 2741 2776 2777
f 2741 2777 2742
f 2742 2777 2778
f 2742 2778 2779
f 2742 2779 2743
f 2743 2779 2780
f 2743 2780 2744
f 2744 2780 2747
f 2744 2747 2745
f 2745 2747 2746
f 2747 2780 2781
f 2753 2755 2767
f 2753 2767 2756
f 2756 2767 2757
f 2759 2765 2782
f 2759 2782 2783
f 2759 2783 2768
f 2766 2768 2784
f 2766 2784 2785
f 2766 2785 2786
f 2766 2786 2787
f 2766 2787 2776
f 2768 2783 2784
f 2770 2788 2771
f 2771 2788 2789
f 2772 2790 2791
f 2772 2791 2773
f 2776 2787 2778
f 2776 2778 2777
f 2778 2787 2783
f 2778 2783 2792
f 2778 2792 2793
f 2778 2793 2794
f 2778 2794 2795
f 2778 2795 2796
f 2778 2796 2779
f 2779 2796 2797
f 2779 2797 2781
f 2779 2781 2780
f 2782 2798 2783
f 2783 2787 2786
f 2783 2786 2785
f 2783 2785 2784
f 2783 2798 2799
f 2783 2799 2800
f 2783 2800 2801
f 2783 2801 2802
f 2783 2802 2803
f 2783 2803 2804
f 2783 2804 2792
f 2788 2805 2806
f 2788 2806 2789
f 2790 2807 2808
f 2790 2808 2791
f 2805 2809 2810
f 2805 2810 2806
f 2807 2811 2808
f 2808 2811 2812
f 2808 2812 2813
f 2809 2814 2815
f 2809 2815 2810
f 2812 2816 2813
f 2813 2816 2817
f 2814 2818 2819
f 2814 2819 2820
f 2814 2820 2815
f 2816 2821 2817
f 2817 2821 2823
f 2817 2823 2824
f 2817 2824 2822
f 2818 2825 2826
f 2818 2826 2819
f 2822 2824 2827
f 2824 2828 2827
f 2825 2827 2826
f 2826 2827 2828
f 2829 2830 2833
f 2829 2833 2869
f 2829 2869 2868
f 2829 2868 2867
f 2829 2867 2866
f 2829 2866 2865
f 2829 2865 2864
f 2829 2864 2863
f 2829 2863 2862
f 2829 2862 2861
f 2829 2861 2860
f 2829 2860 2859
f 2829 2859 2858
f 2829 2858 2857
f 2829 2857 2856
f 2829 2856 2855
f 2829 2855 2854
f 2829 2854 2853
f 2829 2853 2852
f 2829 2852 2851
f 2829 2851 2850
f 2829 2850 2849
f 2829 2849 2848
f 2829 2848 2847
f 2829 2847 2846
f 2829 2846 2845
f 2829 2845 2844
f 2829 2844 2843
f 2829 2843 2842
f 2829 2842 2841
f 2829 2841 2884
f 2829 2884 2883
f 2829 2883 2882
f 2829 2882 2881
f 2829 2881 2885
f 2829 2885 2870
f 2829 2870 2834
f 2829 2834 2831
f 2829 2831 2838
f 2829 2838 2873
f 2829 2873 2888
f 2829 2888 2904
f 2829 2904 2917
f 2829 2917 2927
f 2829 2927 2929
f 2829 2929 2936
f 2829 2936 2935
f 2829 2935 2947
f 2829 2947 2959
f 2829 2959 2957
f 2829 2957 2956
f 2829 2956 2955
f 2829 2955 2964
f 2829 2964 2950
f 2829 2950 2937
f 2829 2937 2930
f 2829 2930 2919
f 2829 2919 2906
f 2829 2906 2894
f 2829 2894 2874
f 2829 2874 2839
f 2829 2839 2832
f 2829 2832 2830
f 2830 2832 2833
f 2831 2834 2835
f 2831 2835 2836
f 2831 2836 2837
f 2831 2837 2838
f 2832 2839 2840
f 2832 2840 2841
f 2832 2841 2842
f 2832 2842 2843
f 2832 2843 2844
f 2832 2844 2845
f 2832 2845 2846
f 2832 2846 2847
f 2832 2847 2848
f 2832 2848 2849
f 2832 2849 2850
f 2832 2850 2851
f 2832 2851 2852
f 2832 2852 2853
f 2832 2853 2854
f 2832 2854 2855
f 2832 2855 2856
f 2832 2856 2857
f 2832 2857 2858
f 2832 2858 2859
f 2832 2859 2860
f 2832 2860 2861
f 2832 2861 2862
f 2832 2862 2863
f 2832 2863 2864
f 2832 2864 2865
f 2832 2865 2866
f 2832 2866 2867
f 2832 2867 2868
f 2832 2868 2869
f 2832 2869 2833
f 2834 2870 2886
f 2834 2886 2903
f 2834 2903 2916
f 2834 2916 2926
f 2834 2926 2933
f 2834 2933 2945
f 2834 2945 2962
f 2834 2962 2949
f 2834 2949 2948
f 2834 2948 2946
f 2834 2946 2934
f 2834 2934 2928
f 2834 2928 2918
f 2834 2918 2905
f 2834 2905 2893
f 2834 2893 2892
f 2834 2892 2891
f 2834 2891 2890
f 2834 2890 2889
f 2834 2889 2887
f 2834 2887 2872
f 2834 2872 2871
f 2834 2871 2837
f 2834 2837 2836
f 2834 2836 2835
f 2837 2871 2838
f 2838 2871 2872
f 2838 2872 2873
f 2839 2874 2875
f 2839 2875 2876
f 2839 2876 2840
f 2840 2876 2877
f 2840 2877 2878
f 2840 2878 2879
f 2840 2879 2880
f 2840 2880 2881
f 2840 2881 2882
f 2840 2882 2883
f 2840 2883 2884
f 2840 2884 2841
f 2870 2885 2886
f 2872 2887 2873
f 2873 2887 2889
f 2873 2889 2890
f 2873 2890 2891
f 2873 2891 2892
f 2873 2892 2893
f 2873 2893 2888
f 2874 2894 2895
f 2874 2895 2875
f 2875 2878 2877
f 2875 2877 2876
f 2875 2895 2896
f 2875 2896 2897
f 2875 2897 2898
f 2875 2898 2899
f 2875 2899 2878
f 2878 2899 2879
f 2879 2900 2880
f 2879 2899 2901
f 2879 2901 2902
f 2879 2902 2886
f 2879 2886 2885
f 2879 2885 2881
f 2879 2881 2900
f 2880 2900 2881
f 2886 2902 2903
f 2888 2893 2905
f 2888 2905 2904
f 2894 2906 2907
f 2894 2907 2895
f 2895 2907 2896
f 2896 2908 2909
f 2896 2909 2897
f 2896 2907 2910
f 2896 2910 2911
f 2896 2911 2912
f 2896 2912 2908
f 2897 2909 2913
f 2897 2913 2898
f 2898 2913 2899
f 2899 2913 2901
f 2901 2914 2915
f 2901 2915 2902
f 2901 2913 2909
f 2901 2909 2908
f 2901 2908 2914
f 2902 2915 2916
f 2902 2916 2903
f 2904 2905 2917
f 2905 2918 2917
f 2906 2919 2920
f 2906 2920 2907
f 2907 2920 2910
f 2908 2912 2921
f 2908 2921 2922
f 2908 2922 2914
f 2910 2920 2911
f 2911 2920 2912
f 2912 2920 2923
f 2912 2923 2922
f 2912 2922 2921
f 2914 2922 2915
f 2915 2922 2924
f 2915 2924 2925
f 2915 2925 2916
f 2916 2925 2926
f 2917 2918 2927
f 2918 2928 2929
f 2918 2929 2927
f 2919 2930 2931
f 2919 2931 2920
f 2920 2931 2932
f 2920 2932 2924
f 2920 2924 2922
f 2920 2922 2923
f 2924 2932 2925
f 2925 2932 2933
f 2925 2933 2926
f 2928 2934 2935
f 2928 2935 2936
f 2928 2936 2929
f 2930 2937 2938
f 2930 2938 2931
f 2931 2939 2932
f 2931 2938 2940
f 2931 2940 2941
f 2931 2941 2942
f 2931 2942 2943
f 2931 2943 2944
f 2931 2944 2939
f 2932 2945 2933
f 2932 2939 2945
f 2934 2946 2935
f 2935 2946 2948
f 2935 2948 2949
f 2935 2949 2947
f 2937 2950 2940
f 2937 2940 2938
f 2939 2951 2945
f 2939 2944 2952
f 2939 2952 2951
f 2940 2950 2953
f 2940 2953 2941
f 2941 2953 2942
f 2942 2953 2954
f 2942 2954 2943
f 2943 2954 2955
f 2943 2955 2956
f 2943 2956 2957
f 2943 2957 2944
f 2944 2958 2952
f 2944 2957 2959
f 2944 2959 2958
f 2945 2951 2960
f 2945 2960 2961
f 2945 2961 2962
f 2947 2949 2959
f 2949 2962 2961
f 2949 2961 2963
f 2949 2963 2959
f 2950 2964 2953
f 2951 2952 2965
f 2951 2965 2960
f 2952 2958 2965
f 2953 2964 2955
f 2953 2955 2954
f 2958 2966 2965
f 2958 2959 2966
f 2959 2963 2967
f 2959 2967 2966
f 2960 2965 2961
f 2961 2965 2963
f 2963 2965 2966
f 2963 2966 2967
f 2968 2969 2970
f 2968 2970 2971
f 2968 2971 2972
f 2968 2972 2973
f 2968 2973 2977
f 2968 2977 2982
f 2968 2982 2993
f 2968 2993 3013
f 2968 3013 3018
f 2968 3018 3017
f 2968 3017 3016
f 2968 3016 3037
f 2968 3037 3068
f 2968 3068 3098
f 2968 3098 3133
f 2968 3133 3175
f 2968 3175 3174
f 2968 3174 3173
f 2968 3173 3172
f 2968 3172 3171
f 2968 3171 3195
f 2968 3195 3179
f 2968 3179 3178
f 2968 3178 3141
f 2968 3141 3140
f 2968 3140 3139
f 2968 3139 3138
f 2968 3138 3107
f 2968 3107 3106
f 2968 3106 3102
f 2968 3102 3073
f 2968 3073 3046
f 2968 3046 3045
f 2968 3045 3044
f 2968 3044 3027
f 2968 3027 3008
f 2968 3008 3007
f 2968 3007 3006
f 2968 3006 3002
f 2968 3002 2987
f 2968 2987 2978
f 2968 2978 2974
f 2968 2974 2979
f 2968 2979 2989
f 2968 2989 3010
f 2968 3010 3031
f 2968 3031 3057
f 2968 3057 3086
f 2968 3086 3122
f 2968 3122 3123
f 2968 3123 3155
f 2968 3155 3187
f 2968 3187 3197
f 2968 3197 3201
f 2968 3201 3206
f 2968 3206 3205
f 2968 3205 3202
f 2968 3202 3198
f 2968 3198 3188
f 2968 3188 3157
f 2968 3157 3156
f 2968 3156 3124
f 2968 3124 3089
f 2968 3089 3060
f 2968 3060 3032
f 2968 3032 3011
f 2968 3011 2991
f 2968 2991 2990
f 2968 2990 2980
f 2968 2980 2975
f 2968 2975 2976
f 2968 2976 2969
f 2969 2976 2981
f 2969 2981 2992
f 2969 2992 3012
f 2969 3012 3033
f 2969 3033 3061
f 2969 3061 3092
f 2969 3092 3091
f 2969 3091 3090
f 2969 3090 3125
f 2969 3125 3158
f 2969 3158 3189
f 2969 3189 3199
f 2969 3199 3203
f 2969 3203 3207
f 2969 3207 3204
f 2969 3204 3200
f 2969 3200 3196
f 2969 3196 3186
f 2969 3186 3154
f 2969 3154 3135
f 2969 3135 3099
f 2969 3099 3069
f 2969 3069 3038
f 2969 3038 3019
f 2969 3019 2995
f 2969 2995 2983
f 2969 2983 2977
f 2969 2977 2973
f 2969 2973 2972
f 2969 2972 2971
f 2969 2971 2970
f 2974 2978 2979
f 2975 2980 2976
f 2976 2980 2981
f 2977 2983 2984
f 2977 2984 2985
f 2977 2985 2986
f 2977 2986 2982
f 2978 2987 2979
f 2979 2988 2989
f 2979 2987 2988
f 2980 2990 2981
f 2981 2991 2992
f 2981 2990 2991
f 2982 2986 2994
f 2982 2994 2993
f 2983 2995 2996
f 2983 2996 2997
f 2983 2997 2984
f 2984 2997 2998
f 2984 2998 2999
f 2984 2999 3000
f 2984 3000 2986
f 2984 2986 2985
f 2986 3000 3001
f 2986 3001 2994
f 2987 3002 2988
f 2988 3003 3004
f 2988 3004 3005
f 2988 3005 2989
f 2988 3002 3006
f 2988 3006 3007
f 2988 3007 3008
f 2988 3008 3003
f 2989 3005 3009
f 2989 3009 3010
f 2991 3011 3012
f 2991 3012 2992
f 2993 2994 3013
f 2994 3001 3014
f 2994 3014 3015
f 2994 3015 3016
f 2994 3016 3017
f 2994 3017 3018
f 2994 3018 3013
f 2995 3019 2996
f 2996 3020 3001
f 2996 3001 3000
f 2996 3000 2999
f 2996 2999 2998
f 2996 2998 2997
f 2996 3019 3021
f 2996 3021 3022
f 2996 3022 3020
f 3001 3020 3014
f 3003 3008 3004
f 3004 3023 3024
f 3004 3024 3005
f 3004 3008 3023
f 3005 3024 3025
f 3005 3025 3026
f 3005 3026 3009
f 3008 3027 3023
f 3009 3026 3028
f 3009 3028 3029
f 3009 3029 3030
f 3009 3030 3031
f 3009 3031 3010
f 3011 3032 3012
f 3012 3032 3033
f 3014 3034 3015
f 3014 3020 3035
f 3014 3035 3034
f 3015 3034 3036
f 3015 3036 3037
f 3015 3037 3016
f 3019 3038 3022
f 3019 3022 3021
f 3020 3022 3039
f 3020 3039 3035
f 3022 3038 3039
f 3023 3040 3041
f 3023 3041 3042
f 3023 3042 3043
f 3023 3043 3024
f 3023 3027 3044
f 3023 3044 3045
f 3023 3045 3046
f 3023 3046 3040
f 3024 3043 3047
f 3024 3047 3048
f 3024 3048 3025
f 3025 3048 3049
f 3025 3049 3050
f 3025 3050 3028
f 3025 3028 3026
f 3028 3051 3052
f 3028 3052 3053
f 3028 3053 3054
f 3028 3054 3029
f 3028 3050 3049
f 3028 3049 3055
f 3028 3055 3056
f 3028 3056 3051
f 3029 3054 3030
f 3030 3057 3031
f 3030 3054 3058
f 3030 3058 3059
f 3030 3059 3057
f 3032 3060 3061
f 3032 3061 3033
f 3034 3062 3036
f 3034 3035 3063
f 3034 3063 3062
f 3035 3064 3063
f 3035 3039 3065
f 3035 3065 3064
f 3036 3062 3066
f 3036 3066 3067
f 3036 3067 3037
f 3037 3067 3068
f 3038 3069 3070
f 3038 3070 3039
f 3039 3070 3065
f 3040 3046 3041
f 3041 3071 3072
f 3041 3072 3042
f 3041 3046 3073
f 3041 3073 3071
f 3042 3074 3075
f 3042 3075 3048
f 3042 3048 3076
f 3042 3076 3043
f 3042 3072 3077
f 3042 3077 3074
f 3043 3076 3078
f 3043 3078 3048
f 3043 3048 3047
f 3048 3078 3076
f 3048 3075 3079
f 3048 3079 3055
f 3048 3055 3049
f 3051 3056 3080
f 3051 3080 3081
f 3051 3081 3082
f 3051 3082 3083
f 3051 3083 3084
f 3051 3084 3052
f 3052 3084 3053
f 3053 3084 3085
f 3053 3085 3058
f 3053 3058 3054
f 3055 3080 3056
f 3055 3079 3080
f 3057 3059 3086
f 3058 3085 3059
f 3059 3085 3087
f 3059 3087 3121
f 3059 3121 3088
f 3059 3088 3086
f 3060 3089 3090
f 3060 3090 3091
f 3060 3091 3092
f 3060 3092 3061
f 3062 3063 3066
f 3063 3093 3066
f 3063 3064 3094
f 3063 3094 3093
f 3064 3065 3094
f 3065 3070 3095
f 3065 3095 3094
f 3066 3096 3097
f 3066 3097 3067
f 3066 3093 3096
f 3067 3097 3068
f 3068 3097 3098
f 3069 3099 3070
f 3070 3099 3100
f 3070 3100 3101
f 3070 3101 3095
f 3071 3073 3102
f 3071 3102 3072
f 3072 3103 3104
f 3072 3104 3105
f 3072 3105 3077
f 3072 3102 3106
f 3072 3106 3107
f 3072 3107 3103
f 3074 3077 3108
f 3074 3108 3109
f 3074 3109 3075
f 3075 3109 3110
f 3075 3110 3111
f 3075 3111 3112
f 3075 3112 3079
f 3077 3105 3113
f 3077 3113 3114
f 3077 3114 3109
f 3077 3109 3108
f 3079 3112 3080
f 3080 3112 3081
f 3081 3115 3082
f 3081 3112 3115
f 3082 3116 3117
f 3082 3117 3083
f 3082 3115 3118
f 3082 3118 3116
f 3083 3117 3119
f 3083 3119 3084
f 3084 3119 3120
f 3084 3120 3085
f 3085 3120 3121
f 3085 3121 3087
f 3086 3088 3122
f 3088 3121 3155
f 3088 3155 3123
f 3088 3123 3122
f 3089 3124 3125
f 3089 3125 3090
f 3093 3094 3126
f 3093 3126 3127
f 3093 3127 3128
f 3093 3128 3096
f 3094 3095 3129
f 3094 3129 3126
f 3095 3101 3130
f 3095 3130 3129
f 3096 3128 3131
f 3096 3131 3132
f 3096 3132 3097
f 3097 3132 3098
f 3098 3132 3134
f 3098 3134 3133
f 3099 3135 3100
f 3100 3135 3101
f 3101 3135 3136
f 3101 3136 3130
f 3103 3107 3104
f 3104 3137 3105
f 3104 3107 3138
f 3104 3138 3139
f 3104 3139 3140
f 3104 3140 3141
f 3104 3141 3137
f 3105 3137 3142
f 3105 3142 3110
f 3105 3110 3113
f 3109 3114 3113
f 3109 3113 3110
f 3110 3143 3144
f 3110 3144 3145
f 3110 3145 3111
f 3110 3142 3143
f 3111 3145 3146
f 3111 3146 3115
f 3111 3115 3112
f 3115 3146 3118
f 3116 3118 3147
f 3116 3147 3148
f 3116 3148 3117
f 3117 3148 3149
f 3117 3149 3119
f 3118 3146 3145
f 3118 3145 3144
f 3118 3144 3150
f 3118 3150 3151
f 3118 3151 3147
f 3119 3149 3120
f 3120 3149 3148
f 3120 3148 3152
f 3120 3152 3153
f 3120 3153 3136
f 3120 3136 3154
f 3120 3154 3121
f 3121 3154 3155
f 3124 3156 3125
f 3125 3156 3157
f 3125 3157 3158
f 3126 3129 3159
f 3126 3159 3160
f 3126 3160 3161
f 3126 3161 3162
f 3126 3162 3127
f 3127 3162 3163
f 3127 3163 3164
f 3127 3164 3128
f 3128 3164 3131
f 3129 3130 3153
f 3129 3153 3159
f 3130 3136 3153
f 3131 3134 3132
f 3131 3164 3165
f 3131 3165 3166
f 3131 3166 3167
f 3131 3167 3168
f 3131 3168 3169
f 3131 3169 3170
f 3131 3170 3171
f 3131 3171 3172
f 3131 3172 3173
f 3131 3173 3174
f 3131 3174 3175
f 3131 3175 3134
f 3133 3134 3175
f 3135 3154 3136
f 3137 3176 3177
f 3137 3177 3142
f 3137 3141 3178
f 3137 3178 3179
f 3137 3179 3176
f 3142 3177 3143
f 3143 3180 3181
f 3143 3181 3182
f 3143 3182 3144
f 3143 3177 3183
f 3143 3183 3180
f 3144 3182 3150
f 3147 3151 3182
f 3147 3182 3161
f 3147 3161 3160
f 3147 3160 3159
f 3147 3159 3184
f 3147 3184 3148
f 3148 3184 3152
f 3150 3182 3151
f 3152 3185 3153
f 3152 3184 3185
f 3153 3185 3159
f 3154 3186 3155
f 3155 3186 3187
f 3157 3188 3158
f 3158 3188 3189
f 3159 3185 3184
f 3161 3182 3190
f 3161 3190 3162
f 3162 3190 3180
f 3162 3180 3163
f 3163 3191 3165
f 3163 3165 3192
f 3163 3192 3164
f 3163 3180 3166
f 3163 3166 3191
f 3164 3192 3165
f 3165 3191 3166
f 3166 3180 3167
f 3167 3180 3183
f 3167 3183 3193
f 3167 3193 3194
f 3167 3194 3168
f 3168 3194 3195
f 3168 3195 3169
f 3169 3195 3170
f 3170 3195 3171
f 3176 3193 3183
f 3176 3183 3177
f 3176 3179 3195
f 3176 3195 3193
f 3180 3190 3181
f 3181 3190 3182
f 3186 3196 3187
f 3187 3196 3197
f 3188 3198 3199
f 3188 3199 3189
f 3193 3195 3194
f 3196 3200 3197
f 3197 3200 3201
f 3198 3202 3199
f 3199 3202 3203
f 3200 3204 3205
f 3200 3205 3206
f 3200 3206 3201
f 3202 3205 3207
f 3202 3207 3203
f 3204 3207 3205
f 3208 3209 3215
f 3208 3215 3220
f 3208 3220 3231
f 3208 3231 3250
f 3208 3250 3278
f 3208 3278 3301
f 3208 3301 3330
f 3208 3330 3355
f 3208 3355 3382
f 3208 3382 3368
f 3208 3368 3341
f 3208 3341 3313
f 3208 3313 3287
f 3208 3287 3261
f 3208 3261 3260
f 3208 3260 3257
f 3208 3257 3236
f 3208 3236 3222
f 3208 3222 3216
f 3208 3216 3210
f 3208 3210 3217
f 3208 3217 3224
f 3208 3224 3241
f 3208 3241 3268
f 3208 3268 3267
f 3208 3267 3244
f 3208 3244 3226
f 3208 3226 3218
f 3208 3218 3211
f 3208 3211 3212
f 3208 3212 3213
f 3208 3213 3214
f 3208 3214 3209
f 3209 3214 3213
f 3209 3213 3212
f 3209 3212 3219
f 3209 3219 3230
f 3209 3230 3249
f 3209 3249 3254
f 3209 3254 3234
f 3209 3234 3221
f 3209 3221 3215
f 3210 3216 3217
f 3211 3218 3225
f 3211 3225 3242
f 3211 3242 3269
f 3211 3269 3293
f 3211 3293 3318
f 3211 3318 3347
f 3211 3347 3375
f 3211 3375 3397
f 3211 3397 3406
f 3211 3406 3407
f 3211 3407 3411
f 3211 3411 3412
f 3211 3412 3410
f 3211 3410 3408
f 3211 3408 3400
f 3211 3400 3399
f 3211 3399 3378
f 3211 3378 3350
f 3211 3350 3325
f 3211 3325 3324
f 3211 3324 3323
f 3211 3323 3296
f 3211 3296 3273
f 3211 3273 3246
f 3211 3246 3228
f 3211 3228 3219
f 3211 3219 3212
f 3215 3221 3232
f 3215 3232 3220
f 3216 3222 3223
f 3216 3223 3217
f 3217 3223 3224
f 3218 3226 3227
f 3218 3227 3225
f 3219 3228 3229
f 3219 3229 3230
f 3220 3232 3233
f 3220 3233 3231
f 3221 3234 3235
f 3221 3235 3232
f 3222 3236 3237
f 3222 3237 3223
f 3223 3237 3238
f 3223 3238 3239
f 3223 3239 3240
f 3223 3240 3224
f 3224 3240 3241
f 3225 3227 3243
f 3225 3243 3242
f 3226 3244 3227
f 3227 3244 3245
f 3227 3245 3243
f 3228 3246 3247
f 3228 3247 3229
f 3229 3247 3248
f 3229 3248 3249
f 3229 3249 3230
f 3231 3233 3251
f 3231 3251 3250
f 3232 3235 3252
f 3232 3252 3233
f 3233 3252 3253
f 3233 3253 3251
f 3234 3254 3255
f 3234 3255 3235
f 3235 3255 3256
f 3235 3256 3252
f 3236 3257 3237
f 3237 3258 3259
f 3237 3259 3238
f 3237 3257 3260
f 3237 3260 3261
f 3237 3261 3258
f 3238 3259 3239
f 3239 3259 3262
f 3239 3262 3263
f 3239 3263 3264
f 3239 3264 3240
f 3240 3264 3265
f 3240 3265 3266
f 3240 3266 3267
f 3240 3267 3268
f 3240 3268 3241
f 3242 3243 3270
f 3242 3270 3269
f 3243 3245 3271
f 3243 3271 3270
f 3244 3267 3245
f 3245 3267 3272
f 3245 3272 3271
f 3246 3273 3274
f 3246 3274 3247
f 3247 3274 3275
f 3247 3275 3276
f 3247 3276 3277
f 3247 3277 3248
f 3248 3277 3255
f 3248 3255 3249
f 3249 3255 3254
f 3250 3251 3278
f 3251 3279 3278
f 3251 3253 3279
f 3252 3280 3253
f 3252 3256 3281
f 3252 3281 3280
f 3253 3282 3283
f 3253 3283 3279
f 3253 3280 3284
f 3253 3284 3282
f 3255 3277 3256
f 3256 3277 3281
f 3258 3261 3285
f 3258 3285 3286
f 3258 3286 3259
f 3259 3286 3262
f 3261 3287 3285
f 3262 3286 3288
f 3262 3288 3289
f 3262 3289 3263
f 3263 3289 3290
f 3263 3290 3291
f 3263 3291 3292
f 3263 3292 3265
f 3263 3265 3264
f 3265 3292 3272
f 3265 3272 3267
f 3265 3267 3266
f 3269 3270 3294
f 3269 3294 3293
f 3270 3271 3295
f 3270 3295 3294
f 3271 3272 3292
f 3271 3292 3291
f 3271 3291 3295
f 3273 3296 3274
f 3274 3296 3297
f 3274 3297 3298
f 3274 3298 3299
f 3274 3299 3300
f 3274 3300 3275
f 3275 3300 3276
f 3276 3300 3281
f 3276 3281 3277
f 3278 3279 3302
f 3278 3302 3301
f 3279 3283 3303
f 3279 3303 3302
f 3280 3281 3284
f 3281 3300 3284
f 3282 3304 3305
f 3282 3305 3306
f 3282 3306 3283
f 3282 3284 3304
f 3283 3306 3303
f 3284 3307 3304
f 3284 3300 3308
f 3284 3308 3307
f 3285 3287 3309
f 3285 3309 3310
f 3285 3310 3311
f 3285 3311 3286
f 3286 3311 3312
f 3286 3312 3288
f 3287 3313 3314
f 3287 3314 3309
f 3288 3315 3316
f 3288 3316 3317
f 3288 3317 3289
f 3288 3312 3315
f 3289 3317 3290
f 3290 3317 3295
f 3290 3295 3291
f 3293 3294 3319
f 3293 3319 3318
f 3294 3320 3319
f 3294 3295 3321
f 3294 3321 3320
f 3295 3322 3321
f 3295 3317 3322
f 3296 3323 3297
f 3297 3323 3324
f 3297 3324 3325
f 3297 3325 3326
f 3297 3326 3327
f 3297 3327 3328
f 3297 3328 3298
f 3298 3328 3329
f 3298 3329 3299
f 3299 3329 3308
f 3299 3308 3300
f 3301 3302 3330
f 3302 3303 3331
f 3302 3331 3330
f 3303 3306 3332
f 3303 3332 3331
f 3304 3333 3305
f 3304 3307 3333
f 3305 3333 3306
f 3306 3333 3334
f 3306 3334 3332
f 3307 3335 3333
f 3307 3308 3336
f 3307 3336 3335
f 3308 3329 3337
f 3308 3337 3336
f 3309 3314 3338
f 3309 3338 3310
f 3310 3339 3311
f 3310 3338 3340
f 3310 3340 3339
f 3311 3339 3312
f 3312 3339 3315
f 3313 3341 3314
f 3314 3342 3338
f 3314 3341 3343
f 3314 3343 3342
f 3315 3340 3344
f 3315 3344 3316
f 3315 3339 3340
f 3316 3344 3345
f 3316 3345 3346
f 3316 3346 3322
f 3316 3322 3317
f 3318 3319 3348
f 3318 3348 3347
f 3319 3320 3349
f 3319 3349 3348
f 3320 3321 3346
f 3320 3346 3349
f 3321 3322 3346
f 3325 3350 3351
f 3325 3351 3326
f 3326 3351 3352
f 3326 3352 3327
f 3327 3352 3353
f 3327 3353 3354
f 3327 3354 3328
f 3328 3354 3329
f 3329 3354 3337
f 3330 3331 3356
f 3330 3356 3355
f 3331 3332 3357
f 3331 3357 3356
f 3332 3334 3357
f 3333 3358 3359
f 3333 3359 3334
f 3333 3335 3358
f 3334 3359 3360
f 3334 3360 3357
f 3335 3361 3358
f 3335 3336 3362
f 3335 3362 3361
f 3336 3337 3363
f 3336 3363 3362
f 3337 3354 3364
f 3337 3364 3363
f 3338 3342 3365
f 3338 3365 3366
f 3338 3366 3340
f 3340 3366 3367
f 3340 3367 3344
f 3341 3368 3369
f 3341 3369 3343
f 3342 3343 3370
f 3342 3370 3371
f 3342 3371 3372
f 3342 3372 3365
f 3343 3369 3370
f 3344 3367 3373
f 3344 3373 3345
f 3345 3373 3374
f 3345 3374 3346
f 3346 3374 3349
f 3347 3348 3376
f 3347 3376 3375
f 3348 3349 3377
f 3348 3377 3376
f 3349 3374 3377
f 3350 3378 3352
f 3350 3352 3351
f 3352 3378 3379
f 3352 3379 3380
f 3352 3380 3381
f 3352 3381 3353
f 3353 3381 3354
f 3354 3381 3364
f 3355 3356 3382
f 3356 3357 3383
f 3356 3383 3384
f 3356 3384 3382
f 3357 3360 3385
f 3357 3385 3383
f 3358 3386 3359
f 3358 3361 3387
f 3358 3387 3386
f 3359 3386 3385
f 3359 3385 3360
f 3361 3362 3388
f 3361 3388 3387
f 3362 3363 3389
f 3362 3389 3388
f 3363 3364 3390
f 3363 3390 3389
f 3364 3381 3390
f 3365 3372 3391
f 3365 3391 3366
f 3366 3392 3367
f 3366 3391 3392
f 3367 3393 3394
f 3367 3394 3373
f 3367 3392 3393
f 3368 3382 3369
f 3369 3384 3370
f 3369 3382 3384
f 3370 3383 3371
f 3370 3384 3383
f 3371 3383 3385
f 3371 3385 3372
f 3372 3385 3391
f 3373 3394 3395
f 3373 3395 3374
f 3374 3395 3396
f 3374 3396 3377
f 3375 3376 3397
f 3376 3377 3396
f 3376 3396 3398
f 3376 3398 3397
f 3378 3399 3379
f 3379 3399 3380
f 3380 3399 3400
f 3380 3400 3401
f 3380 3401 3402
f 3380 3402 3390
f 3380 3390 3381
f 3385 3386 3391
f 3386 3387 3392
f 3386 3392 3391
f 3387 3388 3393
f 3387 3393 3392
f 3388 3389 3394
f 3388 3394 3393
f 3389 3390 3403
f 3389 3403 3394
f 3390 3402 3403
f 3394 3403 3395
f 3395 3403 3404
f 3395 3404 3396
f 3396 3404 3405
f 3396 3405 3398
f 3397 3398 3406
f 3398 3405 3407
f 3398 3407 3406
f 3400 3408 3401
f 3401 3409 3402
f 3401 3408 3410
f 3401 3410 3409
f 3402 3409 3404
f 3402 3404 3403
f 3404 3409 3405
f 3405 3409 3411
f 3405 3411 3407
f 3409 3410 3412
f 3409 3412 3411
f 3413 3414 3415
f 3413 3415 3416
f 3413 3416 3417
f 3413 3417 3418
f 3413 3418 3433
f 3413 3433 3432
f 3413 3432 3449
f 3413 3449 3463
f 3413 3463 3485
f 3413 3485 3484
f 3413 3484 3488
f 3413 3488 3465
f 3413 3465 3450
f 3413 3450 3434
f 3413 3434 3419
f 3413 3419 3414
f 3414 3419 3420
f 3414 3420 3421
f 3414 3421 3415
f 3415 3422 3423
f 3415 3423 3424
f 3415 3424 3416
f 3415 3421 3425
f 3415 3425 3426
f 3415 3426 3422
f 3416 3424 3427
f 3416 3427 3417
f 3417 3427 3428
f 3417 3428 3429
f 3417 3429 3430
f 3417 3430 3431
f 3417 3431 3432
f 3417 3432 3433
f 3417 3433 3418
f 3419 3434 3420
f 3420 3434 3450
f 3420 3450 3464
f 3420 3464 3486
f 3420 3486 3508
f 3420 3508 3531
f 3420 3531 3553
f 3420 3553 3582
f 3420 3582 3616
f 3420 3616 3645
f 3420 3645 3666
f 3420 3666 3668
f 3420 3668 3693
f 3420 3693 3714
f 3420 3714 3713
f 3420 3713 3712
f 3420 3712 3716
f 3420 3716 3705
f 3420 3705 3681
f 3420 3681 3678
f 3420 3678 3657
f 3420 3657 3634
f 3420 3634 3633
f 3420 3633 3597
f 3420 3597 3568
f 3420 3568 3567
f 3420 3567 3566
f 3420 3566 3541
f 3420 3541 3540
f 3420 3540 3519
f 3420 3519 3518
f 3420 3518 3517
f 3420 3517 3511
f 3420 3511 3492
f 3420 3492 3491
f 3420 3491 3467
f 3420 3467 3457
f 3420 3457 3442
f 3420 3442 3441
f 3420 3441 3435
f 3420 3435 3421
f 3421 3435 3425
f 3422 3426 3436
f 3422 3436 3423
f 3423 3436 3437
f 3423 3437 3438
f 3423 3438 3424
f 3424 3438 3439
f 3424 3439 3440
f 3424 3440 3427
f 3425 3435 3441
f 3425 3441 3426
f 3426 3441 3442
f 3426 3442 3443
f 3426 3443 3436
f 3427 3440 3429
f 3427 3429 3428
f 3429 3444 3445
f 3429 3445 3446
f 3429 3446 3447
f 3429 3447 3430
f 3429 3440 3444
f 3430 3447 3431
f 3431 3447 3446
f 3431 3446 3448
f 3431 3448 3449
f 3431 3449 3432
f 3436 3443 3437
f 3437 3443 3451
f 3437 3451 3452
f 3437 3452 3453
f 3437 3453 3438
f 3438 3453 3454
f 3438 3454 3439
f 3439 3454 3455
f 3439 3455 3456
f 3439 3456 3444
f 3439 3444 3440
f 3442 3457 3451
f 3442 3451 3443
f 3444 3456 3445
f 3445 3458 3459
f 3445 3459 3446
f 3445 3456 3458
f 3446 3459 3460
f 3446 3460 3448
f 3448 3460 3461
f 3448 3461 3462
f 3448 3462 3449
f 3449 3462 3463
f 3450 3465 3464
f 3451 3466 3452
f 3451 3457 3467
f 3451 3467 3466
f 3452 3466 3468
f 3452 3468 3453
f 3453 3469 3454
f 3453 3468 3470
f 3453 3470 3469
f 3454 3469 3455
f 3455 3471 3456
f 3455 3469 3471
f 3456 3471 3472
f 3456 3472 3473
f 3456 3473 3474
f 3456 3474 3458
f 3458 3475 3476
f 3458 3476 3459
f 3458 3474 3477
f 3458 3477 3475
f 3459 3476 3478
f 3459 3478 3479
f 3459 3479 3480
f 3459 3480 3460
f 3460 3480 3461
f 3461 3480 3481
f 3461 3481 3482
f 3461 3482 3462
f 3462 3482 3483
f 3462 3483 3484
f 3462 3484 3485
f 3462 3485 3463
f 3464 3465 3487
f 3464 3487 3489
f 3464 3489 3510
f 3464 3510 3536
f 3464 3536 3563
f 3464 3563 3596
f 3464 3596 3632
f 3464 3632 3626
f 3464 3626 3625
f 3464 3625 3590
f 3464 3590 3559
f 3464 3559 3534
f 3464 3534 3509
f 3464 3509 3486
f 3465 3488 3483
f 3465 3483 3482
f 3465 3482 3507
f 3465 3507 3506
f 3465 3506 3530
f 3465 3530 3552
f 3465 3552 3581
f 3465 3581 3580
f 3465 3580 3579
f 3465 3579 3615
f 3465 3615 3614
f 3465 3614 3613
f 3465 3613 3612
f 3465 3612 3611
f 3465 3611 3610
f 3465 3610 3609
f 3465 3609 3644
f 3465 3644 3665
f 3465 3665 3690
f 3465 3690 3711
f 3465 3711 3710
f 3465 3710 3717
f 3465 3717 3715
f 3465 3715 3702
f 3465 3702 3701
f 3465 3701 3700
f 3465 3700 3677
f 3465 3677 3656
f 3465 3656 3655
f 3465 3655 3629
f 3465 3629 3593
f 3465 3593 3561
f 3465 3561 3535
f 3465 3535 3510
f 3465 3510 3489
f 3465 3489 3487
f 3466 3490 3468
f 3466 3467 3491
f 3466 3491 3492
f 3466 3492 3490
f 3468 3493 3494
f 3468 3494 3470
f 3468 3490 3495
f 3468 3495 3493
f 3469 3496 3497
f 3469 3497 3471
f 3469 3470 3496
f 3470 3494 3496
f 3471 3497 3498
f 3471 3498 3472
f 3472 3499 3500
f 3472 3500 3473
f 3472 3498 3499
f 3473 3500 3501
f 3473 3501 3502
f 3473 3502 3476
f 3473 3476 3475
f 3473 3475 3477
f 3473 3477 3474
f 3476 3502 3503
f 3476 3503 3478
f 3478 3503 3479
f 3479 3504 3505
f 3479 3505 3480
f 3479 3503 3504
f 3480 3505 3481
f 3481 3505 3506
f 3481 3506 3507
f 3481 3507 3482
f 3483 3488 3484
f 3486 3509 3532
f 3486 3532 3508
f 3490 3492 3511
f 3490 3511 3495
f 3493 3495 3512
f 3493 3512 3513
f 3493 3513 3494
f 3494 3513 3514
f 3494 3514 3515
f 3494 3515 3516
f 3494 3516 3496
f 3495 3511 3517
f 3495 3517 3518
f 3495 3518 3519
f 3495 3519 3512
f 3496 3514 3520
f 3496 3520 3497
f 3496 3516 3514
f 3497 3520 3521
f 3497 3521 3498
f 3498 3521 3522
f 3498 3522 3499
f 3499 3522 3500
f 3500 3522 3523
f 3500 3523 3501
f 3501 3523 3524
f 3501 3524 3525
f 3501 3525 3526
f 3501 3526 3527
f 3501 3527 3502
f 3502 3527 3503
f 3503 3527 3504
f 3504 3527 3528
f 3504 3528 3529
f 3504 3529 3505
f 3505 3529 3506
f 3506 3529 3530
f 3508 3532 3533
f 3508 3533 3531
f 3509 3534 3557
f 3509 3557 3532
f 3510 3535 3536
f 3512 3537 3538
f 3512 3538 3539
f 3512 3539 3513
f 3512 3519 3540
f 3512 3540 3541
f 3512 3541 3537
f 3513 3539 3542
f 3513 3542 3514
f 3514 3543 3544
f 3514 3544 3521
f 3514 3521 3520
f 3514 3516 3515
f 3514 3542 3543
f 3521 3544 3545
f 3521 3545 3522
f 3522 3545 3546
f 3522 3546 3547
f 3522 3547 3524
f 3522 3524 3523
f 3524 3547 3548
f 3524 3548 3549
f 3524 3549 3525
f 3525 3549 3550
f 3525 3550 3526
f 3526 3550 3551
f 3526 3551 3528
f 3526 3528 3527
f 3528 3551 3552
f 3528 3552 3529
f 3529 3552 3530
f 3531 3533 3554
f 3531 3554 3553
f 3532 3555 3556
f 3532 3556 3533
f 3532 3557 3555
f 3533 3556 3558
f 3533 3558 3554
f 3534 3559 3560
f 3534 3560 3557
f 3535 3561 3536
f 3536 3562 3563
f 3536 3561 3562
f 3537 3541 3538
f 3538 3564 3565
f 3538 3565 3539
f 3538 3541 3566
f 3538 3566 3567
f 3538 3567 3568
f 3538 3568 3564
f 3539 3565 3542
f 3542 3565 3569
f 3542 3569 3543
f 3543 3570 3571
f 3543 3571 3544
f 3543 3569 3570
f 3544 3571 3572
f 3544 3572 3573
f 3544 3573 3545
f 3545 3573 3574
f 3545 3574 3546
f 3546 3574 3575
f 3546 3575 3576
f 3546 3576 3547
f 3547 3576 3577
f 3547 3577 3548
f 3548 3578 3549
f 3548 3577 3578
f 3549 3578 3550
f 3550 3578 3579
f 3550 3579 3551
f 3551 3579 3580
f 3551 3580 3581
f 3551 3581 3552
f 3553 3554 3583
f 3553 3583 3582
f 3554 3584 3583
f 3554 3558 3585
f 3554 3585 3584
f 3555 3558 3556
f 3555 3557 3586
f 3555 3586 3558
f 3557 3560 3587
f 3557 3587 3586
f 3558 3586 3588
f 3558 3588 3589
f 3558 3589 3585
f 3559 3590 3560
f 3560 3590 3591
f 3560 3591 3592
f 3560 3592 3587
f 3561 3593 3594
f 3561 3594 3562
f 3562 3594 3595
f 3562 3595 3563
f 3563 3595 3596
f 3564 3568 3597
f 3564 3597 3598
f 3564 3598 3599
f 3564 3599 3569
f 3564 3569 3565
f 3569 3599 3600
f 3569 3600 3601
f 3569 3601 3570
f 3570 3602 3571
f 3570 3601 3602
f 3571 3602 3603
f 3571 3603 3604
f 3571 3604 3605
f 3571 3605 3572
f 3572 3605 3573
f 3573 3605 3606
f 3573 3606 3574
f 3574 3607 3608
f 3574 3608 3575
f 3574 3606 3607
f 3575 3608 3609
f 3575 3609 3610
f 3575 3610 3611
f 3575 3611 3612
f 3575 3612 3576
f 3576 3612 3577
f 3577 3612 3613
f 3577 3613 3614
f 3577 3614 3578
f 3578 3614 3615
f 3578 3615 3579
f 3582 3583 3617
f 3582 3617 3616
f 3583 3584 3618
f 3583 3618 3617
f 3584 3585 3619
f 3584 3619 3618
f 3585 3620 3619
f 3585 3589 3621
f 3585 3621 3622
f 3585 3622 3620
f 3586 3587 3588
f 3587 3623 3588
f 3587 3592 3624
f 3587 3624 3623
f 3588 3623 3589
f 3589 3623 3621
f 3590 3625 3591
f 3591 3625 3626
f 3591 3626 3595
f 3591 3595 3594
f 3591 3594 3627
f 3591 3627 3592
f 3592 3627 3628
f 3592 3628 3624
f 3593 3629 3630
f 3593 3630 3594
f 3594 3631 3628
f 3594 3628 3627
f 3594 3630 3631
f 3595 3632 3596
f 3595 3626 3632
f 3597 3633 3598
f 3598 3633 3634
f 3598 3634 3635
f 3598 3635 3599
f 3599 3635 3636
f 3599 3636 3600
f 3600 3637 3601
f 3600 3636 3637
f 3601 3637 3602
f 3602 3638 3639
f 3602 3639 3640
f 3602 3640 3603
f 3602 3637 3638
f 3603 3640 3604
f 3604 3640 3605
f 3605 3641 3606
f 3605 3640 3641
f 3606 3641 3642
f 3606 3642 3607
f 3607 3642 3643
f 3607 3643 3608
f 3608 3643 3644
f 3608 3644 3609
f 3616 3617 3646
f 3616 3646 3645
f 3617 3618 3647
f 3617 3647 3646
f 3618 3619 3648
f 3618 3648 3647
f 3619 3620 3649
f 3619 3649 3648
f 3620 3622 3650
f 3620 3650 3649
f 3621 3623 3624
f 3621 3624 3651
f 3621 3651 3652
f 3621 3652 3622
f 3622 3652 3653
f 3622 3653 3650
f 3624 3628 3651
f 3628 3631 3654
f 3628 3654 3651
f 3629 3655 3630
f 3630 3655 3631
f 3631 3655 3656
f 3631 3656 3654
f 3634 3657 3635
f 3635 3657 3658
f 3635 3658 3659
f 3635 3659 3636
f 3636 3659 3637
f 3637 3659 3660
f 3637 3660 3638
f 3638 3661 3639
f 3638 3660 3661
f 3639 3661 3662
f 3639 3662 3640
f 3640 3662 3641
f 3641 3662 3663
f 3641 3663 3642
f 3642 3663 3664
f 3642 3664 3643
f 3643 3664 3665
f 3643 3665 3644
f 3645 3646 3666
f 3646 3667 3668
f 3646 3668 3666
f 3646 3647 3667
f 3647 3669 3667
f 3647 3648 3669
f 3648 3649 3670
f 3648 3670 3669
f 3649 3671 3670
f 3649 3650 3672
f 3649 3672 3671
f 3650 3653 3673
f 3650 3673 3672
f 3651 3654 3674
f 3651 3674 3652
f 3652 3674 3675
f 3652 3675 3653
f 3653 3675 3676
f 3653 3676 3673
f 3654 3656 3677
f 3654 3677 3674
f 3657 3678 3658
f 3658 3679 3680
f 3658 3680 3659
f 3658 3678 3681
f 3658 3681 3679
f 3659 3680 3682
f 3659 3682 3660
f 3660 3682 3683
f 3660 3683 3684
f 3660 3684 3661
f 3661 3685 3662
f 3661 3684 3685
f 3662 3685 3686
f 3662 3686 3663
f 3663 3686 3687
f 3663 3687 3664
f 3664 3687 3688
f 3664 3688 3689
f 3664 3689 3690
f 3664 3690 3665
f 3667 3669 3691
f 3667 3691 3692
f 3667 3692 3693
f 3667 3693 3668
f 3669 3694 3691
f 3669 3670 3694
f 3670 3671 3695
f 3670 3695 3694
f 3671 3696 3695
f 3671 3672 3697
f 3671 3697 3698
f 3671 3698 3696
f 3672 3673 3697
f 3673 3676 3699
f 3673 3699 3697
f 3674 3677 3700
f 3674 3700 3701
f 3674 3701 3675
f 3675 3701 3702
f 3675 3702 3676
f 3676 3703 3699
f 3676 3702 3703
f 3679 3704 3680
f 3679 3681 3705
f 3679 3705 3706
f 3679 3706 3704
f 3680 3704 3683
f 3680 3683 3682
f 3683 3695 3696
f 3683 3696 3684
f 3683 3704 3695
f 3684 3696 3685
f 3685 3698 3707
f 3685 3707 3686
f 3685 3696 3698
f 3686 3707 3708
f 3686 3708 3687
f 3687 3708 3688
f 3688 3709 3710
f 3688 3710 3711
f 3688 3711 3689
f 3688 3708 3703
f 3688 3703 3709
f 3689 3711 3690
f 3691 3694 3704
f 3691 3704 3706
f 3691 3706 3712
f 3691 3712 3713
f 3691 3713 3692
f 3692 3713 3714
f 3692 3714 3693
f 3694 3695 3704
f 3697 3699 3698
f 3698 3699 3707
f 3699 3703 3707
f 3702 3715 3709
f 3702 3709 3703
f 3703 3708 3707
f 3705 3716 3706
f 3706 3716 3712
f 3709 3715 3717
f 3709 3717 3710
f 3718 3719 3723
f 3718 3723 3729
f 3718 3729 3738
f 3718 3738 3754
f 3718 3754 3778
f 3718 3778 3777
f 3718 3777 3811
f 3718 3811 3810
f 3718 3810 3857
f 3718 3857 3856
f 3718 3856 3904
f 3718 3904 3948
f 3718 3948 3947
f 3718 3947 3908
f 3718 3908 3862
f 3718 3862 3860
f 3718 3860 3815
f 3718 3815 3781
f 3718 3781 3757
f 3718 3757 3740
f 3718 3740 3730
f 3718 3730 3724
f 3718 3724 3720
f 3718 3720 3725
f 3718 3725 3732
f 3718 3732 3743
f 3718 3743 3761
f 3718 3761 3789
f 3718 3789 3824
f 3718 3824 3872
f 3718 3872 3828
f 3718 3828 3793
f 3718 3793 3764
f 3718 3764 3745
f 3718 3745 3734
f 3718 3734 3726
f 3718 3726 3721
f 3718 3721 3722
f 3718 3722 3719
f 3719 3722 3727
f 3719 3727 3736
f 3719 3736 3750
f 3719 3750 3772
f 3719 3772 3803
f 3719 3803 3848
f 3719 3848 3892
f 3719 3892 3891
f 3719 3891 3934
f 3719 3934 3969
f 3719 3969 3968
f 3719 3968 3937
f 3719 3937 3936
f 3719 3936 3907
f 3719 3907 3906
f 3719 3906 3905
f 3719 3905 3858
f 3719 3858 3812
f 3719 3812 3779
f 3719 3779 3755
f 3719 3755 3739
f 3719 3739 3737
f 3719 3737 3728
f 3719 3728 3723
f 3720 3724 3725
f 3721 3726 3733
f 3721 3733 3744
f 3721 3744 3763
f 3721 3763 3791
f 3721 3791 3790
f 3721 3790 3825
f 3721 3825 3827
f 3721 3827 3877
f 3721 3877 3876
f 3721 3876 3875
f 3721 3875 3917
f 3721 3917 3916
f 3721 3916 3955
f 3721 3955 3960
f 3721 3960 3923
f 3721 3923 3926
f 3721 3926 3925
f 3721 3925 3883
f 3721 3883 3840
f 3721 3840 3838
f 3721 3838 3798
f 3721 3798 3768
f 3721 3768 3747
f 3721 3747 3735
f 3721 3735 3727
f 3721 3727 3722
f 3723 3728 3729
f 3724 3730 3731
f 3724 3731 3725
f 3725 3731 3732
f 3726 3734 3733
f 3727 3735 3736
f 3728 3737 3729
f 3729 3737 3739
f 3729 3739 3738
f 3730 3740 3741
f 3730 3741 3731
f 3731 3741 3742
f 3731 3742 3732
f 3732 3742 3743
f 3733 3734 3744
f 3734 3745 3746
f 3734 3746 3744
f 3735 3747 3748
f 3735 3748 3736
f 3736 3748 3749
f 3736 3749 3750
f 3738 3739 3751
f 3738 3751 3752
f 3738 3752 3753
f 3738 3753 3754
f 3739 3755 3756
f 3739 3756 3752
f 3739 3752 3751
f 3740 3757 3758
f 3740 3758 3741
f 3741 3758 3759
f 3741 3759 3742
f 3742 3759 3760
f 3742 3760 3743
f 3743 3760 3761
f 3744 3762 3763
f 3744 3746 3762
f 3745 3764 3765
f 3745 3765 3746
f 3746 3766 3762
f 3746 3765 3767
f 3746 3767 3766
f 3747 3768 3749
f 3747 3749 3748
f 3749 3768 3769
f 3749 3769 3770
f 3749 3770 3771
f 3749 3771 3750
f 3750 3771 3802
f 3750 3802 3772
f 3752 3756 3773
f 3752 3773 3774
f 3752 3774 3775
f 3752 3775 3776
f 3752 3776 3777
f 3752 3777 3778
f 3752 3778 3753
f 3753 3778 3754
f 3755 3779 3756
f 3756 3779 3780
f 3756 3780 3773
f 3757 3781 3782
f 3757 3782 3758
f 3758 3782 3783
f 3758 3783 3784
f 3758 3784 3759
f 3759 3784 3785
f 3759 3785 3786
f 3759 3786 3760
f 3760 3786 3787
f 3760 3787 3788
f 3760 3788 3761
f 3761 3788 3789
f 3762 3790 3791
f 3762 3791 3763
f 3762 3766 3792
f 3762 3792 3790
f 3764 3793 3794
f 3764 3794 3795
f 3764 3795 3765
f 3765 3795 3767
f 3766 3767 3792
f 3767 3795 3794
f 3767 3794 3796
f 3767 3796 3797
f 3767 3797 3792
f 3768 3798 3769
f 3769 3799 3770
f 3769 3798 3799
f 3770 3799 3800
f 3770 3800 3801
f 3770 3801 3802
f 3770 3802 3771
f 3772 3802 3803
f 3773 3780 3804
f 3773 3804 3805
f 3773 3805 3774
f 3774 3805 3806
f 3774 3806 3807
f 3774 3807 3775
f 3775 3808 3809
f 3775 3809 3776
f 3775 3807 3808
f 3776 3809 3810
f 3776 3810 3811
f 3776 3811 3777
f 3779 3812 3780
f 3780 3812 3813
f 3780 3813 3814
f 3780 3814 3804
f 3781 3815 3816
f 3781 3816 3782
f 3782 3816 3783
f 3783 3817 3818
f 3783 3818 3819
f 3783 3819 3784
f 3783 3816 3817
f 3784 3819 3785
f 3785 3819 3820
f 3785 3820 3787
f 3785 3787 3786
f 3787 3820 3821
f 3787 3821 3822
f 3787 3822 3788
f 3788 3822 3823
f 3788 3823 3824
f 3788 3824 3789
f 3790 3792 3825
f 3792 3826 3827
f 3792 3827 3825
f 3792 3797 3826
f 3793 3828 3829
f 3793 3829 3794
f 3794 3829 3830
f 3794 3830 3796
f 3796 3830 3831
f 3796 3831 3832
f 3796 3832 3833
f 3796 3833 3797
f 3797 3833 3834
f 3797 3834 3835
f 3797 3835 3836
f 3797 3836 3837
f 3797 3837 3826
f 3798 3838 3799
f 3799 3839 3800
f 3799 3838 3840
f 3799 3840 3839
f 3800 3839 3841
f 3800 3841 3842
f 3800 3842 3801
f 3801 3843 3802
f 3801 3842 3844
f 3801 3844 3845
f 3801 3845 3846
f 3801 3846 3843
f 3802 3843 3803
f 3803 3843 3847
f 3803 3847 3848
f 3804 3814 3849
f 3804 3849 3850
f 3804 3850 3805
f 3805 3850 3806
f 3806 3850 3851
f 3806 3851 3807
f 3807 3851 3852
f 3807 3852 3853
f 3807 3853 3808
f 3808 3853 3854
f 3808 3854 3855
f 3808 3855 3809
f 3809 3855 3856
f 3809 3856 3857
f 3809 3857 3810
f 3812 3858 3814
f 3812 3814 3813
f 3814 3858 3859
f 3814 3859 3849
f 3815 3860 3816
f 3816 3861 3817
f 3816 3860 3862
f 3816 3862 3861
f 3817 3861 3863
f 3817 3863 3864
f 3817 3864 3818
f 3818 3864 3865
f 3818 3865 3866
f 3818 3866 3819
f 3819 3866 3820
f 3820 3866 3821
f 3821 3867 3868
f 3821 3868 3869
f 3821 3869 3822
f 3821 3866 3867
f 3822 3869 3870
f 3822 3870 3871
f 3822 3871 3823
f 3823 3871 3872
f 3823 3872 3824
f 3826 3837 3873
f 3826 3873 3874
f 3826 3874 3875
f 3826 3875 3876
f 3826 3876 3877
f 3826 3877 3827
f 3828 3872 3871
f 3828 3871 3829
f 3829 3871 3870
f 3829 3870 3830
f 3830 3870 3869
f 3830 3869 3831
f 3831 3869 3878
f 3831 3878 3879
f 3831 3879 3832
f 3832 3879 3834
f 3832 3834 3833
f 3834 3879 3880
f 3834 3880 3881
f 3834 3881 3835
f 3835 3881 3836
f 3836 3881 3873
f 3836 3873 3837
f 3839 3882 3841
f 3839 3840 3883
f 3839 3883 3884
f 3839 3884 3882
f 3841 3882 3885
f 3841 3885 3886
f 3841 3886 3842
f 3842 3886 3844
f 3843 3846 3847
f 3844 3886 3845
f 3845 3887 3888
f 3845 3888 3889
f 3845 3889 3846
f 3845 3886 3887
f 3846 3889 3847
f 3847 3889 3890
f 3847 3890 3891
f 3847 3891 3892
f 3847 3892 3848
f 3849 3893 3850
f 3849 3859 3894
f 3849 3894 3895
f 3849 3895 3893
f 3850 3893 3896
f 3850 3896 3897
f 3850 3897 3898
f 3850 3898 3852
f 3850 3852 3851
f 3852 3898 3899
f 3852 3899 3900
f 3852 3900 3853
f 3853 3901 3854
f 3853 3900 3901
f 3854 3901 3902
f 3854 3902 3903
f 3854 3903 3855
f 3855 3903 3904
f 3855 3904 3856
f 3858 3905 3859
f 3859 3905 3906
f 3859 3906 3907
f 3859 3907 3894
f 3861 3902 3863
f 3861 3862 3902
f 3862 3908 3902
f 3863 3902 3901
f 3863 3901 3900
f 3863 3900 3909
f 3863 3909 3864
f 3864 3909 3910
f 3864 3910 3865
f 3865 3910 3911
f 3865 3911 3867
f 3865 3867 3866
f 3867 3911 3912
f 3867 3912 3868
f 3868 3912 3913
f 3868 3913 3878
f 3868 3878 3869
f 3873 3914 3915
f 3873 3915 3874
f 3873 3881 3914
f 3874 3915 3916
f 3874 3916 3917
f 3874 3917 3875
f 3878 3913 3918
f 3878 3918 3879
f 3879 3918 3880
f 3880 3919 3921
f 3880 3921 3881
f 3880 3918 3920
f 3880 3920 3919
f 3881 3921 3914
f 3882 3922 3885
f 3882 3884 3923
f 3882 3923 3924
f 3882 3924 3922
f 3883 3925 3884
f 3884 3925 3926
f 3884 3926 3923
f 3885 3922 3927
f 3885 3927 3886
f 3886 3927 3887
f 3887 3928 3929
f 3887 3929 3888
f 3887 3927 3928
f 3888 3929 3930
f 3888 3930 3931
f 3888 3931 3889
f 3889 3931 3890
f 3890 3931 3932
f 3890 3932 3933
f 3890 3933 3891
f 3891 3933 3934
f 3893 3895 3935
f 3893 3935 3896
f 3894 3907 3936
f 3894 3936 3937
f 3894 3937 3938
f 3894 3938 3895
f 3895 3938 3939
f 3895 3939 3935
f 3896 3935 3940
f 3896 3940 3941
f 3896 3941 3897
f 3897 3941 3942
f 3897 3942 3898
f 3898 3942 3943
f 3898 3943 3899
f 3899 3944 3900
f 3899 3943 3945
f 3899 3945 3946
f 3899 3946 3944
f 3900 3944 3910
f 3900 3910 3909
f 3902 3908 3903
f 3903 3908 3947
f 3903 3947 3948
f 3903 3948 3904
f 3910 3944 3946
f 3910 3946 3911
f 3911 3946 3912
f 3912 3946 3949
f 3912 3949 3913
f 3913 3949 3950
f 3913 3950 3920
f 3913 3920 3918
f 3914 3951 3915
f 3914 3921 3952
f 3914 3952 3953
f 3914 3953 3951
f 3915 3951 3954
f 3915 3954 3916
f 3916 3954 3955
f 3919 3920 3956
f 3919 3956 3952
f 3919 3952 3921
f 3920 3950 3957
f 3920 3957 3956
f 3922 3924 3958
f 3922 3958 3959
f 3922 3959 3927
f 3923 3960 3924
f 3924 3960 3958
f 3927 3959 3928
f 3928 3961 3962
f 3928 3962 3963
f 3928 3963 3964
f 3928 3964 3929
f 3928 3959 3961
f 3929 3964 3965
f 3929 3965 3930
f 3930 3965 3931
f 3931 3965 3966
f 3931 3966 3932
f 3932 3966 3967
f 3932 3967 3939
f 3932 3939 3933
f 3933 3939 3938
f 3933 3938 3968
f 3933 3968 3969
f 3933 3969 3934
f 3935 3939 3967
f 3935 3967 3940
f 3937 3968 3938
f 3940 3967 3970
f 3940 3970 3971
f 3940 3971 3941
f 3941 3971 3972
f 3941 3972 3942
f 3942 3972 3973
f 3942 3973 3943
f 3943 3973 3974
f 3943 3974 3945
f 3945 3949 3946
f 3945 3974 3949
f 3949 3974 3950
f 3950 3974 3957
f 3951 3975 3976
f 3951 3976 3954
f 3951 3953 3977
f 3951 3977 3975
f 3952 3956 3978
f 3952 3978 3977
f 3952 3977 3953
f 3954 3976 3979
f 3954 3979 3955
f 3955 3958 3960
f 3955 3979 3958
f 3956 3957 3978
f 3957 3974 3973
f 3957 3973 3978
f 3958 3979 3959
f 3959 3979 3976
f 3959 3976 3961
f 3961 3977 3980
f 3961 3980 3978
f 3961 3978 3962
f 3961 3976 3975
f 3961 3975 3977
f 3962 3978 3972
f 3962 3972 3971
f 3962 3971 3963
f 3963 3971 3981
f 3963 3981 3964
f 3964 3981 3965
f 3965 3981 3966
f 3966 3981 3970
f 3966 3970 3967
f 3970 3981 3971
f 3972 3978 3973
f 3977 3978 3980
f 3982 3983 3986
f 3982 3986 3994
f 3982 3994 4001
f 3982 4001 4000
f 3982 4000 4017
f 3982 4017 4032
f 3982 4032 4055
f 3982 4055 4054
f 3982 4054 4080
f 3982 4080 4079
f 3982 4079 4106
f 3982 4106 4105
f 3982 4105 4104
f 3982 4104 4103
f 3982 4103 4133
f 3982 4133 4132
f 3982 4132 4107
f 3982 4107 4081
f 3982 4081 4056
f 3982 4056 4033
f 3982 4033 4018
f 3982 4018 4002
f 3982 4002 3989
f 3982 3989 3984
f 3982 3984 3992
f 3982 3992 4008
f 3982 4008 4007
f 3982 4007 4006
f 3982 4006 4005
f 3982 4005 4004
f 3982 4004 4022
f 3982 4022 4042
f 3982 4042 4069
f 3982 4069 4071
f 3982 4071 4045
f 3982 4045 4025
f 3982 4025 4011
f 3982 4011 4009
f 3982 4009 3993
f 3982 3993 3985
f 3982 3985 3983
f 3983 3985 3987
f 3983 3987 3988
f 3983 3988 3986
f 3984 3989 3990
f 3984 3990 3991
f 3984 3991 3992
f 3985 3993 3987
f 3986 3988 3994
f 3987 3993 3995
f 3987 3995 3996
f 3987 3996 3988
f 3988 3996 3997
f 3988 3997 3998
f 3988 3998 3999
f 3988 3999 4000
f 3988 4000 4001
f 3988 4001 3994
f 3989 4002 4019
f 3989 4019 4035
f 3989 4035 4059
f 3989 4059 4085
f 3989 4085 4086
f 3989 4086 4060
f 3989 4060 4036
f 3989 4036 4020
f 3989 4020 4003
f 3989 4003 3991
f 3989 3991 3990
f 3991 4003 4021
f 3991 4021 4038
f 3991 4038 4062
f 3991 4062 4089
f 3991 4089 4113
f 3991 4113 4141
f 3991 4141 4143
f 3991 4143 4162
f 3991 4162 4161
f 3991 4161 4179
f 3991 4179 4178
f 3991 4178 4193
f 3991 4193 4192
f 3991 4192 4195
f 3991 4195 4188
f 3991 4188 4186
f 3991 4186 4169
f 3991 4169 4183
f 3991 4183 4166
f 3991 4166 4165
f 3991 4165 4147
f 3991 4147 4122
f 3991 4122 4121
f 3991 4121 4120
f 3991 4120 4119
f 3991 4119 4117
f 3991 4117 4092
f 3991 4092 4064
f 3991 4064 4039
f 3991 4039 4022
f 3991 4022 4004
f 3991 4004 4005
f 3991 4005 4006
f 3991 4006 4007
f 3991 4007 4008
f 3991 4008 3992
f 3993 4009 3995
f 3995 4010 3996
f 3995 4009 4011
f 3995 4011 4012
f 3995 4012 4013
f 3995 4013 4010
f 3996 4010 3997
f 3997 4010 4014
f 3997 4014 4015
f 3997 4015 3998
f 3998 4015 3999
f 3999 4015 4016
f 3999 4016 4017
f 3999 4017 4000
f 4002 4018 4019
f 4003 4020 4021
f 4010 4013 4023
f 4010 4023 4024
f 4010 4024 4014
f 4011 4025 4012
f 4012 4025 4026
f 4012 4026 4027
f 4012 4027 4013
f 4013 4027 4028
f 4013 4028 4023
f 4014 4024 4015
f 4015 4024 4029
f 4015 4029 4016
f 4016 4029 4030
f 4016 4030 4031
f 4016 4031 4032
f 4016 4032 4017
f 4018 4033 4034
f 4018 4034 4019
f 4019 4034 4035
f 4020 4036 4061
f 4020 4061 4037
f 4020 4037 4021
f 4021 4037 4038
f 4022 4039 4040
f 4022 4040 4041
f 4022 4041 4042
f 4023 4028 4043
f 4023 4043 4024
f 4024 4043 4044
f 4024 4044 4029
f 4025 4045 4026
f 4026 4045 4046
f 4026 4046 4047
f 4026 4047 4027
f 4027 4047 4049
f 4027 4049 4028
f 4028 4048 4043
f 4028 4049 4048
f 4029 4044 4030
f 4030 4050 4051
f 4030 4051 4031
f 4030 4044 4052
f 4030 4052 4050
f 4031 4051 4053
f 4031 4053 4054
f 4031 4054 4055
f 4031 4055 4032
f 4033 4056 4057
f 4033 4057 4034
f 4034 4057 4058
f 4034 4058 4035
f 4035 4058 4059
f 4036 4060 4061
f 4037 4061 4038
f 4038 4061 4063
f 4038 4063 4062
f 4039 4064 4040
f 4040 4065 4066
f 4040 4066 4067
f 4040 4067 4068
f 4040 4068 4041
f 4040 4064 4065
f 4041 4068 4042
f 4042 4068 4069
f 4043 4048 4044
f 4044 4048 4070
f 4044 4070 4052
f 4045 4071 4046
f 4046 4071 4069
f 4046 4069 4068
f 4046 4068 4067
f 4046 4067 4047
f 4047 4067 4049
f 4048 4049 4072
f 4048 4072 4070
f 4049 4067 4066
f 4049 4066 4094
f 4049 4094 4072
f 4050 4073 4074
f 4050 4074 4051
f 4050 4052 4075
f 4050 4075 4073
f 4051 4074 4053
f 4052 4070 4076
f 4052 4076 4075
f 4053 4074 4077
f 4053 4077 4078
f 4053 4078 4079
f 4053 4079 4080
f 4053 4080 4054
f 4056 4081 4082
f 4056 4082 4057
f 4057 4082 4083
f 4057 4083 4058
f 4058 4084 4059
f 4058 4083 4084
f 4059 4084 4085
f 4060 4086 4084
f 4060 4084 4087
f 4060 4087 4061
f 4061 4087 4088
f 4061 4088 4063
f 4062 4063 4089
f 4063 4090 4089
f 4063 4088 4091
f 4063 4091 4090
f 4064 4092 4065
f 4065 4093 4066
f 4065 4092 4093
f 4066 4093 4094
f 4070 4072 4095
f 4070 4095 4076
f 4072 4094 4096
f 4072 4096 4095
f 4073 4097 4077
f 4073 4077 4074
f 4073 4075 4098
f 4073 4098 4097
f 4075 4076 4099
f 4075 4099 4098
f 4076 4095 4100
f 4076 4100 4099
f 4077 4097 4101
f 4077 4101 4078
f 4078 4101 4102
f 4078 4102 4103
f 4078 4103 4104
f 4078 4104 4105
f 4078 4105 4106
f 4078 4106 4079
f 4081 4107 4108
f 4081 4108 4082
f 4082 4108 4109
f 4082 4109 4083
f 4083 4109 4110
f 4083 4110 4084
f 4084 4110 4088
f 4084 4088 4087
f 4084 4086 4085
f 4088 4110 4111
f 4088 4111 4112
f 4088 4112 4091
f 4089 4090 4114
f 4089 4114 4113
f 4090 4115 4114
f 4090 4091 4115
f 4091 4112 4116
f 4091 4116 4115
f 4092 4117 4093
f 4093 4118 4094
f 4093 4117 4119
f 4093 4119 4120
f 4093 4120 4121
f 4093 4121 4122
f 4093 4122 4118
f 4094 4118 4096
f 4095 4096 4123
f 4095 4123 4100
f 4096 4118 4124
f 4096 4124 4123
f 4097 4125 4101
f 4097 4098 4126
f 4097 4126 4125
f 4098 4099 4127
f 4098 4127 4126
f 4099 4100 4128
f 4099 4128 4127
f 4100 4123 4129
f 4100 4129 4128
f 4101 4125 4102
f 4102 4125 4130
f 4102 4130 4131
f 4102 4131 4132
f 4102 4132 4133
f 4102 4133 4103
f 4107 4132 4134
f 4107 4134 4108
f 4108 4134 4135
f 4108 4135 4109
f 4109 4135 4136
f 4109 4136 4137
f 4109 4137 4138
f 4109 4138 4110
f 4110 4138 4111
f 4111 4138 4139
f 4111 4139 4140
f 4111 4140 4112
f 4112 4140 4116
f 4113 4114 4141
f 4114 4115 4141
f 4115 4142 4143
f 4115 4143 4141
f 4115 4116 4142
f 4116 4140 4144
f 4116 4144 4145
f 4116 4145 4142
f 4118 4122 4146
f 4118 4146 4124
f 4122 4147 4146
f 4123 4124 4148
f 4123 4148 4129
f 4124 4146 4149
f 4124 4149 4148
f 4125 4126 4150
f 4125 4150 4130
f 4126 4127 4151
f 4126 4151 4150
f 4127 4128 4129
f 4127 4129 4152
f 4127 4152 4151
f 4129 4153 4152
f 4129 4148 4153
f 4130 4154 4131
f 4130 4150 4155
f 4130 4155 4154
f 4131 4154 4135
f 4131 4135 4134
f 4131 4134 4132
f 4135 4154 4156
f 4135 4156 4136
f 4136 4156 4137
f 4137 4157 4158
f 4137 4158 4139
f 4137 4139 4138
f 4137 4156 4157
f 4139 4158 4159
f 4139 4159 4144
f 4139 4144 4140
f 4142 4160 4161
f 4142 4161 4162
f 4142 4162 4143
f 4142 4145 4160
f 4144 4159 4163
f 4144 4163 4164
f 4144 4164 4145
f 4145 4164 4160
f 4146 4147 4165
f 4146 4165 4166
f 4146 4166 4149
f 4148 4167 4153
f 4148 4149 4167
f 4149 4166 4168
f 4149 4168 4169
f 4149 4169 4170
f 4149 4170 4167
f 4150 4151 4171
f 4150 4171 4155
f 4151 4152 4153
f 4151 4153 4172
f 4151 4172 4171
f 4153 4173 4172
f 4153 4167 4173
f 4154 4155 4174
f 4154 4174 4156
f 4155 4171 4175
f 4155 4175 4174
f 4156 4174 4157
f 4157 4174 4176
f 4157 4176 4158
f 4158 4176 4159
f 4159 4176 4163
f 4160 4177 4178
f 4160 4178 4179
f 4160 4179 4161
f 4160 4164 4177
f 4163 4176 4180
f 4163 4180 4181
f 4163 4181 4164
f 4164 4181 4182
f 4164 4182 4177
f 4166 4183 4168
f 4167 4184 4173
f 4167 4170 4185
f 4167 4185 4184
f 4168 4183 4169
f 4169 4186 4170
f 4170 4187 4185
f 4170 4186 4188
f 4170 4188 4187
f 4171 4172 4189
f 4171 4189 4175
f 4172 4173 4189
f 4173 4190 4189
f 4173 4184 4190
f 4174 4175 4176
f 4175 4189 4180
f 4175 4180 4176
f 4177 4191 4192
f 4177 4192 4193
f 4177 4193 4178
f 4177 4182 4191
f 4180 4189 4190
f 4180 4190 4181
f 4181 4190 4182
f 4182 4190 4194
f 4182 4194 4191
f 4184 4194 4190
f 4184 4185 4187
f 4184 4187 4194
f 4187 4188 4191
f 4187 4191 4194
f 4188 4195 4191
f 4191 4195 4192
f 4196 4197 4201
f 4196 4201 4211
f 4196 4211 4222
f 4196 4222 4221
f 4196 4221 4237
f 4196 4237 4256
f 4196 4256 4281
f 4196 4281 4311
f 4196 4311 4313
f 4196 4313 4340
f 4196 4340 4366
f 4196 4366 4393
f 4196 4393 4421
f 4196 4421 4420
f 4196 4420 4442
f 4196 4442 4444
f 4196 4444 4423
f 4196 4423 4396
f 4196 4396 4395
f 4196 4395 4368
f 4196 4368 4343
f 4196 4343 4316
f 4196 4316 4286
f 4196 4286 4285
f 4196 4285 4260
f 4196 4260 4240
f 4196 4240 4225
f 4196 4225 4213
f 4196 4213 4203
f 4196 4203 4198
f 4196 4198 4206
f 4196 4206 4215
f 4196 4215 4229
f 4196 4229 4248
f 4196 4248 4273
f 4196 4273 4249
f 4196 4249 4231
f 4196 4231 4230
f 4196 4230 4216
f 4196 4216 4207
f 4196 4207 4199
f 4196 4199 4200
f 4196 4200 4197
f 4197 4200 4202
f 4197 4202 4201
f 4198 4203 4204
f 4198 4204 4205
f 4198 4205 4206
f 4199 4207 4208
f 4199 4208 4200
f 4200 4208 4209
f 4200 4209 4202
f 4201 4202 4210
f 4201 4210 4211
f 4202 4209 4212
f 4202 4212 4210
f 4203 4213 4226
f 4203 4226 4242
f 4203 4242 4263
f 4203 4263 4290
f 4203 4290 4321
f 4203 4321 4349
f 4203 4349 4324
f 4203 4324 4293
f 4203 4293 4291
f 4203 4291 4264
f 4203 4264 4243
f 4203 4243 4227
f 4203 4227 4214
f 4203 4214 4205
f 4203 4205 4204
f 4205 4214 4228
f 4205 4228 4245
f 4205 4245 4269
f 4205 4269 4297
f 4205 4297 4326
f 4205 4326 4351
f 4205 4351 4374
f 4205 4374 4377
f 4205 4377 4404
f 4205 4404 4403
f 4205 4403 4432
f 4205 4432 4450
f 4205 4450 4449
f 4205 4449 4447
f 4205 4447 4451
f 4205 4451 4439
f 4205 4439 4416
f 4205 4416 4415
f 4205 4415 4407
f 4205 4407 4406
f 4205 4406 4386
f 4205 4386 4385
f 4205 4385 4383
f 4205 4383 4382
f 4205 4382 4381
f 4205 4381 4358
f 4205 4358 4357
f 4205 4357 4355
f 4205 4355 4329
f 4205 4329 4299
f 4205 4299 4270
f 4205 4270 4246
f 4205 4246 4229
f 4205 4229 4215
f 4205 4215 4206
f 4207 4216 4208
f 4208 4216 4217
f 4208 4217 4218
f 4208 4218 4209
f 4209 4218 4219
f 4209 4219 4212
f 4210 4220 4221
f 4210 4221 4222
f 4210 4222 4211
f 4210 4212 4223
f 4210 4223 4220
f 4212 4219 4224
f 4212 4224 4223
f 4213 4225 4226
f 4214 4227 4228
f 4216 4230 4217
f 4217 4230 4231
f 4217 4231 4232
f 4217 4232 4233
f 4217 4233 4218
f 4218 4233 4234
f 4218 4234 4219
f 4219 4234 4235
f 4219 4235 4224
f 4220 4223 4236
f 4220 4236 4237
f 4220 4237 4221
f 4223 4224 4238
f 4223 4238 4236
f 4224 4235 4239
f 4224 4239 4238
f 4225 4240 4241
f 4225 4241 4226
f 4226 4241 4242
f 4227 4243 4244
f 4227 4244 4245
f 4227 4245 4228
f 4229 4246 4247
f 4229 4247 4248
f 4231 4249 4250
f 4231 4250 4232
f 4232 4250 4233
f 4233 4250 4251
f 4233 4251 4252
f 4233 4252 4234
f 4234 4252 4253
f 4234 4253 4235
f 4235 4253 4254
f 4235 4254 4255
f 4235 4255 4239
f 4236 4256 4237
f 4236 4238 4257
f 4236 4257 4256
f 4238 4239 4258
f 4238 4258 4257
f 4239 4255 4259
f 4239 4259 4258
f 4240 4260 4241
f 4241 4261 4262
f 4241 4262 4263
f 4241 4263 4242
f 4241 4260 4261
f 4243 4264 4265
f 4243 4265 4266
f 4243 4266 4267
f 4243 4267 4244
f 4244 4267 4268
f 4244 4268 4245
f 4245 4268 4269
f 4246 4270 4271
f 4246 4271 4247
f 4247 4271 4272
f 4247 4272 4273
f 4247 4273 4248
f 4249 4273 4250
f 4250 4274 4251
f 4250 4273 4272
f 4250 4272 4274
f 4251 4274 4272
f 4251 4272 4275
f 4251 4275 4252
f 4252 4276 4253
f 4252 4275 4276
f 4253 4276 4277
f 4253 4277 4254
f 4254 4277 4278
f 4254 4278 4279
f 4254 4279 4255
f 4255 4279 4280
f 4255 4280 4259
f 4256 4257 4281
f 4257 4258 4282
f 4257 4282 4281
f 4258 4259 4283
f 4258 4283 4282
f 4259 4284 4283
f 4259 4280 4284
f 4260 4285 4261
f 4261 4285 4286
f 4261 4286 4287
f 4261 4287 4288
f 4261 4288 4262
f 4262 4288 4289
f 4262 4289 4263
f 4263 4289 4290
f 4264 4291 4265
f 4265 4292 4268
f 4265 4268 4266
f 4265 4291 4293
f 4265 4293 4292
f 4266 4268 4267
f 4268 4292 4294
f 4268 4294 4295
f 4268 4295 4296
f 4268 4296 4269
f 4269 4296 4295
f 4269 4295 4298
f 4269 4298 4297
f 4270 4299 4300
f 4270 4300 4271
f 4271 4301 4302
f 4271 4302 4303
f 4271 4303 4275
f 4271 4275 4272
f 4271 4300 4301
f 4275 4303 4304
f 4275 4304 4276
f 4276 4305 4277
f 4276 4304 4305
f 4277 4305 4306
f 4277 4306 4278
f 4278 4306 4307
f 4278 4307 4308
f 4278 4308 4279
f 4279 4308 4309
f 4279 4309 4280
f 4280 4309 4310
f 4280 4310 4284
f 4281 4282 4311
f 4282 4283 4312
f 4282 4312 4313
f 4282 4313 4311
f 4283 4284 4314
f 4283 4314 4312
f 4284 4310 4315
f 4284 4315 4314
f 4286 4316 4317
f 4286 4317 4287
f 4287 4317 4318
f 4287 4318 4288
f 4288 4318 4347
f 4288 4347 4319
f 4288 4319 4289
f 4289 4319 4320
f 4289 4320 4321
f 4289 4321 4290
f 4292 4293 4322
f 4292 4322 4323
f 4292 4323 4294
f 4293 4324 4322
f 4294 4325 4295
f 4294 4323 4325
f 4295 4325 4298
f 4297 4298 4327
f 4297 4327 4326
f 4298 4325 4328
f 4298 4328 4327
f 4299 4329 4300
f 4300 4329 4330
f 4300 4330 4301
f 4301 4330 4302
f 4302 4330 4303
f 4303 4331 4333
f 4303 4333 4304
f 4303 4330 4332
f 4303 4332 4331
f 4304 4333 4305
f 4305 4333 4306
f 4306 4333 4331
f 4306 4331 4334
f 4306 4334 4307
f 4307 4335 4336
f 4307 4336 4308
f 4307 4334 4337
f 4307 4337 4335
f 4308 4336 4338
f 4308 4338 4309
f 4309 4338 4315
f 4309 4315 4310
f 4312 4339 4313
f 4312 4314 4339
f 4313 4339 4340
f 4314 4315 4341
f 4314 4341 4339
f 4315 4338 4342
f 4315 4342 4341
f 4316 4343 4344
f 4316 4344 4317
f 4317 4344 4345
f 4317 4345 4346
f 4317 4346 4318
f 4318 4346 4347
f 4319 4348 4323
f 4319 4323 4320
f 4319 4347 4348
f 4320 4323 4322
f 4320 4322 4324
f 4320 4324 4349
f 4320 4349 4321
f 4323 4348 4325
f 4325 4348 4350
f 4325 4350 4328
f 4326 4327 4351
f 4327 4328 4352
f 4327 4352 4351
f 4328 4353 4352
f 4328 4350 4354
f 4328 4354 4353
f 4329 4355 4330
f 4330 4356 4334
f 4330 4334 4332
f 4330 4355 4357
f 4330 4357 4358
f 4330 4358 4356
f 4331 4332 4334
f 4334 4356 4359
f 4334 4359 4337
f 4335 4360 4336
f 4335 4337 4361
f 4335 4361 4360
f 4336 4360 4362
f 4336 4362 4363
f 4336 4363 4338
f 4337 4359 4361
f 4338 4363 4342
f 4339 4341 4364
f 4339 4364 4365
f 4339 4365 4340
f 4340 4365 4366
f 4341 4342 4367
f 4341 4367 4364
f 4342 4363 4367
f 4343 4368 4369
f 4343 4369 4344
f 4344 4370 4345
f 4344 4369 4370
f 4345 4371 4372
f 4345 4372 4373
f 4345 4373 4346
f 4345 4370 4371
f 4346 4373 4347
f 4347 4373 4348
f 4348 4373 4350
f 4350 4373 4372
f 4350 4372 4354
f 4351 4352 4374
f 4352 4353 4375
f 4352 4375 4376
f 4352 4376 4377
f 4352 4377 4374
f 4353 4378 4375
f 4353 4354 4379
f 4353 4379 4378
f 4354 4372 4380
f 4354 4380 4379
f 4356 4358 4381
f 4356 4381 4382
f 4356 4382 4383
f 4356 4383 4359
f 4359 4384 4361
f 4359 4383 4385
f 4359 4385 4386
f 4359 4386 4384
f 4360 4387 4362
f 4360 4361 4388
f 4360 4388 4387
f 4361 4384 4389
f 4361 4389 4388
f 4362 4387 4390
f 4362 4390 4363
f 4363 4390 4367
f 4364 4367 4391
f 4364 4391 4392
f 4364 4392 4365
f 4365 4392 4366
f 4366 4392 4393
f 4367 4390 4394
f 4367 4394 4391
f 4368 4395 4369
f 4369 4395 4396
f 4369 4396 4397
f 4369 4397 4370
f 4370 4397 4398
f 4370 4398 4371
f 4371 4398 4399
f 4371 4399 4380
f 4371 4380 4372
f 4375 4400 4401
f 4375 4401 4376
f 4375 4378 4402
f 4375 4402 4400
f 4376 4401 4403
f 4376 4403 4404
f 4376 4404 4377
f 4378 4379 4405
f 4378 4405 4402
f 4379 4380 4399
f 4379 4399 4405
f 4384 4386 4406
f 4384 4406 4407
f 4384 4407 4389
f 4387 4408 4409
f 4387 4409 4390
f 4387 4388 4410
f 4387 4410 4411
f 4387 4411 4412
f 4387 4412 4408
f 4388 4389 4413
f 4388 4413 4410
f 4389 4414 4413
f 4389 4407 4415
f 4389 4415 4416
f 4389 4416 4414
f 4390 4409 4394
f 4391 4394 4417
f 4391 4417 4418
f 4391 4418 4392
f 4392 4418 4419
f 4392 4419 4420
f 4392 4420 4421
f 4392 4421 4393
f 4394 4409 4422
f 4394 4422 4417
f 4396 4423 4397
f 4397 4424 4418
f 4397 4418 4425
f 4397 4425 4398
f 4397 4423 4424
f 4398 4425 4426
f 4398 4426 4399
f 4399 4426 4427
f 4399 4427 4405
f 4400 4428 4401
f 4400 4402 4429
f 4400 4429 4428
f 4401 4428 4430
f 4401 4430 4431
f 4401 4431 4432
f 4401 4432 4403
f 4402 4405 4427
f 4402 4427 4429
f 4408 4433 4409
f 4408 4412 4434
f 4408 4434 4433
f 4409 4433 4422
f 4410 4413 4435
f 4410 4435 4412
f 4410 4412 4411
f 4412 4436 4434
f 4412 4435 4437
f 4412 4437 4436
f 4413 4438 4435
f 4413 4414 4438
f 4414 4416 4439
f 4414 4439 4438
f 4417 4422 4440
f 4417 4440 4418
f 4418 4424 4441
f 4418 4441 4419
f 4418 4440 4425
f 4419 4441 4420
f 4420 4441 4442
f 4422 4433 4443
f 4422 4443 4440
f 4423 4444 4424
f 4424 4444 4441
f 4425 4440 4443
f 4425 4443 4426
f 4426 4443 4445
f 4426 4445 4427
f 4427 4445 4429
f 4428 4437 4446
f 4428 4446 4430
f 4428 4429 4436
f 4428 4436 4437
f 4429 4445 4436
f 4430 4446 4447
f 4430 4447 4448
f 4430 4448 4449
f 4430 4449 4450
f 4430 4450 4431
f 4431 4450 4432
f 4433 4445 4443
f 4433 4434 4436
f 4433 4436 4445
f 4435 4438 4437
f 4437 4438 4446
f 4438 4439 4451
f 4438 4451 4447
f 4438 4447 4446
f 4441 4444 4442
f 4447 4449 4448
f 4452 4453 4456
f 4452 4456 4466
f 4452 4466 4475
f 4452 4475 4479
f 4452 4479 4478
f 4452 4478 4495
f 4452 4495 4518
f 4452 4518 4543
f 4452 4543 4567
f 4452 4567 4596
f 4452 4596 4622
f 4452 4622 4649
f 4452 4649 4673
f 4452 4673 4697
f 4452 4697 4696
f 4452 4696 4716
f 4452 4716 4700
f 4452 4700 4680
f 4452 4680 4679
f 4452 4679 4654
f 4452 4654 4625
f 4452 4625 4624
f 4452 4624 4601
f 4452 4601 4600
f 4452 4600 4597
f 4452 4597 4568
f 4452 4568 4544
f 4452 4544 4519
f 4452 4519 4496
f 4452 4496 4480
f 4452 4480 4468
f 4452 4468 4458
f 4452 4458 4454
f 4452 4454 4459
f 4452 4459 4472
f 4452 4472 4488
f 4452 4488 4508
f 4452 4508 4507
f 4452 4507 4531
f 4452 4531 4513
f 4452 4513 4491
f 4452 4491 4474
f 4452 4474 4465
f 4452 4465 4455
f 4452 4455 4453
f 4453 4455 4457
f 4453 4457 4464
f 4453 4464 4463
f 4453 4463 4462
f 4453 4462 4461
f 4453 4461 4460
f 4453 4460 4473
f 4453 4473 4489
f 4453 4489 4510
f 4453 4510 4535
f 4453 4535 4559
f 4453 4559 4590
f 4453 4590 4561
f 4453 4561 4538
f 4453 4538 4514
f 4453 4514 4492
f 4453 4492 4476
f 4453 4476 4467
f 4453 4467 4456
f 4454 4458 4459
f 4455 4460 4461
f 4455 4461 4462
f 4455 4462 4463
f 4455 4463 4464
f 4455 4464 4457
f 4455 4465 4460
f 4456 4467 4466
f 4458 4468 4469
f 4458 4469 4470
f 4458 4470 4471
f 4458 4471 4459
f 4459 4471 4472
f 4460 4465 4473
f 4465 4474 4490
f 4465 4490 4512
f 4465 4512 4537
f 4465 4537 4560
f 4465 4560 4584
f 4465 4584 4583
f 4465 4583 4582
f 4465 4582 4581
f 4465 4581 4580
f 4465 4580 4610
f 4465 4610 4609
f 4465 4609 4635
f 4465 4635 4664
f 4465 4664 4663
f 4465 4663 4689
f 4465 4689 4708
f 4465 4708 4722
f 4465 4722 4731
f 4465 4731 4732
f 4465 4732 4727
f 4465 4727 4726
f 4465 4726 4725
f 4465 4725 4715
f 4465 4715 4714
f 4465 4714 4712
f 4465 4712 4693
f 4465 4693 4669
f 4465 4669 4642
f 4465 4642 4641
f 4465 4641 4636
f 4465 4636 4611
f 4465 4611 4585
f 4465 4585 4555
f 4465 4555 4532
f 4465 4532 4509
f 4465 4509 4489
f 4465 4489 4473
f 4466 4467 4475
f 4467 4476 4477
f 4467 4477 4478
f 4467 4478 4479
f 4467 4479 4475
f 4468 4480 4481
f 4468 4481 4482
f 4468 4482 4469
f 4469 4482 4483
f 4469 4483 4470
f 4470 4483 4484
f 4470 4484 4471
f 4471 4484 4485
f 4471 4485 4486
f 4471 4486 4487
f 4471 4487 4488
f 4471 4488 4472
f 4474 4491 4490
f 4476 4492 4493
f 4476 4493 4477
f 4477 4493 4516
f 4477 4516 4494
f 4477 4494 4478
f 4478 4494 4495
f 4480 4496 4497
f 4480 4497 4481
f 4481 4497 4482
f 4482 4498 4499
f 4482 4499 4500
f 4482 4500 4483
f 4482 4497 4498
f 4483 4500 4501
f 4483 4501 4486
f 4483 4486 4485
f 4483 4485 4484
f 4486 4501 4502
f 4486 4502 4503
f 4486 4503 4504
f 4486 4504 4487
f 4487 4504 4505
f 4487 4505 4506
f 4487 4506 4507
f 4487 4507 4508
f 4487 4508 4488
f 4489 4509 4510
f 4490 4491 4511
f 4490 4511 4512
f 4491 4513 4511
f 4492 4514 4515
f 4492 4515 4493
f 4493 4515 4516
f 4494 4516 4517
f 4494 4517 4518
f 4494 4518 4495
f 4496 4519 4497
f 4497 4519 4520
f 4497 4520 4498
f 4498 4521 4499
f 4498 4520 4521
f 4499 4521 4522
f 4499 4522 4523
f 4499 4523 4524
f 4499 4524 4500
f 4500 4524 4501
f 4501 4525 4502
f 4501 4524 4525
f 4502 4525 4503
f 4503 4525 4526
f 4503 4526 4527
f 4503 4527 4504
f 4504 4527 4505
f 4505 4527 4528
f 4505 4528 4529
f 4505 4529 4506
f 4506 4529 4530
f 4506 4530 4531
f 4506 4531 4507
f 4509 4532 4533
f 4509 4533 4510
f 4510 4533 4534
f 4510 4534 4535
f 4511 4513 4530
f 4511 4530 4536
f 4511 4536 4512
f 4512 4536 4537
f 4513 4531 4530
f 4514 4538 4515
f 4515 4539 4516
f 4515 4538 4540
f 4515 4540 4539
f 4516 4539 4541
f 4516 4541 4517
f 4517 4541 4542
f 4517 4542 4518
f 4518 4542 4543
f 4519 4544 4520
f 4520 4544 4545
f 4520 4545 4521
f 4521 4546 4547
f 4521 4547 4522
f 4521 4545 4546
f 4522 4547 4574
f 4522 4574 4548
f 4522 4548 4549
f 4522 4549 4523
f 4523 4549 4550
f 4523 4550 4524
f 4524 4550 4525
f 4525 4550 4549
f 4525 4549 4526
f 4526 4549 4551
f 4526 4551 4552
f 4526 4552 4527
f 4527 4552 4528
f 4528 4552 4553
f 4528 4553 4554
f 4528 4554 4529
f 4529 4554 4536
f 4529 4536 4530
f 4532 4555 4556
f 4532 4556 4533
f 4533 4556 4557
f 4533 4557 4534
f 4534 4557 4558
f 4534 4558 4559
f 4534 4559 4535
f 4536 4554 4560
f 4536 4560 4537
f 4538 4561 4558
f 4538 4558 4540
f 4539 4562 4541
f 4539 4540 4563
f 4539 4563 4562
f 4540 4558 4589
f 4540 4589 4563
f 4541 4562 4564
f 4541 4564 4542
f 4542 4564 4565
f 4542 4565 4566
f 4542 4566 4567
f 4542 4567 4543
f 4544 4568 4569
f 4544 4569 4545
f 4545 4569 4570
f 4545 4570 4546
f 4546 4571 4572
f 4546 4572 4547
f 4546 4570 4573
f 4546 4573 4571
f 4547 4572 4574
f 4548 4574 4575
f 4548 4575 4549
f 4549 4575 4551
f 4551 4576 4577
f 4551 4577 4578
f 4551 4578 4552
f 4551 4575 4576
f 4552 4578 4579
f 4552 4579 4553
f 4553 4579 4580
f 4553 4580 4581
f 4553 4581 4582
f 4553 4582 4583
f 4553 4583 4554
f 4554 4583 4584
f 4554 4584 4560
f 4555 4585 4586
f 4555 4586 4556
f 4556 4586 4587
f 4556 4587 4588
f 4556 4588 4557
f 4557 4588 4589
f 4557 4589 4558
f 4558 4561 4590
f 4558 4590 4559
f 4562 4591 4564
f 4562 4563 4592
f 4562 4592 4591
f 4563 4589 4592
f 4564 4591 4565
f 4565 4591 4593
f 4565 4593 4594
f 4565 4594 4595
f 4565 4595 4567
f 4565 4567 4566
f 4567 4595 4596
f 4568 4597 4569
f 4569 4597 4570
f 4570 4598 4599
f 4570 4599 4573
f 4570 4597 4600
f 4570 4600 4601
f 4570 4601 4598
f 4571 4602 4572
f 4571 4573 4599
f 4571 4599 4602
f 4572 4602 4603
f 4572 4603 4604
f 4572 4604 4574
f 4574 4604 4605
f 4574 4605 4575
f 4575 4605 4576
f 4576 4605 4606
f 4576 4606 4607
f 4576 4607 4577
f 4577 4607 4634
f 4577 4634 4608
f 4577 4608 4578
f 4578 4608 4579
f 4579 4608 4609
f 4579 4609 4610
f 4579 4610 4580
f 4585 4611 4612
f 4585 4612 4613
f 4585 4613 4586
f 4586 4613 4614
f 4586 4614 4587
f 4587 4614 4615
f 4587 4615 4616
f 4587 4616 4588
f 4588 4616 4589
f 4589 4616 4592
f 4591 4592 4617
f 4591 4617 4593
f 4592 4616 4615
f 4592 4615 4617
f 4593 4617 4618
f 4593 4618 4619
f 4593 4619 4594
f 4594 4620 4595
f 4594 4619 4621
f 4594 4621 4620
f 4595 4620 4596
f 4596 4620 4622
f 4598 4623 4599
f 4598 4601 4624
f 4598 4624 4625
f 4598 4625 4623
f 4599 4623 4626
f 4599 4626 4627
f 4599 4627 4602
f 4602 4627 4628
f 4602 4628 4603
f 4603 4628 4629
f 4603 4629 4604
f 4604 4629 4630
f 4604 4630 4605
f 4605 4630 4631
f 4605 4631 4632
f 4605 4632 4606
f 4606 4632 4633
f 4606 4633 4607
f 4607 4633 4634
f 4608 4634 4609
f 4609 4634 4635
f 4611 4636 4612
f 4612 4637 4638
f 4612 4638 4639
f 4612 4639 4640
f 4612 4640 4613
f 4612 4636 4641
f 4612 4641 4642
f 4612 4642 4637
f 4613 4640 4643
f 4613 4643 4614
f 4614 4643 4644
f 4614 4644 4645
f 4614 4645 4615
f 4615 4645 4617
f 4617 4645 4618
f 4618 4645 4644
f 4618 4644 4619
f 4619 4644 4646
f 4619 4646 4621
f 4620 4621 4647
f 4620 4647 4622
f 4621 4646 4648
f 4621 4648 4647
f 4622 4647 4650
f 4622 4650 4651
f 4622 4651 4649
f 4623 4652 4653
f 4623 4653 4626
f 4623 4625 4654
f 4623 4654 4652
f 4626 4653 4655
f 4626 4655 4627
f 4627 4655 4628
f 4628 4655 4656
f 4628 4656 4684
f 4628 4684 4657
f 4628 4657 4629
f 4629 4657 4658
f 4629 4658 4659
f 4629 4659 4631
f 4629 4631 4630
f 4631 4659 4632
f 4632 4659 4660
f 4632 4660 4661
f 4632 4661 4633
f 4633 4661 4662
f 4633 4662 4634
f 4634 4662 4663
f 4634 4663 4664
f 4634 4664 4635
f 4637 4665 4666
f 4637 4666 4667
f 4637 4667 4668
f 4637 4668 4638
f 4637 4642 4669
f 4637 4669 4665
f 4638 4668 4670
f 4638 4670 4639
f 4639 4670 4643
f 4639 4643 4640
f 4643 4670 4644
f 4644 4670 4646
f 4646 4670 4648
f 4647 4648 4650
f 4648 4671 4650
f 4648 4670 4668
f 4648 4668 4671
f 4649 4672 4673
f 4649 4651 4674
f 4649 4674 4675
f 4649 4675 4676
f 4649 4676 4672
f 4650 4671 4651
f 4651 4671 4677
f 4651 4677 4674
f 4652 4678 4653
f 4652 4654 4679
f 4652 4679 4680
f 4652 4680 4678
f 4653 4678 4681
f 4653 4681 4655
f 4655 4681 4682
f 4655 4682 4656
f 4656 4682 4683
f 4656 4683 4684
f 4657 4684 4685
f 4657 4685 4658
f 4658 4685 4686
f 4658 4686 4659
f 4659 4686 4660
f 4660 4686 4661
f 4661 4686 4687
f 4661 4687 4688
f 4661 4688 4662
f 4662 4688 4663
f 4663 4688 4689
f 4665 4690 4691
f 4665 4691 4666
f 4665 4669 4690
f 4666 4691 4692
f 4666 4692 4677
f 4666 4677 4667
f 4667 4677 4671
f 4667 4671 4668
f 4669 4693 4694
f 4669 4694 4690
f 4672 4695 4696
f 4672 4696 4697
f 4672 4697 4673
f 4672 4676 4695
f 4674 4677 4692
f 4674 4692 4711
f 4674 4711 4698
f 4674 4698 4675
f 4675 4699 4695
f 4675 4695 4676
f 4675 4698 4699
f 4678 4680 4700
f 4678 4700 4701
f 4678 4701 4702
f 4678 4702 4681
f 4681 4702 4703
f 4681 4703 4682
f 4682 4703 4683
f 4683 4685 4684
f 4683 4703 4719
f 4683 4719 4704
f 4683 4704 4685
f 4685 4704 4705
f 4685 4705 4686
f 4686 4705 4687
f 4687 4705 4706
f 4687 4706 4707
f 4687 4707 4688
f 4688 4707 4689
f 4689 4707 4708
f 4690 4694 4709
f 4690 4709 4710
f 4690 4710 4691
f 4691 4710 4692
f 4692 4710 4711
f 4693 4712 4694
f 4694 4713 4709
f 4694 4712 4714
f 4694 4714 4715
f 4694 4715 4713
f 4695 4701 4716
f 4695 4716 4696
f 4695 4699 4701
f 4698 4711 4717
f 4698 4717 4718
f 4698 4718 4699
f 4699 4718 4701
f 4700 4716 4701
f 4701 4718 4702
f 4702 4718 4703
f 4703 4718 4717
f 4703 4717 4719
f 4704 4719 4720
f 4704 4720 4706
f 4704 4706 4705
f 4706 4720 4721
f 4706 4721 4707
f 4707 4721 4708
f 4708 4721 4722
f 4709 4713 4723
f 4709 4723 4710
f 4710 4723 4717
f 4710 4717 4711
f 4713 4724 4723
f 4713 4715 4725
f 4713 4725 4726
f 4713 4726 4727
f 4713 4727 4724
f 4717 4723 4728
f 4717 4728 4719
f 4719 4728 4720
f 4720 4728 4729
f 4720 4729 4721
f 4721 4729 4730
f 4721 4730 4722
f 4722 4730 4731
f 4723 4724 4728
f 4724 4727 4732
f 4724 4732 4730
f 4724 4730 4729
f 4724 4729 4728
f 4730 4732 4731
f 4733 4734 4737
f 4733 4737 4745
f 4733 4745 4756
f 4733 4756 4773
f 4733 4773 4795
f 4733 4795 4828
f 4733 4828 4856
f 4733 4856 4858
f 4733 4858 4857
f 4733 4857 4897
f 4733 4897 4937
f 4733 4937 4936
f 4733 4936 4935
f 4733 4935 4972
f 4733 4972 4999
f 4733 4999 5026
f 4733 5026 5025
f 4733 5025 5059
f 4733 5059 5092
f 4733 5092 5057
f 4733 5057 5091
f 4733 5091 5090
f 4733 5090 5116
f 4733 5116 5115
f 4733 5115 5094
f 4733 5094 5063
f 4733 5063 5029
f 4733 5029 5004
f 4733 5004 4977
f 4733 4977 4944
f 4733 4944 4903
f 4733 4903 4867
f 4733 4867 4835
f 4733 4835 4802
f 4733 4802 4780
f 4733 4780 4779
f 4733 4779 4778
f 4733 4778 4761
f 4733 4761 4749
f 4733 4749 4739
f 4733 4739 4735
f 4733 4735 4740
f 4733 4740 4751
f 4733 4751 4766
f 4733 4766 4789
f 4733 4789 4816
f 4733 4816 4818
f 4733 4818 4817
f 4733 4817 4790
f 4733 4790 4767
f 4733 4767 4752
f 4733 4752 4741
f 4733 4741 4736
f 4733 4736 4734
f 4734 4736 4738
f 4734 4738 4737
f 4735 4739 4740
f 4736 4741 4738
f 4737 4742 4743
f 4737 4743 4744
f 4737 4744 4745
f 4737 4738 4746
f 4737 4746 4742
f 4738 4741 4747
f 4738 4747 4748
f 4738 4748 4746
f 4739 4749 4764
f 4739 4764 4786
f 4739 4786 4812
f 4739 4812 4813
f 4739 4813 4843
f 4739 4843 4878
f 4739 4878 4919
f 4739 4919 4961
f 4739 4961 4962
f 4739 4962 4920
f 4739 4920 4879
f 4739 4879 4844
f 4739 4844 4814
f 4739 4814 4788
f 4739 4788 4787
f 4739 4787 4765
f 4739 4765 4750
f 4739 4750 4751
f 4739 4751 4740
f 4741 4752 4747
f 4742 4746 4743
f 4743 4746 4748
f 4743 4748 4753
f 4743 4753 4754
f 4743 4754 4755
f 4743 4755 4744
f 4744 4755 4745
f 4745 4755 4756
f 4747 4752 4757
f 4747 4757 4758
f 4747 4758 4759
f 4747 4759 4760
f 4747 4760 4748
f 4748 4760 4753
f 4749 4761 4762
f 4749 4762 4763
f 4749 4763 4764
f 4750 4765 4766
f 4750 4766 4751
f 4752 4767 4768
f 4752 4768 4757
f 4753 4760 4769
f 4753 4769 4754
f 4754 4770 4771
f 4754 4771 4755
f 4754 4769 4760
f 4754 4760 4772
f 4754 4772 4770
f 4755 4771 4756
f 4756 4771 4774
f 4756 4774 4773
f 4757 4768 4775
f 4757 4775 4758
f 4758 4775 4799
f 4758 4799 4776
f 4758 4776 4760
f 4758 4760 4759
f 4760 4776 4777
f 4760 4777 4772
f 4761 4778 4762
f 4762 4778 4779
f 4762 4779 4780
f 4762 4780 4781
f 4762 4781 4782
f 4762 4782 4783
f 4762 4783 4784
f 4762 4784 4763
f 4763 4784 4785
f 4763 4785 4786
f 4763 4786 4764
f 4765 4787 4766
f 4766 4788 4814
f 4766 4814 4845
f 4766 4845 4882
f 4766 4882 4881
f 4766 4881 4923
f 4766 4923 4959
f 4766 4959 4958
f 4766 4958 4957
f 4766 4957 4956
f 4766 4956 4955
f 4766 4955 4954
f 4766 4954 4989
f 4766 4989 4988
f 4766 4988 5015
f 4766 5015 5044
f 4766 5044 5043
f 4766 5043 5042
f 4766 5042 5076
f 4766 5076 5106
f 4766 5106 5105
f 4766 5105 5104
f 4766 5104 5120
f 4766 5120 5119
f 4766 5119 5121
f 4766 5121 5112
f 4766 5112 5111
f 4766 5111 5110
f 4766 5110 5109
f 4766 5109 5093
f 4766 5093 5062
f 4766 5062 5061
f 4766 5061 5060
f 4766 5060 5028
f 4766 5028 5003
f 4766 5003 5002
f 4766 5002 5001
f 4766 5001 4976
f 4766 4976 4975
f 4766 4975 4943
f 4766 4943 4942
f 4766 4942 4941
f 4766 4941 4940
f 4766 4940 4924
f 4766 4924 4886
f 4766 4886 4885
f 4766 4885 4884
f 4766 4884 4883
f 4766 4883 4846
f 4766 4846 4815
f 4766 4815 4789
f 4766 4787 4788
f 4767 4790 4768
f 4768 4790 4791
f 4768 4791 4797
f 4768 4797 4775
f 4770 4772 4792
f 4770 4792 4771
f 4771 4792 4793
f 4771 4793 4794
f 4771 4794 4774
f 4772 4777 4792
f 4773 4774 4794
f 4773 4794 4796
f 4773 4796 4795
f 4775 4797 4798
f 4775 4798 4799
f 4776 4799 4832
f 4776 4832 4800
f 4776 4800 4777
f 4777 4801 4792
f 4777 4800 4801
f 4780 4802 4803
f 4780 4803 4781
f 4781 4803 4782
f 4782 4804 4783
f 4782 4803 4804
f 4783 4804 4805
f 4783 4805 4784
f 4784 4805 4806
f 4784 4806 4807
f 4784 4807 4808
f 4784 4808 4809
f 4784 4809 4810
f 4784 4810 4811
f 4784 4811 4785
f 4785 4812 4786
f 4785 4811 4813
f 4785 4813 4812
f 4789 4815 4816
f 4790 4817 4791
f 4791 4817 4818
f 4791 4818 4819
f 4791 4819 4820
f 4791 4820 4797
f 4792 4801 4821
f 4792 4821 4793
f 4793 4821 4822
f 4793 4822 4823
f 4793 4823 4824
f 4793 4824 4794
f 4794 4824 4825
f 4794 4825 4826
f 4794 4826 4827
f 4794 4827 4796
f 4795 4796 4829
f 4795 4829 4828
f 4796 4827 4829
f 4797 4820 4798
f 4798 4830 4832
f 4798 4832 4799
f 4798 4820 4831
f 4798 4831 4830
f 4800 4832 4801
f 4801 4832 4833
f 4801 4833 4834
f 4801 4834 4821
f 4802 4835 4803
f 4803 4835 4804
f 4804 4835 4836
f 4804 4836 4837
f 4804 4837 4838
f 4804 4838 4805
f 4805 4838 4806
f 4806 4808 4807
f 4806 4838 4839
f 4806 4839 4840
f 4806 4840 4841
f 4806 4841 4808
f 4808 4841 4842
f 4808 4842 4809
f 4809 4843 4810
f 4809 4842 4843
f 4810 4843 4811
f 4811 4843 4813
f 4814 4844 4845
f 4815 4846 4847
f 4815 4847 4816
f 4816 4847 4819
f 4816 4819 4818
f 4819 4847 4820
f 4820 4847 4848
f 4820 4848 4831
f 4821 4823 4822
f 4821 4834 4823
f 4823 4849 4824
f 4823 4834 4850
f 4823 4850 4851
f 4823 4851 4849
f 4824 4849 4825
f 4825 4852 4853
f 4825 4853 4826
f 4825 4849 4852
f 4826 4853 4827
f 4827 4853 4854
f 4827 4854 4855
f 4827 4855 4829
f 4828 4829 4856
f 4829 4855 4857
f 4829 4857 4858
f 4829 4858 4856
f 4830 4859 4832
f 4830 4831 4860
f 4830 4860 4861
f 4830 4861 4859
f 4831 4848 4862
f 4831 4862 4863
f 4831 4863 4864
f 4831 4864 4860
f 4832 4859 4865
f 4832 4865 4833
f 4833 4865 4866
f 4833 4866 4834
f 4834 4866 4850
f 4835 4867 4868
f 4835 4868 4836
f 4836 4868 4837
f 4837 4868 4869
f 4837 4869 4838
f 4838 4869 4870
f 4838 4870 4871
f 4838 4871 4839
f 4839 4871 4872
f 4839 4872 4873
f 4839 4873 4840
f 4840 4873 4874
f 4840 4874 4875
f 4840 4875 4841
f 4841 4875 4876
f 4841 4876 4842
f 4842 4876 4877
f 4842 4877 4843
f 4843 4877 4878
f 4844 4879 4880
f 4844 4880 4881
f 4844 4881 4882
f 4844 4882 4845
f 4846 4883 4847
f 4847 4883 4848
f 4848 4883 4884
f 4848 4884 4885
f 4848 4885 4886
f 4848 4886 4862
f 4849 4851 4887
f 4849 4887 4888
f 4849 4888 4889
f 4849 4889 4852
f 4850 4866 4890
f 4850 4890 4891
f 4850 4891 4892
f 4850 4892 4851
f 4851 4892 4893
f 4851 4893 4887
f 4852 4889 4853
f 4853 4889 4894
f 4853 4894 4854
f 4854 4894 4895
f 4854 4895 4855
f 4855 4895 4896
f 4855 4896 4897
f 4855 4897 4857
f 4859 4898 4890
f 4859 4890 4865
f 4859 4861 4898
f 4860 4864 4861
f 4861 4864 4899
f 4861 4899 4898
f 4862 4886 4900
f 4862 4900 4863
f 4863 4900 4901
f 4863 4901 4864
f 4864 4901 4902
f 4864 4902 4899
f 4865 4890 4866
f 4867 4903 4868
f 4868 4904 4905
f 4868 4905 4906
f 4868 4906 4869
f 4868 4903 4904
f 4869 4907 4908
f 4869 4908 4870
f 4869 4906 4907
f 4870 4908 4909
f 4870 4909 4910
f 4870 4910 4871
f 4871 4910 4872
f 4872 4910 4911
f 4872 4911 4912
f 4872 4912 4913
f 4872 4913 4873
f 4873 4913 4914
f 4873 4914 4874
f 4874 4915 4875
f 4874 4914 4916
f 4874 4916 4915
f 4875 4915 4876
f 4876 4917 4877
f 4876 4915 4918
f 4876 4918 4917
f 4877 4917 4919
f 4877 4919 4878
f 4879 4920 4921
f 4879 4921 4922
f 4879 4922 4880
f 4880 4922 4921
f 4880 4921 4918
f 4880 4918 4915
f 4880 4915 4916
f 4880 4916 4923
f 4880 4923 4881
f 4886 4924 4900
f 4887 4893 4931
f 4887 4931 4925
f 4887 4925 4888
f 4888 4925 4926
f 4888 4926 4927
f 4888 4927 4889
f 4889 4927 4894
f 4890 4898 4928
f 4890 4928 4891
f 4891 4928 4929
f 4891 4929 4892
f 4892 4929 4893
f 4893 4929 4930
f 4893 4930 4931
f 4894 4927 4932
f 4894 4932 4933
f 4894 4933 4934
f 4894 4934 4895
f 4895 4934 4896
f 4896 4935 4936
f 4896 4936 4937
f 4896 4937 4897
f 4896 4934 4935
f 4898 4899 4938
f 4898 4938 4928
f 4899 4902 4939
f 4899 4939 4938
f 4900 4924 4940
f 4900 4940 4901
f 4901 4940 4941
f 4901 4941 4942
f 4901 4942 4902
f 4902 4942 4943
f 4902 4943 4939
f 4903 4944 4945
f 4903 4945 4904
f 4904 4945 4905
f 4905 4945 4946
f 4905 4946 4947
f 4905 4947 4948
f 4905 4948 4908
f 4905 4908 4907
f 4905 4907 4906
f 4908 4948 4909
f 4909 4949 4950
f 4909 4950 4951
f 4909 4951 4911
f 4909 4911 4910
f 4909 4948 4952
f 4909 4952 4949
f 4911 4951 4912
f 4912 4951 4953
f 4912 4953 4954
f 4912 4954 4955
f 4912 4955 4913
f 4913 4955 4956
f 4913 4956 4914
f 4914 4956 4957
f 4914 4957 4958
f 4914 4958 4916
f 4916 4958 4959
f 4916 4959 4923
f 4917 4918 4960
f 4917 4960 4919
f 4918 4921 4960
f 4919 4960 4961
f 4920 4962 4921
f 4921 4962 4960
f 4925 4931 4963
f 4925 4963 4926
f 4926 4963 4964
f 4926 4964 4932
f 4926 4932 4927
f 4928 4965 4929
f 4928 4938 4965
f 4929 4965 4930
f 4930 4965 4966
f 4930 4966 4967
f 4930 4967 4931
f 4931 4967 4968
f 4931 4968 4963
f 4932 4969 4970
f 4932 4970 4933
f 4932 4964 4969
f 4933 4970 4934
f 4934 4970 4971
f 4934 4971 4935
f 4935 4971 4972
f 4938 4973 4965
f 4938 4939 4973
f 4939 4974 4973
f 4939 4943 4975
f 4939 4975 4976
f 4939 4976 4974
f 4944 4977 4978
f 4944 4978 4945
f 4945 4978 4979
f 4945 4979 4946
f 4946 4979 4980
f 4946 4980 4947
f 4947 4980 4981
f 4947 4981 4982
f 4947 4982 4948
f 4948 4982 4952
f 4949 4983 4950
f 4949 4952 4983
f 4950 4983 4984
f 4950 4984 4985
f 4950 4985 4986
f 4950 4986 4951
f 4951 4986 4987
f 4951 4987 4953
f 4952 4982 4983
f 4953 4987 4988
f 4953 4988 4989
f 4953 4989 4954
f 4960 4962 4961
f 4963 4968 4990
f 4963 4990 4991
f 4963 4991 4964
f 4964 4991 4969
f 4965 4973 4966
f 4966 4992 4967
f 4966 4973 4993
f 4966 4993 4992
f 4967 4992 4994
f 4967 4994 4968
f 4968 4994 4995
f 4968 4995 4990
f 4969 4996 4970
f 4969 4991 4996
f 4970 4996 4997
f 4970 4997 4971
f 4971 4997 4998
f 4971 4998 4999
f 4971 4999 4972
f 4973 4974 4993
f 4974 5000 4993
f 4974 4976 5001
f 4974 5001 5002
f 4974 5002 5003
f 4974 5003 5000
f 4977 5004 5005
f 4977 5005 4978
f 4978 5005 4979
f 4979 5005 5006
f 4979 5006 5007
f 4979 5007 4980
f 4980 5007 5008
f 4980 5008 4981
f 4981 5008 5009
f 4981 5009 4982
f 4982 5009 4983
f 4983 5010 4984
f 4983 5009 5010
f 4984 5010 5011
f 4984 5011 4985
f 4985 5011 5012
f 4985 5012 5040
f 4985 5040 5013
f 4985 5013 4986
f 4986 5013 5014
f 4986 5014 4987
f 4987 5014 5015
f 4987 5015 4988
f 4990 4995 5016
f 4990 5016 5017
f 4990 5017 4991
f 4991 5017 5018
f 4991 5018 4996
f 4992 5019 4994
f 4992 4993 5020
f 4992 5020 5019
f 4993 5000 5020
f 4994 5019 4995
f 4995 5019 5021
f 4995 5021 5022
f 4995 5022 5016
f 4996 5023 5024
f 4996 5024 4997
f 4996 5018 5023
f 4997 5024 4998
f 4998 5024 5025
f 4998 5025 5026
f 4998 5026 4999
f 5000 5027 5020
f 5000 5003 5027
f 5003 5028 5027
f 5004 5029 5030
f 5004 5030 5031
f 5004 5031 5005
f 5005 5031 5032
f 5005 5032 5006
f 5006 5032 5033
f 5006 5033 5007
f 5007 5033 5034
f 5007 5034 5008
f 5008 5034 5035
f 5008 5035 5036
f 5008 5036 5009
f 5009 5036 5010
f 5010 5036 5037
f 5010 5037 5011
f 5011 5037 5012
f 5012 5037 5038
f 5012 5038 5039
f 5012 5039 5074
f 5012 5074 5040
f 5013 5040 5041
f 5013 5041 5014
f 5014 5041 5042
f 5014 5042 5043
f 5014 5043 5044
f 5014 5044 5015
f 5016 5022 5052
f 5016 5052 5045
f 5016 5045 5017
f 5017 5045 5046
f 5017 5046 5018
f 5018 5046 5047
f 5018 5047 5023
f 5019 5020 5048
f 5019 5048 5021
f 5020 5027 5049
f 5020 5049 5048
f 5021 5048 5050
f 5021 5050 5051
f 5021 5051 5022
f 5022 5051 5053
f 5022 5053 5052
f 5023 5054 5055
f 5023 5055 5024
f 5023 5047 5054
f 5024 5055 5056
f 5024 5056 5057
f 5024 5057 5058
f 5024 5058 5025
f 5025 5058 5059
f 5027 5028 5060
f 5027 5060 5061
f 5027 5061 5062
f 5027 5062 5049
f 5029 5063 5064
f 5029 5064 5030
f 5030 5064 5065
f 5030 5065 5031
f 5031 5065 5032
f 5032 5065 5066
f 5032 5066 5033
f 5033 5067 5034
f 5033 5066 5067
f 5034 5067 5068
f 5034 5068 5069
f 5034 5069 5035
f 5035 5069 5070
f 5035 5070 5071
f 5035 5071 5036
f 5036 5071 5037
f 5037 5071 5038
f 5038 5071 5039
f 5039 5071 5072
f 5039 5072 5073
f 5039 5073 5074
f 5040 5074 5075
f 5040 5075 5041
f 5041 5075 5076
f 5041 5076 5042
f 5045 5052 5077
f 5045 5077 5078
f 5045 5078 5046
f 5046 5078 5079
f 5046 5079 5047
f 5047 5079 5080
f 5047 5080 5054
f 5048 5049 5082
f 5048 5082 5050
f 5049 5062 5081
f 5049 5081 5082
f 5050 5082 5083
f 5050 5083 5051
f 5051 5083 5084
f 5051 5084 5053
f 5052 5053 5085
f 5052 5085 5077
f 5053 5084 5086
f 5053 5086 5085
f 5054 5087 5055
f 5054 5080 5087
f 5055 5087 5088
f 5055 5088 5089
f 5055 5089 5056
f 5056 5089 5090
f 5056 5090 5091
f 5056 5091 5057
f 5057 5092 5058
f 5058 5092 5059
f 5062 5093 5081
f 5063 5094 5095
f 5063 5095 5096
f 5063 5096 5064
f 5064 5096 5065
f 5065 5096 5066
f 5066 5096 5067
f 5067 5096 5097
f 5067 5097 5068
f 5068 5080 5098
f 5068 5098 5069
f 5068 5097 5080
f 5069 5098 5070
f 5070 5098 5099
f 5070 5099 5100
f 5070 5100 5072
f 5070 5072 5071
f 5072 5100 5073
f 5073 5100 5101
f 5073 5101 5102
f 5073 5102 5074
f 5074 5102 5103
f 5074 5103 5075
f 5075 5103 5104
f 5075 5104 5105
f 5075 5105 5106
f 5075 5106 5076
f 5077 5107 5078
f 5077 5085 5108
f 5077 5108 5107
f 5078 5107 5099
f 5078 5099 5079
f 5079 5099 5098
f 5079 5098 5080
f 5080 5097 5087
f 5081 5084 5083
f 5081 5083 5082
f 5081 5093 5109
f 5081 5109 5110
f 5081 5110 5084
f 5084 5110 5111
f 5084 5111 5112
f 5084 5112 5086
f 5085 5086 5113
f 5085 5113 5108
f 5086 5112 5114
f 5086 5114 5113
f 5087 5097 5088
f 5088 5096 5089
f 5088 5097 5096
f 5089 5096 5095
f 5089 5095 5094
f 5089 5094 5115
f 5089 5115 5116
f 5089 5116 5090
f 5099 5107 5101
f 5099 5101 5100
f 5101 5107 5117
f 5101 5117 5102
f 5102 5117 5103
f 5103 5117 5118
f 5103 5118 5114
f 5103 5114 5119
f 5103 5119 5120
f 5103 5120 5104
f 5107 5108 5117
f 5108 5113 5117
f 5112 5121 5114
f 5113 5114 5118
f 5113 5118 5117
f 5114 5121 5119
f 5122 5123 5124
f 5122 5124 5132
f 5122 5132 5139
f 5122 5139 5152
f 5122 5152 5164
f 5122 5164 5181
f 5122 5181 5194
f 5122 5194 5211
f 5122 5211 5212
f 5122 5212 5233
f 5122 5233 5262
f 5122 5262 5261
f 5122 5261 5273
f 5122 5273 5272
f 5122 5272 5268
f 5122 5268 5267
f 5122 5267 5266
f 5122 5266 5234
f 5122 5234 5217
f 5122 5217 5198
f 5122 5198 5184
f 5122 5184 5169
f 5122 5169 5154
f 5122 5154 5142
f 5122 5142 5133
f 5122 5133 5125
f 5122 5125 5123
f 5123 5126 5127
f 5123 5127 5128
f 5123 5128 5124
f 5123 5125 5129
f 5123 5129 5130
f 5123 5130 5131
f 5123 5131 5126
f 5124 5128 5132
f 5125 5133 5141
f 5125 5141 5153
f 5125 5153 5166
f 5125 5166 5173
f 5125 5173 5157
f 5125 5157 5146
f 5125 5146 5140
f 5125 5140 5131
f 5125 5131 5130
f 5125 5130 5129
f 5126 5134 5135
f 5126 5135 5127
f 5126 5131 5134
f 5127 5135 5136
f 5127 5136 5137
f 5127 5137 5128
f 5128 5137 5138
f 5128 5138 5139
f 5128 5139 5132
f 5131 5140 5134
f 5133 5142 5143
f 5133 5143 5141
f 5134 5144 5145
f 5134 5145 5135
f 5134 5140 5146
f 5134 5146 5144
f 5135 5145 5147
f 5135 5147 5136
f 5136 5147 5148
f 5136 5148 5149
f 5136 5149 5137
f 5137 5149 5150
f 5137 5150 5138
f 5138 5150 5151
f 5138 5151 5152
f 5138 5152 5139
f 5141 5143 5155
f 5141 5155 5171
f 5141 5171 5187
f 5141 5187 5202
f 5141 5202 5223
f 5141 5223 5254
f 5141 5254 5253
f 5141 5253 5252
f 5141 5252 5270
f 5141 5270 5271
f 5141 5271 5255
f 5141 5255 5226
f 5141 5226 5225
f 5141 5225 5224
f 5141 5224 5204
f 5141 5204 5203
f 5141 5203 5188
f 5141 5188 5176
f 5141 5176 5175
f 5141 5175 5174
f 5141 5174 5172
f 5141 5172 5167
f 5141 5167 5153
f 5142 5154 5168
f 5142 5168 5183
f 5142 5183 5197
f 5142 5197 5216
f 5142 5216 5245
f 5142 5245 5244
f 5142 5244 5243
f 5142 5243 5218
f 5142 5218 5200
f 5142 5200 5186
f 5142 5186 5170
f 5142 5170 5155
f 5142 5155 5143
f 5144 5156 5145
f 5144 5146 5157
f 5144 5157 5156
f 5145 5156 5158
f 5145 5158 5147
f 5147 5158 5159
f 5147 5159 5148
f 5148 5160 5161
f 5148 5161 5149
f 5148 5159 5160
f 5149 5161 5162
f 5149 5162 5150
f 5150 5162 5163
f 5150 5163 5151
f 5151 5164 5152
f 5151 5163 5165
f 5151 5165 5164
f 5153 5167 5156
f 5153 5156 5166
f 5154 5169 5168
f 5155 5170 5171
f 5156 5167 5172
f 5156 5172 5158
f 5156 5157 5173
f 5156 5173 5166
f 5158 5172 5174
f 5158 5174 5159
f 5159 5174 5175
f 5159 5175 5160
f 5160 5175 5176
f 5160 5176 5177
f 5160 5177 5161
f 5161 5177 5178
f 5161 5178 5162
f 5162 5178 5179
f 5162 5179 5163
f 5163 5179 5180
f 5163 5180 5165
f 5164 5165 5181
f 5165 5180 5182
f 5165 5182 5181
f 5168 5169 5184
f 5168 5184 5185
f 5168 5185 5183
f 5170 5186 5171
f 5171 5186 5187
f 5176 5188 5177
f 5177 5188 5189
f 5177 5189 5190
f 5177 5190 5178
f 5178 5190 5191
f 5178 5191 5179
f 5179 5191 5192
f 5179 5192 5180
f 5180 5192 5193
f 5180 5193 5182
f 5181 5182 5194
f 5182 5193 5195
f 5182 5195 5194
f 5183 5185 5196
f 5183 5196 5197
f 5184 5198 5185
f 5185 5198 5199
f 5185 5199 5196
f 5186 5200 5201
f 5186 5201 5187
f 5187 5201 5202
f 5188 5203 5189
f 5189 5203 5204
f 5189 5204 5205
f 5189 5205 5190
f 5190 5205 5206
f 5190 5206 5191
f 5191 5206 5207
f 5191 5207 5192
f 5192 5207 5208
f 5192 5208 5193
f 5193 5208 5209
f 5193 5209 5210
f 5193 5210 5195
f 5194 5195 5211
f 5195 5210 5212
f 5195 5212 5211
f 5196 5199 5213
f 5196 5213 5214
f 5196 5214 5215
f 5196 5215 5216
f 5196 5216 5197
f 5198 5217 5199
f 5199 5217 5213
f 5200 5218 5219
f 5200 5219 5201
f 5201 5219 5220
f 5201 5220 5221
f 5201 5221 5222
f 5201 5222 5223
f 5201 5223 5202
f 5204 5224 5205
f 5205 5224 5225
f 5205 5225 5226
f 5205 5226 5227
f 5205 5227 5206
f 5206 5227 5228
f 5206 5228 5207
f 5207 5228 5229
f 5207 5229 5209
f 5207 5209 5208
f 5209 5230 5210
f 5209 5229 5231
f 5209 5231 5232
f 5209 5232 5230
f 5210 5233 5212
f 5210 5230 5233
f 5213 5234 5235
f 5213 5235 5236
f 5213 5236 5237
f 5213 5237 5238
f 5213 5238 5239
f 5213 5239 5214
f 5213 5217 5234
f 5214 5239 5215
f 5215 5239 5240
f 5215 5240 5241
f 5215 5241 5242
f 5215 5242 5243
f 5215 5243 5244
f 5215 5244 5245
f 5215 5245 5216
f 5218 5243 5242
f 5218 5242 5220
f 5218 5220 5219
f 5220 5242 5241
f 5220 5241 5246
f 5220 5246 5247
f 5220 5247 5248
f 5220 5248 5249
f 5220 5249 5221
f 5221 5249 5222
f 5222 5250 5251
f 5222 5251 5252
f 5222 5252 5253
f 5222 5253 5254
f 5222 5254 5223
f 5222 5249 5250
f 5226 5255 5227
f 5227 5255 5256
f 5227 5256 5257
f 5227 5257 5228
f 5228 5257 5258
f 5228 5258 5259
f 5228 5259 5229
f 5229 5259 5231
f 5230 5232 5260
f 5230 5260 5261
f 5230 5261 5262
f 5230 5262 5233
f 5231 5259 5263
f 5231 5263 5264
f 5231 5264 5240
f 5231 5240 5265
f 5231 5265 5232
f 5232 5265 5237
f 5232 5237 5260
f 5234 5266 5235
f 5235 5266 5267
f 5235 5267 5236
f 5236 5267 5237
f 5237 5267 5268
f 5237 5268 5260
f 5237 5265 5269
f 5237 5269 5238
f 5238 5269 5240
f 5238 5240 5239
f 5240 5269 5265
f 5240 5264 5247
f 5240 5247 5246
f 5240 5246 5241
f 5247 5264 5263
f 5247 5263 5248
f 5248 5263 5259
f 5248 5259 5258
f 5248 5258 5251
f 5248 5251 5250
f 5248 5250 5249
f 5251 5258 5256
f 5251 5256 5252
f 5252 5256 5270
f 5255 5271 5256
f 5256 5271 5270
f 5256 5258 5257
f 5260 5268 5272
f 5260 5272 5273
f 5260 5273 5261
f 5274 5275 5280
f 5274 5280 5287
f 5274 5287 5302
f 5274 5302 5301
f 5274 5301 5323
f 5274 5323 5354
f 5274 5354 5357
f 5274 5357 5355
f 5274 5355 5325
f 5274 5325 5303
f 5274 5303 5288
f 5274 5288 5281
f 5274 5281 5276
f 5274 5276 5277
f 5274 5277 5278
f 5274 5278 5283
f 5274 5283 5295
f 5274 5295 5315
f 5274 5315 5314
f 5274 5314 5344
f 5274 5344 5370
f 5274 5370 5394
f 5274 5394 5395
f 5274 5395 5396
f 5274 5396 5397
f 5274 5397 5421
f 5274 5421 5420
f 5274 5420 5419
f 5274 5419 5418
f 5274 5418 5434
f 5274 5434 5436
f 5274 5436 5435
f 5274 5435 5424
f 5274 5424 5422
f 5274 5422 5399
f 5274 5399 5398
f 5274 5398 5372
f 5274 5372 5345
f 5274 5345 5317
f 5274 5317 5316
f 5274 5316 5297
f 5274 5297 5284
f 5274 5284 5279
f 5274 5279 5275
f 5275 5279 5280
f 5276 5281 5289
f 5276 5289 5306
f 5276 5306 5330
f 5276 5330 5359
f 5276 5359 5383
f 5276 5383 5410
f 5276 5410 5409
f 5276 5409 5430
f 5276 5430 5429
f 5276 5429 5431
f 5276 5431 5413
f 5276 5413 5412
f 5276 5412 5384
f 5276 5384 5361
f 5276 5361 5335
f 5276 5335 5309
f 5276 5309 5291
f 5276 5291 5282
f 5276 5282 5277
f 5277 5282 5290
f 5277 5290 5307
f 5277 5307 5331
f 5277 5331 5338
f 5277 5338 5310
f 5277 5310 5293
f 5277 5293 5283
f 5277 5283 5278
f 5279 5284 5285
f 5279 5285 5286
f 5279 5286 5280
f 5280 5286 5287
f 5281 5288 5289
f 5282 5291 5292
f 5282 5292 5290
f 5283 5293 5294
f 5283 5294 5295
f 5284 5296 5285
f 5284 5297 5298
f 5284 5298 5296
f 5285 5296 5299
f 5285 5299 5300
f 5285 5300 5301
f 5285 5301 5302
f 5285 5302 5287
f 5285 5287 5286
f 5288 5303 5304
f 5288 5304 5289
f 5289 5304 5305
f 5289 5305 5306
f 5290 5292 5308
f 5290 5308 5307
f 5291 5309 5292
f 5292 5309 5308
f 5293 5310 5294
f 5294 5310 5311
f 5294 5311 5312
f 5294 5312 5313
f 5294 5313 5314
f 5294 5314 5315
f 5294 5315 5295
f 5296 5298 5299
f 5297 5316 5298
f 5298 5316 5317
f 5298 5317 5318
f 5298 5318 5299
f 5299 5319 5300
f 5299 5318 5320
f 5299 5320 5321
f 5299 5321 5319
f 5300 5319 5322
f 5300 5322 5323
f 5300 5323 5324
f 5300 5324 5301
f 5301 5324 5323
f 5303 5325 5326
f 5303 5326 5304
f 5304 5326 5327
f 5304 5327 5328
f 5304 5328 5305
f 5305 5328 5329
f 5305 5329 5306
f 5306 5329 5330
f 5307 5308 5332
f 5307 5332 5331
f 5308 5309 5333
f 5308 5333 5334
f 5308 5334 5332
f 5309 5335 5336
f 5309 5336 5337
f 5309 5337 5333
f 5310 5338 5339
f 5310 5339 5311
f 5311 5340 5312
f 5311 5339 5340
f 5312 5340 5341
f 5312 5341 5342
f 5312 5342 5343
f 5312 5343 5313
f 5313 5343 5344
f 5313 5344 5314
f 5317 5345 5346
f 5317 5346 5318
f 5318 5346 5347
f 5318 5347 5320
f 5319 5321 5348
f 5319 5348 5322
f 5320 5349 5348
f 5320 5348 5321
f 5320 5347 5350
f 5320 5350 5349
f 5322 5348 5351
f 5322 5351 5352
f 5322 5352 5327
f 5322 5327 5353
f 5322 5353 5354
f 5322 5354 5323
f 5325 5355 5326
f 5326 5355 5327
f 5327 5352 5356
f 5327 5356 5328
f 5327 5355 5357
f 5327 5357 5353
f 5328 5356 5329
f 5329 5356 5358
f 5329 5358 5359
f 5329 5359 5330
f 5331 5332 5339
f 5331 5339 5338
f 5332 5334 5340
f 5332 5340 5339
f 5333 5337 5360
f 5333 5360 5334
f 5334 5341 5340
f 5334 5360 5341
f 5335 5361 5336
f 5336 5361 5362
f 5336 5362 5337
f 5337 5362 5363
f 5337 5363 5360
f 5341 5360 5364
f 5341 5364 5342
f 5342 5364 5365
f 5342 5365 5366
f 5342 5366 5367
f 5342 5367 5368
f 5342 5368 5343
f 5343 5369 5370
f 5343 5370 5344
f 5343 5368 5371
f 5343 5371 5369
f 5345 5372 5373
f 5345 5373 5346
f 5346 5373 5347
f 5347 5373 5374
f 5347 5374 5375
f 5347 5375 5350
f 5348 5349 5376
f 5348 5376 5377
f 5348 5377 5378
f 5348 5378 5379
f 5348 5379 5351
f 5349 5350 5376
f 5350 5375 5376
f 5351 5379 5356
f 5351 5356 5352
f 5353 5357 5354
f 5356 5379 5358
f 5358 5379 5378
f 5358 5378 5380
f 5358 5380 5381
f 5358 5381 5359
f 5359 5381 5382
f 5359 5382 5383
f 5360 5363 5364
f 5361 5384 5385
f 5361 5385 5362
f 5362 5386 5363
f 5362 5385 5386
f 5363 5386 5365
f 5363 5365 5364
f 5365 5386 5387
f 5365 5387 5388
f 5365 5388 5389
f 5365 5389 5366
f 5366 5389 5390
f 5366 5390 5367
f 5367 5390 5391
f 5367 5391 5392
f 5367 5392 5393
f 5367 5393 5371
f 5367 5371 5368
f 5369 5394 5370
f 5369 5371 5395
f 5369 5395 5394
f 5371 5396 5395
f 5371 5393 5397
f 5371 5397 5396
f 5372 5398 5373
f 5373 5398 5399
f 5373 5399 5374
f 5374 5399 5400
f 5374 5400 5401
f 5374 5401 5375
f 5375 5401 5402
f 5375 5402 5376
f 5376 5403 5377
f 5376 5402 5404
f 5376 5404 5405
f 5376 5405 5406
f 5376 5406 5403
f 5377 5403 5380
f 5377 5380 5378
f 5380 5403 5407
f 5380 5407 5408
f 5380 5408 5382
f 5380 5382 5381
f 5382 5408 5409
f 5382 5409 5410
f 5382 5410 5383
f 5384 5411 5385
f 5384 5412 5411
f 5385 5411 5387
f 5385 5387 5386
f 5387 5411 5413
f 5387 5413 5414
f 5387 5414 5415
f 5387 5415 5388
f 5388 5415 5404
f 5388 5404 5389
f 5389 5391 5390
f 5389 5404 5416
f 5389 5416 5391
f 5391 5416 5417
f 5391 5417 5392
f 5392 5417 5418
f 5392 5418 5419
f 5392 5419 5420
f 5392 5420 5393
f 5393 5420 5421
f 5393 5421 5397
f 5399 5422 5400
f 5400 5423 5401
f 5400 5422 5424
f 5400 5424 5423
f 5401 5423 5417
f 5401 5417 5416
f 5401 5416 5425
f 5401 5425 5402
f 5402 5425 5404
f 5403 5406 5407
f 5404 5415 5426
f 5404 5426 5405
f 5404 5425 5416
f 5405 5426 5406
f 5406 5426 5427
f 5406 5427 5407
f 5407 5428 5409
f 5407 5409 5408
f 5407 5427 5429
f 5407 5429 5428
f 5409 5428 5430
f 5411 5412 5413
f 5413 5431 5432
f 5413 5432 5433
f 5413 5433 5414
f 5414 5433 5426
f 5414 5426 5415
f 5417 5423 5434
f 5417 5434 5418
f 5423 5424 5435
f 5423 5435 5436
f 5423 5436 5434
f 5426 5433 5427
f 5427 5433 5431
f 5427 5431 5429
f 5428 5429 5430
f 5431 5433 5432
f 5437 5438 5442
f 5437 5442 5447
f 5437 5447 5455
f 5437 5455 5468
f 5437 5468 5467
f 5437 5467 5478
f 5437 5478 5461
f 5437 5461 5451
f 5437 5451 5443
f 5437 5443 5439
f 5437 5439 5444
f 5437 5444 5453
f 5437 5453 5465
f 5437 5465 5486
f 5437 5486 5509
f 5437 5509 5543
f 5437 5543 5568
f 5437 5568 5567
f 5437 5567 5591
f 5437 5591 5618
f 5437 5618 5619
f 5437 5619 5651
f 5437 5651 5650
f 5437 5650 5670
f 5437 5670 5669
f 5437 5669 5674
f 5437 5674 5675
f 5437 5675 5676
f 5437 5676 5673
f 5437 5673 5655
f 5437 5655 5654
f 5437 5654 5653
f 5437 5653 5652
f 5437 5652 5621
f 5437 5621 5620
f 5437 5620 5595
f 5437 5595 5593
f 5437 5593 5573
f 5437 5573 5572
f 5437 5572 5571
f 5437 5571 5570
f 5437 5570 5569
f 5437 5569 5544
f 5437 5544 5515
f 5437 5515 5489
f 5437 5489 5473
f 5437 5473 5472
f 5437 5472 5471
f 5437 5471 5457
f 5437 5457 5448
f 5437 5448 5445
f 5437 5445 5440
f 5437 5440 5438
f 5438 5440 5441
f 5438 5441 5442
f 5439 5443 5444
f 5440 5445 5441
f 5441 5446 5447
f 5441 5447 5442
f 5441 5445 5448
f 5441 5448 5449
f 5441 5449 5450
f 5441 5450 5446
f 5443 5451 5462
f 5443 5462 5480
f 5443 5480 5497
f 5443 5497 5510
f 5443 5510 5512
f 5443 5512 5511
f 5443 5511 5514
f 5443 5514 5513
f 5443 5513 5526
f 5443 5526 5555
f 5443 5555 5554
f 5443 5554 5553
f 5443 5553 5581
f 5443 5581 5605
f 5443 5605 5607
f 5443 5607 5636
f 5443 5636 5638
f 5443 5638 5662
f 5443 5662 5661
f 5443 5661 5665
f 5443 5665 5664
f 5443 5664 5642
f 5443 5642 5611
f 5443 5611 5586
f 5443 5586 5585
f 5443 5585 5562
f 5443 5562 5560
f 5443 5560 5530
f 5443 5530 5527
f 5443 5527 5498
f 5443 5498 5481
f 5443 5481 5463
f 5443 5463 5452
f 5443 5452 5444
f 5444 5452 5463
f 5444 5463 5482
f 5444 5482 5501
f 5444 5501 5534
f 5444 5534 5533
f 5444 5533 5535
f 5444 5535 5502
f 5444 5502 5483
f 5444 5483 5464
f 5444 5464 5453
f 5446 5454 5468
f 5446 5468 5455
f 5446 5455 5447
f 5446 5450 5456
f 5446 5456 5454
f 5448 5457 5449
f 5449 5457 5458
f 5449 5458 5450
f 5450 5458 5459
f 5450 5459 5460
f 5450 5460 5456
f 5451 5461 5462
f 5453 5464 5465
f 5454 5466 5467
f 5454 5467 5468
f 5454 5456 5469
f 5454 5469 5466
f 5456 5460 5470
f 5456 5470 5469
f 5457 5471 5458
f 5458 5471 5472
f 5458 5472 5473
f 5458 5473 5474
f 5458 5474 5475
f 5458 5475 5459
f 5459 5475 5476
f 5459 5476 5460
f 5460 5476 5477
f 5460 5477 5470
f 5461 5478 5462
f 5462 5479 5480
f 5462 5478 5479
f 5463 5481 5482
f 5464 5483 5484
f 5464 5484 5485
f 5464 5485 5465
f 5465 5485 5486
f 5466 5479 5467
f 5466 5469 5487
f 5466 5487 5479
f 5467 5479 5478
f 5469 5470 5487
f 5470 5477 5488
f 5470 5488 5487
f 5473 5489 5474
f 5474 5489 5490
f 5474 5490 5475
f 5475 5490 5491
f 5475 5491 5492
f 5475 5492 5493
f 5475 5493 5476
f 5476 5493 5494
f 5476 5494 5477
f 5477 5494 5495
f 5477 5495 5496
f 5477 5496 5488
f 5479 5487 5497
f 5479 5497 5480
f 5481 5498 5499
f 5481 5499 5500
f 5481 5500 5501
f 5481 5501 5482
f 5483 5502 5503
f 5483 5503 5484
f 5484 5504 5485
f 5484 5503 5505
f 5484 5505 5506
f 5484 5506 5507
f 5484 5507 5504
f 5485 5504 5486
f 5486 5504 5508
f 5486 5508 5509
f 5487 5510 5497
f 5487 5488 5511
f 5487 5511 5512
f 5487 5512 5510
f 5488 5496 5513
f 5488 5513 5514
f 5488 5514 5511
f 5489 5515 5490
f 5490 5515 5516
f 5490 5516 5517
f 5490 5517 5518
f 5490 5518 5491
f 5491 5518 5492
f 5492 5519 5493
f 5492 5518 5517
f 5492 5517 5520
f 5492 5520 5521
f 5492 5521 5522
f 5492 5522 5523
f 5492 5523 5519
f 5493 5519 5494
f 5494 5519 5495
f 5495 5519 5524
f 5495 5524 5525
f 5495 5525 5526
f 5495 5526 5496
f 5496 5526 5513
f 5498 5527 5499
f 5499 5528 5529
f 5499 5529 5500
f 5499 5527 5530
f 5499 5530 5531
f 5499 5531 5532
f 5499 5532 5528
f 5500 5529 5533
f 5500 5533 5534
f 5500 5534 5501
f 5502 5535 5536
f 5502 5536 5505
f 5502 5505 5503
f 5504 5507 5508
f 5505 5536 5537
f 5505 5537 5538
f 5505 5538 5506
f 5506 5538 5507
f 5507 5538 5539
f 5507 5539 5540
f 5507 5540 5541
f 5507 5541 5542
f 5507 5542 5508
f 5508 5542 5543
f 5508 5543 5509
f 5515 5544 5516
f 5516 5544 5545
f 5516 5545 5517
f 5517 5545 5546
f 5517 5546 5547
f 5517 5547 5548
f 5517 5548 5521
f 5517 5521 5520
f 5519 5523 5524
f 5521 5548 5522
f 5522 5549 5523
f 5522 5548 5550
f 5522 5550 5551
f 5522 5551 5549
f 5523 5549 5524
f 5524 5549 5552
f 5524 5552 5525
f 5525 5552 5553
f 5525 5553 5554
f 5525 5554 5555
f 5525 5555 5526
f 5528 5532 5556
f 5528 5556 5557
f 5528 5557 5558
f 5528 5558 5559
f 5528 5559 5529
f 5529 5559 5537
f 5529 5537 5536
f 5529 5536 5535
f 5529 5535 5533
f 5530 5560 5531
f 5531 5561 5556
f 5531 5556 5532
f 5531 5560 5562
f 5531 5562 5563
f 5531 5563 5561
f 5537 5559 5538
f 5538 5559 5558
f 5538 5558 5564
f 5538 5564 5539
f 5539 5564 5540
f 5540 5564 5565
f 5540 5565 5566
f 5540 5566 5541
f 5541 5566 5567
f 5541 5567 5568
f 5541 5568 5543
f 5541 5543 5542
f 5544 5569 5545
f 5545 5569 5570
f 5545 5570 5546
f 5546 5570 5547
f 5547 5570 5571
f 5547 5571 5572
f 5547 5572 5573
f 5547 5573 5574
f 5547 5574 5575
f 5547 5575 5548
f 5548 5575 5576
f 5548 5576 5577
f 5548 5577 5550
f 5549 5578 5552
f 5549 5551 5578
f 5550 5577 5579
f 5550 5579 5551
f 5551 5579 5580
f 5551 5580 5578
f 5552 5578 5581
f 5552 5581 5553
f 5556 5561 5582
f 5556 5582 5583
f 5556 5583 5557
f 5557 5564 5558
f 5557 5583 5584
f 5557 5584 5564
f 5561 5563 5582
f 5562 5585 5563
f 5563 5585 5586
f 5563 5586 5587
f 5563 5587 5588
f 5563 5588 5582
f 5564 5584 5589
f 5564 5589 5565
f 5565 5589 5590
f 5565 5590 5566
f 5566 5591 5567
f 5566 5590 5592
f 5566 5592 5591
f 5573 5593 5574
f 5574 5593 5575
f 5575 5594 5576
f 5575 5593 5595
f 5575 5595 5596
f 5575 5596 5597
f 5575 5597 5598
f 5575 5598 5599
f 5575 5599 5594
f 5576 5594 5577
f 5577 5594 5599
f 5577 5599 5600
f 5577 5600 5601
f 5577 5601 5602
f 5577 5602 5579
f 5578 5580 5581
f 5579 5602 5603
f 5579 5603 5604
f 5579 5604 5580
f 5580 5605 5581
f 5580 5604 5606
f 5580 5606 5607
f 5580 5607 5605
f 5582 5608 5609
f 5582 5609 5583
f 5582 5588 5610
f 5582 5610 5608
f 5583 5609 5589
f 5583 5589 5584
f 5586 5611 5612
f 5586 5612 5587
f 5587 5612 5613
f 5587 5613 5610
f 5587 5610 5588
f 5589 5609 5608
f 5589 5608 5614
f 5589 5614 5615
f 5589 5615 5590
f 5590 5615 5616
f 5590 5616 5617
f 5590 5617 5592
f 5591 5592 5618
f 5592 5617 5619
f 5592 5619 5618
f 5595 5620 5596
f 5596 5620 5597
f 5597 5621 5622
f 5597 5622 5598
f 5597 5620 5621
f 5598 5622 5623
f 5598 5623 5624
f 5598 5624 5625
f 5598 5625 5626
f 5598 5626 5627
f 5598 5627 5628
f 5598 5628 5599
f 5599 5628 5600
f 5600 5628 5627
f 5600 5627 5629
f 5600 5629 5630
f 5600 5630 5631
f 5600 5631 5632
f 5600 5632 5601
f 5601 5603 5602
f 5601 5632 5603
f 5603 5632 5633
f 5603 5633 5634
f 5603 5634 5635
f 5603 5635 5604
f 5604 5635 5606
f 5606 5636 5607
f 5606 5635 5637
f 5606 5637 5638
f 5606 5638 5636
f 5608 5610 5639
f 5608 5639 5614
f 5610 5613 5640
f 5610 5640 5641
f 5610 5641 5639
f 5611 5642 5612
f 5612 5642 5643
f 5612 5643 5644
f 5612 5644 5613
f 5613 5644 5640
f 5614 5639 5645
f 5614 5645 5646
f 5614 5646 5647
f 5614 5647 5616
f 5614 5616 5615
f 5616 5648 5617
f 5616 5647 5649
f 5616 5649 5648
f 5617 5650 5651
f 5617 5651 5619
f 5617 5648 5650
f 5621 5652 5622
f 5622 5652 5653
f 5622 5653 5624
f 5622 5624 5623
f 5624 5653 5654
f 5624 5654 5655
f 5624 5655 5656
f 5624 5656 5657
f 5624 5657 5625
f 5625 5657 5629
f 5625 5629 5626
f 5626 5629 5627
f 5629 5657 5645
f 5629 5645 5640
f 5629 5640 5658
f 5629 5658 5630
f 5630 5658 5659
f 5630 5659 5631
f 5631 5659 5632
f 5632 5659 5633
f 5633 5660 5637
f 5633 5637 5634
f 5633 5659 5660
f 5634 5637 5635
f 5637 5660 5661
f 5637 5661 5662
f 5637 5662 5638
f 5639 5641 5645
f 5640 5644 5643
f 5640 5643 5663
f 5640 5663 5659
f 5640 5659 5658
f 5640 5645 5641
f 5642 5664 5643
f 5643 5664 5665
f 5643 5665 5661
f 5643 5661 5660
f 5643 5660 5666
f 5643 5666 5663
f 5645 5657 5646
f 5646 5657 5667
f 5646 5667 5649
f 5646 5649 5647
f 5648 5649 5668
f 5648 5668 5669
f 5648 5669 5670
f 5648 5670 5650
f 5649 5667 5657
f 5649 5657 5656
f 5649 5656 5671
f 5649 5671 5672
f 5649 5672 5668
f 5655 5673 5671
f 5655 5671 5656
f 5659 5663 5666
f 5659 5666 5660
f 5668 5674 5669
f 5668 5672 5675
f 5668 5675 5674
f 5671 5673 5672
f 5672 5673 5676
f 5672 5676 5675
f 5677 5678 5682
f 5677 5682 5688
f 5677 5688 5700
f 5677 5700 5718
f 5677 5718 5743
f 5677 5743 5742
f 5677 5742 5744
f 5677 5744 5720
f 5677 5720 5719
f 5677 5719 5702
f 5677 5702 5701
f 5677 5701 5689
f 5677 5689 5683
f 5677 5683 5679
f 5677 5679 5680
f 5677 5680 5685
f 5677 5685 5694
f 5677 5694 5712
f 5677 5712 5732
f 5677 5732 5731
f 5677 5731 5761
f 5677 5761 5760
f 5677 5760 5787
f 5677 5787 5786
f 5677 5786 5811
f 5677 5811 5835
f 5677 5835 5834
f 5677 5834 5860
f 5677 5860 5881
f 5677 5881 5882
f 5677 5882 5884
f 5677 5884 5907
f 5677 5907 5925
f 5677 5925 5924
f 5677 5924 5911
f 5677 5911 5889
f 5677 5889 5888
f 5677 5888 5867
f 5677 5867 5866
f 5677 5866 5865
f 5677 5865 5842
f 5677 5842 5841
f 5677 5841 5840
f 5677 5840 5816
f 5677 5816 5791
f 5677 5791 5766
f 5677 5766 5765
f 5677 5765 5736
f 5677 5736 5734
f 5677 5734 5713
f 5677 5713 5696
f 5677 5696 5695
f 5677 5695 5686
f 5677 5686 5681
f 5677 5681 5678
f 5678 5681 5682
f 5679 5683 5691
f 5679 5691 5707
f 5679 5707 5725
f 5679 5725 5751
f 5679 5751 5775
f 5679 5775 5774
f 5679 5774 5801
f 5679 5801 5800
f 5679 5800 5827
f 5679 5827 5826
f 5679 5826 5821
f 5679 5821 5820
f 5679 5820 5825
f 5679 5825 5853
f 5679 5853 5852
f 5679 5852 5851
f 5679 5851 5872
f 5679 5872 5873
f 5679 5873 5895
f 5679 5895 5897
f 5679 5897 5918
f 5679 5918 5919
f 5679 5919 5915
f 5679 5915 5926
f 5679 5926 5928
f 5679 5928 5927
f 5679 5927 5922
f 5679 5922 5921
f 5679 5921 5920
f 5679 5920 5899
f 5679 5899 5876
f 5679 5876 5855
f 5679 5855 5854
f 5679 5854 5828
f 5679 5828 5803
f 5679 5803 5802
f 5679 5802 5806
f 5679 5806 5781
f 5679 5781 5755
f 5679 5755 5727
f 5679 5727 5708
f 5679 5708 5692
f 5679 5692 5684
f 5679 5684 5680
f 5680 5684 5692
f 5680 5692 5709
f 5680 5709 5726
f 5680 5726 5754
f 5680 5754 5780
f 5680 5780 5779
f 5680 5779 5782
f 5680 5782 5756
f 5680 5756 5733
f 5680 5733 5728
f 5680 5728 5710
f 5680 5710 5693
f 5680 5693 5685
f 5681 5686 5687
f 5681 5687 5688
f 5681 5688 5682
f 5683 5689 5690
f 5683 5690 5691
f 5685 5693 5694
f 5686 5695 5687
f 5687 5695 5696
f 5687 5696 5697
f 5687 5697 5698
f 5687 5698 5699
f 5687 5699 5688
f 5688 5699 5700
f 5689 5701 5690
f 5690 5701 5702
f 5690 5702 5703
f 5690 5703 5704
f 5690 5704 5705
f 5690 5705 5706
f 5690 5706 5707
f 5690 5707 5691
f 5692 5708 5709
f 5693 5710 5711
f 5693 5711 5694
f 5694 5711 5712
f 5696 5713 5714
f 5696 5714 5697
f 5697 5715 5716
f 5697 5716 5698
f 5697 5714 5715
f 5698 5716 5717
f 5698 5717 5699
f 5699 5717 5700
f 5700 5717 5718
f 5702 5719 5703
f 5703 5719 5720
f 5703 5720 5721
f 5703 5721 5704
f 5704 5721 5722
f 5704 5722 5705
f 5705 5722 5723
f 5705 5723 5724
f 5705 5724 5725
f 5705 5725 5706
f 5706 5725 5707
f 5708 5726 5709
f 5708 5727 5726
f 5710 5728 5711
f 5711 5729 5730
f 5711 5730 5731
f 5711 5731 5732
f 5711 5732 5712
f 5711 5728 5733
f 5711 5733 5729
f 5713 5734 5714
f 5714 5735 5715
f 5714 5734 5736
f 5714 5736 5737
f 5714 5737 5738
f 5714 5738 5735
f 5715 5735 5716
f 5716 5739 5740
f 5716 5740 5741
f 5716 5741 5717
f 5716 5735 5739
f 5717 5721 5742
f 5717 5742 5743
f 5717 5743 5718
f 5717 5741 5721
f 5720 5744 5721
f 5721 5741 5740
f 5721 5740 5722
f 5721 5744 5742
f 5722 5740 5745
f 5722 5745 5746
f 5722 5746 5723
f 5723 5746 5745
f 5723 5745 5747
f 5723 5747 5748
f 5723 5748 5749
f 5723 5749 5750
f 5723 5750 5724
f 5724 5751 5725
f 5724 5750 5751
f 5726 5727 5752
f 5726 5752 5753
f 5726 5753 5754
f 5727 5755 5752
f 5729 5733 5756
f 5729 5756 5757
f 5729 5757 5758
f 5729 5758 5730
f 5730 5758 5759
f 5730 5759 5760
f 5730 5760 5761
f 5730 5761 5731
f 5735 5738 5762
f 5735 5762 5763
f 5735 5763 5764
f 5735 5764 5739
f 5736 5765 5737
f 5737 5765 5766
f 5737 5766 5767
f 5737 5767 5768
f 5737 5768 5762
f 5737 5762 5738
f 5739 5764 5745
f 5739 5745 5740
f 5745 5764 5769
f 5745 5769 5747
f 5747 5769 5748
f 5748 5769 5770
f 5748 5770 5771
f 5748 5771 5772
f 5748 5772 5773
f 5748 5773 5749
f 5749 5774 5775
f 5749 5775 5750
f 5749 5773 5774
f 5750 5775 5751
f 5752 5755 5776
f 5752 5776 5753
f 5753 5776 5777
f 5753 5777 5778
f 5753 5778 5757
f 5753 5757 5779
f 5753 5779 5780
f 5753 5780 5754
f 5755 5781 5776
f 5756 5782 5757
f 5757 5782 5779
f 5757 5778 5758
f 5758 5778 5783
f 5758 5783 5759
f 5759 5783 5784
f 5759 5784 5785
f 5759 5785 5786
f 5759 5786 5787
f 5759 5787 5760
f 5762 5788 5763
f 5762 5768 5789
f 5762 5789 5790
f 5762 5790 5788
f 5763 5769 5764
f 5763 5788 5769
f 5766 5791 5792
f 5766 5792 5767
f 5767 5792 5793
f 5767 5793 5789
f 5767 5789 5768
f 5769 5788 5794
f 5769 5794 5770
f 5770 5794 5771
f 5771 5794 5795
f 5771 5795 5796
f 5771 5796 5797
f 5771 5797 5798
f 5771 5798 5799
f 5771 5799 5772
f 5772 5799 5773
f 5773 5799 5800
f 5773 5800 5801
f 5773 5801 5774
f 5776 5802 5803
f 5776 5803 5804
f 5776 5804 5805
f 5776 5805 5777
f 5776 5781 5806
f 5776 5806 5802
f 5777 5805 5807
f 5777 5807 5778
f 5778 5807 5783
f 5783 5807 5784
f 5784 5807 5808
f 5784 5808 5809
f 5784 5809 5785
f 5785 5809 5810
f 5785 5810 5811
f 5785 5811 5786
f 5788 5790 5794
f 5789 5812 5790
f 5789 5793 5813
f 5789 5813 5814
f 5789 5814 5815
f 5789 5815 5812
f 5790 5812 5794
f 5791 5816 5792
f 5792 5816 5817
f 5792 5817 5793
f 5793 5817 5813
f 5794 5812 5795
f 5795 5812 5818
f 5795 5818 5796
f 5796 5818 5819
f 5796 5819 5797
f 5797 5820 5821
f 5797 5821 5798
f 5797 5819 5822
f 5797 5822 5823
f 5797 5823 5824
f 5797 5824 5825
f 5797 5825 5820
f 5798 5821 5799
f 5799 5826 5827
f 5799 5827 5800
f 5799 5821 5826
f 5803 5828 5829
f 5803 5829 5804
f 5804 5829 5830
f 5804 5830 5805
f 5805 5830 5807
f 5807 5830 5808
f 5808 5830 5831
f 5808 5831 5809
f 5809 5831 5832
f 5809 5832 5810
f 5810 5833 5834
f 5810 5834 5835
f 5810 5835 5811
f 5810 5832 5836
f 5810 5836 5833
f 5812 5815 5818
f 5813 5817 5837
f 5813 5837 5814
f 5814 5837 5838
f 5814 5838 5839
f 5814 5839 5818
f 5814 5818 5815
f 5816 5840 5817
f 5817 5840 5841
f 5817 5841 5842
f 5817 5842 5843
f 5817 5843 5844
f 5817 5844 5837
f 5818 5839 5845
f 5818 5845 5819
f 5819 5845 5846
f 5819 5846 5822
f 5822 5847 5823
f 5822 5846 5845
f 5822 5845 5848
f 5822 5848 5849
f 5822 5849 5850
f 5822 5850 5847
f 5823 5847 5851
f 5823 5851 5852
f 5823 5852 5853
f 5823 5853 5825
f 5823 5825 5824
f 5828 5854 5829
f 5829 5854 5855
f 5829 5855 5856
f 5829 5856 5830
f 5830 5856 5857
f 5830 5857 5831
f 5831 5857 5858
f 5831 5858 5832
f 5832 5858 5859
f 5832 5859 5836
f 5833 5860 5834
f 5833 5836 5861
f 5833 5861 5860
f 5836 5862 5861
f 5836 5859 5862
f 5837 5844 5863
f 5837 5863 5838
f 5838 5845 5839
f 5838 5863 5864
f 5838 5864 5845
f 5842 5865 5843
f 5843 5863 5844
f 5843 5865 5866
f 5843 5866 5867
f 5843 5867 5868
f 5843 5868 5869
f 5843 5869 5863
f 5845 5864 5870
f 5845 5870 5871
f 5845 5871 5848
f 5847 5850 5872
f 5847 5872 5851
f 5848 5871 5849
f 5849 5873 5850
f 5849 5871 5874
f 5849 5874 5875
f 5849 5875 5873
f 5850 5873 5872
f 5855 5876 5856
f 5856 5876 5899
f 5856 5899 5877
f 5856 5877 5857
f 5857 5877 5878
f 5857 5878 5858
f 5858 5878 5879
f 5858 5879 5859
f 5859 5879 5880
f 5859 5880 5862
f 5860 5861 5881
f 5861 5882 5881
f 5861 5862 5883
f 5861 5883 5884
f 5861 5884 5882
f 5862 5880 5885
f 5862 5885 5883
f 5863 5869 5886
f 5863 5886 5887
f 5863 5887 5864
f 5864 5887 5870
f 5867 5888 5868
f 5868 5888 5889
f 5868 5889 5890
f 5868 5890 5891
f 5868 5891 5869
f 5869 5891 5886
f 5870 5886 5892
f 5870 5892 5893
f 5870 5893 5894
f 5870 5894 5874
f 5870 5874 5871
f 5870 5887 5886
f 5873 5875 5895
f 5874 5894 5896
f 5874 5896 5875
f 5875 5897 5895
f 5875 5896 5898
f 5875 5898 5897
f 5877 5899 5900
f 5877 5900 5901
f 5877 5901 5878
f 5878 5901 5879
f 5879 5901 5902
f 5879 5902 5880
f 5880 5902 5903
f 5880 5903 5893
f 5880 5893 5904
f 5880 5904 5885
f 5883 5885 5905
f 5883 5905 5906
f 5883 5906 5884
f 5884 5906 5907
f 5885 5904 5908
f 5885 5908 5909
f 5885 5909 5905
f 5886 5891 5910
f 5886 5910 5892
f 5889 5911 5890
f 5890 5911 5906
f 5890 5906 5909
f 5890 5909 5910
f 5890 5910 5891
f 5892 5910 5912
f 5892 5912 5893
f 5893 5908 5904
f 5893 5903 5913
f 5893 5913 5914
f 5893 5914 5894
f 5893 5912 5908
f 5894 5914 5896
f 5896 5915 5898
f 5896 5914 5913
f 5896 5913 5903
f 5896 5903 5916
f 5896 5916 5917
f 5896 5917 5915
f 5897 5898 5918
f 5898 5915 5919
f 5898 5919 5918
f 5899 5920 5900
f 5900 5920 5921
f 5900 5921 5922
f 5900 5922 5923
f 5900 5923 5901
f 5901 5923 5916
f 5901 5916 5903
f 5901 5903 5902
f 5905 5909 5906
f 5906 5924 5925
f 5906 5925 5907
f 5906 5911 5924
f 5908 5912 5910
f 5908 5910 5909
f 5915 5917 5926
f 5916 5927 5928
f 5916 5928 5917
f 5916 5923 5922
f 5916 5922 5927
f 5917 5928 5926
f 5929 5930 5931
f 5929 5931 5933
f 5929 5933 5940
f 5929 5940 5948
f 5929 5948 5962
f 5929 5962 5983
f 5929 5983 5982
f 5929 5982 6009
f 5929 6009 6037
f 5929 6037 6036
f 5929 6036 6035
f 5929 6035 6058
f 5929 6058 6057
f 5929 6057 6078
f 5929 6078 6082
f 5929 6082 6080
f 5929 6080 6079
f 5929 6079 6060
f 5929 6060 6039
f 5929 6039 6013
f 5929 6013 6012
f 5929 6012 5987
f 5929 5987 5966
f 5929 5966 5951
f 5929 5951 5942
f 5929 5942 5935
f 5929 5935 4766
f 5929 4766 5934
f 5929 5934 5941
f 5929 5941 5949
f 5929 5949 5963
f 5929 5963 5977
f 5929 5977 5974
f 5929 5974 5956
f 5929 5956 5944
f 5929 5944 5938
f 5929 5938 5932
f 5929 5932 5930
f 5930 5932 5931
f 5931 5932 5933
f 4766 5935 5936
f 4766 5936 5937
f 4766 5937 5934
f 5932 5938 5939
f 5932 5939 5933
f 5933 5939 5940
f 5934 5937 5936
f 5934 5936 5943
f 5934 5943 5955
f 5934 5955 5971
f 5934 5971 5998
f 5934 5998 6021
f 5934 6021 6026
f 5934 6026 6025
f 5934 6025 6024
f 5934 6024 6048
f 5934 6048 6071
f 5934 6071 6081
f 5934 6081 6072
f 5934 6072 6049
f 5934 6049 6038
f 5934 6038 6011
f 5934 6011 5986
f 5934 5986 5965
f 5934 5965 5950
f 5934 5950 5941
f 5935 5942 5952
f 5935 5952 5968
f 5935 5968 5991
f 5935 5991 6017
f 5935 6017 6018
f 5935 6018 5993
f 5935 5993 5992
f 5935 5992 5969
f 5935 5969 5953
f 5935 5953 5943
f 5935 5943 5936
f 5938 5944 5939
f 5939 5945 5946
f 5939 5946 5947
f 5939 5947 5940
f 5939 5944 5945
f 5940 5947 5948
f 5941 5950 5949
f 5942 5951 5952
f 5943 5953 5954
f 5943 5954 5955
f 5944 5956 5945
f 5945 5957 5946
f 5945 5956 5957
f 5946 5958 5959
f 5946 5959 5947
f 5946 5957 5958
f 5947 5959 5960
f 5947 5960 5961
f 5947 5961 5948
f 5948 5961 5962
f 5949 5950 5964
f 5949 5964 5963
f 5950 5965 5964
f 5951 5966 5967
f 5951 5967 5952
f 5952 5967 5968
f 5953 5969 5970
f 5953 5970 5954
f 5954 5971 5955
f 5954 5970 5972
f 5954 5972 5973
f 5954 5973 5971
f 5956 5974 5957
f 5957 5975 5976
f 5957 5976 5958
f 5957 5974 5977
f 5957 5977 5975
f 5958 5976 5978
f 5958 5978 5979
f 5958 5979 5959
f 5959 5979 5960
f 5960 5980 5981
f 5960 5981 5982
f 5960 5982 5983
f 5960 5983 5961
f 5960 5979 5980
f 5961 5983 5962
f 5963 5964 5984
f 5963 5984 5975
f 5963 5975 5977
f 5964 5965 5985
f 5964 5985 5984
f 5965 5986 5985
f 5966 5987 5988
f 5966 5988 5967
f 5967 5988 5989
f 5967 5989 5990
f 5967 5990 5968
f 5968 5990 5991
f 5969 5992 5970
f 5970 5993 5994
f 5970 5994 5995
f 5970 5995 5996
f 5970 5996 5997
f 5970 5997 5972
f 5970 5992 5993
f 5971 5973 5998
f 5972 5997 5973
f 5973 5997 5999
f 5973 5999 6000
f 5973 6000 6001
f 5973 6001 6002
f 5973 6002 5998
f 5975 5984 5976
f 5976 6003 6004
f 5976 6004 5978
f 5976 5984 6003
f 5978 6004 6005
f 5978 6005 6006
f 5978 6006 5980
f 5978 5980 5979
f 5980 6006 6007
f 5980 6007 6008
f 5980 6008 5981
f 5981 6008 6009
f 5981 6009 5982
f 5984 5985 6003
f 5985 5986 6010
f 5985 6010 6003
f 5986 6011 6010
f 5987 6012 5988
f 5988 6012 6013
f 5988 6013 6014
f 5988 6014 5989
f 5989 6014 6015
f 5989 6015 6016
f 5989 6016 5990
f 5990 5994 5991
f 5990 6016 5994
f 5991 5994 6017
f 5993 6018 5994
f 5994 6018 6017
f 5994 6016 5995
f 5995 6016 5996
f 5996 6016 6019
f 5996 6019 6020
f 5996 6020 5997
f 5997 6020 5999
f 5998 6002 6021
f 5999 6020 6000
f 6000 6020 6001
f 6001 6022 6023
f 6001 6023 6024
f 6001 6024 6025
f 6001 6025 6026
f 6001 6026 6002
f 6001 6020 6027
f 6001 6027 6022
f 6002 6026 6021
f 6003 6010 6004
f 6004 6028 6005
f 6004 6010 6028
f 6005 6029 6030
f 6005 6030 6006
f 6005 6028 6029
f 6006 6030 6031
f 6006 6031 6007
f 6007 6031 6032
f 6007 6032 6033
f 6007 6033 6034
f 6007 6034 6008
f 6008 6034 6035
f 6008 6035 6036
f 6008 6036 6037
f 6008 6037 6009
f 6010 6011 6028
f 6011 6038 6029
f 6011 6029 6028
f 6013 6039 6040
f 6013 6040 6014
f 6014 6040 6015
f 6015 6040 6041
f 6015 6041 6042
f 6015 6042 6016
f 6016 6042 6019
f 6019 6042 6043
f 6019 6043 6020
f 6020 6043 6044
f 6020 6044 6027
f 6022 6045 6046
f 6022 6046 6023
f 6022 6027 6045
f 6023 6046 6047
f 6023 6047 6048
f 6023 6048 6024
f 6027 6044 6045
f 6029 6038 6049
f 6029 6049 6050
f 6029 6050 6030
f 6030 6050 6051
f 6030 6051 6031
f 6031 6051 6032
f 6032 6052 6053
f 6032 6053 6033
f 6032 6051 6052
f 6033 6053 6054
f 6033 6054 6055
f 6033 6055 6034
f 6034 6055 6056
f 6034 6056 6057
f 6034 6057 6058
f 6034 6058 6035
f 6039 6059 6040
f 6039 6060 6061
f 6039 6061 6059
f 6040 6059 6061
f 6040 6061 6062
f 6040 6062 6041
f 6041 6062 6042
f 6042 6062 6063
f 6042 6063 6064
f 6042 6064 6065
f 6042 6065 6066
f 6042 6066 6045
f 6042 6045 6044
f 6042 6044 6043
f 6045 6067 6068
f 6045 6068 6069
f 6045 6069 6046
f 6045 6066 6067
f 6046 6069 6047
f 6047 6069 6070
f 6047 6070 6048
f 6048 6070 6071
f 6049 6072 6073
f 6049 6073 6050
f 6050 6073 6074
f 6050 6074 6051
f 6051 6074 6075
f 6051 6075 6052
f 6052 6075 6069
f 6052 6069 6068
f 6052 6068 6053
f 6053 6068 6067
f 6053 6067 6066
f 6053 6066 6065
f 6053 6065 6054
f 6054 6065 6055
f 6055 6076 6056
f 6055 6065 6064
f 6055 6064 6063
f 6055 6063 6061
f 6055 6061 6077
f 6055 6077 6076
f 6056 6076 6078
f 6056 6078 6057
f 6060 6079 6061
f 6061 6079 6080
f 6061 6080 6077
f 6061 6063 6062
f 6069 6075 6070
f 6070 6075 6074
f 6070 6074 6073
f 6070 6073 6081
f 6070 6081 6071
f 6072 6081 6073
f 6076 6077 6082
f 6076 6082 6078
f 6077 6080 6082
f 6083 6084 6089
f 6083 6089 6093
f 6083 6093 6102
f 6083 6102 6106
f 6083 6106 6117
f 6083 6117 6116
f 6083 6116 6119
f 6083 6119 6107
f 6083 6107 6096
f 6083 6096 6090
f 6083 6090 6085
f 6083 6085 6086
f 6083 6086 6084
f 6084 6086 6087
f 6084 6087 6088
f 6084 6088 6089
f 6085 6090 6098
f 6085 6098 6109
f 6085 6109 6124
f 6085 6124 6142
f 6085 6142 6167
f 6085 6167 6166
f 6085 6166 6192
f 6085 6192 6216
f 6085 6216 6231
f 6085 6231 6252
f 6085 6252 6251
f 6085 6251 6271
f 6085 6271 6272
f 6085 6272 6275
f 6085 6275 6259
f 6085 6259 6258
f 6085 6258 6257
f 6085 6257 6256
f 6085 6256 6236
f 6085 6236 6235
f 6085 6235 6217
f 6085 6217 6201
f 6085 6201 6200
f 6085 6200 6199
f 6085 6199 6193
f 6085 6193 6168
f 6085 6168 6143
f 6085 6143 6125
f 6085 6125 6110
f 6085 6110 6099
f 6085 6099 6091
f 6085 6091 6087
f 6085 6087 6086
f 6087 6091 6092
f 6087 6092 6088
f 6088 6093 6089
f 6088 6092 6094
f 6088 6094 6095
f 6088 6095 6093
f 6090 6096 6097
f 6090 6097 6098
f 6091 6099 6092
f 6092 6099 6100
f 6092 6100 6101
f 6092 6101 6094
f 6093 6095 6102
f 6094 6101 6103
f 6094 6103 6095
f 6095 6103 6104
f 6095 6104 6105
f 6095 6105 6106
f 6095 6106 6102
f 6096 6107 6120
f 6096 6120 6134
f 6096 6134 6155
f 6096 6155 6154
f 6096 6154 6175
f 6096 6175 6174
f 6096 6174 6198
f 6096 6198 6197
f 6096 6197 6196
f 6096 6196 6204
f 6096 6204 6221
f 6096 6221 6224
f 6096 6224 6246
f 6096 6246 6269
f 6096 6269 6268
f 6096 6268 6277
f 6096 6277 6276
f 6096 6276 6278
f 6096 6278 6273
f 6096 6273 6253
f 6096 6253 6232
f 6096 6232 6213
f 6096 6213 6188
f 6096 6188 6160
f 6096 6160 6138
f 6096 6138 6122
f 6096 6122 6108
f 6096 6108 6097
f 6097 6108 6121
f 6097 6121 6135
f 6097 6135 6156
f 6097 6156 6184
f 6097 6184 6185
f 6097 6185 6163
f 6097 6163 6140
f 6097 6140 6123
f 6097 6123 6109
f 6097 6109 6098
f 6099 6110 6100
f 6100 6110 6111
f 6100 6111 6101
f 6101 6111 6112
f 6101 6112 6103
f 6103 6112 6113
f 6103 6113 6114
f 6103 6114 6115
f 6103 6115 6104
f 6104 6115 6105
f 6105 6116 6117
f 6105 6117 6106
f 6105 6115 6118
f 6105 6118 6116
f 6107 6119 6120
f 6108 6122 6136
f 6108 6136 6121
f 6109 6123 6124
f 6110 6125 6126
f 6110 6126 6111
f 6111 6126 6127
f 6111 6127 6112
f 6112 6127 6113
f 6113 6128 6114
f 6113 6127 6129
f 6113 6129 6130
f 6113 6130 6131
f 6113 6131 6128
f 6114 6128 6115
f 6115 6128 6132
f 6115 6132 6133
f 6115 6133 6118
f 6116 6118 6120
f 6116 6120 6119
f 6118 6133 6134
f 6118 6134 6120
f 6121 6136 6137
f 6121 6137 6135
f 6122 6138 6139
f 6122 6139 6136
f 6123 6140 6141
f 6123 6141 6124
f 6124 6141 6142
f 6125 6143 6126
f 6126 6143 6127
f 6127 6143 6144
f 6127 6144 6145
f 6127 6145 6129
f 6128 6131 6146
f 6128 6146 6147
f 6128 6147 6148
f 6128 6148 6132
f 6129 6145 6130
f 6130 6149 6146
f 6130 6146 6131
f 6130 6145 6150
f 6130 6150 6151
f 6130 6151 6152
f 6130 6152 6149
f 6132 6148 6153
f 6132 6153 6154
f 6132 6154 6155
f 6132 6155 6133
f 6133 6155 6134
f 6135 6137 6156
f 6136 6139 6157
f 6136 6157 6137
f 6137 6158 6156
f 6137 6157 6159
f 6137 6159 6158
f 6138 6160 6139
f 6139 6160 6161
f 6139 6161 6162
f 6139 6162 6157
f 6140 6163 6141
f 6141 6164 6165
f 6141 6165 6166
f 6141 6166 6167
f 6141 6167 6142
f 6141 6163 6164
f 6143 6168 6144
f 6144 6168 6145
f 6145 6168 6169
f 6145 6169 6170
f 6145 6170 6150
f 6146 6149 6171
f 6146 6171 6147
f 6147 6172 6148
f 6147 6171 6173
f 6147 6173 6172
f 6148 6172 6174
f 6148 6174 6175
f 6148 6175 6153
f 6149 6152 6171
f 6150 6176 6177
f 6150 6177 6178
f 6150 6178 6151
f 6150 6170 6176
f 6151 6179 6180
f 6151 6180 6152
f 6151 6178 6181
f 6151 6181 6182
f 6151 6182 6183
f 6151 6183 6179
f 6152 6180 6171
f 6153 6175 6154
f 6156 6158 6184
f 6157 6162 6159
f 6158 6165 6164
f 6158 6164 6185
f 6158 6185 6184
f 6158 6159 6165
f 6159 6162 6186
f 6159 6186 6187
f 6159 6187 6165
f 6160 6188 6161
f 6161 6188 6189
f 6161 6189 6190
f 6161 6190 6162
f 6162 6190 6186
f 6163 6185 6164
f 6165 6187 6191
f 6165 6191 6192
f 6165 6192 6166
f 6168 6193 6169
f 6169 6193 6176
f 6169 6176 6170
f 6171 6194 6173
f 6171 6180 6179
f 6171 6179 6195
f 6171 6195 6194
f 6172 6173 6194
f 6172 6194 6196
f 6172 6196 6197
f 6172 6197 6198
f 6172 6198 6174
f 6176 6199 6200
f 6176 6200 6177
f 6176 6193 6199
f 6177 6200 6201
f 6177 6201 6202
f 6177 6202 6178
f 6178 6202 6203
f 6178 6203 6181
f 6179 6204 6195
f 6179 6183 6205
f 6179 6205 6206
f 6179 6206 6204
f 6181 6203 6182
f 6182 6203 6207
f 6182 6207 6208
f 6182 6208 6209
f 6182 6209 6183
f 6183 6209 6205
f 6186 6190 6210
f 6186 6210 6211
f 6186 6211 6187
f 6187 6211 6212
f 6187 6212 6191
f 6188 6213 6189
f 6189 6214 6190
f 6189 6213 6215
f 6189 6215 6214
f 6190 6214 6210
f 6191 6212 6216
f 6191 6216 6192
f 6194 6195 6196
f 6195 6204 6196
f 6201 6217 6218
f 6201 6218 6202
f 6202 6218 6203
f 6203 6218 6219
f 6203 6219 6220
f 6203 6220 6207
f 6204 6206 6221
f 6205 6209 6222
f 6205 6222 6223
f 6205 6223 6224
f 6205 6224 6221
f 6205 6221 6206
f 6207 6220 6225
f 6207 6225 6208
f 6208 6226 6222
f 6208 6222 6209
f 6208 6225 6227
f 6208 6227 6226
f 6210 6214 6228
f 6210 6228 6211
f 6211 6228 6229
f 6211 6229 6230
f 6211 6230 6212
f 6212 6230 6252
f 6212 6252 6231
f 6212 6231 6216
f 6213 6232 6215
f 6214 6233 6228
f 6214 6215 6233
f 6215 6232 6234
f 6215 6234 6233
f 6217 6235 6218
f 6218 6235 6219
f 6219 6235 6236
f 6219 6236 6237
f 6219 6237 6220
f 6220 6238 6239
f 6220 6239 6240
f 6220 6240 6241
f 6220 6241 6227
f 6220 6227 6225
f 6220 6237 6238
f 6222 6226 6242
f 6222 6242 6243
f 6222 6243 6244
f 6222 6244 6245
f 6222 6245 6223
f 6223 6245 6246
f 6223 6246 6224
f 6226 6227 6242
f 6227 6241 6247
f 6227 6247 6242
f 6228 6233 6248
f 6228 6248 6229
f 6229 6248 6249
f 6229 6249 6250
f 6229 6250 6230
f 6230 6250 6251
f 6230 6251 6252
f 6232 6253 6234
f 6233 6234 6254
f 6233 6254 6248
f 6234 6253 6255
f 6234 6255 6254
f 6236 6256 6237
f 6237 6256 6238
f 6238 6257 6258
f 6238 6258 6239
f 6238 6256 6257
f 6239 6258 6259
f 6239 6259 6260
f 6239 6260 6240
f 6240 6261 6247
f 6240 6247 6241
f 6240 6260 6262
f 6240 6262 6263
f 6240 6263 6264
f 6240 6264 6261
f 6242 6247 6243
f 6243 6247 6261
f 6243 6261 6265
f 6243 6265 6266
f 6243 6266 6267
f 6243 6267 6244
f 6244 6267 6268
f 6244 6268 6269
f 6244 6269 6245
f 6245 6269 6246
f 6248 6254 6263
f 6248 6263 6249
f 6249 6263 6270
f 6249 6270 6250
f 6250 6271 6251
f 6250 6270 6272
f 6250 6272 6271
f 6253 6273 6255
f 6254 6255 6264
f 6254 6264 6263
f 6255 6273 6274
f 6255 6274 6265
f 6255 6265 6264
f 6259 6275 6260
f 6260 6275 6272
f 6260 6272 6270
f 6260 6270 6262
f 6261 6264 6265
f 6262 6270 6263
f 6265 6274 6266
f 6266 6274 6276
f 6266 6276 6277
f 6266 6277 6267
f 6267 6277 6268
f 6273 6278 6274
f 6274 6278 6276
f 6279 6280 6284
f 6279 6284 6291
f 6279 6291 6301
f 6279 6301 6300
f 6279 6300 6314
f 6279 6314 6336
f 6279 6336 6339
f 6279 6339 6368
f 6279 6368 6409
f 6279 6409 6453
f 6279 6453 6464
f 6279 6464 6421
f 6279 6421 6420
f 6279 6420 6380
f 6279 6380 6379
f 6279 6379 6350
f 6279 6350 6349
f 6279 6349 6325
f 6279 6325 6307
f 6279 6307 6294
f 6279 6294 6286
f 6279 6286 6281
f 6279 6281 6287
f 6279 6287 6296
f 6279 6296 6312
f 6279 6312 6335
f 6279 6335 6365
f 6279 6365 6399
f 6279 6399 6401
f 6279 6401 6450
f 6279 6450 6449
f 6279 6449 6413
f 6279 6413 6412
f 6279 6412 6372
f 6279 6372 6343
f 6279 6343 6319
f 6279 6319 6313
f 6279 6313 6297
f 6279 6297 6288
f 6279 6288 6282
f 6279 6282 6285
f 6279 6285 6280
f 6280 6283 6284
f 6280 6285 6283
f 6281 6286 6287
f 6282 6288 6285
f 6283 6289 6284
f 6283 6285 6290
f 6283 6290 6289
f 6284 6289 6291
f 6285 6288 6292
f 6285 6292 6293
f 6285 6293 6290
f 6286 6294 6309
f 6286 6309 6329
f 6286 6329 6356
f 6286 6356 6390
f 6286 6390 6430
f 6286 6430 6433
f 6286 6433 6472
f 6286 6472 6494
f 6286 6494 6496
f 6286 6496 6512
f 6286 6512 6503
f 6286 6503 6478
f 6286 6478 6439
f 6286 6439 6438
f 6286 6438 6393
f 6286 6393 6359
f 6286 6359 6331
f 6286 6331 6310
f 6286 6310 6295
f 6286 6295 6287
f 6287 6295 6310
f 6287 6310 6330
f 6287 6330 6357
f 6287 6357 6391
f 6287 6391 6434
f 6287 6434 6437
f 6287 6437 6477
f 6287 6477 6476
f 6287 6476 6502
f 6287 6502 6506
f 6287 6506 6505
f 6287 6505 6504
f 6287 6504 6483
f 6287 6483 6444
f 6287 6444 6443
f 6287 6443 6441
f 6287 6441 6395
f 6287 6395 6360
f 6287 6360 6332
f 6287 6332 6311
f 6287 6311 6296
f 6288 6297 6292
f 6289 6298 6299
f 6289 6299 6300
f 6289 6300 6301
f 6289 6301 6291
f 6289 6290 6302
f 6289 6302 6298
f 6290 6293 6303
f 6290 6303 6302
f 6292 6297 6304
f 6292 6304 6305
f 6292 6305 6293
f 6293 6306 6303
f 6293 6305 6306
f 6294 6307 6308
f 6294 6308 6309
f 6296 6311 6312
f 6297 6313 6304
f 6298 6314 6299
f 6298 6302 6315
f 6298 6315 6316
f 6298 6316 6314
f 6299 6314 6300
f 6302 6303 6315
f 6303 6306 6317
f 6303 6317 6318
f 6303 6318 6315
f 6304 6313 6319
f 6304 6319 6320
f 6304 6320 6321
f 6304 6321 6305
f 6305 6321 6322
f 6305 6322 6323
f 6305 6323 6306
f 6306 6323 6324
f 6306 6324 6317
f 6307 6325 6326
f 6307 6326 6308
f 6308 6327 6328
f 6308 6328 6329
f 6308 6329 6309
f 6308 6326 6327
f 6310 6331 6330
f 6311 6332 6333
f 6311 6333 6334
f 6311 6334 6312
f 6312 6334 6335
f 6314 6316 6336
f 6315 6318 6337
f 6315 6337 6316
f 6316 6337 6338
f 6316 6338 6339
f 6316 6339 6336
f 6317 6340 6341
f 6317 6341 6318
f 6317 6324 6342
f 6317 6342 6340
f 6318 6341 6337
f 6319 6343 6320
f 6320 6343 6344
f 6320 6344 6345
f 6320 6345 6321
f 6321 6345 6346
f 6321 6346 6322
f 6322 6346 6347
f 6322 6347 6324
f 6322 6324 6323
f 6324 6347 6348
f 6324 6348 6342
f 6325 6349 6326
f 6326 6349 6350
f 6326 6350 6351
f 6326 6351 6327
f 6327 6352 6353
f 6327 6353 6354
f 6327 6354 6355
f 6327 6355 6328
f 6327 6351 6352
f 6328 6355 6356
f 6328 6356 6329
f 6330 6331 6358
f 6330 6358 6357
f 6331 6359 6358
f 6332 6360 6333
f 6333 6361 6334
f 6333 6360 6361
f 6334 6361 6362
f 6334 6362 6363
f 6334 6363 6364
f 6334 6364 6335
f 6335 6364 6365
f 6337 6341 6338
f 6338 6341 6366
f 6338 6366 6367
f 6338 6367 6368
f 6338 6368 6339
f 6340 6369 6341
f 6340 6342 6370
f 6340 6370 6369
f 6341 6369 6371
f 6341 6371 6366
f 6342 6348 6370
f 6343 6372 6344
f 6344 6372 6373
f 6344 6373 6374
f 6344 6374 6345
f 6345 6374 6375
f 6345 6375 6346
f 6346 6375 6347
f 6347 6375 6376
f 6347 6376 6348
f 6348 6376 6377
f 6348 6377 6378
f 6348 6378 6370
f 6350 6379 6351
f 6351 6379 6380
f 6351 6380 6381
f 6351 6381 6382
f 6351 6382 6352
f 6352 6383 6384
f 6352 6384 6385
f 6352 6385 6353
f 6352 6382 6383
f 6353 6385 6386
f 6353 6386 6387
f 6353 6387 6354
f 6354 6387 6355
f 6355 6387 6388
f 6355 6388 6429
f 6355 6429 6389
f 6355 6389 6430
f 6355 6430 6390
f 6355 6390 6356
f 6357 6358 6392
f 6357 6392 6391
f 6358 6359 6393
f 6358 6393 6394
f 6358 6394 6392
f 6360 6395 6361
f 6361 6395 6396
f 6361 6396 6397
f 6361 6397 6362
f 6362 6397 6398
f 6362 6398 6363
f 6363 6399 6364
f 6363 6398 6400
f 6363 6400 6401
f 6363 6401 6399
f 6364 6399 6365
f 6366 6371 6402
f 6366 6402 6403
f 6366 6403 6367
f 6367 6404 6405
f 6367 6405 6406
f 6367 6406 6407
f 6367 6407 6368
f 6367 6403 6408
f 6367 6408 6404
f 6368 6407 6409
f 6369 6410 6371
f 6369 6370 6411
f 6369 6411 6410
f 6370 6378 6411
f 6371 6410 6402
f 6372 6412 6373
f 6373 6412 6413
f 6373 6413 6414
f 6373 6414 6415
f 6373 6415 6374
f 6374 6415 6416
f 6374 6416 6375
f 6375 6416 6376
f 6376 6416 6377
f 6377 6416 6417
f 6377 6417 6418
f 6377 6418 6378
f 6378 6418 6419
f 6378 6419 6411
f 6380 6420 6381
f 6381 6420 6421
f 6381 6421 6382
f 6382 6421 6422
f 6382 6422 6406
f 6382 6406 6383
f 6383 6406 6423
f 6383 6423 6384
f 6384 6408 6424
f 6384 6424 6385
f 6384 6423 6406
f 6384 6406 6405
f 6384 6405 6404
f 6384 6404 6408
f 6385 6424 6425
f 6385 6425 6426
f 6385 6426 6386
f 6386 6426 6465
f 6386 6465 6427
f 6386 6427 6387
f 6387 6427 6388
f 6388 6427 6428
f 6388 6428 6429
f 6389 6429 6431
f 6389 6431 6432
f 6389 6432 6433
f 6389 6433 6430
f 6391 6392 6434
f 6392 6394 6435
f 6392 6435 6436
f 6392 6436 6437
f 6392 6437 6434
f 6393 6438 6394
f 6394 6438 6439
f 6394 6439 6440
f 6394 6440 6435
f 6395 6441 6396
f 6396 6442 6397
f 6396 6441 6443
f 6396 6443 6444
f 6396 6444 6442
f 6397 6442 6445
f 6397 6445 6446
f 6397 6446 6398
f 6398 6446 6447
f 6398 6447 6448
f 6398 6448 6415
f 6398 6415 6414
f 6398 6414 6400
f 6400 6414 6449
f 6400 6449 6450
f 6400 6450 6401
f 6402 6410 6451
f 6402 6451 6424
f 6402 6424 6408
f 6402 6408 6403
f 6406 6422 6407
f 6407 6422 6452
f 6407 6452 6409
f 6409 6452 6453
f 6410 6425 6424
f 6410 6424 6451
f 6410 6411 6425
f 6411 6419 6454
f 6411 6454 6455
f 6411 6455 6425
f 6413 6449 6414
f 6415 6448 6416
f 6416 6448 6456
f 6416 6456 6417
f 6417 6457 6418
f 6417 6456 6448
f 6417 6448 6458
f 6417 6458 6459
f 6417 6459 6457
f 6418 6460 6461
f 6418 6461 6419
f 6418 6457 6460
f 6419 6461 6462
f 6419 6462 6463
f 6419 6463 6454
f 6421 6464 6422
f 6422 6464 6453
f 6422 6453 6452
f 6425 6455 6465
f 6425 6465 6426
f 6427 6465 6466
f 6427 6466 6428
f 6428 6466 6467
f 6428 6467 6468
f 6428 6468 6429
f 6429 6469 6431
f 6429 6468 6469
f 6431 6469 6470
f 6431 6470 6471
f 6431 6471 6432
f 6432 6471 6494
f 6432 6494 6472
f 6432 6472 6433
f 6435 6473 6436
f 6435 6440 6474
f 6435 6474 6473
f 6436 6473 6475
f 6436 6475 6476
f 6436 6476 6477
f 6436 6477 6437
f 6439 6478 6440
f 6440 6478 6479
f 6440 6479 6474
f 6442 6480 6481
f 6442 6481 6482
f 6442 6482 6445
f 6442 6444 6483
f 6442 6483 6480
f 6445 6482 6484
f 6445 6484 6446
f 6446 6485 6459
f 6446 6459 6458
f 6446 6458 6447
f 6446 6484 6485
f 6447 6458 6448
f 6454 6463 6467
f 6454 6467 6466
f 6454 6466 6465
f 6454 6465 6455
f 6457 6459 6485
f 6457 6485 6486
f 6457 6486 6487
f 6457 6487 6460
f 6460 6488 6489
f 6460 6489 6462
f 6460 6462 6461
f 6460 6487 6490
f 6460 6490 6491
f 6460 6491 6488
f 6462 6489 6492
f 6462 6492 6463
f 6463 6492 6467
f 6467 6492 6468
f 6468 6492 6469
f 6469 6492 6488
f 6469 6488 6470
f 6470 6488 6493
f 6470 6493 6471
f 6471 6493 6495
f 6471 6495 6496
f 6471 6496 6494
f 6473 6497 6475
f 6473 6474 6498
f 6473 6498 6497
f 6474 6479 6499
f 6474 6499 6500
f 6474 6500 6498
f 6475 6497 6501
f 6475 6501 6502
f 6475 6502 6476
f 6478 6503 6479
f 6479 6503 6495
f 6479 6495 6499
f 6480 6483 6504
f 6480 6504 6505
f 6480 6505 6506
f 6480 6506 6502
f 6480 6502 6481
f 6481 6502 6501
f 6481 6501 6507
f 6481 6507 6508
f 6481 6508 6482
f 6482 6508 6484
f 6484 6508 6485
f 6485 6508 6486
f 6486 6509 6510
f 6486 6510 6487
f 6486 6508 6507
f 6486 6507 6509
f 6487 6510 6490
f 6488 6491 6511
f 6488 6511 6493
f 6488 6492 6489
f 6490 6510 6491
f 6491 6510 6511
f 6493 6511 6500
f 6493 6500 6499
f 6493 6499 6495
f 6495 6512 6496
f 6495 6503 6512
f 6497 6507 6501
f 6497 6498 6509
f 6497 6509 6507
f 6498 6500 6510
f 6498 6510 6509
f 6500 6511 6510

