# Blender 4.3.2
# www.blender.org
mtllib scaled.mtl
o textured
v 0.169644 -0.040563 0.005607
v 0.165939 -0.028616 0.007216
v 0.161841 -0.014862 0.008966
v 0.157582 -0.001114 0.010312
v 0.153648 0.013391 0.011294
v 0.151588 0.029883 0.010638
v 0.150247 0.047887 0.009400
v 0.144569 0.052986 0.009470
v 0.142340 0.049600 0.009889
v 0.148897 0.057536 0.031419
v 0.152517 0.069736 0.045757
v 0.152454 0.087819 0.053338
v 0.152630 0.104518 0.057265
v 0.150910 0.119169 0.058921
v 0.148591 0.134624 0.059405
v 0.145769 0.150682 0.058981
v 0.143031 0.169020 0.057121
v 0.143149 0.187421 0.053501
v 0.144626 0.202287 0.049054
v 0.150564 0.215719 0.043146
v 0.156505 0.227256 0.035319
v 0.158396 0.237993 0.023989
v 0.162375 0.245604 0.007439
v 0.164810 0.246452 -0.010013
v 0.166074 0.242145 -0.024715
v 0.166436 0.234374 -0.038859
v 0.164923 0.223616 -0.053362
v 0.162831 0.211202 -0.066317
v 0.158922 0.196693 -0.076003
v 0.156644 0.176103 -0.079616
v 0.152680 0.151325 -0.080746
v 0.152213 0.126310 -0.079169
v 0.150885 0.102019 -0.074032
v 0.149535 0.079411 -0.062566
v 0.145169 0.062767 -0.041896
v 0.142427 0.052720 -0.016082
v 0.171921 -0.038897 -0.016646
v 0.181072 -0.035742 -0.033539
v 0.195191 -0.031338 -0.046797
v 0.211759 -0.023334 -0.055895
v 0.228753 -0.015821 -0.060007
v 0.238657 -0.011155 -0.053608
v 0.247544 -0.007238 -0.033344
v 0.259578 -0.002383 -0.019218
v 0.277557 0.003828 -0.011091
v 0.288984 0.008612 -0.001926
v 0.289709 0.009140 0.003770
v 0.281432 0.006660 0.012316
v 0.267300 0.000569 0.015194
v 0.252273 -0.005588 0.019407
v 0.238992 -0.010570 0.027917
v 0.226719 -0.015715 0.038981
v 0.212903 -0.021622 0.045775
v 0.196980 -0.028881 0.038908
v 0.180028 -0.034396 0.026118
v 0.216510 0.110664 0.026872
v 0.173394 0.039770 0.044942
v 0.190495 0.017744 -0.058620
v 0.235948 0.077608 0.012432
v 0.154847 0.022545 -0.035424
v 0.149865 0.039801 -0.013518
v 0.222407 0.011130 -0.060830
v 0.208914 -0.008029 0.047313
v 0.260940 0.012611 0.015210
v 0.275422 0.019610 0.011644
v 0.246367 0.006269 0.019778
v 0.282869 0.028439 0.000783
v 0.234348 -0.001237 -0.057623
v 0.249427 0.009660 -0.023366
v 0.207638 -0.012393 -0.056104
v 0.221739 0.005248 0.040922
v 0.166749 -0.028909 -0.012851
v 0.201955 0.153354 0.040855
v 0.200689 0.097366 0.048400
v 0.172059 0.085058 0.051058
v 0.158204 0.066715 0.045209
v 0.159491 0.048920 0.041444
v 0.153136 0.044458 0.028677
v 0.149125 0.057579 0.031181
v 0.158361 0.016345 0.026310
v 0.181210 0.032710 0.046141
v 0.188000 0.102828 -0.068255
v 0.160208 0.059552 -0.061812
v 0.151090 0.058763 -0.044853
v 0.152773 0.039209 -0.039062
v 0.146139 0.053730 -0.016052
v 0.156852 0.098471 -0.071409
v 0.177488 0.101304 -0.071854
v 0.163394 -0.004329 0.022690
v 0.169871 -0.013440 0.026733
v 0.164777 0.015803 -0.046559
v 0.157896 0.009265 -0.030685
v 0.176672 0.014720 -0.054458
v 0.157714 -0.003194 -0.009170
v 0.183988 -0.006712 0.039470
v 0.270668 0.033823 0.009991
v 0.278540 0.036189 0.005007
v 0.270185 0.051402 0.007060
v 0.231544 0.028048 -0.054824
v 0.242941 0.049119 -0.019974
v 0.277874 0.019087 -0.008278
v 0.186795 -0.002522 -0.052298
v 0.178191 -0.014253 -0.043143
v 0.172271 0.168951 0.051713
v 0.163256 0.035159 0.039880
v 0.188912 0.178126 -0.059451
v 0.191933 0.142266 -0.064418
v 0.200032 0.120976 -0.063178
v 0.191264 0.222340 -0.011339
v 0.196192 0.213133 0.012076
v 0.161926 0.129849 -0.078489
v 0.189105 0.122541 -0.067323
v 0.169301 0.000264 0.032584
v 0.166863 0.010966 0.034175
v 0.199574 0.002520 0.047195
v 0.214183 0.052550 0.044904
v 0.237560 0.058835 0.014215
v 0.228284 0.034883 0.027695
v 0.228374 0.015704 0.031564
v 0.219930 0.036857 0.040192
v 0.227671 0.054795 0.022968
v 0.201423 0.036292 0.049896
v 0.197728 0.018639 0.048628
v 0.227159 0.073003 0.019275
v 0.249377 0.082812 0.008944
v 0.220564 0.071583 0.031275
v 0.256307 0.027569 0.013374
v 0.274469 0.047666 0.000931
v 0.230971 0.009765 -0.058148
v 0.242764 0.028353 -0.027049
v 0.213209 0.001475 -0.059551
v 0.194872 -0.009637 -0.052955
v 0.172846 0.186237 0.047356
v 0.155122 0.151618 0.056242
v 0.159993 0.118234 0.055752
v 0.161005 0.103730 0.054182
v 0.158185 0.133955 0.056578
v 0.175259 0.117788 0.051919
v 0.179446 0.054287 0.047729
v 0.187877 0.222684 -0.021823
v 0.185287 0.229599 -0.002948
v 0.181285 0.226896 0.017317
v 0.181771 0.173995 -0.068872
v 0.185556 0.197153 -0.053265
v 0.181545 0.007700 0.041513
v 0.192745 0.040642 0.049149
v 0.206013 0.051148 0.048908
v 0.201076 0.060555 0.049529
v 0.192337 0.054536 0.049431
v 0.214981 0.070389 0.043271
v 0.196468 0.065299 0.049375
v 0.251938 0.064430 0.010426
v 0.176211 0.213594 0.035103
v 0.173357 0.202145 0.042432
v 0.185532 0.185799 0.041093
v 0.164543 0.216750 0.040183
v 0.156368 0.204508 0.046532
v 0.167614 0.067645 0.048930
v 0.193527 0.081539 0.048561
v 0.177795 0.235176 -0.015921
v 0.185380 0.228547 -0.012612
v 0.175827 0.235994 0.007752
v 0.169266 0.225490 0.031179
v 0.183151 0.146959 -0.071648
v 0.177114 0.215565 -0.048022
v 0.186696 0.059084 0.048870
v 0.201911 0.115962 0.046143
v 0.188121 0.118027 0.047316
v 0.187468 0.100384 0.047919
v 0.185346 0.208844 0.030436
v 0.202886 0.192645 0.021639
v 0.184964 0.197900 0.036721
v 0.188013 0.220817 0.015555
v 0.193459 0.219130 0.005565
v 0.211842 0.192644 0.005903
v 0.202748 0.211160 -0.004619
v 0.212844 0.154014 0.018127
v 0.204865 0.205257 0.006350
v 0.204050 0.075732 0.048670
v 0.207571 0.064112 0.047986
v 0.211289 0.110320 0.041215
v 0.185217 0.227702 0.007204
v 0.203998 0.168774 0.033731
v 0.197062 0.184803 0.033764
v 0.217411 0.180834 0.002708
v 0.208913 0.186825 0.014374
v 0.224588 0.150640 0.008181
v 0.193076 0.221561 -0.003659
v 0.200530 0.188552 -0.042343
v 0.193445 0.194072 -0.046776
v 0.202497 0.183772 0.027943
v 0.200338 0.171753 0.036790
v 0.186779 0.170642 0.044188
v 0.207094 0.151363 0.034614
v 0.208421 0.168202 0.023791
v 0.203276 0.134601 0.043388
v 0.182049 0.038119 -0.063055
v 0.169335 0.063570 -0.067185
v 0.186068 0.085909 -0.068182
v 0.219324 0.023502 -0.061170
v 0.201211 0.068019 -0.064203
v 0.195645 0.047589 -0.063572
v 0.214115 0.073595 -0.059854
v 0.196208 0.010472 -0.057456
v 0.164136 0.027266 -0.051328
v 0.173773 0.049026 -0.063878
v 0.187850 0.060774 -0.066258
v 0.170920 0.034124 -0.058873
v 0.181370 0.069808 -0.067801
v 0.207889 0.014029 -0.058963
v 0.207725 0.024412 -0.059832
v 0.222930 0.063344 -0.056916
v 0.224459 0.037572 -0.059371
v 0.215815 0.043939 -0.060709
v 0.228332 0.087962 -0.040068
v 0.223354 0.085913 -0.051910
v 0.232815 0.068551 -0.036748
v 0.238484 0.068501 -0.020227
v 0.255398 0.052864 -0.011277
v 0.259924 0.062554 -0.007040
v 0.263763 0.063062 -0.004072
v 0.194928 0.084060 -0.066114
v 0.236473 0.138878 -0.002862
v 0.234225 0.105588 -0.015960
v 0.238327 0.088437 -0.016376
v 0.248584 0.088350 -0.008487
v 0.225781 0.098573 -0.042726
v 0.238636 0.121838 -0.006918
v 0.245734 0.115787 0.003326
v 0.250796 0.104909 -0.000127
v 0.243524 0.122756 -0.000203
v 0.249585 0.102625 0.004522
v 0.257980 0.085104 -0.001314
v 0.235385 0.140737 0.003154
v 0.238253 0.127169 0.006311
v 0.225009 0.129225 0.011063
v 0.233705 0.112059 0.010114
v 0.231559 0.087509 -0.027357
v 0.230833 0.133639 -0.010718
v 0.246152 0.098756 0.007926
v 0.234152 0.096060 0.011294
v 0.221418 0.131962 -0.032342
v 0.219313 0.159458 -0.016264
v 0.220494 0.142242 -0.024494
v 0.218383 0.180718 -0.003747
v 0.214074 0.176906 -0.017493
v 0.225240 0.126350 -0.021280
v 0.224350 0.142410 -0.015496
v 0.222680 0.165231 -0.006982
v 0.172692 0.151883 0.053731
v 0.212652 0.089772 -0.058482
v 0.202783 0.087484 -0.062916
v 0.198395 0.102731 -0.064824
v 0.202641 0.139539 -0.059082
v 0.207227 0.180509 -0.035593
v 0.217173 0.152926 -0.028365
v 0.211717 0.156255 -0.042003
v 0.216729 0.142229 -0.040992
v 0.217897 0.124043 -0.047751
v 0.209638 0.137637 -0.052705
v 0.206078 0.166236 -0.047509
v 0.222650 0.161935 0.006746
v 0.229435 0.157019 0.001112
v 0.214470 0.168616 0.012640
v 0.174181 -0.025462 0.025121
v 0.155025 0.079011 -0.063343
v 0.161764 -0.015776 -0.009827
v 0.190835 -0.018618 0.040184
v 0.162604 0.086672 0.051556
v 0.151329 0.024444 -0.011974
v 0.160477 0.005001 0.023923
v 0.155471 0.029124 0.028659
v 0.152675 0.170829 0.054259
v 0.153697 0.189087 0.050776
v 0.172137 0.232707 0.020932
v 0.176497 0.237677 -0.004181
v 0.175154 0.226126 -0.038822
v 0.178786 0.229203 -0.029127
v 0.175171 0.201827 -0.061830
v 0.174744 0.185002 -0.072610
v 0.166333 0.148825 -0.080843
v 0.169480 0.167647 -0.078646
v 0.158409 0.112114 -0.074773
v 0.153957 0.009949 -0.010302
v 0.195776 -0.022444 -0.049738
v 0.224582 -0.006566 -0.060967
v 0.242140 0.003545 -0.041343
v 0.282817 0.023621 0.005391
v 0.233594 0.001115 0.028959
v 0.222879 -0.005437 0.041722
v 0.172846 -0.025599 -0.030504
v 0.265215 0.015319 -0.014093
v 0.166542 -0.013748 -0.028929
v 0.176714 0.101385 0.050540
v 0.182257 0.228933 -0.021290
v 0.175816 0.161866 -0.077016
v 0.175080 0.147352 -0.077588
v 0.170439 0.114447 -0.076526
v 0.167700 0.097784 -0.073423
v 0.186095 -0.022377 -0.044997
v 0.224450 0.003589 -0.060743
v 0.237078 0.016289 -0.047388
v 0.161711 -0.002060 -0.028868
v 0.164206 0.022263 0.035767
v 0.240529 0.020180 0.018326
v 0.164241 0.079629 -0.069239
v 0.180491 0.221225 0.026258
v 0.185511 0.216304 -0.035988
v 0.256486 0.032092 -0.013656
v 0.172884 -0.004530 -0.043513
v 0.169716 0.052167 0.046121
v 0.162856 0.041559 -0.057612
v 0.174039 0.134324 0.053361
v 0.214797 0.005504 0.045601
v 0.202712 0.004026 -0.057262
v 0.174019 0.132435 -0.078315
v 0.273799 0.033611 -0.006966
v 0.180532 0.122880 -0.072111
v 0.172718 0.026430 0.042365
v 0.176367 0.017826 0.041747
v 0.238897 0.039173 0.016512
v 0.254267 0.045706 0.011768
v 0.218566 0.019696 0.043366
v 0.179307 0.066921 0.048939
v 0.183331 0.083590 0.048813
v 0.174343 0.081973 -0.070337
v 0.168138 0.005743 -0.044396
v 0.187657 0.154034 0.045890
v 0.188765 0.214885 0.021749
v 0.195099 0.207950 -0.031856
v 0.226282 0.018901 -0.059856
v 0.235575 0.039376 -0.041566
v 0.208142 0.009783 0.047989
v 0.214954 0.012063 -0.060077
v 0.181996 0.005405 -0.053301
v 0.189396 0.161816 -0.063443
v 0.208197 0.021789 0.048177
v 0.188188 0.135707 0.046621
v 0.194647 0.215758 -0.018694
v 0.268111 0.050601 -0.005689
v 0.187847 0.027289 0.047147
v 0.183928 0.045077 0.047790
v 0.173228 0.024600 -0.056592
v 0.262374 0.068472 0.006266
v 0.266910 0.067086 0.001204
v 0.188474 0.068888 0.048856
v 0.199361 0.172822 -0.052520
v 0.201206 0.202319 -0.027871
v 0.229744 0.052236 -0.051757
v 0.195156 0.195408 0.029694
v 0.195364 0.205351 0.022823
v 0.197640 0.214049 -0.013961
v 0.236222 0.053261 -0.033346
v 0.221123 0.053459 0.035470
v 0.207944 0.193713 -0.018595
v 0.197656 0.157139 -0.058636
v 0.211820 0.036611 0.047239
v 0.203477 0.199472 0.015674
v 0.257682 0.086919 0.003930
v 0.250458 0.069517 -0.010763
v 0.184834 0.025254 -0.059867
v 0.199393 0.030104 -0.060577
v 0.259768 0.071876 -0.005047
v 0.198797 0.051295 0.049727
v 0.212128 0.194373 -0.003433
v 0.210568 0.130029 0.037394
v 0.204012 0.153909 -0.054043
v 0.227392 0.075627 -0.048227
v 0.208718 0.178075 0.018482
v 0.223390 0.091328 0.018078
v 0.208115 0.121755 -0.057556
v 0.205696 0.104802 -0.060858
v 0.212989 0.165808 -0.031027
v 0.210784 0.089736 0.044249
v 0.194101 0.034030 -0.061780
v 0.204843 0.049065 -0.062169
v 0.214596 0.131920 0.019226
v 0.208777 0.148972 -0.050258
v 0.215232 0.178005 0.008463
v 0.218405 0.090424 0.032522
v 0.244003 0.106682 -0.007266
v 0.223205 0.110688 0.014447
v 0.242859 0.109630 0.007766
v 0.215549 0.106807 -0.054659
v 0.223672 0.169180 -0.001393
v 0.221097 0.170440 0.004709
v 0.231063 0.120945 -0.014523
v 0.220416 0.093915 -0.053278
v 0.223052 0.117555 -0.038524
v 0.222143 0.106011 -0.047456
v 0.228480 0.151548 -0.006518
v 0.227482 0.107681 -0.026862
v -0.168851 -0.039333 0.005878
v -0.165687 -0.027919 0.007573
v -0.162486 -0.017984 0.009101
v -0.159148 -0.007055 0.010119
v -0.155677 0.005624 0.010566
v -0.153763 0.020655 0.013088
v -0.151147 0.035964 0.013025
v -0.147242 0.048783 0.013291
v -0.146052 0.047771 0.012995
v -0.151239 0.052588 0.033077
v -0.157707 0.062328 0.045544
v -0.158622 0.078610 0.052154
v -0.157799 0.094635 0.056532
v -0.155799 0.112694 0.059669
v -0.154856 0.132556 0.058754
v -0.154284 0.153052 0.056735
v -0.154571 0.173345 0.054298
v -0.156408 0.197563 0.051084
v -0.160170 0.210168 0.044918
v -0.165630 0.218180 0.038774
v -0.169552 0.225871 0.030589
v -0.172491 0.231928 0.019585
v -0.174335 0.237238 0.006196
v -0.177279 0.235383 -0.009053
v -0.176837 0.232156 -0.024770
v -0.176056 0.222527 -0.039039
v -0.171440 0.212795 -0.054117
v -0.167059 0.199064 -0.067637
v -0.162884 0.186043 -0.076027
v -0.159395 0.161999 -0.079600
v -0.157980 0.137200 -0.079070
v -0.155228 0.113246 -0.076434
v -0.151346 0.090806 -0.070144
v -0.146844 0.070222 -0.058495
v -0.145489 0.054967 -0.037692
v -0.141730 0.049635 -0.011909
v -0.170806 -0.038775 -0.015488
v -0.181492 -0.036146 -0.034714
v -0.195902 -0.030512 -0.047692
v -0.212028 -0.023465 -0.055954
v -0.225532 -0.016522 -0.059140
v -0.236586 -0.011744 -0.054818
v -0.245941 -0.007365 -0.035373
v -0.258704 -0.002537 -0.019106
v -0.277264 0.003700 -0.010547
v -0.287375 0.007861 -0.003783
v -0.290223 0.009303 0.002041
v -0.283520 0.006978 0.011162
v -0.268984 0.001289 0.015049
v -0.252119 -0.005631 0.019610
v -0.236686 -0.011773 0.029185
v -0.224768 -0.016069 0.041273
v -0.212081 -0.022517 0.044435
v -0.195334 -0.028833 0.038848
v -0.179225 -0.036062 0.024472
v -0.160018 0.030384 -0.046523
v -0.226116 0.128404 -0.017273
v -0.189885 -0.001708 0.043137
v -0.152263 0.052346 0.032930
v -0.236714 0.048628 -0.028938
v -0.226457 0.022029 0.033210
v -0.207953 -0.015478 0.045791
v -0.173610 -0.018436 0.027693
v -0.171864 0.017216 0.039893
v -0.241002 0.017463 -0.032824
v -0.265502 0.067719 0.003432
v -0.231918 -0.001740 0.031663
v -0.190672 -0.023923 -0.047027
v -0.226602 -0.004964 -0.060226
v -0.268153 0.031950 -0.009529
v -0.208759 0.024240 0.048370
v -0.205884 0.005528 0.047978
v -0.233717 0.012581 -0.051848
v -0.272244 0.017094 -0.010684
v -0.254981 0.009791 -0.019112
v -0.218177 0.002427 0.044238
v -0.277881 0.037391 -0.001460
v -0.150013 0.050998 -0.039938
v -0.150089 0.037334 -0.010528
v -0.144594 0.049496 -0.011681
v -0.155847 0.006987 -0.014950
v -0.158164 0.015059 -0.035085
v -0.162940 0.051525 0.043244
v -0.160493 -0.013126 -0.007609
v -0.164183 -0.022437 -0.015099
v -0.169032 -0.005491 0.030292
v -0.171148 0.044856 0.045258
v -0.182762 0.037644 0.046983
v -0.174130 -0.009989 -0.042181
v -0.173812 -0.020473 -0.035680
v -0.234676 0.028005 0.021246
v -0.251139 0.020986 0.015336
v -0.249508 0.064479 0.010717
v -0.273749 0.021465 0.011501
v -0.255034 0.050857 0.011171
v -0.247576 0.032665 0.014473
v -0.266586 0.053721 0.007864
v -0.229242 0.057517 0.020760
v -0.232033 0.043116 0.020854
v -0.216248 0.053586 0.043276
v -0.223379 0.051809 0.031023
v -0.271818 0.053829 0.003039
v -0.272135 0.052344 -0.000753
v -0.260723 0.063596 -0.007026
v -0.273776 0.039704 0.008073
v -0.266336 0.067120 -0.000136
v -0.246299 0.055574 -0.015141
v -0.241718 0.089908 0.009700
v -0.244897 0.073778 -0.012791
v -0.244070 0.093302 -0.010216
v -0.235186 0.067456 -0.024765
v -0.260431 0.081447 0.000822
v -0.238800 0.032197 -0.031334
v -0.263578 0.047290 -0.008644
v -0.226186 0.071326 0.021304
v -0.254568 0.082182 0.007639
v -0.259286 0.081148 0.003801
v -0.244330 0.077819 0.010284
v -0.229984 0.042199 -0.052164
v -0.229678 0.063213 -0.044297
v -0.223352 0.055403 -0.056190
v -0.204981 0.019387 -0.059898
v -0.231335 0.026313 -0.052558
v -0.223280 0.019333 -0.060190
v -0.208040 0.005925 -0.058357
v -0.187558 0.033732 -0.060380
v -0.194156 0.021517 -0.058972
v -0.172183 0.002267 -0.045161
v -0.180865 0.017997 -0.056242
v -0.179583 0.030790 -0.058804
v -0.203944 0.040953 -0.061285
v -0.218362 0.035400 0.042487
v -0.228979 0.009124 0.032111
v -0.196543 0.056728 0.050043
v -0.206299 0.050371 0.048997
v -0.216696 0.074277 0.039319
v -0.192756 0.124259 -0.064496
v -0.155730 0.067200 -0.059912
v -0.195952 0.182876 -0.049089
v -0.204626 0.205775 0.000895
v -0.154780 0.026617 -0.031922
v -0.159170 0.063059 0.045035
v -0.163953 -0.013132 -0.023784
v -0.162638 -0.004439 -0.028306
v -0.200443 0.013295 0.048159
v -0.187016 -0.015681 -0.048323
v -0.238956 0.015315 0.020998
v -0.260262 0.067856 0.007573
v -0.181344 0.048982 -0.062563
v -0.158423 0.048733 -0.053636
v -0.170937 0.035414 -0.057846
v -0.164291 0.060895 -0.063464
v -0.173260 0.053535 -0.062848
v -0.172007 0.021420 -0.052835
v -0.210241 0.037848 0.047647
v -0.178077 0.120766 -0.072488
v -0.183692 0.188472 -0.059960
v -0.194041 0.165725 -0.056677
v -0.187852 0.214828 -0.031695
v -0.190217 0.211690 0.021561
v -0.165602 0.192203 0.045868
v -0.162891 0.112719 0.054571
v -0.186362 0.081849 0.048788
v -0.160973 0.077903 0.049808
v -0.209843 0.104825 0.043229
v -0.199162 0.076431 0.049282
v -0.180395 0.110009 0.049726
v -0.180410 0.130512 0.050211
v -0.181704 0.062351 0.048377
v -0.185149 0.009097 0.043292
v -0.231486 0.104041 -0.018155
v -0.227280 0.084361 -0.037613
v -0.185552 0.042641 -0.061707
v -0.166527 0.106352 -0.073229
v -0.172815 0.146095 -0.076906
v -0.196828 0.213945 -0.013144
v -0.196953 0.207914 -0.025020
v -0.188000 0.222670 -0.017968
v -0.196393 0.216206 -0.001451
v -0.178111 0.212190 0.033363
v -0.197816 0.149897 0.043738
v -0.182073 0.149413 0.049105
v -0.231355 0.119382 -0.013512
v -0.220050 0.129991 -0.034176
v -0.221549 0.076859 -0.054966
v -0.214743 0.135439 -0.045642
v -0.173345 0.081279 -0.068162
v -0.183163 0.104678 -0.069093
v -0.181119 0.135499 -0.072606
v -0.181377 0.219623 0.025186
v -0.189036 0.204977 0.028297
v -0.161624 0.152156 0.052899
v -0.192867 0.119650 0.047144
v -0.215963 0.122066 -0.048722
v -0.211149 0.154913 -0.043357
v -0.209845 0.127979 -0.052910
v -0.203836 0.163412 -0.047456
v -0.194325 0.145957 -0.060580
v -0.204108 0.178546 -0.040380
v -0.194357 0.060872 -0.063330
v -0.205754 0.080511 -0.063453
v -0.195733 0.214677 0.007235
v -0.187423 0.194785 0.034796
v -0.212429 0.119694 0.036048
v -0.214661 0.092041 0.039034
v -0.211834 0.159872 0.020549
v -0.213997 0.139707 0.021105
v -0.207688 0.144778 0.036063
v -0.203454 0.175718 0.030367
v -0.196766 0.165809 0.040801
v -0.220712 0.145235 -0.019028
v -0.215205 0.157682 -0.028085
v -0.216027 0.144472 -0.037554
v -0.198158 0.199719 0.021786
v -0.212516 0.179447 0.012328
v -0.218441 0.167843 0.009170
v -0.219832 0.173744 0.004280
v -0.214824 0.185568 0.004381
v -0.227723 0.159151 0.001049
v -0.209748 0.195141 -0.008101
v -0.225157 0.161267 -0.005254
v -0.234761 0.140674 0.003402
v -0.213339 0.190645 -0.000161
v -0.208813 0.186732 -0.022213
v -0.234183 0.142853 -0.003426
v -0.221867 0.086149 0.022436
v -0.220365 0.117525 0.014357
v -0.233229 0.130249 0.007321
v -0.240531 0.123168 0.004583
v -0.197112 0.190775 0.029397
v -0.205500 0.201979 -0.009926
v -0.202471 0.207907 -0.006425
v -0.223760 0.152542 0.008050
v -0.254058 0.096196 0.002239
v -0.247371 0.111123 -0.002166
v -0.253965 0.093725 -0.002413
v -0.240104 0.110079 0.007825
v -0.246868 0.110619 0.003383
v -0.257560 0.079807 -0.005162
v -0.212371 0.038733 -0.060669
v -0.208323 0.062556 -0.060727
v -0.203123 0.200252 -0.021718
v -0.204689 0.191536 -0.030162
v -0.196794 0.198405 -0.037964
v -0.176052 -0.028148 0.025291
v -0.162224 0.094257 0.052619
v -0.162064 0.132106 0.054855
v -0.167345 -0.030926 -0.014795
v -0.177216 -0.029200 -0.034132
v -0.156148 0.043009 0.032639
v -0.160821 0.086101 -0.068357
v -0.160573 0.015240 0.028671
v -0.163688 0.004103 0.028239
v -0.158163 0.028359 0.030078
v -0.159357 0.174768 0.050404
v -0.173293 0.203933 0.040200
v -0.182442 0.224805 0.016352
v -0.187363 0.226211 -0.004632
v -0.186267 0.225404 0.006730
v -0.185794 0.204494 -0.045073
v -0.182095 0.172821 -0.068766
v -0.169698 0.126876 -0.076011
v -0.152349 0.020880 -0.010541
v -0.158256 -0.004833 -0.010626
v -0.205484 -0.017898 -0.054682
v -0.216992 -0.013753 -0.058653
v -0.243343 0.004492 -0.034880
v -0.235363 -0.000157 -0.054192
v -0.284330 0.024543 0.004377
v -0.283418 0.022607 -0.002243
v -0.258829 0.011743 0.015278
v -0.244020 0.004377 0.020690
v -0.220761 -0.007677 0.043635
v -0.191323 -0.022804 0.038866
v -0.152284 0.038203 -0.031898
v -0.168784 0.068859 0.048149
v -0.162572 0.036635 0.038678
v -0.166066 0.028124 0.039139
v -0.189506 0.217616 0.015658
v -0.186109 0.183306 0.041915
v -0.183442 0.168326 0.047099
v -0.182622 0.153910 -0.071320
v -0.173942 0.160987 -0.075595
v -0.216675 -0.006047 -0.059576
v -0.202988 -0.008904 -0.055663
v -0.188327 -0.013514 0.039961
v -0.206214 -0.005864 0.047556
v -0.160186 0.002622 -0.028859
v -0.261708 0.027414 0.012629
v -0.277667 0.039826 0.002185
v -0.174880 0.088857 0.049700
v -0.156358 0.038350 -0.045001
v -0.251545 0.023976 -0.017757
v -0.260522 0.038630 0.011499
v -0.226687 0.007696 -0.060516
v -0.176884 -0.008885 0.034125
v -0.165348 0.009041 -0.042342
v -0.216674 0.003175 -0.059848
v -0.190174 -0.003774 -0.053207
v -0.163990 0.042289 -0.056161
v -0.185587 0.071323 -0.064599
v -0.164587 0.023094 -0.048291
v -0.191644 0.100833 0.048079
v -0.195539 0.179468 0.036700
v -0.198978 0.207236 0.013536
v -0.194012 0.133373 0.046415
v -0.202903 0.205319 -0.012813
v -0.197497 0.031015 0.050036
v -0.206523 0.199145 0.007382
v -0.201706 0.093049 0.047753
v -0.200891 0.112359 0.046199
v -0.205679 0.127187 0.042846
v -0.203665 0.146714 -0.052866
v -0.216053 0.017321 0.044805
v -0.248871 0.039211 -0.016571
v -0.242228 0.046466 0.014321
v -0.194825 0.091713 -0.063419
v -0.206162 0.193020 0.014032
v -0.204791 0.185650 0.021610
v -0.204944 0.161729 0.033968
v -0.225452 0.037479 0.031004
v -0.205961 0.197059 -0.017844
v -0.209815 0.170652 -0.036624
v -0.188480 0.008210 -0.055637
v -0.208441 0.070797 0.047585
v -0.237676 0.060983 0.013962
v -0.220641 0.034929 -0.059156
v -0.209184 0.085194 0.045935
v -0.205903 0.112154 -0.059681
v -0.209972 0.140953 -0.049616
v -0.202746 0.030170 -0.060561
v -0.196381 0.048044 -0.061872
v -0.202728 0.133011 -0.056789
v -0.209188 0.171942 0.021215
v -0.232229 0.076733 0.013919
v -0.194545 0.031909 -0.060473
v -0.215843 0.099720 -0.054781
v -0.214890 0.172696 -0.015608
v -0.216014 0.104104 0.030998
v -0.214290 0.184044 -0.008836
v -0.219615 0.178087 -0.001297
v -0.222033 0.065448 0.029956
v -0.234652 0.086201 -0.019472
v -0.249520 0.096139 0.006316
v -0.212687 0.050436 -0.060186
v -0.229781 0.095669 0.012564
v -0.224468 0.108202 -0.034811
v -0.239803 0.109807 -0.008969
v -0.241777 0.126163 0.000458
v -0.238643 0.124953 -0.005839
v -0.013323 0.225663 0.061393
v -0.002497 0.226869 0.062123
v 0.015282 0.229029 0.061136
v 0.031242 0.234477 0.055664
v 0.047835 0.244442 0.045576
v 0.061713 0.259544 0.030596
v 0.068421 0.276803 0.014455
v 0.073460 0.291784 -0.003885
v 0.083597 0.281981 -0.003343
v 0.097492 0.273320 -0.001670
v 0.113598 0.266447 0.000407
v 0.130587 0.259636 0.003917
v 0.145783 0.253048 0.004806
v 0.146446 0.030343 0.012373
v 0.151998 0.012530 0.015559
v 0.155906 -0.005197 0.017052
v 0.158879 -0.024664 0.018806
v 0.160900 -0.044234 0.019832
v 0.163860 -0.063925 0.019253
v 0.167663 -0.085169 0.016904
v 0.169304 -0.108740 0.014490
v 0.168151 -0.129312 0.015399
v 0.167950 -0.147651 0.014483
v 0.168933 -0.163815 0.015047
v 0.171428 -0.179971 0.016662
v 0.172796 -0.194833 0.020368
v 0.173885 -0.208225 0.025433
v 0.174197 -0.221677 0.027238
v 0.173071 -0.236365 0.028844
v 0.171851 -0.249999 0.031153
v 0.170114 -0.263915 0.034395
v 0.171460 -0.278390 0.032049
v 0.172326 -0.292566 0.033509
v 0.164023 -0.293688 0.053539
v 0.154662 -0.292777 0.070979
v 0.140985 -0.293055 0.084770
v 0.124283 -0.293112 0.097757
v 0.105928 -0.293255 0.108535
v 0.088845 -0.293322 0.116932
v 0.072852 -0.293035 0.123680
v 0.059646 -0.293202 0.128454
v 0.047400 -0.292755 0.132076
v 0.034628 -0.293659 0.134914
v 0.022380 -0.293202 0.137177
v 0.008155 -0.294863 0.136900
v -0.005628 -0.294211 0.136712
v -0.017596 -0.293321 0.136269
v -0.028521 -0.293801 0.134826
v -0.040237 -0.292744 0.132608
v -0.052700 -0.292924 0.129089
v -0.066634 -0.293164 0.124095
v -0.081061 -0.293132 0.117942
v -0.095803 -0.293283 0.110647
v -0.111356 -0.293085 0.102009
v -0.126050 -0.293252 0.091008
v -0.140267 -0.292883 0.078769
v -0.150789 -0.293100 0.064783
v -0.158897 -0.292669 0.047091
v -0.162993 -0.293686 0.031094
v -0.162543 -0.279199 0.032640
v -0.161026 -0.264290 0.033727
v -0.162692 -0.249418 0.032502
v -0.163317 -0.236356 0.032212
v -0.162812 -0.222926 0.034352
v -0.163066 -0.208130 0.032504
v -0.159736 -0.191998 0.033034
v -0.159674 -0.176314 0.031347
v -0.160950 -0.159969 0.031217
v -0.162409 -0.143490 0.031746
v -0.164275 -0.125930 0.031238
v -0.165284 -0.106845 0.034509
v -0.166691 -0.086778 0.033189
v -0.165690 -0.066819 0.033737
v -0.164274 -0.048597 0.032185
v -0.162027 -0.030869 0.029064
v -0.158795 -0.013036 0.026089
v -0.153132 0.004389 0.021058
v -0.145940 0.027409 0.017107
v -0.157698 0.247380 0.004785
v -0.142197 0.255073 0.002224
v -0.124293 0.262885 -0.001525
v -0.105128 0.270738 -0.003080
v -0.084873 0.278998 -0.004202
v -0.071391 0.290760 -0.002698
v -0.064182 0.278593 0.013475
v -0.060588 0.262880 0.027588
v -0.050924 0.250385 0.040391
v -0.040434 0.240326 0.050324
v -0.030413 0.233424 0.056689
v -0.021954 0.227136 0.059994
v -0.133991 -0.005496 0.078392
v -0.164631 0.013147 0.057864
v -0.161056 0.027421 0.044372
v 0.143599 -0.241547 0.080081
v 0.095455 -0.028977 0.105182
v 0.044100 0.114075 0.099696
v 0.074519 0.199456 0.063182
v 0.144365 0.229004 0.035962
v -0.125208 -0.187499 0.089148
v -0.148694 -0.217435 0.065868
v -0.136263 -0.261948 0.081235
v -0.163652 -0.018393 0.055306
v -0.155830 0.044549 0.065333
v -0.162056 0.044246 0.058175
v -0.134230 0.231640 0.034321
v -0.075312 0.255851 0.026807
v 0.073725 -0.240391 0.120587
v 0.132048 -0.185166 0.088205
v 0.127334 -0.266141 0.093827
v 0.161020 -0.254295 0.058415
v 0.116088 -0.092413 0.097262
v 0.099348 0.117968 0.091680
v 0.108286 0.183021 0.063600
v 0.067020 0.227746 0.050894
v 0.069472 0.250958 0.035572
v 0.164483 -0.015473 0.052414
v 0.109968 0.252799 0.020093
v 0.121836 0.196277 0.053796
v -0.119489 -0.132656 0.092452
v -0.142004 -0.174917 0.072442
v -0.110197 -0.279012 0.101592
v -0.149009 -0.278156 0.067281
v -0.123320 -0.264057 0.091924
v -0.138029 -0.277845 0.080220
v -0.046790 -0.247309 0.128414
v -0.145449 0.087442 0.068804
v -0.020661 0.183277 0.074229
v -0.133892 0.115569 0.068970
v -0.051698 0.221333 0.056944
v -0.158905 0.240025 0.019908
v -0.097695 0.261258 0.012295
v 0.125127 -0.280041 0.095947
v 0.139440 -0.270788 0.084409
v 0.110333 -0.280857 0.105211
v 0.164389 -0.245118 0.051919
v 0.151104 -0.261701 0.073189
v 0.157582 -0.277957 0.065336
v 0.126478 0.048765 0.082117
v 0.155101 0.042901 0.066378
v 0.091844 0.258387 0.018710
v 0.112620 0.209793 0.049901
v -0.146692 -0.115923 0.063863
v -0.070180 -0.281346 0.121726
v -0.047228 -0.276592 0.129227
v -0.014054 -0.265569 0.134552
v -0.164709 -0.002872 0.054136
v -0.164177 0.004336 0.042613
v -0.151744 0.092576 0.065442
v -0.151380 0.000345 0.067044
v -0.135504 0.018150 0.076332
v -0.157602 0.027595 0.064697
v -0.150102 0.079963 0.067289
v -0.143002 0.074290 0.070701
v -0.150206 0.064680 0.068261
v -0.009716 0.204178 0.068224
v -0.003188 0.188342 0.072674
v 0.008501 0.206522 0.067704
v 0.041366 0.203879 0.065868
v 0.038963 0.222851 0.060278
v -0.149134 0.138187 0.062792
v -0.149321 0.171155 0.058411
v -0.148480 0.118798 0.065392
v -0.135207 0.137970 0.065166
v -0.123433 0.135719 0.070703
v -0.131571 0.155505 0.062037
v -0.085742 0.235527 0.039786
v -0.092870 0.248004 0.027402
v -0.115012 0.240305 0.030779
v 0.045784 -0.279235 0.131064
v 0.067290 -0.278766 0.124417
v 0.056889 -0.279006 0.127984
v 0.166071 -0.173247 0.038865
v 0.165392 -0.208762 0.049941
v 0.168012 -0.198721 0.040005
v 0.112880 -0.236624 0.102596
v 0.156562 -0.232429 0.065783
v 0.142072 0.058081 0.072906
v 0.123541 0.062658 0.083211
v 0.140808 0.040713 0.073728
v 0.128516 0.036484 0.081557
v 0.108186 0.053230 0.096121
v 0.113002 0.038634 0.093523
v 0.142355 0.024971 0.073575
v 0.162937 0.023166 0.055617
v 0.157262 0.004123 0.064288
v 0.142759 -0.018871 0.074546
v 0.157073 -0.013406 0.064211
v 0.129718 -0.000990 0.083087
v 0.143333 -0.034530 0.074675
v 0.131851 0.098419 0.074264
v 0.154123 -0.130434 0.063449
v 0.167889 -0.076672 0.033877
v 0.164117 -0.020532 0.037635
v 0.166625 -0.058106 0.036403
v 0.136758 0.133784 0.065609
v 0.131594 0.157535 0.063480
v 0.137628 0.120069 0.067105
v 0.125443 0.131332 0.071860
v 0.111552 0.196112 0.056761
v 0.164180 0.003527 0.053665
v 0.157569 0.019092 0.035210
v 0.125950 0.210950 0.046926
v -0.156792 -0.120450 0.048740
v -0.156299 -0.137372 0.048457
v -0.139419 -0.203038 0.076380
v -0.147867 -0.231402 0.067164
v -0.096138 -0.266250 0.109036
v -0.108858 -0.250237 0.102034
v -0.082847 -0.280757 0.116047
v -0.036745 -0.277988 0.132089
v -0.015026 -0.279603 0.135231
v 0.009209 -0.266167 0.134800
v 0.009552 -0.280246 0.135731
v 0.019822 -0.265797 0.134817
v -0.150005 -0.037532 0.067004
v -0.141308 -0.016132 0.073351
v -0.157353 -0.051076 0.059872
v -0.128228 0.026410 0.081250
v -0.054152 0.205747 0.063043
v -0.041348 0.211160 0.062976
v 0.045503 0.146154 0.088843
v -0.150796 0.107745 0.065094
v -0.131549 0.097626 0.072735
v -0.106361 0.226900 0.042404
v -0.126875 0.208604 0.047187
v -0.080388 0.221143 0.050527
v -0.089169 0.168603 0.074386
v -0.068066 0.195991 0.065376
v -0.115563 0.187771 0.059154
v -0.103894 0.207978 0.052817
v -0.088912 0.195893 0.061665
v -0.070335 0.209075 0.058583
v -0.140355 0.199138 0.049665
v 0.113914 -0.251927 0.102503
v 0.111689 -0.267234 0.103788
v 0.096583 -0.269538 0.111627
v 0.082151 -0.275502 0.118368
v 0.080435 -0.258116 0.118690
v 0.156246 -0.221944 0.065736
v 0.144075 0.095513 0.066017
v 0.139707 0.073348 0.073177
v 0.135842 0.086054 0.073984
v 0.147567 0.081476 0.066250
v 0.084432 0.069676 0.104906
v 0.100962 0.067007 0.099239
v 0.073137 0.054177 0.107133
v 0.117601 0.102788 0.083111
v 0.117998 0.090362 0.084776
v 0.097610 0.101029 0.096293
v 0.052377 0.067012 0.107940
v 0.108946 0.109748 0.088230
v 0.129980 0.108480 0.073710
v 0.089191 0.086951 0.102427
v 0.113001 -0.017455 0.096658
v 0.164417 -0.069931 0.047635
v 0.164464 -0.053805 0.050128
v -0.136064 -0.188390 0.079381
v -0.138435 -0.159050 0.076444
v -0.155890 -0.247300 0.052968
v -0.109886 -0.265081 0.101317
v -0.070201 -0.269006 0.120917
v -0.035315 -0.249037 0.131484
v 0.009411 -0.251182 0.134251
v -0.025836 -0.278959 0.134186
v -0.154029 -0.022031 0.064686
v -0.165668 -0.049290 0.047501
v -0.153360 -0.069518 0.061648
v -0.148270 -0.100096 0.063474
v -0.115646 -0.079809 0.094351
v -0.132676 -0.086337 0.080914
v -0.140657 -0.068822 0.073493
v -0.141484 -0.083267 0.072371
v -0.119149 -0.005672 0.090064
v -0.139536 0.040822 0.073257
v -0.114959 -0.031487 0.093894
v -0.122189 -0.013968 0.088064
v -0.125902 -0.024120 0.085544
v -0.105342 -0.023215 0.099326
v -0.133343 -0.049353 0.079946
v -0.113374 -0.013063 0.094228
v -0.112050 -0.002996 0.094743
v -0.106360 -0.011174 0.098266
v -0.101368 0.027274 0.100469
v -0.110836 0.018435 0.095270
v -0.119393 0.010105 0.089378
v 0.035376 0.160341 0.083373
v -0.004903 0.122424 0.095958
v 0.032394 0.120771 0.097219
v 0.040078 0.125863 0.095874
v 0.063012 0.141244 0.090440
v 0.059234 0.155918 0.084761
v -0.147071 0.102161 0.067490
v -0.121482 0.114530 0.076945
v -0.109531 0.143859 0.078430
v -0.131466 0.173961 0.057403
v -0.056784 0.180716 0.073699
v -0.063760 0.186211 0.070422
v -0.055321 0.195156 0.067516
v -0.048006 0.194193 0.068683
v -0.154668 0.204633 0.049161
v 0.132178 -0.249566 0.090045
v 0.137815 -0.228886 0.084492
v 0.128939 -0.225123 0.091462
v 0.093683 -0.234878 0.112326
v 0.135034 -0.215486 0.086374
v 0.146926 -0.231284 0.076814
v 0.115420 -0.219093 0.100697
v 0.088547 -0.180041 0.112428
v 0.063177 0.106005 0.102858
v 0.113800 0.000619 0.095121
v 0.096619 -0.057992 0.105498
v 0.128458 -0.036374 0.086292
v 0.148934 -0.109247 0.069034
v 0.163912 -0.130070 0.039428
v 0.156318 -0.151478 0.062165
v 0.094975 0.155325 0.079470
v 0.119352 0.140219 0.073420
v 0.119377 0.161035 0.067653
v 0.116332 0.122054 0.080061
v -0.146570 -0.131350 0.064097
v -0.139594 -0.216156 0.076531
v -0.136290 -0.228995 0.080538
v -0.127398 -0.200330 0.087737
v -0.147561 -0.262715 0.068303
v -0.133378 -0.244888 0.083488
v -0.095015 -0.251624 0.109506
v -0.057661 -0.257964 0.125466
v -0.045342 -0.262008 0.129232
v -0.068567 -0.241243 0.120752
v -0.080208 -0.237716 0.115752
v -0.057404 -0.243927 0.125026
v -0.066840 -0.227193 0.120909
v -0.120596 0.037815 0.086683
v -0.128368 0.062468 0.078246
v -0.128828 0.080021 0.076303
v -0.135098 0.050591 0.075317
v -0.137314 -0.034599 0.076433
v -0.122632 -0.064094 0.089155
v -0.111852 0.051568 0.093276
v -0.120326 0.151838 0.069329
v -0.072012 0.173580 0.074946
v -0.091919 0.141363 0.085805
v -0.028394 0.165249 0.081404
v -0.005480 0.160479 0.083201
v -0.012588 0.171046 0.079156
v -0.020613 0.155030 0.085297
v -0.016273 0.128884 0.094259
v 0.018152 0.151115 0.086990
v 0.056086 -0.201902 0.125139
v 0.083933 -0.197532 0.114974
v 0.069090 -0.184157 0.120062
v 0.069642 -0.201506 0.120511
v 0.031236 -0.158595 0.128756
v 0.057581 -0.219010 0.125429
v 0.052963 -0.185141 0.125291
v 0.063784 -0.165881 0.120987
v 0.088437 -0.134632 0.111543
v 0.043708 -0.152647 0.126373
v 0.080042 -0.162432 0.115212
v 0.029976 -0.145774 0.128338
v 0.110694 -0.189880 0.102733
v 0.159058 -0.168286 0.059538
v 0.148427 -0.181624 0.074160
v 0.155007 -0.210234 0.067555
v 0.140138 -0.222214 0.082393
v 0.079113 0.118742 0.097562
v 0.036698 0.057634 0.108226
v 0.065057 0.060070 0.107954
v 0.061264 0.042176 0.109566
v 0.068265 0.011431 0.110892
v 0.072024 0.035386 0.108692
v 0.058725 0.021516 0.111873
v 0.079898 0.024430 0.107605
v 0.039241 -0.008711 0.116923
v 0.087382 0.013996 0.106160
v 0.078100 -0.011921 0.109902
v 0.106222 0.013942 0.099156
v 0.082406 -0.000683 0.108146
v 0.053240 0.083845 0.106764
v 0.094979 -0.043396 0.105768
v 0.099709 0.195963 0.059841
v 0.099838 0.208530 0.053639
v 0.082917 0.239338 0.038609
v 0.090137 0.193741 0.062780
v 0.086868 0.205312 0.057852
v 0.128571 0.228493 0.037703
v 0.101554 0.223247 0.045466
v 0.112915 0.235981 0.034758
v 0.086118 0.221202 0.049791
v 0.099877 0.237980 0.035683
v 0.070328 0.213318 0.057250
v 0.056695 0.206736 0.062693
v 0.064636 0.177575 0.074783
v 0.060945 0.192831 0.068456
v -0.054537 -0.218272 0.124956
v -0.002295 -0.266048 0.134735
v -0.024237 -0.249556 0.133236
v -0.034720 -0.233616 0.130771
v -0.126058 -0.080007 0.086621
v -0.114868 -0.044018 0.094271
v -0.073260 0.053485 0.107389
v -0.067017 0.150300 0.086142
v -0.052177 0.159956 0.082841
v -0.038395 0.170058 0.079303
v 0.013678 0.133385 0.092736
v 0.007290 0.164757 0.081572
v 0.032015 0.136835 0.092070
v 0.073924 -0.145698 0.116993
v 0.126679 -0.205714 0.092381
v 0.114274 -0.168694 0.099795
v 0.143692 -0.148130 0.077523
v 0.127734 -0.148772 0.090751
v 0.132240 -0.166469 0.087537
v 0.123764 -0.130192 0.093219
v 0.071335 0.131600 0.093800
v 0.091256 0.126136 0.091897
v 0.027929 0.021481 0.113128
v 0.100222 0.026183 0.101422
v 0.112595 -0.036198 0.097813
v 0.113688 -0.055596 0.097730
v 0.080302 0.186926 0.067936
v 0.089041 0.175619 0.071712
v 0.076991 0.161860 0.080203
v -0.107787 -0.220184 0.101858
v -0.115431 -0.206596 0.096679
v -0.094261 -0.176100 0.107610
v -0.097345 -0.190857 0.106514
v -0.107638 -0.176118 0.100696
v -0.112319 -0.191162 0.098365
v -0.120280 -0.175313 0.092622
v -0.112991 -0.147021 0.097019
v -0.040683 -0.190552 0.127645
v -0.050252 -0.194688 0.125182
v -0.073644 -0.207688 0.117460
v -0.081816 -0.174857 0.112986
v -0.087253 -0.206440 0.111654
v -0.068395 -0.191748 0.118923
v -0.078280 -0.149522 0.113841
v -0.091819 -0.222235 0.110138
v -0.058242 -0.170144 0.121790
v -0.091667 -0.161765 0.108467
v -0.069547 -0.175590 0.117932
v -0.069089 -0.160966 0.117624
v -0.012953 -0.235459 0.133327
v -0.002066 -0.236061 0.133301
v -0.114715 -0.056180 0.094645
v -0.114755 -0.067061 0.094821
v -0.032649 0.117986 0.098144
v 0.002808 0.173901 0.078134
v 0.017749 0.169656 0.079635
v 0.014544 0.186543 0.073440
v 0.045758 -0.235785 0.129494
v 0.135909 -0.110099 0.083418
v 0.144437 -0.071726 0.074249
v 0.146096 -0.090414 0.072418
v 0.157036 -0.089825 0.057998
v 0.132603 -0.091465 0.085542
v 0.119518 -0.111411 0.095643
v 0.105915 -0.132198 0.103385
v 0.094300 -0.151164 0.109325
v 0.036286 0.039289 0.110654
v 0.038780 0.014463 0.113986
v 0.114682 -0.073609 0.097721
v 0.129150 -0.054407 0.086782
v -0.122335 -0.220804 0.092046
v -0.121758 -0.236281 0.092849
v -0.056510 -0.184155 0.122964
v -0.045918 -0.232537 0.128073
v -0.044634 -0.205641 0.127295
v -0.002631 -0.220321 0.132577
v -0.024560 -0.205766 0.131276
v -0.023694 -0.192555 0.130640
v -0.105177 -0.061390 0.100326
v -0.094054 -0.040392 0.105060
v -0.104844 -0.048380 0.100213
v -0.104818 -0.035746 0.099873
v -0.042915 0.138164 0.091676
v -0.059438 0.125314 0.096342
v -0.056222 0.143625 0.089393
v -0.012477 0.080631 0.104160
v 0.052438 -0.251754 0.128371
v 0.043080 -0.251059 0.130769
v 0.052738 -0.135153 0.123232
v 0.099185 -0.166703 0.107416
v 0.110721 -0.149910 0.101251
v 0.156150 -0.070902 0.061281
v 0.156197 -0.052199 0.062885
v 0.130435 -0.072754 0.086679
v 0.076801 -0.098071 0.113865
v 0.096381 -0.092810 0.106382
v -0.015055 -0.189587 0.131094
v -0.005075 -0.189405 0.131164
v 0.020843 -0.162540 0.130012
v 0.004418 -0.189989 0.131292
v -0.037226 -0.139154 0.126166
v -0.080913 0.100980 0.102200
v -0.033941 0.096335 0.103268
v -0.032560 0.078099 0.105517
v 0.036337 0.086385 0.104894
v 0.038020 0.074996 0.106330
v 0.017209 0.098562 0.101596
v 0.020830 0.112198 0.099075
v 0.005085 0.101433 0.100592
v 0.029140 0.098550 0.102414
v 0.082320 -0.116802 0.113036
v 0.067535 -0.128334 0.118669
v 0.010637 -0.235926 0.133524
v 0.023034 -0.235965 0.133287
v 0.023883 -0.174597 0.130354
v 0.015159 -0.189999 0.131399
v -0.035197 -0.181460 0.128385
v -0.046030 -0.178382 0.125776
v -0.066207 0.105923 0.102635
v -0.089162 0.120000 0.094437
v -0.107073 0.120167 0.087556
v -0.116343 0.097033 0.084674
v -0.097509 0.076383 0.099892
v -0.022192 0.079961 0.104719
v -0.018766 0.111303 0.099319
v 0.036513 -0.085031 0.123633
v 0.020613 -0.250523 0.134136
v 0.011230 -0.149415 0.129547
v 0.020318 -0.150750 0.129506
v 0.026009 -0.134790 0.128176
v 0.035524 -0.171877 0.128711
v 0.026663 -0.188976 0.130779
v 0.042004 -0.202976 0.129033
v 0.002730 -0.174996 0.130597
v 0.004220 -0.145294 0.129330
v -0.003971 -0.128201 0.128334
v 0.005327 -0.134000 0.128758
v -0.004197 -0.143845 0.129133
v -0.009808 -0.158160 0.129691
v -0.019052 -0.155479 0.129229
v -0.026679 -0.178649 0.129728
v -0.025810 -0.143847 0.128133
v -0.048783 -0.164363 0.124427
v -0.048363 -0.135434 0.123417
v -0.044274 -0.146179 0.124925
v -0.112478 0.075232 0.091650
v -0.064225 0.082421 0.107088
v -0.046896 0.078771 0.106613
v -0.036738 0.036911 0.110873
v -0.066014 0.031121 0.110243
v -0.074842 0.005836 0.109466
v -0.083732 0.029624 0.105721
v -0.092385 0.005938 0.104323
v -0.083875 -0.015678 0.107907
v -0.057758 0.058824 0.108668
v -0.009709 0.091161 0.102411
v 0.038460 -0.102302 0.124402
v 0.033378 -0.122999 0.126546
v 0.011315 -0.106694 0.127066
v 0.024861 -0.109643 0.126600
v 0.011184 -0.161945 0.130145
v -0.017902 -0.117131 0.127166
v -0.081214 0.077428 0.105432
v -0.012142 0.030345 0.111691
v -0.017392 0.065057 0.106422
v -0.004003 0.070117 0.105537
v 0.023334 0.056242 0.107957
v -0.001151 0.051817 0.108295
v -0.014675 0.047967 0.109020
v 0.024474 0.071135 0.105943
v 0.023558 0.041824 0.110042
v 0.048076 -0.118483 0.123344
v 0.061526 -0.109808 0.119270
v 0.064014 -0.089714 0.117521
v 0.032181 -0.265539 0.133336
v 0.043710 -0.265489 0.130919
v 0.031377 -0.250891 0.133042
v 0.032215 -0.219828 0.131549
v 0.044344 -0.219219 0.129183
v 0.019963 -0.220574 0.132721
v 0.008816 -0.220284 0.132763
v -0.030000 0.061628 0.107363
v -0.016041 0.016967 0.113751
v -0.021543 0.026793 0.112236
v -0.008283 0.018051 0.113566
v 0.001245 0.007754 0.115145
v 0.010544 0.023552 0.112791
v -0.008745 0.007567 0.115147
v -0.001252 0.035745 0.110936
v -0.030258 -0.132007 0.126905
v -0.058603 0.008496 0.112458
v -0.005800 -0.019944 0.119107
v -0.017576 -0.013258 0.118173
v -0.034493 -0.048603 0.120878
v -0.008105 -0.003359 0.116798
v -0.017433 -0.032467 0.120499
v 0.010683 0.038816 0.110535
v -0.000610 0.022127 0.112958
v 0.015359 0.009032 0.114934
v -0.044650 0.014419 0.113569
v 0.014248 -0.027794 0.120115
v -0.010743 -0.049967 0.122461
v 0.020943 -0.015111 0.118434
v 0.010118 -0.007777 0.117484
v 0.011586 -0.054260 0.123034
v 0.008431 -0.038722 0.121356
v 0.011093 -0.070634 0.124449
v -0.000303 -0.065497 0.124045
v 0.011025 -0.087349 0.125683
v -0.000656 -0.082477 0.125385
v 0.022511 -0.060266 0.123241
v 0.022729 -0.073937 0.124315
v -0.022355 -0.085967 0.124877
v 0.022871 -0.049236 0.122104
v -0.024758 -0.100826 0.125654
v -0.037433 -0.116156 0.124707
v -0.061450 -0.074639 0.116880
v -0.038475 -0.094720 0.123370
v -0.041996 -0.105744 0.123280
v -0.026169 -0.058729 0.122600
v 0.031488 -0.043449 0.121059
v 0.034201 -0.055979 0.121842
v -0.028151 -0.114174 0.126093
v -0.049359 -0.094908 0.121141
v -0.037017 -0.082111 0.122955
v -0.045680 -0.075478 0.120891
v -0.039610 -0.070308 0.121755
v 0.064541 -0.075574 0.116787
v 0.044472 -0.033154 0.118548
v 0.035596 -0.069642 0.122724
v 0.048363 -0.063457 0.120240
v 0.050024 -0.079196 0.120807
v -0.031127 -0.090577 0.124281
v -0.053189 -0.080907 0.119411
v -0.047397 -0.028181 0.117188
v -0.039313 -0.022741 0.117970
v -0.050488 -0.046424 0.118026
v -0.058034 -0.052737 0.116707
v -0.060331 -0.063334 0.116705
v -0.028970 -0.024687 0.119112
v -0.056301 -0.032058 0.115841
v -0.055438 -0.012820 0.114717
v 0.079816 -0.060091 0.111617
v 0.062670 -0.046443 0.115823
v 0.047268 -0.048649 0.119410
v 0.070291 -0.005920 0.111544
v 0.065660 -0.016006 0.113244
v 0.059730 -0.002977 0.113553
v 0.063864 -0.061447 0.116266
v -0.081649 -0.047039 0.109670
v -0.065979 -0.099505 0.116495
v -0.102180 -0.098402 0.102388
v 0.097515 -0.074162 0.105574
v -0.071699 -0.033960 0.112212
v -0.094800 -0.026685 0.104287
v -0.094395 -0.053319 0.105198
v -0.084488 -0.060214 0.109172
v -0.070853 -0.079927 0.114354
v -0.059417 -0.089413 0.118084
v -0.072923 -0.120090 0.115039
v -0.053331 -0.124850 0.121630
v -0.111334 -0.082195 0.097126
v -0.078478 -0.093471 0.112152
v -0.084528 -0.074032 0.109521
v -0.054776 -0.106830 0.120318
v -0.072239 -0.131732 0.115660
v -0.061768 -0.147356 0.119865
v -0.059256 -0.132024 0.120106
v -0.061689 -0.116582 0.118629
v -0.070580 -0.142819 0.116569
v -0.085981 -0.136616 0.110359
v -0.089904 -0.113365 0.108166
v -0.081455 -0.109927 0.111562
v -0.091939 -0.099413 0.107079
v -0.081727 -0.124841 0.111892
v -0.070661 -0.110809 0.115437
v -0.097049 -0.134503 0.105469
v -0.103658 -0.119869 0.101984
v -0.109213 -0.132272 0.099099
v -0.106525 -0.105985 0.100170
v -0.110449 -0.093009 0.097843
v -0.118649 -0.111654 0.092859
v -0.127358 -0.106776 0.085893
v -0.138957 -0.095374 0.074448
v -0.120344 -0.122358 0.091665
v -0.130924 -0.096486 0.082629
v -0.127991 -0.119406 0.085667
v -0.045742 -0.116308 0.123056
v -0.100845 -0.147474 0.103781
v -0.104032 -0.161806 0.102417
v 0.095317 -0.009162 0.104712
v -0.056842 -0.230156 0.124664
v 0.097438 0.136731 0.085872
v 0.090976 0.141723 0.086034
v -0.034174 -0.149943 0.127225
v 0.077163 -0.027741 0.111075
v 0.078822 -0.044327 0.111305
v -0.044102 -0.006271 0.115704
v 0.078546 0.267529 0.016492
v 0.055661 0.236502 0.049764
v 0.023073 0.214013 0.064837
v 0.143325 0.243496 0.022701
v 0.165365 -0.278839 0.048971
v 0.165131 -0.265662 0.048253
v -0.156725 -0.278534 0.050190
v -0.155923 0.229327 0.034366
v -0.157770 0.216697 0.042248
v -0.150262 0.189188 0.054844
v -0.079992 0.268962 0.011887
v -0.118849 0.254501 0.015205
v 0.125037 0.245234 0.024507
v 0.140816 0.213106 0.045067
v 0.136731 0.196306 0.051885
v 0.152050 0.037815 0.033051
v -0.138721 0.246578 0.019820
v -0.068042 0.243329 0.039688
v 0.134348 0.177350 0.057714
v 0.134677 0.144542 0.064790
v 0.140784 0.108520 0.066971
v 0.153136 0.065303 0.064313
v 0.161834 -0.001111 0.036839
v 0.165607 -0.039582 0.037856
v 0.168183 -0.095338 0.031428
v 0.166763 -0.112380 0.032754
v 0.165059 -0.153685 0.040835
v 0.167230 -0.187901 0.039006
v 0.165559 -0.222738 0.049449
v 0.164859 -0.233962 0.050748
v 0.147737 -0.282215 0.077962
v 0.138272 -0.281997 0.086169
v 0.033318 -0.279517 0.133872
v 0.020950 -0.279438 0.135503
v -0.003185 -0.280232 0.135592
v -0.059344 -0.282515 0.125840
v -0.096599 -0.280110 0.109412
v -0.124017 -0.278800 0.091720
v -0.155795 -0.263528 0.051665
v -0.156262 -0.232796 0.052316
v -0.156691 -0.217885 0.052234
v -0.156410 -0.203197 0.051896
v -0.156688 -0.169846 0.049505
v -0.156707 -0.154056 0.048597
v -0.158160 -0.103154 0.049970
v -0.161757 -0.085415 0.048119
v -0.164109 -0.067012 0.047760
v -0.166453 -0.032990 0.046037
v -0.166149 -0.015709 0.044260
v -0.156906 0.063970 0.062680
v -0.150052 0.123349 0.063815
v -0.149036 0.154306 0.060819
v -0.031951 0.209743 0.064703
v 0.166341 -0.256175 0.045953
v 0.158893 -0.265303 0.062854
v -0.058185 0.232248 0.050121
v 0.053341 0.218321 0.058402
v 0.097813 -0.281693 0.111798
v -0.143972 0.215430 0.043606
v -0.137433 0.182774 0.054238
v -0.154156 0.075995 0.064522
v -0.022709 0.207582 0.066349
v -0.146824 -0.246315 0.069633
v 0.120305 0.179431 0.060717
v 0.148875 -0.272636 0.075727
v -0.057674 -0.271270 0.125590
v -0.082961 -0.267501 0.115299
v -0.148608 -0.203668 0.065364
v -0.143493 0.164345 0.060072
v -0.148169 -0.163276 0.063705
v -0.147606 -0.189280 0.066538
v -0.147006 -0.147658 0.064427
v -0.151894 -0.086095 0.061071
v -0.160935 -0.034400 0.057563
v -0.151136 0.054227 0.067756
v 0.055007 -0.265551 0.127875
v 0.066256 -0.264545 0.124161
v 0.164639 -0.034373 0.051556
v 0.164000 -0.087380 0.044803
v 0.163318 -0.100168 0.044229
v 0.027110 0.195966 0.069787
v -0.039405 0.191288 0.070474
v 0.160106 -0.183766 0.058402
v -0.033384 -0.263642 0.132094
v -0.024148 -0.264366 0.133601
v 0.129155 0.123602 0.071212
v 0.161811 -0.196476 0.056170
v 0.157962 0.044505 0.052344
v 0.114917 0.223535 0.042425
v -0.146132 0.031981 0.070140
v 0.155411 -0.241867 0.067748
v 0.107003 0.147788 0.078055
v -0.147330 0.136478 0.063873
v 0.158593 -0.108312 0.052916
v -0.030320 0.187517 0.072403
v -0.149470 -0.175372 0.062570
v -0.155401 -0.185764 0.052747
v 0.157093 -0.031252 0.063367
v 0.154378 0.019701 0.066366
v 0.142026 -0.258682 0.081935
v -0.069773 -0.255418 0.120807
v -0.081795 -0.253408 0.115665
v -0.146991 0.150930 0.061963
v -0.122217 -0.248980 0.092750
v -0.145923 0.011048 0.070237
v -0.131125 0.191670 0.052199
v -0.125364 0.222888 0.040895
v 0.063877 -0.252779 0.124810
v -0.001957 -0.250895 0.134087
v 0.031801 0.178237 0.076330
v 0.044746 0.186475 0.072739
v -0.137502 -0.109220 0.075949
v -0.137133 -0.124717 0.076558
v -0.157991 -0.008111 0.062618
v -0.144137 -0.052363 0.071017
v -0.048186 0.175049 0.076782
v 0.147061 -0.164344 0.074452
v 0.140091 -0.129101 0.080148
v 0.148154 -0.221110 0.075298
v 0.119127 0.075997 0.085591
v 0.108548 0.131171 0.082912
v 0.105881 0.168939 0.070540
v 0.152017 -0.196991 0.070438
v 0.124130 0.113981 0.076344
v 0.144984 -0.210917 0.078016
v -0.013053 -0.250452 0.134120
v 0.096945 -0.253662 0.111405
v 0.143584 -0.052795 0.074892
v 0.143716 -0.004953 0.073532
v 0.143599 0.008211 0.073189
v 0.153958 -0.251821 0.069613
v -0.131767 -0.174563 0.083202
v -0.080479 0.182881 0.069292
v -0.093125 -0.236635 0.109804
v 0.146191 -0.250506 0.077986
v -0.130262 -0.211843 0.085519
v 0.048632 0.170521 0.078831
v -0.131122 -0.063265 0.082033
v 0.103528 0.083012 0.096597
v -0.124960 -0.147292 0.088616
v -0.107933 -0.235375 0.102038
v -0.118834 0.168349 0.064923
v 0.056502 -0.237149 0.126579
v 0.036092 -0.235261 0.131548
v -0.127035 -0.161800 0.087056
v -0.062576 0.166042 0.079397
v -0.024450 -0.234506 0.132530
v 0.096794 0.186295 0.064999
v 0.139710 -0.199478 0.082220
v 0.117868 0.026904 0.090509
v 0.130856 0.026954 0.080464
v 0.106027 0.095284 0.093069
v -0.133204 -0.075709 0.080309
v -0.041042 0.154989 0.085172
v 0.136126 -0.235600 0.086123
v 0.002243 0.152242 0.086389
v -0.011682 0.145484 0.088752
v 0.128671 -0.018664 0.085131
v 0.133836 0.013172 0.079259
v -0.127792 0.003102 0.082769
v 0.126704 -0.237295 0.093389
v -0.127673 -0.130441 0.086070
v -0.135932 -0.140550 0.078429
v -0.101320 0.177827 0.067803
v -0.106645 0.161494 0.072906
v -0.127218 -0.072191 0.085510
v -0.077892 -0.222158 0.116236
v -0.033607 0.152951 0.086058
v -0.125024 -0.039489 0.086757
v -0.124029 -0.052724 0.087822
v -0.099580 0.097879 0.096917
v 0.086106 0.106434 0.099427
v 0.074444 -0.219098 0.119595
v 0.093212 0.038192 0.103565
v 0.086406 0.050030 0.104957
v -0.123767 -0.088449 0.088629
v -0.121002 -0.096925 0.090908
v -0.033330 -0.217366 0.130457
v -0.022982 -0.220859 0.132156
v -0.116468 -0.161436 0.095098
v 0.095347 -0.211986 0.110790
v -0.100922 -0.205259 0.105005
v -0.079203 0.156887 0.081626
v 0.077230 0.144098 0.088043
v -0.013233 -0.220546 0.132647
v 0.100953 -0.113356 0.105139
v -0.113968 -0.102059 0.095740
v 0.084849 0.132752 0.091167
v 0.123674 0.016931 0.086691
v -0.001004 0.137745 0.091304
v -0.095034 0.156052 0.078459
v -0.121189 -0.073112 0.090358
v -0.044582 -0.218963 0.127868
v 0.025125 0.125263 0.095482
v 0.049971 0.133567 0.093535
v 0.069184 0.074548 0.107225
v 0.072724 0.090802 0.105447
v -0.114565 -0.021220 0.093748
v -0.074766 0.134916 0.091826
v -0.063436 -0.213822 0.121684
v 0.005537 -0.205388 0.131995
v -0.004953 -0.204610 0.131867
v 0.017365 -0.205133 0.132036
v 0.029375 -0.204281 0.131186
v -0.117517 -0.085725 0.093202
v -0.116588 -0.092540 0.093904
v -0.120088 -0.080316 0.091276
v -0.110872 -0.112632 0.097764
v -0.113534 -0.121845 0.096302
v -0.104215 0.002014 0.099150
v -0.014492 -0.205452 0.131850
v -0.115285 -0.075447 0.094564
v -0.094612 0.054159 0.102227
v 0.092805 0.004577 0.104700
v -0.045772 0.121027 0.097668
v -0.028734 0.138107 0.091580
v 0.008369 0.118247 0.097062
v -0.081873 -0.190221 0.113519
v -0.060355 -0.201024 0.122335
v -0.053271 -0.208414 0.124923
v -0.107463 -0.073731 0.099238
v 0.057544 0.121601 0.097779
v 0.038753 -0.187039 0.128952
v 0.075737 0.004287 0.109623
v -0.034746 -0.202118 0.129389
v -0.075182 0.118849 0.097456
v -0.089010 -0.148481 0.109390
v 0.051939 0.051587 0.109338
v -0.097062 -0.012158 0.102882
v 0.043028 0.098983 0.103425
v 0.032660 0.110315 0.100100
v 0.058436 -0.149315 0.122111
v 0.046687 0.030281 0.111684
v -0.048716 0.102054 0.103601
v 0.080226 -0.078806 0.112199
v -0.092762 -0.123020 0.107182
v -0.097903 -0.110032 0.104616
v 0.048743 -0.168793 0.125787
v -0.101517 -0.086097 0.102614
v 0.013114 -0.175530 0.130733
v -0.007606 -0.174335 0.130431
v -0.030762 -0.191460 0.129640
v -0.094680 -0.064593 0.105310
v -0.097720 -0.074210 0.104136
v -0.006611 0.106415 0.099717
v 0.048262 0.006106 0.114360
v -0.079864 -0.161826 0.113448
v -0.076930 -0.139347 0.114118
v -0.017744 -0.173357 0.130180
v -0.069131 -0.150946 0.117327
v -0.019926 0.094273 0.102622
v 0.000351 -0.158764 0.129815
v -0.090864 -0.085380 0.107219
v 0.000881 0.085081 0.103165
v 0.013432 0.085008 0.103523
v 0.051407 -0.017304 0.116086
v 0.060595 -0.030817 0.115345
v -0.083943 -0.032226 0.108400
v -0.042101 0.057529 0.108487
v 0.039471 -0.136553 0.126490
v 0.027041 0.000180 0.116291
v -0.037630 -0.170010 0.127436
v -0.059531 -0.157748 0.120986
v 0.025988 0.085511 0.104136
v -0.028247 -0.161615 0.128740
v -0.050768 0.035630 0.111003
v 0.051088 -0.096305 0.121416
v -0.072758 -0.063508 0.113145
v -0.069119 -0.049760 0.113601
v 0.010190 0.068051 0.105877
v 0.012809 0.051796 0.108432
v 0.020461 0.029917 0.111921
v -0.065083 -0.137908 0.118393
v -0.013669 -0.140326 0.128815
v -0.051429 -0.152617 0.123269
v 0.031365 -0.025080 0.119321
v -0.068480 -0.017769 0.112208
v -0.040449 -0.157438 0.126259
v 0.019319 -0.140983 0.129032
v -0.055067 -0.142006 0.121797
v -0.066453 -0.125113 0.117410
v -0.061692 -0.041308 0.115185
v -0.012915 -0.126294 0.127910
v -0.020476 -0.130838 0.127834
v -0.026113 0.043520 0.109758
v 0.023718 -0.090191 0.125435
v -0.028365 0.015363 0.113947
v 0.021418 -0.036581 0.120955
v 0.012055 -0.138719 0.129048
v 0.017340 -0.126242 0.128221
v -0.000722 -0.115653 0.127584
v 0.006740 -0.121781 0.128041
v -0.052233 -0.071024 0.119143
v -0.048500 -0.062955 0.119526
v -0.040824 -0.127766 0.124883
v -0.032985 -0.123205 0.125875
v -0.031126 -0.006285 0.116932
v 0.005187 -0.020629 0.119237
v 0.016076 -0.044692 0.121892
v -0.044037 -0.040519 0.118812
v -0.025464 -0.124693 0.127002
v -0.008521 -0.114951 0.127327
v -0.041749 -0.055544 0.120276
v -0.001960 -0.100292 0.126667
v -0.000304 -0.007170 0.117416
v -0.013719 -0.101730 0.126406
v -0.017534 0.004782 0.115510
v -0.033535 -0.064329 0.122220
v 0.002514 -0.029889 0.120377
v -0.037472 -0.033928 0.119154
v -0.044747 -0.085624 0.121642
v -0.011732 -0.067140 0.124006
v 0.000800 -0.048506 0.122351
v -0.032112 -0.075172 0.123166
v -0.030004 -0.038465 0.120337
v -0.004945 -0.034088 0.120797
v -0.032926 -0.102385 0.124643
v -0.035126 -0.109614 0.124685
v -0.023013 -0.047226 0.121734
v -0.019708 -0.064565 0.123510
v -0.028746 -0.082699 0.124062
v -0.025750 -0.072429 0.123660
v -0.018185 -0.054966 0.122716
v -0.018716 -0.074150 0.124285
v -0.012436 -0.083870 0.125286
v -0.016896 0.297869 -0.048189
v -0.028153 0.298033 -0.046834
v -0.045003 0.297806 -0.043109
v -0.057760 0.297653 -0.038023
v -0.068104 0.297210 -0.031442
v -0.074059 0.295320 -0.019580
v -0.163511 -0.295888 0.017697
v -0.163383 -0.295586 0.009513
v -0.161338 -0.295866 -0.009963
v -0.154759 -0.297263 -0.032100
v -0.147467 -0.297777 -0.054552
v -0.139443 -0.297392 -0.078427
v -0.129183 -0.296308 -0.102112
v -0.114800 -0.295016 -0.121634
v -0.095497 -0.294101 -0.134402
v -0.073435 -0.294003 -0.138260
v -0.050081 -0.295605 -0.131038
v -0.029543 -0.297166 -0.118031
v 0.020009 -0.298646 -0.105390
v 0.039840 -0.297241 -0.113442
v 0.061423 -0.295841 -0.127289
v 0.083297 -0.294352 -0.136842
v 0.107766 -0.293898 -0.135207
v 0.128520 -0.295050 -0.120955
v 0.143629 -0.295940 -0.100451
v 0.153654 -0.297138 -0.076336
v 0.161003 -0.297709 -0.051601
v 0.167872 -0.296543 -0.028862
v 0.172551 -0.296141 -0.007338
v 0.174900 -0.294638 0.014450
v 0.074742 0.296154 -0.024893
v 0.062902 0.298057 -0.036810
v 0.043653 0.297816 -0.044336
v 0.024088 0.298030 -0.047372
v 0.003412 0.298152 -0.048618
v 0.009016 0.153052 -0.099130
v -0.024852 0.227491 -0.088835
v -0.018465 0.272327 -0.064124
v -0.028864 0.281583 -0.057492
v -0.002450 0.278412 -0.060449
v 0.085496 0.286685 -0.025847
v 0.070652 0.287534 -0.043733
v -0.043828 0.279372 -0.057372
v -0.078251 0.285649 -0.037703
v -0.047930 0.288537 -0.049915
v 0.089990 0.271356 -0.051036
v 0.130709 0.257042 -0.040530
v 0.104629 0.268996 -0.043077
v 0.129454 0.028787 -0.103290
v -0.058349 -0.086587 -0.125782
v -0.154851 0.013519 -0.056250
v -0.146552 0.019278 -0.037957
v -0.141890 0.030095 -0.016237
v -0.102335 0.164379 -0.106413
v -0.125667 0.257303 -0.043231
v -0.117899 0.268934 -0.015352
v -0.146392 0.255962 -0.012956
v 0.019104 0.267331 -0.067344
v 0.118590 0.268269 -0.028782
v 0.149545 0.253181 -0.025093
v 0.105412 0.262796 -0.052579
v 0.157025 -0.184293 -0.044879
v 0.172821 -0.212741 -0.017125
v 0.160671 -0.263758 -0.038442
v 0.136724 -0.247278 -0.110542
v 0.116695 0.106871 -0.106571
v -0.056242 -0.200562 -0.130255
v -0.129344 -0.121519 -0.075477
v -0.162688 -0.281560 0.006841
v -0.164326 -0.251420 0.015396
v -0.161225 0.241470 -0.030672
v -0.152866 -0.035750 -0.011961
v -0.154506 -0.049718 -0.010182
v 0.053767 0.267419 -0.067336
v 0.060086 0.278144 -0.056511
v 0.035105 0.267104 -0.067881
v 0.079027 0.280575 -0.046522
v 0.006049 0.243381 -0.081075
v 0.019800 0.255397 -0.075238
v 0.115950 0.257653 -0.052568
v 0.164645 -0.143226 -0.044708
v 0.175039 -0.181929 -0.018093
v 0.150838 -0.281833 -0.080311
v 0.169750 -0.280271 -0.009971
v 0.154243 -0.266166 -0.060812
v 0.164018 -0.280977 -0.032850
v 0.077633 -0.235223 -0.133483
v 0.159477 -0.051873 -0.022189
v -0.050592 -0.251034 -0.129364
v -0.139114 -0.273305 -0.069864
v -0.166426 -0.202115 -0.012760
v -0.162989 -0.264797 0.018458
v -0.165092 0.229567 -0.044850
v -0.152247 0.220419 -0.064074
v -0.148963 0.036200 -0.056037
v -0.156377 0.029355 -0.070394
v -0.148449 0.067483 -0.069430
v -0.157110 -0.021961 -0.037730
v -0.160896 -0.086455 -0.016940
v -0.157008 -0.057526 0.010702
v -0.162902 -0.068188 -0.032903
v -0.163838 -0.118350 -0.002505
v -0.165501 -0.072987 -0.049465
v -0.162797 -0.094412 0.006093
v -0.165961 -0.083850 -0.039089
v -0.165580 -0.117097 -0.044787
v -0.164964 -0.062785 -0.049014
v -0.158804 -0.051980 -0.028805
v -0.163225 -0.040151 -0.059211
v -0.162489 -0.052686 -0.061487
v -0.163740 -0.051277 -0.046295
v -0.165542 -0.096675 -0.048674
v -0.163403 -0.108122 -0.012365
v -0.161035 -0.038298 -0.042843
v -0.155711 -0.011254 -0.071643
v -0.161723 -0.027310 -0.054615
v -0.160331 -0.072727 -0.060097
v -0.147212 -0.114281 -0.058859
v -0.166047 -0.136813 -0.022005
v -0.156572 -0.037145 -0.028963
v -0.155122 -0.083761 -0.062115
v -0.159243 -0.129451 -0.048016
v -0.163505 -0.126987 0.012255
v -0.166072 -0.135205 -0.036262
v -0.165666 -0.144736 -0.035007
v -0.164136 -0.128656 -0.008581
v -0.157022 -0.139740 -0.047406
v -0.166519 -0.165316 -0.015790
v -0.165765 -0.154561 -0.032280
v 0.142838 0.177069 -0.088990
v -0.159374 0.205698 -0.070806
v -0.155225 0.196288 -0.079515
v 0.072272 0.263394 -0.067914
v 0.079387 0.235899 -0.087543
v 0.065268 0.252552 -0.078020
v 0.083957 0.249199 -0.077619
v 0.005205 0.254120 -0.075461
v -0.000111 0.265687 -0.068330
v 0.149402 0.255361 -0.010698
v 0.142102 0.245697 -0.049578
v 0.138151 0.236415 -0.063291
v 0.128670 0.250927 -0.053017
v 0.106664 0.251835 -0.065628
v 0.151780 0.211183 -0.072991
v 0.149843 0.198376 -0.079531
v 0.142352 0.194502 -0.084663
v 0.175220 -0.166863 -0.020350
v 0.175468 -0.192244 -0.001470
v 0.107451 -0.279681 -0.134293
v 0.142800 0.120362 -0.088106
v 0.152230 -0.007843 -0.003389
v 0.147846 0.011460 -0.005517
v -0.044018 -0.268360 -0.125792
v -0.134633 -0.286046 -0.088430
v -0.110729 -0.278365 -0.124483
v -0.167485 -0.216409 0.017675
v -0.162657 -0.183100 0.012775
v -0.164287 -0.238128 -0.000275
v -0.160116 -0.235823 -0.016512
v -0.147945 0.092124 -0.078756
v -0.151833 -0.019514 -0.020142
v -0.155612 -0.004037 -0.045511
v -0.140503 0.021911 -0.083910
v -0.150078 0.004278 -0.077437
v -0.153298 0.045581 -0.080581
v -0.123093 0.041893 -0.094331
v -0.131829 0.042032 -0.088758
v -0.126222 0.061005 -0.092588
v -0.115720 0.005136 -0.106196
v -0.122393 0.109740 -0.096312
v -0.121831 -0.014608 -0.097623
v -0.136154 0.002034 -0.084050
v -0.123388 0.077562 -0.095059
v -0.128002 -0.036711 -0.084306
v -0.129079 0.022076 -0.089835
v -0.163579 -0.138679 -0.005120
v -0.152785 -0.180888 -0.041554
v -0.148554 0.114339 -0.083417
v 0.147419 0.157645 -0.085491
v -0.134292 0.205700 -0.082253
v 0.019166 0.243256 -0.081647
v 0.136160 0.176655 -0.093737
v 0.107601 0.175214 -0.104038
v 0.104631 0.193019 -0.101335
v 0.090376 0.188416 -0.105370
v 0.112616 0.215989 -0.088356
v 0.130540 0.211202 -0.082684
v 0.172545 -0.155761 -0.005989
v 0.168728 -0.129194 -0.002558
v 0.170063 -0.228777 -0.018570
v 0.146682 -0.248809 -0.087694
v 0.126500 -0.280697 -0.122524
v 0.085632 -0.280305 -0.136500
v 0.046175 -0.279435 -0.115873
v 0.148937 0.070299 -0.079643
v 0.153615 0.033066 -0.053345
v 0.162927 -0.072515 -0.021641
v -0.133423 -0.274147 -0.088950
v -0.133109 -0.260128 -0.088116
v -0.067115 -0.278464 -0.137042
v -0.165278 -0.225122 0.000776
v -0.166712 -0.211965 0.000512
v -0.163807 -0.216148 -0.013565
v -0.156870 -0.265842 -0.018469
v -0.154887 -0.227586 -0.028591
v -0.152045 0.232712 -0.054095
v -0.152608 0.241607 -0.041882
v -0.137948 0.238770 -0.059267
v -0.116140 0.244368 -0.066315
v -0.141378 0.224462 -0.068083
v -0.123797 0.234113 -0.071382
v -0.116642 0.219395 -0.082988
v -0.145346 0.096239 -0.086559
v -0.135284 0.098287 -0.091202
v -0.125675 0.002840 -0.092089
v -0.159513 -0.024571 -0.066870
v -0.145600 -0.016827 -0.076646
v -0.137983 -0.076063 -0.071381
v -0.163910 -0.159509 -0.004153
v -0.165171 -0.169304 -0.028399
v -0.145605 0.139384 -0.088073
v -0.143168 0.118530 -0.087635
v 0.142423 0.157739 -0.090655
v 0.123381 0.156585 -0.100139
v 0.121898 0.176589 -0.098018
v 0.112271 0.139363 -0.106077
v 0.077606 0.168463 -0.110386
v 0.126396 0.121005 -0.099850
v 0.094103 0.171518 -0.108827
v 0.098727 0.138851 -0.112381
v 0.081237 0.151968 -0.113294
v 0.096545 0.154926 -0.111094
v 0.101115 0.123511 -0.112750
v 0.084491 0.135473 -0.115534
v -0.153715 0.208177 -0.073247
v -0.140780 0.165407 -0.090930
v -0.131382 0.189398 -0.090335
v -0.103896 0.178783 -0.103321
v -0.127805 0.170716 -0.095117
v -0.117402 0.193664 -0.094773
v 0.049535 0.243316 -0.084489
v 0.036627 0.193536 -0.098812
v 0.002705 0.219507 -0.089920
v 0.084949 0.205196 -0.100638
v 0.101177 0.240599 -0.077845
v 0.097263 0.228691 -0.086738
v 0.100725 0.207639 -0.096383
v 0.090343 0.219935 -0.093437
v 0.069234 0.199850 -0.102773
v 0.060020 0.233222 -0.090110
v 0.053293 0.196610 -0.101829
v 0.064575 0.211396 -0.099080
v 0.172244 -0.197709 -0.023783
v 0.170469 -0.176314 -0.030953
v 0.170880 -0.167072 -0.032838
v 0.172804 -0.157746 -0.032864
v 0.174633 -0.147674 -0.032533
v 0.174610 -0.248829 0.006577
v 0.148594 -0.265179 -0.083939
v 0.144586 -0.214335 -0.089606
v 0.102499 -0.249968 -0.134889
v 0.106405 -0.264699 -0.133825
v 0.008757 -0.296665 -0.104322
v 0.046551 -0.243153 -0.115325
v 0.050833 -0.263841 -0.118397
v 0.006563 -0.267257 -0.102515
v -0.005105 -0.255089 -0.103557
v -0.007510 -0.267541 -0.104936
v -0.005896 -0.283534 -0.105354
v -0.036549 -0.241525 -0.119648
v -0.021385 -0.248095 -0.110077
v -0.025353 -0.275384 -0.113468
v 0.148726 0.076379 -0.074346
v 0.154247 -0.009219 -0.024750
v 0.162006 -0.007535 -0.045668
v 0.149068 0.012784 -0.027045
v 0.155077 0.033909 -0.076410
v 0.144933 0.036103 -0.032792
v 0.151236 0.055092 -0.062707
v 0.157765 0.032544 -0.068328
v 0.160056 -0.069810 -0.002840
v 0.167357 -0.093376 -0.021890
v -0.091110 -0.242412 -0.134519
v -0.063824 -0.259597 -0.134956
v -0.167030 -0.204614 0.013232
v -0.165128 -0.174967 -0.002258
v -0.146520 -0.252792 -0.042736
v -0.161772 -0.252842 -0.003196
v -0.161290 -0.267041 0.001592
v -0.149587 -0.211926 -0.038853
v -0.125132 0.249659 -0.056192
v -0.146061 0.252687 -0.029429
v -0.155195 -0.152820 -0.045901
v -0.163507 -0.192149 -0.024761
v -0.121796 0.129498 -0.097383
v 0.146922 0.137469 -0.084015
v 0.146825 0.120997 -0.083263
v -0.148018 0.160286 -0.087194
v 0.034265 0.244337 -0.082360
v 0.035150 0.256011 -0.075805
v 0.033924 0.221536 -0.091725
v 0.051355 0.221998 -0.094307
v 0.016302 0.231650 -0.086271
v 0.007204 0.190401 -0.095882
v 0.174506 -0.145408 -0.017789
v 0.141046 -0.077731 -0.076157
v 0.173026 -0.129419 -0.020175
v 0.162194 -0.208678 -0.035900
v 0.158108 -0.225013 -0.041031
v 0.168735 -0.264425 -0.013685
v 0.157305 -0.243885 -0.045460
v 0.106803 -0.187869 -0.132235
v 0.086583 -0.265682 -0.136101
v 0.097645 -0.233882 -0.135223
v 0.110730 -0.219006 -0.130942
v 0.110327 -0.204786 -0.131208
v 0.066769 -0.265718 -0.128843
v 0.040300 -0.226897 -0.111327
v -0.026272 -0.288756 -0.115541
v 0.153476 0.050683 -0.073221
v 0.164333 -0.091703 -0.004792
v -0.109712 -0.260253 -0.125149
v -0.124952 -0.244339 -0.107195
v -0.124652 -0.260151 -0.107939
v -0.087647 -0.260078 -0.135821
v -0.167138 -0.193808 0.000553
v -0.157486 -0.219057 -0.026365
v -0.125942 -0.181155 -0.101275
v -0.152028 -0.237107 -0.032332
v -0.137732 -0.233392 -0.062902
v -0.154955 -0.196512 -0.036018
v -0.167386 -0.182656 -0.015229
v -0.008738 0.233979 -0.085223
v 0.043407 0.161060 -0.104536
v 0.060245 0.165057 -0.108453
v 0.039286 0.177943 -0.101687
v 0.021062 0.173975 -0.098710
v 0.030499 0.137902 -0.102721
v 0.027793 0.155621 -0.101315
v 0.047978 0.143564 -0.107314
v -0.043879 0.162020 -0.105145
v -0.007357 0.118666 -0.100287
v 0.019548 0.110316 -0.101233
v -0.028298 0.146373 -0.102581
v 0.012027 0.130376 -0.100045
v 0.174695 -0.110590 -0.038850
v 0.163802 -0.123759 -0.050496
v 0.141662 -0.200294 -0.096160
v 0.090327 -0.203755 -0.134827
v 0.060799 -0.238064 -0.124690
v 0.018881 -0.255462 -0.103363
v -0.009391 -0.173418 -0.102301
v 0.035445 -0.210099 -0.108236
v 0.017698 -0.202901 -0.102876
v 0.011535 -0.184348 -0.101607
v 0.003720 -0.217653 -0.101731
v 0.056896 -0.222612 -0.121975
v 0.168970 -0.023840 -0.061702
v -0.134238 -0.198000 -0.067962
v -0.146108 -0.223849 -0.042086
v -0.160628 -0.208864 -0.024649
v -0.008593 0.250182 -0.077822
v -0.019491 0.242054 -0.082371
v -0.036201 0.266947 -0.068091
v 0.174678 -0.129076 -0.036317
v 0.150131 -0.077588 -0.065838
v 0.131903 -0.041881 -0.111616
v 0.140697 -0.064266 -0.077839
v 0.174258 -0.091130 -0.040642
v 0.146455 -0.185946 -0.071227
v 0.137652 -0.134846 -0.103487
v 0.143245 -0.154139 -0.080219
v 0.143510 -0.176665 -0.085012
v 0.147635 -0.159683 -0.060952
v 0.158546 -0.169552 -0.045257
v 0.068513 -0.172365 -0.128526
v 0.087100 -0.173326 -0.133846
v 0.069332 -0.188480 -0.129430
v 0.051903 -0.171186 -0.118191
v 0.014480 -0.167544 -0.102125
v 0.034215 -0.171313 -0.107216
v 0.133599 -0.228414 -0.113374
v 0.132660 -0.151762 -0.111620
v 0.140175 -0.171955 -0.097697
v 0.108368 -0.171833 -0.131109
v 0.135092 -0.197839 -0.110132
v 0.136582 -0.212409 -0.109060
v 0.140269 -0.190478 -0.098992
v 0.139591 -0.151087 -0.097946
v 0.157797 -0.037356 -0.069736
v 0.159565 -0.016410 -0.071669
v 0.165681 -0.028083 -0.044057
v -0.133182 -0.244888 -0.086106
v -0.137797 -0.219032 -0.059370
v -0.142665 -0.193010 -0.048738
v -0.135940 -0.188818 -0.060372
v -0.139450 -0.143327 -0.058930
v -0.129284 -0.194289 -0.092184
v -0.094327 -0.178003 -0.131778
v -0.132310 -0.210099 -0.081543
v -0.122775 -0.196022 -0.108589
v -0.108320 -0.182243 -0.124357
v -0.125380 -0.227292 -0.105780
v 0.142398 -0.184665 -0.091824
v 0.149014 -0.213501 -0.065717
v 0.149951 -0.234162 -0.066895
v 0.145455 -0.196978 -0.081128
v 0.140849 -0.120973 -0.083513
v -0.002826 -0.119663 -0.101358
v 0.135786 -0.023894 -0.097999
v 0.142127 -0.029046 -0.079744
v 0.140984 0.028134 -0.089274
v 0.161834 0.015231 -0.065552
v 0.165825 -0.002748 -0.063660
v 0.145075 0.045747 -0.087238
v 0.145964 0.064179 -0.086322
v 0.130902 0.103436 -0.098464
v 0.138614 0.081365 -0.093115
v 0.118843 0.092207 -0.106333
v 0.127793 0.058611 -0.102526
v -0.137290 -0.161521 -0.058149
v -0.105294 -0.149421 -0.125321
v -0.118449 -0.168575 -0.113770
v -0.129571 -0.139374 -0.078068
v -0.123852 -0.122935 -0.101085
v -0.124540 -0.090066 -0.093476
v -0.115743 -0.155980 -0.116674
v -0.130696 -0.102307 -0.072299
v -0.125774 -0.072022 -0.085676
v -0.119041 -0.041135 -0.104881
v -0.124315 -0.105935 -0.096969
v -0.074534 -0.109169 -0.131515
v -0.094515 -0.115422 -0.130358
v -0.071652 -0.154895 -0.133015
v -0.092758 -0.132038 -0.131423
v -0.088468 -0.162696 -0.132716
v -0.064173 -0.167101 -0.131674
v -0.077545 -0.170847 -0.133762
v -0.065134 -0.178746 -0.132564
v -0.038150 -0.131258 -0.115465
v -0.028104 0.212097 -0.094031
v -0.043083 0.218420 -0.094657
v -0.040761 0.235041 -0.088093
v -0.033396 0.251181 -0.078682
v 0.147276 -0.127879 -0.061544
v 0.145913 -0.108467 -0.064995
v 0.015863 -0.141363 -0.102117
v 0.137480 0.061296 -0.094656
v 0.124448 0.042304 -0.106526
v 0.053950 0.044411 -0.114867
v -0.085703 -0.062816 -0.129309
v -0.127575 -0.059452 -0.082849
v -0.071963 -0.125397 -0.131647
v -0.028862 -0.162515 -0.110598
v 0.090357 0.045787 -0.122968
v 0.109197 0.067316 -0.114004
v 0.119343 0.072375 -0.107771
v 0.098052 0.093858 -0.116337
v 0.110212 0.085262 -0.111480
v 0.112351 0.004621 -0.120329
v 0.128457 -0.006755 -0.112891
v 0.102592 0.110557 -0.113135
v 0.097315 0.031613 -0.122359
v 0.106984 0.049034 -0.116745
v 0.113093 0.036907 -0.115671
v -0.101982 -0.066551 -0.124822
v -0.113545 -0.019463 -0.113207
v -0.055126 -0.119780 -0.125863
v -0.056856 -0.103628 -0.125886
v -0.016426 -0.073267 -0.102916
v -0.039180 -0.077711 -0.113414
v -0.036765 -0.146808 -0.115287
v -0.013911 -0.151220 -0.103990
v -0.003711 -0.135560 -0.101269
v -0.053701 -0.151147 -0.126766
v -0.050661 -0.184040 -0.126967
v -0.032205 -0.184701 -0.113773
v -0.014439 -0.192457 -0.104182
v 0.117233 0.054849 -0.110625
v -0.076445 -0.077282 -0.129988
v -0.096976 -0.099423 -0.128830
v -0.076675 -0.092600 -0.131003
v -0.038507 -0.115695 -0.114973
v -0.038496 -0.098770 -0.114083
v 0.073062 -0.111983 -0.128989
v 0.056779 -0.120222 -0.120502
v 0.033390 -0.139760 -0.106944
v 0.037127 -0.122787 -0.108512
v 0.023557 -0.154811 -0.103925
v -0.098107 -0.081847 -0.127979
v -0.042482 -0.021360 -0.112543
v -0.027664 -0.053595 -0.105920
v 0.050015 -0.086738 -0.115632
v 0.074704 -0.073969 -0.128550
v 0.056093 -0.070457 -0.119091
v 0.037194 -0.154353 -0.108960
v 0.065864 -0.144449 -0.126441
v 0.084234 -0.123760 -0.131468
v -0.068852 -0.061030 -0.127710
v -0.048557 -0.059051 -0.118555
v -0.080591 -0.030116 -0.128408
v -0.104983 -0.035613 -0.123138
v -0.044288 -0.039204 -0.114448
v -0.081762 -0.047157 -0.129272
v -0.087874 -0.001255 -0.126091
v -0.097526 -0.016134 -0.124287
v -0.076696 -0.011650 -0.127475
v -0.037476 -0.005259 -0.109182
v -0.051195 0.001476 -0.115662
v -0.106194 0.001893 -0.119314
v -0.083662 0.012972 -0.125877
v -0.108240 0.061774 -0.110670
v -0.117822 0.060757 -0.099146
v -0.113056 0.043599 -0.106328
v -0.044494 0.018031 -0.111504
v -0.076109 0.030680 -0.123929
v -0.030696 0.010206 -0.105921
v -0.060197 0.024621 -0.119341
v 0.064544 -0.088919 -0.124237
v 0.011860 -0.028514 -0.101265
v -0.000985 -0.056352 -0.100759
v -0.099881 0.019694 -0.121796
v -0.103904 0.042881 -0.116997
v -0.109778 0.024546 -0.112575
v -0.053126 0.043383 -0.114795
v -0.068581 0.049481 -0.120774
v -0.037192 0.036564 -0.107551
v 0.029093 0.026186 -0.104215
v 0.028808 -0.107122 -0.105111
v -0.011875 -0.044687 -0.102289
v -0.030044 0.056244 -0.104505
v -0.039697 0.081680 -0.107353
v 0.037754 0.075188 -0.106539
v -0.000950 0.041214 -0.100951
v -0.014309 0.047802 -0.101610
v 0.009083 0.053061 -0.100941
v -0.019880 -0.113060 -0.104582
v 0.008088 -0.079777 -0.100661
v -0.029985 -0.038622 -0.107119
v -0.024737 -0.011160 -0.104367
v -0.015460 -0.026955 -0.102732
v -0.024123 0.075444 -0.102959
v -0.017577 0.095141 -0.101689
v 0.005198 0.098992 -0.100415
v -0.061887 0.068048 -0.117113
v -0.055677 0.086711 -0.113537
v -0.033273 0.102008 -0.104747
v -0.050306 0.105888 -0.110485
v -0.028865 0.123554 -0.103234
v 0.019453 0.039124 -0.102022
v -0.044973 0.144421 -0.106719
v -0.007190 -0.003637 -0.101357
v 0.004970 -0.010186 -0.100918
v 0.004513 0.025736 -0.100788
v 0.019809 -0.060880 -0.102571
v 0.043891 0.100958 -0.108331
v -0.061889 0.145566 -0.111043
v -0.061569 0.162275 -0.109004
v -0.046353 0.189017 -0.102331
v -0.035796 0.175186 -0.101897
v -0.012351 0.168255 -0.098714
v 0.023031 -0.005992 -0.103035
v 0.048966 0.001990 -0.113647
v 0.028004 -0.023116 -0.104550
v 0.024751 -0.033687 -0.103553
v 0.067939 0.092133 -0.118158
v -0.028589 0.165875 -0.101505
v 0.030635 0.004534 -0.105083
v -0.100666 0.096238 -0.114812
v -0.110906 0.095009 -0.105212
v -0.108526 0.148521 -0.104686
v -0.121311 0.151347 -0.098465
v -0.112862 0.165895 -0.101992
v 0.019377 0.015386 -0.102065
v 0.087807 0.119783 -0.116967
v 0.091967 0.106692 -0.117387
v 0.092448 0.072253 -0.119952
v 0.102048 0.079098 -0.116013
v 0.080901 0.100075 -0.119485
v 0.087720 0.087015 -0.119924
v 0.052667 0.084121 -0.112812
v 0.041452 0.036116 -0.108980
v 0.060675 0.068073 -0.117208
v 0.075889 0.076506 -0.121156
v 0.097782 0.061665 -0.119217
v 0.039831 0.014170 -0.108771
v 0.074185 0.115080 -0.117338
v 0.059577 0.108889 -0.113988
v 0.052860 0.126025 -0.110300
v 0.069209 0.131308 -0.114632
v -0.098299 0.113181 -0.114945
v -0.109100 0.112329 -0.106117
v -0.096870 0.130445 -0.113593
v 0.076917 0.006078 -0.124851
v 0.062331 0.030572 -0.119538
v 0.111446 -0.018434 -0.122533
v 0.116881 -0.008211 -0.119738
v 0.095105 -0.001856 -0.125510
v -0.079355 0.146587 -0.113702
v 0.057292 0.012121 -0.117601
v 0.075118 0.037978 -0.123487
v 0.105230 0.018168 -0.121336
v 0.050662 0.023452 -0.113862
v 0.081526 0.024671 -0.124777
v -0.053322 0.251339 -0.080005
v -0.075484 0.274506 -0.053204
v -0.072150 0.252291 -0.076800
v -0.111875 0.256911 -0.054951
v -0.101365 0.258040 -0.059612
v -0.105103 0.242312 -0.073740
v -0.088342 0.251699 -0.072428
v -0.095018 0.207947 -0.096578
v -0.078086 0.224718 -0.093395
v -0.072520 0.239271 -0.086024
v -0.109480 0.265198 -0.043287
v -0.105641 0.192613 -0.099078
v -0.093428 0.192964 -0.102470
v -0.092874 0.178505 -0.106458
v -0.061881 0.177202 -0.106843
v -0.077648 0.193401 -0.104671
v -0.060897 0.206750 -0.100461
v -0.077281 0.178331 -0.108135
v -0.061609 0.191894 -0.104170
v -0.059436 0.221940 -0.095188
v -0.045005 0.203159 -0.099150
v -0.030677 0.197475 -0.097734
v -0.138318 -0.248348 -0.063742
v -0.017200 -0.211542 -0.105922
v -0.035675 -0.224506 -0.118281
v 0.141147 -0.048038 -0.078204
v 0.142097 -0.139713 -0.082413
v 0.146193 -0.145612 -0.062716
v 0.138029 -0.178888 -0.103087
v -0.112133 -0.227197 -0.122638
v -0.111130 -0.242640 -0.123837
v -0.097737 -0.193572 -0.131153
v -0.113986 -0.210435 -0.120813
v -0.126426 -0.211231 -0.102961
v 0.132736 -0.073502 -0.111507
v 0.139728 -0.104820 -0.082222
v 0.112349 -0.127578 -0.128210
v 0.136017 -0.116411 -0.105726
v 0.128595 -0.099529 -0.117296
v 0.095611 -0.156294 -0.133325
v 0.136954 -0.058824 -0.096084
v 0.110559 -0.102726 -0.128111
v 0.096168 -0.082013 -0.130233
v 0.118982 -0.038061 -0.122622
v 0.132068 -0.057075 -0.112586
v 0.119764 -0.058508 -0.122883
v 0.129548 -0.022949 -0.114937
v -0.093479 0.076053 -0.119910
v 0.054368 -0.053042 -0.117693
v 0.091840 -0.042807 -0.128469
v 0.052425 -0.027133 -0.116062
v 0.053387 -0.039537 -0.116774
v 0.076356 -0.006339 -0.125663
v 0.070279 -0.037465 -0.126044
v 0.061496 -0.006742 -0.120538
v 0.037416 -0.050965 -0.108026
v 0.040380 -0.018335 -0.109470
v 0.064956 0.004421 -0.121677
v 0.094618 -0.062174 -0.129443
v -0.104399 0.079141 -0.113286
v -0.113775 0.078643 -0.103155
v -0.088334 0.092990 -0.119432
v -0.072185 0.090175 -0.118728
v -0.098351 0.059839 -0.119427
v -0.077456 0.072358 -0.121032
v -0.083716 0.111209 -0.118096
v -0.120390 0.091877 -0.097435
v -0.095905 -0.209054 -0.131882
v -0.072438 -0.224550 -0.135723
v -0.052950 -0.237892 -0.130075
v -0.069961 -0.242134 -0.135955
v -0.083137 0.285910 -0.021556
v -0.064191 0.287511 -0.045034
v -0.162202 0.247060 -0.012242
v -0.131291 0.262999 -0.012877
v -0.140661 0.048949 -0.044134
v -0.163855 -0.280349 0.019214
v 0.172727 -0.279062 0.012303
v 0.142717 0.031093 -0.010164
v 0.154949 -0.028535 -0.001740
v 0.156632 -0.049381 -0.001064
v 0.167318 -0.111529 -0.005091
v 0.169855 -0.141639 -0.001960
v 0.100940 0.277453 -0.018435
v 0.116934 0.270383 -0.015262
v 0.133581 0.263022 -0.012328
v -0.161633 0.217663 -0.059670
v -0.031551 0.288194 -0.052641
v -0.015807 0.289593 -0.053365
v -0.150677 0.136803 -0.083776
v -0.160119 -0.075742 0.009735
v -0.165084 -0.111938 0.014962
v -0.162586 -0.139865 0.013137
v -0.161733 -0.152700 0.012382
v -0.163067 -0.193882 0.019590
v -0.166391 -0.237539 0.016827
v -0.166647 -0.225986 0.017999
v -0.152307 -0.283654 -0.032079
v -0.158338 -0.281191 -0.012513
v -0.146212 -0.285193 -0.051871
v -0.140083 -0.285807 -0.071919
v -0.091014 -0.277696 -0.135040
v -0.045563 -0.283271 -0.127620
v -0.008213 -0.297828 -0.107195
v 0.064953 -0.280456 -0.128266
v 0.141449 -0.281152 -0.103749
v 0.157378 -0.281961 -0.056081
v 0.172086 -0.264619 0.010584
v 0.175743 -0.234033 0.005792
v 0.177150 -0.219050 0.004464
v 0.176543 -0.205132 0.004766
v 0.174893 -0.181997 -0.001921
v 0.174029 -0.169082 -0.004965
v 0.149129 0.179180 -0.082987
v 0.151575 0.224753 -0.063728
v 0.046836 0.288291 -0.051175
v 0.025241 0.288475 -0.053780
v 0.003099 0.287654 -0.054963
v -0.152997 0.155119 -0.082828
v 0.146014 0.099834 -0.081967
v -0.099217 0.277126 -0.022423
v -0.095283 0.275624 -0.037828
v -0.146257 0.006850 -0.004533
v -0.130537 0.262042 -0.027436
v -0.153626 0.179003 -0.082912
v 0.157062 -0.031383 -0.023022
v 0.170765 -0.111125 -0.021676
v -0.161729 -0.164338 0.009599
v 0.154072 0.237973 -0.048731
v -0.150480 -0.018078 0.002786
v 0.168921 -0.246163 -0.018713
v 0.142141 0.138260 -0.089285
v 0.134445 0.261009 -0.027636
v -0.016243 0.283351 -0.057260
v -0.154352 -0.039768 0.007625
v -0.144600 -0.272346 -0.051677
v -0.125690 -0.278049 -0.107734
v 0.016833 -0.285687 -0.103610
v 0.029428 -0.269769 -0.106748
v 0.175673 -0.205596 -0.009505
v 0.175097 -0.196223 -0.012899
v 0.155090 0.244547 -0.037208
v 0.038998 0.278666 -0.059430
v 0.018051 0.278970 -0.060018
v 0.090556 0.278969 -0.038843
v 0.103657 0.274352 -0.031571
v -0.059541 0.277079 -0.056521
v -0.151939 0.052713 -0.071184
v 0.175184 -0.174356 -0.018915
v 0.124697 -0.265201 -0.123742
v 0.139184 -0.264704 -0.106202
v -0.150160 -0.269600 -0.035295
v -0.149102 0.075713 -0.080797
v -0.156945 -0.067380 -0.011978
v 0.142906 0.208775 -0.078074
v 0.141459 0.219743 -0.072483
v -0.163447 -0.149160 -0.003867
v -0.114345 0.269547 -0.028013
v -0.089370 0.269918 -0.051219
v -0.140618 0.248552 -0.044822
v -0.149269 -0.000919 -0.025515
v -0.165810 -0.103193 -0.031343
v -0.166110 -0.121913 -0.026183
v 0.174318 -0.187400 -0.020341
v -0.156157 -0.248568 -0.022820
v 0.157689 0.011660 -0.047955
v 0.169386 -0.048649 -0.043162
v 0.172654 -0.070501 -0.041974
v 0.175534 -0.158376 -0.019814
v 0.144227 0.092013 -0.086492
v 0.038562 -0.257580 -0.111217
v -0.150651 0.063174 -0.081179
v 0.074089 0.273503 -0.056134
v -0.147548 0.199244 -0.081526
v 0.138756 0.116663 -0.092292
v -0.146895 0.183558 -0.087316
v 0.117707 0.263504 -0.040711
v -0.055792 0.265295 -0.067830
v -0.072279 0.263824 -0.065883
v -0.162404 -0.225013 -0.014115
v 0.130412 0.226151 -0.073936
v 0.134723 0.193891 -0.089272
v 0.136596 0.156295 -0.095146
v 0.136788 0.136751 -0.094067
v 0.151721 -0.249501 -0.065215
v 0.121355 -0.249329 -0.125859
v -0.145694 0.077068 -0.087411
v -0.166021 -0.146644 -0.019682
v -0.165876 -0.154197 -0.016901
v -0.021907 -0.261593 -0.111066
v -0.037345 -0.255452 -0.120719
v 0.151250 0.048002 -0.080391
v -0.133642 0.141962 -0.092852
v -0.133500 0.120196 -0.092126
v 0.063973 -0.251939 -0.126920
v 0.051857 -0.251993 -0.118916
v -0.142706 -0.261711 -0.054566
v -0.138454 -0.260456 -0.068204
v -0.017588 0.259044 -0.072880
v 0.144113 0.251114 -0.037382
v 0.163309 -0.196379 -0.036256
v 0.082368 -0.250572 -0.134927
v 0.045265 -0.251407 -0.114829
v 0.033848 -0.247183 -0.108587
v 0.170934 -0.044388 -0.059830
v 0.170375 -0.065914 -0.057928
v 0.168628 -0.086059 -0.055888
v 0.166352 -0.104551 -0.053287
v 0.169113 -0.186175 -0.030707
v -0.099208 0.264819 -0.052005
v -0.089713 0.261418 -0.061662
v -0.143259 0.213096 -0.074495
v -0.146623 0.061832 -0.086441
v 0.050815 0.255636 -0.076803
v 0.091614 0.260126 -0.063613
v 0.151053 -0.196629 -0.052684
v -0.158720 0.006249 -0.069800
v -0.153680 0.025165 -0.079514
v -0.146368 0.041530 -0.085375
v 0.124874 0.137930 -0.100281
v 0.119606 0.196317 -0.093329
v 0.116857 0.230805 -0.077935
v 0.122119 0.243587 -0.066237
v -0.144589 -0.236983 -0.045754
v 0.118840 -0.233346 -0.127737
v 0.144606 -0.231642 -0.092476
v -0.129658 0.219752 -0.076806
v -0.133655 0.073030 -0.090973
v -0.130422 0.087864 -0.092582
v 0.159501 -0.156280 -0.046305
v -0.093762 -0.224684 -0.133100
v -0.163622 -0.082923 -0.053142
v -0.016766 -0.231336 -0.106483
v -0.053731 -0.221057 -0.130147
v 0.155825 0.025924 -0.076822
v 0.130114 0.077951 -0.100511
v 0.129143 0.091549 -0.100301
v 0.158332 0.004469 -0.074225
v 0.154463 -0.058243 -0.067536
v 0.149071 -0.092910 -0.064160
v -0.137500 0.058007 -0.088783
v -0.160234 -0.011468 -0.061966
v -0.109374 0.230132 -0.080232
v -0.162120 -0.063650 -0.059282
v -0.119634 0.206603 -0.088421
v 0.109940 0.156414 -0.105637
v 0.114758 0.123289 -0.106059
v 0.123451 -0.217860 -0.123604
v 0.093734 -0.218312 -0.135285
v -0.108007 0.130803 -0.105934
v 0.134635 0.045158 -0.096448
v -0.057083 0.236516 -0.088488
v -0.074204 -0.206992 -0.135502
v 0.004382 -0.238442 -0.102294
v 0.023252 -0.231732 -0.104161
v 0.147320 -0.173849 -0.062150
v -0.003891 0.242709 -0.081386
v -0.154953 -0.168107 -0.042479
v -0.161286 -0.181547 -0.032399
v -0.115775 0.180241 -0.099168
v 0.065246 0.242261 -0.084913
v -0.110088 0.250777 -0.063314
v 0.073470 -0.219894 -0.131821
v -0.132430 -0.227893 -0.084896
v -0.100717 0.251397 -0.067288
v -0.139923 -0.205990 -0.052391
v -0.036674 -0.203657 -0.117931
v 0.143128 0.008696 -0.084906
v 0.143217 -0.010307 -0.081773
v 0.140822 -0.090653 -0.076635
v 0.125170 -0.205935 -0.121818
v -0.089138 0.238957 -0.082322
v -0.142050 -0.127498 -0.059589
v 0.002438 0.232379 -0.085654
v 0.031908 0.233459 -0.087185
v 0.045987 0.232534 -0.089206
v -0.108051 0.204430 -0.093735
v -0.096740 0.223442 -0.088831
v -0.106337 0.216161 -0.088941
v 0.053854 -0.206783 -0.119709
v 0.020155 -0.215616 -0.103762
v -0.081515 -0.193937 -0.134180
v -0.112424 -0.195159 -0.121361
v -0.096807 0.147420 -0.111553
v -0.150808 -0.058800 -0.068470
v -0.146348 -0.043383 -0.073440
v -0.090833 0.164254 -0.109645
v 0.106588 0.099307 -0.112081
v -0.155736 -0.033681 -0.069985
v -0.155484 -0.099960 -0.057951
v 0.071168 0.221550 -0.095519
v 0.070900 -0.203760 -0.130382
v 0.143746 -0.166305 -0.080713
v 0.133037 0.012071 -0.100615
v 0.134848 -0.005325 -0.098948
v 0.138686 -0.089392 -0.091406
v 0.136560 -0.042398 -0.097108
v 0.137611 -0.074352 -0.094282
v 0.124259 -0.192660 -0.122559
v 0.086492 -0.189222 -0.133999
v -0.067331 -0.190472 -0.133491
v -0.152367 -0.070716 -0.065461
v 0.073683 0.184800 -0.106848
v -0.137284 -0.055628 -0.075754
v -0.119011 0.024084 -0.099976
v 0.017213 0.219154 -0.090449
v 0.137637 -0.102866 -0.098901
v 0.001583 -0.200026 -0.102020
v -0.080335 0.129550 -0.115924
v -0.078029 0.208151 -0.100014
v 0.050907 -0.189153 -0.117493
v 0.030783 -0.191483 -0.106304
v -0.080001 -0.181789 -0.134079
v 0.120124 0.023296 -0.114097
v -0.136921 -0.087148 -0.069347
v -0.131643 -0.021626 -0.083374
v -0.140761 -0.177533 -0.052620
v -0.010868 0.220264 -0.090027
v 0.134665 -0.185353 -0.109813
v 0.140250 -0.162413 -0.096629
v -0.129908 -0.156034 -0.081536
v -0.118694 -0.181552 -0.113780
v -0.077942 0.162697 -0.111100
v 0.125073 0.008767 -0.113049
v -0.130970 -0.183646 -0.080566
v 0.133920 -0.088456 -0.108600
v -0.142394 -0.067332 -0.070484
v 0.056522 0.181124 -0.105337
v 0.064594 0.148319 -0.111441
v 0.034676 0.207578 -0.095638
v 0.050660 0.209904 -0.098050
v 0.016678 0.204539 -0.093836
v -0.047751 -0.167243 -0.124480
v 0.136020 -0.168421 -0.106495
v 0.127114 -0.138436 -0.118481
v -0.106344 -0.164959 -0.125835
v -0.063772 0.127199 -0.113273
v 0.135205 -0.161482 -0.107614
v 0.129906 -0.164158 -0.115497
v 0.132537 -0.172973 -0.112266
v 0.114815 -0.160148 -0.127631
v 0.125631 -0.122710 -0.120196
v -0.133226 -0.175867 -0.067266
v -0.126937 -0.166740 -0.098011
v -0.123840 -0.138329 -0.102689
v 0.081720 0.060901 -0.122546
v -0.067479 0.108447 -0.116049
v 0.120992 -0.079208 -0.123229
v 0.004268 -0.155462 -0.101281
v 0.021199 0.189983 -0.096863
v -0.091923 0.037461 -0.123348
v 0.079788 -0.158612 -0.131727
v 0.051272 -0.156093 -0.117609
v 0.116244 -0.141654 -0.126402
v 0.124256 -0.154321 -0.121595
v -0.089684 -0.147759 -0.132391
v -0.114501 -0.109589 -0.117901
v -0.115700 -0.093152 -0.115670
v -0.117042 -0.073555 -0.113738
v -0.046298 0.125344 -0.108102
v 0.035961 0.119102 -0.104972
v 0.066623 -0.156884 -0.127202
v 0.106897 -0.148493 -0.130869
v -0.118181 -0.056463 -0.109256
v -0.018094 0.189759 -0.097058
v -0.024194 -0.141979 -0.107473
v 0.067838 0.052704 -0.120873
v 0.088722 0.011966 -0.125254
v -0.084144 0.054984 -0.122834
v -0.047109 0.175347 -0.104266
v -0.033043 0.184416 -0.100119
v -0.120931 -0.147686 -0.110030
v -0.000505 0.205460 -0.093308
v 0.124106 -0.168459 -0.121911
v 0.124872 -0.178045 -0.121733
v -0.070618 -0.140936 -0.132340
v -0.112889 -0.125860 -0.119725
v 0.094315 -0.113045 -0.131781
v 0.087807 -0.022922 -0.127603
v 0.003438 0.173520 -0.097908
v 0.087437 -0.140875 -0.132478
v -0.109062 -0.139928 -0.122364
v -0.053644 -0.135660 -0.125992
v 0.069013 0.017212 -0.122820
v 0.051312 -0.138969 -0.117421
v -0.103471 -0.053264 -0.124113
v -0.022362 -0.127884 -0.106048
v -0.022617 0.177546 -0.099195
v 0.029245 0.092079 -0.103450
v 0.099339 -0.134126 -0.132046
v 0.078486 -0.147593 -0.131183
v -0.014822 0.203704 -0.094340
v 0.082338 -0.097117 -0.131271
v -0.008967 0.145537 -0.099979
v 0.018337 -0.123113 -0.102176
v -0.065630 0.005609 -0.122869
v -0.046403 0.062408 -0.110783
v 0.072894 -0.055255 -0.127525
v 0.067836 -0.021587 -0.124149
v -0.007739 0.181928 -0.097126
v -0.004522 0.192932 -0.095591
v 0.071503 -0.132291 -0.128913
v 0.045277 0.059247 -0.110195
v 0.014385 0.081296 -0.101168
v 0.022107 0.065268 -0.102289
v -0.060746 -0.071681 -0.125742
v 0.006918 -0.101257 -0.100489
v -0.061556 -0.033525 -0.123551
v -0.059303 -0.014119 -0.120844
v -0.005298 0.086722 -0.100807
v -0.017312 -0.094339 -0.103200
v 0.031876 0.050017 -0.104928
v -0.062798 -0.049236 -0.124906
v 0.062039 -0.101709 -0.123278
v 0.048656 -0.104013 -0.114786
v 0.049409 -0.013564 -0.114171
v 0.030525 -0.087718 -0.105171
v 0.036045 -0.068320 -0.107118
v 0.038726 -0.037243 -0.108677
v 0.039137 -0.026972 -0.108920
v -0.004041 0.068348 -0.100633
v 0.039462 -0.005894 -0.108882
v -0.019448 0.028025 -0.102338
v 0.021466 -0.046298 -0.102684
v -0.028060 -0.024923 -0.105612
v -0.019401 0.002428 -0.102908
v 0.031960 -0.013429 -0.105951
v -0.013129 0.014947 -0.101885
v 0.011569 0.002174 -0.101227
v 0.006503 -0.040634 -0.100901
v 0.016823 -0.017050 -0.101866
v -0.019855 -0.036948 -0.103759
v -0.000896 0.009751 -0.100957
v -0.005408 -0.033306 -0.101409
v -0.000300 -0.022002 -0.101004
v -0.012341 -0.016202 -0.102046
vn 0.5870 0.1787 -0.7897
vn -0.7459 -0.4315 0.5073
vn -0.8382 -0.3194 0.4421
vn 0.8315 -0.5533 -0.0493
vn 0.3147 -0.9399 0.1327
vn -0.6384 -0.7149 0.2852
vn -0.9479 -0.3064 0.0875
vn 0.8300 -0.5542 -0.0638
vn 0.2627 -0.9648 -0.0119
vn 0.2505 -0.9109 -0.3279
vn -0.6227 -0.7456 -0.2373
vn -0.1456 -0.7553 -0.6390
vn -0.6250 -0.4567 -0.6331
vn -0.9559 -0.2918 -0.0343
vn -0.8996 -0.4190 -0.1234
vn -0.9576 -0.2876 0.0179
vn -0.9369 -0.3480 -0.0327
vn -0.4740 -0.3824 0.7932
vn -0.5737 -0.2899 0.7660
vn 0.5830 -0.6855 0.4361
vn -0.3063 -0.6948 0.6507
vn 0.1175 -0.3836 0.9160
vn -0.0620 -0.2900 0.9550
vn -0.6672 -0.7422 -0.0627
vn -0.9655 -0.2400 0.1008
vn -0.9966 -0.0713 0.0418
vn -0.9952 -0.0915 0.0334
vn -0.9107 -0.2683 0.3142
vn -0.9117 -0.2402 0.3334
vn -0.9722 -0.1133 0.2047
vn -0.9035 -0.2661 0.3359
vn 0.3222 -0.0688 0.9442
vn 0.3380 -0.0780 0.9379
vn 0.2834 0.0125 0.9589
vn 0.3282 -0.0119 0.9445
vn 0.2584 0.1356 0.9565
vn 0.2663 0.1325 0.9547
vn 0.2178 0.1871 0.9579
vn 0.2514 0.1677 0.9532
vn 0.1533 0.2692 0.9508
vn 0.2101 0.2254 0.9513
vn 0.1332 0.3491 0.9276
vn 0.1674 0.3635 0.9164
vn 0.1433 0.5040 0.8517
vn 0.3219 0.5894 0.7409
vn 0.3125 0.6629 0.6804
vn 0.4000 0.6928 0.6000
vn 0.4061 0.7893 0.4606
vn 0.5407 0.7681 0.3430
vn 0.5580 0.8214 0.1178
vn 0.5728 0.8066 0.1459
vn 0.5939 0.7115 -0.3756
vn 0.6186 0.6519 -0.4386
vn 0.6073 0.5224 -0.5986
vn 0.6108 0.5167 -0.6000
vn 0.5471 0.3578 -0.7568
vn 0.4972 0.4591 -0.7362
vn 0.0012 0.0454 -0.9990
vn 0.1355 0.0925 -0.9865
vn 0.1915 -0.2131 -0.9581
vn 0.2555 -0.2589 -0.9315
vn -0.9643 -0.2634 0.0282
vn -0.9618 -0.2730 0.0227
vn -0.3591 -0.2716 -0.8929
vn -0.3627 -0.1541 -0.9191
vn 0.5685 -0.0843 -0.8183
vn 0.3048 0.0386 -0.9516
vn 0.6618 0.3251 -0.6755
vn 0.8991 0.1439 -0.4134
vn 0.6629 0.2360 0.7105
vn 0.5241 0.2849 0.8026
vn 0.1635 0.0851 0.9829
vn 0.1762 0.1324 0.9754
vn 0.2357 0.0871 0.9679
vn 0.2454 0.1283 0.9609
vn 0.4925 0.1511 0.8571
vn 0.5066 0.2263 0.8319
vn 0.6583 0.0456 0.7514
vn 0.6746 0.2497 0.6946
vn 0.2735 0.0734 0.9591
vn 0.2864 0.0678 0.9557
vn 0.5880 0.6191 -0.5206
vn 0.6163 0.5792 -0.5336
vn 0.1177 -0.4548 -0.8828
vn -0.1566 -0.3656 -0.9175
vn -0.9917 -0.1223 0.0407
vn -0.9842 -0.1767 0.0141
vn -0.9542 -0.2981 0.0254
vn -0.9514 -0.3073 0.0188
vn -0.2713 -0.2770 0.9218
vn -0.2649 -0.1848 0.9464
vn 0.4620 -0.0633 0.8846
vn 0.3711 0.0038 0.9286
vn -0.7896 -0.3390 0.5115
vn -0.7653 -0.1857 0.6163
vn -0.9714 -0.1403 -0.1915
vn -0.9561 -0.2744 -0.1025
vn 0.8639 0.1859 -0.4681
vn 0.8970 0.1379 -0.4200
vn -0.8768 -0.3164 -0.3622
vn -0.7435 -0.4570 -0.4882
vn -0.2396 -0.1086 -0.9648
vn -0.1589 -0.1725 -0.9721
vn 0.4767 0.1010 -0.8732
vn 0.3636 0.1503 -0.9193
vn -0.8240 -0.3547 0.4418
vn -0.8575 -0.3080 0.4122
vn -0.5758 -0.2852 0.7662
vn -0.5548 -0.3028 0.7749
vn 0.1564 -0.1360 0.9783
vn 0.3187 -0.2202 0.9219
vn 0.3005 0.1325 -0.9445
vn 0.2381 0.2539 -0.9375
vn 0.6276 0.7727 -0.0951
vn 0.5979 0.7816 -0.1776
vn -0.9209 -0.2894 -0.2610
vn -0.8411 -0.3989 -0.3653
vn -0.9681 -0.1477 0.2024
vn -0.9885 -0.0642 0.1367
vn -0.0284 -0.1166 -0.9928
vn 0.0930 -0.0644 -0.9936
vn -0.9883 -0.1053 -0.1100
vn -0.9793 -0.1513 -0.1346
vn 0.2402 -0.0879 0.9667
vn 0.2165 -0.0627 0.9743
vn -0.8866 -0.3212 0.3328
vn -0.8894 -0.3085 0.3374
vn 0.6363 0.7197 -0.2778
vn 0.6599 0.7019 -0.2680
vn 0.3005 0.0609 -0.9518
vn 0.3515 0.0191 -0.9360
vn 0.1516 -0.2314 -0.9610
vn -0.1068 -0.1836 -0.9772
vn -0.1914 -0.2144 -0.9578
vn -0.1109 -0.1643 -0.9801
vn -0.4263 -0.2586 -0.8669
vn -0.5512 -0.4140 -0.7244
vn 0.3116 0.0251 -0.9499
vn 0.3242 0.0545 -0.9444
vn 0.8952 0.1579 -0.4167
vn 0.8887 0.2398 -0.3907
vn 0.8488 0.3607 0.3866
vn 0.9391 0.3099 -0.1482
vn -0.9430 -0.2844 -0.1727
vn -0.9169 -0.3419 -0.2058
vn -0.7401 -0.2678 0.6169
vn -0.7394 -0.2613 0.6205
vn -0.7285 -0.2797 0.6253
vn -0.7235 -0.2576 0.6405
vn 0.7262 0.1280 0.6754
vn 0.7271 0.1401 0.6721
vn 0.4797 0.2878 0.8289
vn 0.7082 0.1294 0.6940
vn 0.2170 0.1910 0.9573
vn 0.2148 0.1842 0.9591
vn 0.1582 0.1684 0.9729
vn 0.1571 0.1658 0.9736
vn 0.5600 0.2150 0.8001
vn 0.4620 0.2533 0.8499
vn -0.3405 -0.2159 0.9151
vn 0.0302 -0.1288 0.9912
vn -0.8449 -0.2618 -0.4665
vn -0.5179 -0.2033 -0.8309
vn 0.1391 0.1192 0.9831
vn 0.1387 0.1197 0.9831
vn 0.1981 0.1729 0.9648
vn 0.1475 0.2372 0.9602
vn 0.2572 0.2148 0.9422
vn 0.2093 0.2830 0.9360
vn 0.2630 0.2999 0.9170
vn 0.4546 0.3971 0.7973
vn 0.4557 0.5073 0.7314
vn 0.5009 0.5205 0.6915
vn 0.4995 0.6362 0.5880
vn 0.5983 0.6516 0.4664
vn 0.5968 0.7233 0.3475
vn 0.6403 0.7049 0.3052
vn 0.6591 0.7387 0.1412
vn 0.6598 0.7378 0.1423
vn 0.6843 0.3810 -0.6218
vn 0.7532 0.2785 -0.5959
vn 0.6776 0.4714 -0.5644
vn 0.7083 0.4738 -0.5233
vn -0.2827 -0.2524 -0.9254
vn -0.4274 -0.2485 -0.8692
vn -0.9345 -0.2901 -0.2063
vn -0.8923 -0.3674 -0.2622
vn -0.9728 -0.1914 -0.1304
vn -0.9446 -0.2787 -0.1732
vn 0.8787 0.1312 -0.4591
vn 0.7879 0.2144 -0.5772
vn -0.5017 -0.2906 -0.8147
vn -0.1907 -0.1858 -0.9639
vn 0.6646 0.5571 -0.4980
vn 0.6782 0.5880 -0.4407
vn 0.0265 -0.1497 0.9884
vn 0.2212 -0.0321 0.9747
vn -0.8680 -0.1327 0.4785
vn -0.7173 -0.2693 0.6426
vn 0.4030 0.1892 -0.8954
vn 0.6573 0.1703 -0.7342
vn -0.8208 -0.4045 0.4033
vn -0.7608 -0.2813 0.5849
vn -0.7455 -0.3110 0.5895
vn -0.7439 -0.2609 0.6152
vn 0.6810 0.0998 -0.7255
vn 0.4247 0.2438 -0.8719
vn -0.6584 -0.3318 -0.6756
vn -0.6101 -0.4438 -0.6564
vn -0.7397 -0.3144 -0.5950
vn -0.7124 -0.4104 -0.5693
vn -0.2495 -0.2104 0.9452
vn -0.3639 -0.1543 0.9186
vn 0.8882 0.3125 0.3368
vn 0.8978 0.3907 0.2032
vn 0.3721 0.1608 -0.9142
vn 0.5848 0.1353 -0.7998
vn -0.3401 -0.2181 0.9147
vn -0.3497 -0.2130 0.9123
vn -0.8564 -0.2130 -0.4703
vn -0.8405 -0.2374 -0.4870
vn -0.5291 -0.3517 0.7722
vn -0.4932 -0.2035 0.8458
vn 0.2412 -0.0666 0.9682
vn 0.1994 -0.0285 0.9795
vn 0.1407 0.0432 0.9891
vn 0.1990 -0.0054 0.9800
vn 0.6804 0.7292 -0.0728
vn 0.6758 0.7326 -0.0813
vn 0.5579 0.1210 0.8211
vn 0.3789 -0.0478 0.9242
vn -0.2252 -0.1489 -0.9629
vn -0.1092 0.0206 -0.9938
vn -0.2640 -0.1314 -0.9555
vn -0.2471 -0.1595 -0.9558
vn 0.3517 0.0206 -0.9359
vn 0.0427 -0.1327 -0.9902
vn -0.8471 -0.2118 -0.4873
vn -0.7780 -0.3099 -0.5465
vn 0.5927 0.0017 -0.8054
vn 0.7197 0.1072 -0.6859
vn 0.6705 0.2995 -0.6788
vn 0.7084 0.2581 -0.6569
vn 0.6946 0.6851 -0.2195
vn 0.7142 0.6619 -0.2276
vn 0.6998 0.6540 -0.2873
vn 0.7211 0.5786 -0.3811
vn 0.0370 -0.1062 -0.9937
vn 0.5203 -0.1864 -0.8334
vn 0.2293 -0.2145 -0.9494
vn 0.4510 -0.0742 -0.8894
vn -0.4439 -0.2345 -0.8649
vn -0.3933 -0.3688 -0.8422
vn -0.5197 -0.2379 0.8206
vn -0.4779 -0.2630 0.8381
vn -0.4897 -0.2975 0.8196
vn -0.3834 -0.1564 0.9102
vn 0.2489 0.1133 0.9619
vn 0.2488 0.1132 0.9619
vn 0.1835 0.1072 0.9772
vn 0.2245 0.1663 0.9602
vn 0.4944 0.1562 0.8551
vn 0.8442 0.4184 0.3349
vn 0.7043 0.1435 0.6952
vn 0.6946 0.1273 0.7080
vn 0.7782 0.0652 0.6246
vn 0.5584 -0.0177 0.8294
vn -0.0082 -0.1192 0.9928
vn 0.1904 -0.0385 0.9810
vn -0.4106 -0.2427 -0.8789
vn -0.0725 -0.1491 -0.9862
vn -0.7919 -0.3474 -0.5023
vn -0.7875 -0.3692 -0.4934
vn 0.4389 0.2059 0.8746
vn 0.4299 0.2145 0.8770
vn 0.4467 0.1159 0.8872
vn 0.4481 0.1146 0.8866
vn 0.4982 0.2417 0.8327
vn 0.4277 0.3248 0.8436
vn 0.5624 0.3418 0.7529
vn 0.5192 0.4119 0.7489
vn 0.5813 0.4555 0.6742
vn 0.6699 0.4595 0.5832
vn 0.6622 0.6048 0.4424
vn 0.6843 0.5664 0.4593
vn 0.6802 0.6609 0.3172
vn 0.7178 0.6357 0.2839
vn 0.7176 0.6837 0.1326
vn 0.7270 0.6708 0.1466
vn 0.3374 -0.0491 0.9401
vn 0.2389 0.0244 0.9707
vn 0.6754 0.3331 -0.6580
vn 0.6731 0.3334 -0.6601
vn 0.6707 0.4977 -0.5500
vn 0.6554 0.5155 -0.5521
vn 0.3087 0.0726 -0.9484
vn 0.2949 -0.0273 -0.9551
vn 0.9263 0.1477 -0.3466
vn 0.8970 0.1621 -0.4112
vn -0.7787 -0.3190 -0.5403
vn -0.7611 -0.3958 -0.5139
vn -0.7940 -0.3577 -0.4915
vn -0.7941 -0.2707 -0.5442
vn -0.3541 -0.2007 0.9134
vn -0.3657 -0.1951 0.9101
vn -0.0563 -0.2140 -0.9752
vn 0.1951 -0.1083 -0.9748
vn -0.4949 -0.2370 0.8360
vn -0.4631 -0.2564 0.8484
vn 0.8492 0.0685 -0.5236
vn 0.5558 0.1318 -0.8208
vn 0.5926 -0.0029 -0.8055
vn 0.6447 -0.0555 -0.7624
vn 0.1923 -0.0237 0.9810
vn 0.2362 -0.0065 0.9717
vn 0.3644 0.1846 -0.9128
vn 0.3378 0.1998 -0.9197
vn 0.3253 -0.0218 0.9454
vn -0.0582 -0.0404 0.9975
vn -0.0982 -0.0382 -0.9944
vn -0.1046 -0.0321 -0.9940
vn -0.4799 -0.2933 -0.8268
vn -0.4550 -0.3774 -0.8066
vn -0.4005 -0.2638 -0.8775
vn -0.3121 -0.3002 -0.9014
vn -0.3441 -0.1887 0.9198
vn -0.3298 -0.1210 0.9363
vn -0.2285 -0.1710 -0.9584
vn -0.2014 -0.2318 -0.9517
vn 0.7445 0.1795 -0.6431
vn 0.6861 0.1089 -0.7193
vn 0.7835 0.1264 0.6084
vn 0.8334 0.0358 0.5515
vn 0.3654 0.0494 0.9295
vn 0.4182 -0.0161 0.9082
vn 0.3362 0.0357 0.9411
vn 0.4333 -0.0465 0.9000
vn 0.4621 0.0167 0.8866
vn 0.4257 0.0483 0.9036
vn 0.7105 0.6970 -0.0969
vn 0.7309 0.6792 -0.0669
vn 0.6948 0.6052 -0.3887
vn 0.7457 0.5839 -0.3208
vn 0.7304 0.6484 -0.2146
vn 0.7454 0.6292 -0.2201
vn -0.0119 -0.1801 0.9836
vn -0.1419 -0.0959 0.9852
vn -0.2160 -0.0129 -0.9763
vn -0.1758 -0.0760 -0.9815
vn 0.7141 0.3167 -0.6243
vn 0.7511 0.2958 -0.5902
vn -0.4812 -0.3886 -0.7858
vn -0.3580 -0.2350 -0.9037
vn 0.2002 0.0230 -0.9795
vn -0.1072 -0.0539 -0.9928
vn -0.2806 -0.1867 0.9415
vn -0.2913 -0.1825 0.9391
vn -0.2950 -0.1668 0.9408
vn -0.2221 -0.0808 0.9717
vn -0.2472 -0.2819 -0.9271
vn -0.5407 -0.3456 -0.7670
vn -0.5396 -0.3532 -0.7642
vn 0.2491 0.1000 0.9633
vn 0.3025 0.1819 0.9356
vn 0.8565 0.3277 0.3988
vn 0.7408 0.3652 0.5638
vn 0.2421 0.1288 0.9617
vn 0.2182 0.0967 0.9711
vn 0.6747 0.1901 0.7132
vn 0.6261 0.1324 0.7684
vn 0.0078 0.0057 1.0000
vn 0.0272 0.0125 0.9996
vn 0.6358 0.3613 -0.6820
vn 0.6805 0.3617 -0.6372
vn 0.7027 0.4804 -0.5248
vn 0.7433 0.4671 -0.4790
vn 0.9182 0.1163 -0.3786
vn 0.6631 0.1425 -0.7348
vn 0.5902 0.2986 0.7500
vn 0.5184 0.3860 0.7631
vn 0.5373 0.2110 0.8166
vn 0.4366 0.3058 0.8461
vn 0.4685 0.1146 0.8760
vn 0.3329 0.2312 0.9142
vn 0.6406 0.3655 0.6753
vn 0.5781 0.4557 0.6769
vn 0.6275 0.5014 0.5957
vn 0.7109 0.5424 0.4476
vn 0.7067 0.5519 0.4427
vn 0.7179 0.6356 0.2840
vn 0.0893 0.0307 0.9955
vn -0.0085 0.1211 0.9926
vn 0.7312 0.6665 0.1453
vn 0.7121 0.6787 -0.1794
vn 0.0430 -0.1800 -0.9827
vn 0.2072 -0.0835 -0.9747
vn 0.4838 -0.0786 -0.8717
vn 0.3203 0.0268 -0.9469
vn 0.6432 0.2420 -0.7265
vn 0.5428 0.1236 -0.8307
vn 0.9225 0.1174 -0.3677
vn 0.8996 0.1907 -0.3930
vn -0.1333 -0.1330 0.9821
vn -0.2137 -0.0976 0.9720
vn -0.5195 -0.3085 -0.7968
vn -0.5055 -0.3849 -0.7722
vn 0.3378 -0.1282 -0.9324
vn 0.1891 -0.0259 -0.9816
vn -0.5441 -0.3480 -0.7634
vn -0.5432 -0.3177 -0.7772
vn 0.3403 0.1832 -0.9223
vn 0.4178 0.1249 -0.8999
vn 0.7689 0.6285 -0.1176
vn 0.7337 0.6381 -0.2335
vn 0.0337 0.0448 0.9984
vn -0.0309 0.0241 0.9992
vn -0.2980 -0.1741 0.9386
vn -0.2944 -0.1755 0.9394
vn 0.7466 0.5830 -0.3203
vn 0.7719 0.5695 -0.2824
vn 0.6125 0.0802 -0.7864
vn 0.2148 0.0463 -0.9756
vn -0.2058 -0.0708 0.9760
vn -0.1945 -0.0875 0.9770
vn 0.9291 0.1553 -0.3355
vn 0.9326 0.1332 -0.3355
vn -0.0907 -0.1212 -0.9885
vn -0.1022 -0.0846 -0.9912
vn 0.7666 0.5994 0.2302
vn 0.7296 0.6510 0.2095
vn 0.8711 0.1387 0.4711
vn 0.8345 0.0945 0.5429
vn 0.7510 0.3006 -0.5880
vn 0.6834 0.3234 -0.6544
vn 0.3338 0.0472 0.9415
vn 0.2175 0.1456 0.9651
vn 0.2120 0.0376 0.9765
vn 0.1044 0.1379 0.9849
vn -0.0925 -0.0959 0.9911
vn 0.0091 -0.0002 1.0000
vn 0.7918 0.5516 -0.2623
vn 0.8699 0.4390 -0.2246
vn 0.0562 -0.2050 -0.9771
vn -0.0163 -0.1797 -0.9836
vn 0.6180 -0.0521 -0.7844
vn 0.4886 0.0582 -0.8706
vn 0.6693 0.1234 -0.7327
vn 0.5465 0.1123 -0.8299
vn 0.6112 0.2052 -0.7644
vn 0.5858 0.2384 -0.7746
vn 0.6519 0.0875 0.7533
vn 0.4133 -0.0435 0.9096
vn -0.0158 -0.0903 0.9958
vn 0.0478 -0.0158 0.9987
vn -0.1641 -0.0315 -0.9859
vn -0.1207 -0.0847 -0.9891
vn -0.1936 -0.2375 -0.9519
vn -0.1732 -0.2869 -0.9422
vn 0.7460 0.5107 0.4274
vn 0.7463 0.5100 0.4276
vn 0.7503 0.3652 0.5511
vn 0.7228 0.4181 0.5502
vn 0.7324 0.3547 0.5812
vn 0.7067 0.3890 0.5910
vn 0.7195 0.3232 0.6147
vn 0.7444 0.3039 0.5946
vn 0.7218 0.2092 0.6598
vn 0.7866 0.1700 0.5935
vn 0.8415 0.3713 -0.3925
vn 0.8817 0.3539 -0.3121
vn 0.7479 0.3205 -0.5813
vn 0.8339 0.3126 -0.4549
vn -0.2550 -0.2637 -0.9303
vn -0.0643 -0.1235 -0.9903
vn 0.6120 0.1737 0.7715
vn 0.5676 0.1260 0.8136
vn 0.2128 0.1105 0.9708
vn 0.2106 0.1077 0.9716
vn 0.3267 0.1211 0.9373
vn 0.4226 0.2189 0.8795
vn 0.7528 0.2676 0.6013
vn 0.8971 0.4309 -0.0981
vn 0.3576 0.0241 -0.9336
vn 0.3135 0.0574 -0.9479
vn 0.5257 0.1816 -0.8311
vn 0.6081 0.1296 -0.7832
vn 0.8988 0.2016 -0.3892
vn 0.9370 0.1374 -0.3212
vn 0.4976 0.0723 0.8644
vn 0.4533 0.1191 0.8834
vn -0.0461 0.0417 0.9981
vn 0.0192 0.0536 0.9984
vn -0.2453 -0.2857 -0.9264
vn -0.2456 -0.2829 -0.9272
vn 0.7064 0.1085 -0.6994
vn 0.2278 0.1057 -0.9680
vn -0.2292 -0.2479 -0.9413
vn -0.2105 -0.3125 -0.9263
vn -0.0038 0.0119 0.9999
vn 0.4289 0.0779 0.9000
vn 0.3129 -0.0399 -0.9489
vn 0.2319 0.0242 -0.9724
vn -0.1213 -0.0525 0.9912
vn -0.1378 -0.0490 0.9892
vn 0.0011 -0.1572 -0.9876
vn -0.0171 -0.1543 -0.9879
vn 0.1923 0.0551 -0.9798
vn -0.1144 0.0027 -0.9934
vn 0.7288 0.2603 -0.6333
vn 0.7310 0.2750 -0.6245
vn -0.1769 -0.0336 0.9837
vn -0.1343 -0.0986 0.9860
vn 0.0686 -0.0857 0.9940
vn 0.2476 0.0008 0.9689
vn 0.4232 0.1897 -0.8860
vn 0.5595 0.2958 -0.7742
vn 0.3640 0.0844 -0.9276
vn 0.4681 0.1272 -0.8745
vn -0.1644 -0.0248 0.9861
vn -0.0568 -0.0219 0.9981
vn 0.8634 0.1235 0.4892
vn 0.8716 0.1359 0.4710
vn 0.8659 0.4907 0.0969
vn 0.8517 0.4579 -0.2550
vn 0.5399 0.1792 0.8224
vn 0.6569 0.0629 0.7513
vn 0.7857 0.1368 0.6033
vn 0.6945 0.2031 0.6902
vn 0.4720 0.1557 -0.8677
vn 0.6385 0.1997 -0.7432
vn 0.6418 0.2171 -0.7355
vn 0.7164 0.2293 -0.6590
vn -0.0593 0.0122 0.9982
vn -0.0725 0.0329 0.9968
vn 0.7568 0.1713 -0.6307
vn 0.9262 0.1456 -0.3478
vn 0.8113 0.4349 0.3906
vn 0.8710 0.4777 0.1152
vn 0.8185 0.3362 0.4658
vn 0.8364 0.2720 0.4760
vn 0.8378 0.2913 0.4617
vn 0.8693 0.1941 0.4547
vn 0.8925 0.2373 0.3835
vn 0.8703 0.2127 0.4442
vn 0.9025 0.1803 0.3912
vn 0.9258 0.1501 0.3470
vn 0.7952 0.1123 0.5958
vn 0.6556 0.0134 0.7550
vn 0.4633 0.1643 -0.8708
vn 0.4779 0.1913 -0.8573
vn 0.2097 -0.0842 -0.9741
vn 0.1706 -0.0458 -0.9843
vn 0.5500 0.1666 0.8184
vn 0.4981 0.1016 0.8611
vn 0.2209 0.0814 0.9719
vn 0.2454 0.1111 0.9630
vn 0.4563 0.1483 0.8774
vn 0.5309 0.2431 0.8118
vn 0.9368 0.3438 -0.0657
vn 0.8162 0.4053 0.4117
vn 0.4687 0.0376 -0.8826
vn 0.5640 0.0796 -0.8220
vn 0.9074 0.3125 -0.2810
vn 0.9175 0.2684 -0.2936
vn 0.8981 0.2369 -0.3704
vn 0.8828 0.2988 -0.3624
vn 0.0207 0.0524 0.9984
vn 0.2254 0.0110 0.9742
vn 0.0228 -0.2358 -0.9715
vn 0.0580 -0.1373 -0.9888
vn 0.0725 -0.1578 -0.9848
vn 0.1956 -0.0834 -0.9771
vn 0.1867 0.1221 -0.9748
vn 0.2940 -0.0210 -0.9556
vn 0.9234 0.2178 -0.3162
vn 0.8421 0.1087 -0.5282
vn 0.6045 0.1546 -0.7814
vn 0.6030 0.1559 -0.7823
vn 0.4640 0.0559 0.8841
vn 0.4772 0.0932 0.8739
vn 0.0457 -0.0637 -0.9969
vn 0.0819 -0.1067 -0.9909
vn -0.0282 -0.1844 -0.9824
vn 0.0699 -0.2049 -0.9763
vn 0.5613 0.1023 -0.8213
vn 0.6880 0.1509 -0.7099
vn 0.8944 0.1269 0.4289
vn 0.8046 0.0184 0.5936
vn 0.4295 0.0682 0.9005
vn 0.2479 -0.0122 0.9687
vn -0.0878 -0.0042 0.9961
vn 0.1134 0.0310 0.9931
vn -0.0201 0.0128 0.9997
vn -0.0313 0.0291 0.9991
vn 0.8748 0.0820 0.4775
vn 0.8524 0.2276 0.4708
vn 0.9551 0.1856 0.2311
vn 0.9356 0.0912 0.3410
vn 0.1772 -0.0478 -0.9830
vn 0.3649 0.0320 -0.9305
vn 0.3796 -0.0065 -0.9251
vn 0.4715 0.0254 -0.8815
vn 0.4926 0.1796 -0.8515
vn 0.8105 0.1123 -0.5749
vn 0.9113 0.3150 -0.2652
vn 0.8404 0.3935 -0.3726
vn 0.8476 0.2101 -0.4872
vn 0.7352 0.2172 -0.6421
vn 0.7148 0.1697 -0.6785
vn 0.6892 0.2025 -0.6957
vn 0.4888 0.1524 -0.8590
vn 0.6419 0.2873 -0.7109
vn 0.9051 0.4122 0.1041
vn 0.9099 0.3940 0.1299
vn 0.8335 0.2766 0.4782
vn 0.8462 0.2757 0.4561
vn 0.8166 0.2303 0.5293
vn 0.8265 0.1715 0.5361
vn 0.9342 0.1006 0.3424
vn 0.9584 0.1690 0.2301
vn 0.8354 0.0600 0.5464
vn 0.9227 0.1814 0.3402
vn 0.9268 0.1555 -0.3419
vn 0.9549 0.1802 -0.2360
vn 0.8470 0.2062 0.4899
vn 0.9401 0.0859 0.3298
vn 0.8248 0.1513 0.5449
vn 0.9012 0.0750 0.4269
vn 0.6416 0.2757 -0.7158
vn 0.7331 0.2259 -0.6415
vn 0.5983 0.2012 -0.7756
vn 0.6438 0.1721 -0.7456
vn 0.8243 0.2099 -0.5258
vn 0.8514 0.1841 -0.4912
vn 0.4722 0.1668 0.8655
vn 0.3715 0.0786 0.9251
vn 0.2504 0.0900 0.9640
vn 0.2671 0.0783 0.9605
vn 0.5776 0.1866 0.7947
vn 0.6185 0.2487 0.7454
vn 0.8809 0.2916 0.3727
vn 0.9132 0.3728 0.1643
vn 0.2078 0.0445 0.9772
vn 0.1127 -0.0065 0.9936
vn 0.1724 -0.1483 -0.9738
vn 0.1338 -0.1210 -0.9836
vn 0.1621 -0.0745 -0.9840
vn 0.3335 -0.0372 -0.9420
vn 0.9209 0.2349 -0.3111
vn 0.9079 0.3036 -0.2892
vn 0.9234 0.2572 -0.2849
vn 0.9254 0.2400 -0.2932
vn 0.5168 0.0920 -0.8511
vn 0.6712 0.1952 -0.7151
vn 0.5014 0.0566 0.8633
vn 0.4384 0.0112 0.8987
vn 0.9265 0.1791 0.3310
vn 0.8761 0.0969 0.4723
vn 0.4043 0.0278 -0.9142
vn 0.2761 0.1060 -0.9553
vn 0.4015 0.0412 -0.9149
vn 0.5145 0.1036 -0.8512
vn 0.8897 0.2028 -0.4091
vn 0.9081 0.1176 -0.4020
vn 0.9517 0.1981 -0.2346
vn 0.9619 0.1795 -0.2062
vn 0.9032 0.2465 -0.3515
vn 0.8050 0.3268 -0.4952
vn 0.8917 0.4345 0.1264
vn 0.8677 0.3202 -0.3801
vn 0.8177 0.2550 -0.5161
vn 0.8078 0.1823 -0.5605
vn 0.6815 0.1533 -0.7156
vn 0.7763 0.2628 -0.5730
vn 0.7915 0.3737 0.4836
vn 0.8811 0.3693 0.2955
vn 0.7192 0.2329 0.6546
vn 0.7024 0.2846 0.6524
vn 0.6659 0.1963 0.7197
vn 0.6771 0.2058 0.7065
vn 0.6585 0.0894 0.7472
vn 0.6312 0.1156 0.7669
vn 0.8538 0.2425 0.4606
vn 0.6278 0.0803 0.7742
vn 0.3632 0.1330 0.9222
vn 0.3524 0.1273 0.9272
vn 0.7278 0.2939 -0.6196
vn 0.7570 0.2816 -0.5896
vn 0.6300 0.2400 -0.7386
vn 0.6812 0.2060 -0.7025
vn 0.8480 0.2198 -0.4823
vn 0.8235 0.2510 -0.5088
vn 0.2834 0.1530 0.9467
vn 0.6409 0.2291 0.7326
vn 0.8196 0.4436 0.3627
vn 0.8304 0.2866 0.4778
vn 0.5879 0.0783 -0.8051
vn 0.5086 0.1183 -0.8529
vn 0.9425 0.1946 -0.2717
vn 0.8894 0.2454 -0.3857
vn 0.9516 0.2171 -0.2174
vn 0.9441 0.2495 -0.2157
vn 0.9372 0.1728 -0.3029
vn 0.9095 0.2467 -0.3346
vn 0.5152 0.1034 -0.8508
vn 0.7329 0.2073 -0.6480
vn 0.7367 0.1627 -0.6564
vn 0.9089 0.2081 -0.3614
vn 0.8285 0.2159 -0.5166
vn 0.8649 0.1120 -0.4892
vn 0.7693 0.2387 -0.5926
vn 0.9131 0.4059 0.0396
vn 0.3528 0.1316 0.9264
vn 0.6146 0.2997 0.7297
vn 0.8061 0.3249 -0.4945
vn 0.7910 0.2078 -0.5754
vn 0.8502 0.3469 -0.3960
vn 0.8715 0.3403 -0.3531
vn 0.8494 0.4570 0.2640
vn 0.7258 0.2828 0.6271
vn 0.7095 0.2072 0.6735
vn 0.6237 0.3175 0.7142
vn 0.6777 0.2224 -0.7009
vn 0.7009 0.2482 -0.6687
vn 0.8120 0.1811 -0.5549
vn 0.7720 0.2528 -0.5832
vn 0.9484 0.2417 -0.2051
vn 0.9011 0.1903 -0.3897
vn 0.9350 0.3493 0.0610
vn 0.8243 0.4062 -0.3944
vn 0.7005 0.2489 -0.6689
vn 0.7654 0.2405 -0.5969
vn 0.9525 0.2047 -0.2253
vn 0.9604 0.1791 -0.2132
vn 0.9066 0.2112 -0.3652
vn 0.9604 0.1843 -0.2088
vn -0.8225 0.3070 -0.4788
vn 0.8251 -0.2999 0.4788
vn 0.7837 -0.3662 0.5017
vn -0.6457 -0.7634 0.0164
vn 0.1944 -0.9552 0.2230
vn -0.5129 -0.7851 0.3473
vn 0.0737 -0.7255 0.6842
vn -0.6170 -0.3255 0.7165
vn -0.4508 -0.3224 0.8324
vn -0.6445 -0.1705 0.7453
vn -0.6685 -0.1754 0.7227
vn -0.5822 -0.0761 0.8095
vn -0.6540 -0.1029 0.7495
vn -0.4779 0.0631 0.8762
vn -0.5836 0.0130 0.8119
vn -0.6629 -0.7292 -0.1697
vn 0.0466 -0.9986 -0.0236
vn 0.9561 -0.2918 0.0260
vn 0.9110 -0.4035 0.0851
vn 0.9140 -0.3947 -0.0939
vn 0.9644 -0.2620 -0.0363
vn 0.7632 -0.4294 -0.4829
vn 0.8299 -0.3260 -0.4527
vn 0.9008 -0.2813 0.3307
vn 0.8795 -0.3751 0.2929
vn 0.0310 -0.9779 -0.2067
vn 0.6963 -0.6972 -0.1706
vn 0.3446 -0.7462 -0.5696
vn 0.6839 -0.4584 -0.5676
vn 0.0729 -0.4791 -0.8747
vn 0.2585 -0.3352 -0.9060
vn 0.8884 -0.2566 0.3806
vn 0.8871 -0.2628 0.3795
vn 0.9231 -0.1750 0.3426
vn 0.9210 -0.2048 0.3313
vn -0.6199 0.0568 0.7826
vn -0.5108 0.0404 0.8588
vn -0.5738 0.2153 0.7902
vn -0.4038 0.1696 0.8990
vn -0.4534 0.3269 0.8292
vn -0.5095 0.3526 0.7849
vn -0.5319 0.4749 0.7011
vn -0.5626 0.4874 0.6677
vn -0.5723 0.6442 0.5075
vn -0.6114 0.6481 0.4539
vn -0.6634 0.7473 0.0372
vn -0.6967 0.7077 0.1175
vn -0.6668 0.6003 -0.4416
vn -0.7212 0.5981 -0.3495
vn -0.6497 0.5324 -0.5426
vn -0.6698 0.5342 -0.5157
vn -0.5563 0.3167 -0.7683
vn -0.5403 0.3701 -0.7557
vn -0.2707 0.1029 -0.9572
vn -0.2690 0.0642 -0.9610
vn -0.1462 -0.1248 -0.9813
vn -0.1783 -0.1591 -0.9710
vn 0.9891 -0.1356 0.0579
vn 0.9710 -0.2384 -0.0192
vn 0.9643 -0.2645 0.0131
vn 0.9784 -0.2058 -0.0175
vn 0.3655 -0.2232 -0.9037
vn 0.3798 -0.2107 -0.9008
vn 0.1225 -0.2071 -0.9706
vn 0.2855 -0.1184 -0.9510
vn -0.8842 0.1178 -0.4519
vn -0.8844 0.2111 -0.4163
vn -0.3837 0.1154 -0.9162
vn -0.3876 0.1360 -0.9117
vn -0.8355 0.2740 -0.4764
vn -0.8940 0.3817 -0.2348
vn -0.2122 0.1204 0.9698
vn -0.1601 0.1342 0.9779
vn -0.1932 0.1665 0.9669
vn -0.2840 0.1273 0.9503
vn -0.6785 0.1445 0.7203
vn -0.6921 0.1307 0.7098
vn 0.1995 -0.2969 0.9338
vn 0.2994 -0.2019 0.9325
vn -0.6948 0.7004 -0.1634
vn -0.7006 0.6972 -0.1517
vn -0.5962 0.4586 -0.6589
vn -0.6489 0.4705 -0.5980
vn 0.5447 -0.3558 -0.7594
vn 0.5945 -0.3036 -0.7446
vn -0.7443 0.1897 -0.6403
vn -0.7463 0.2250 -0.6264
vn -0.7641 0.2015 0.6129
vn -0.4717 0.2987 0.8297
vn -0.4333 0.2575 0.8637
vn -0.6354 0.1133 0.7639
vn -0.2987 -0.1237 0.9463
vn -0.2055 -0.0676 0.9763
vn 0.9019 -0.4179 -0.1096
vn 0.9373 -0.2889 -0.1951
vn 0.9353 -0.1817 0.3038
vn 0.9360 -0.1587 0.3143
vn 0.5698 -0.3074 0.7621
vn 0.5292 -0.3542 0.7710
vn 0.6850 -0.3056 0.6614
vn 0.6592 -0.3211 0.6800
vn 0.1329 -0.2888 0.9481
vn 0.1847 -0.2095 0.9602
vn 0.9366 -0.3497 -0.0224
vn 0.9522 -0.3052 -0.0106
vn 0.8044 -0.3927 -0.4457
vn 0.8428 -0.3292 -0.4258
vn -0.0586 -0.2491 -0.9667
vn -0.0971 -0.2841 -0.9538
vn 0.8239 -0.3665 0.4321
vn 0.8473 -0.2996 0.4384
vn -0.6134 0.0856 0.7851
vn -0.4721 0.1433 0.8698
vn -0.6634 0.6827 0.3062
vn -0.6175 0.6983 0.3620
vn -0.1885 -0.0762 -0.9791
vn -0.1621 -0.0303 -0.9863
vn 0.9841 -0.1680 0.0573
vn 0.9900 -0.1360 0.0366
vn -0.5261 0.1012 -0.8444
vn -0.4069 -0.1228 -0.9052
vn -0.5144 0.2245 -0.8276
vn -0.4958 0.1771 -0.8502
vn 0.8186 -0.3232 0.4747
vn 0.8121 -0.3351 0.4778
vn -0.4782 0.0957 0.8730
vn -0.4704 0.0995 0.8768
vn 0.7403 -0.2047 0.6404
vn 0.7300 -0.2655 0.6298
vn 0.6693 -0.2148 0.7112
vn 0.6470 -0.2953 0.7030
vn -0.6623 0.6086 0.4369
vn -0.6883 0.5518 0.4710
vn -0.6039 0.4548 0.6546
vn -0.6614 0.4700 0.5845
vn -0.5210 0.3431 0.7816
vn -0.5808 0.3704 0.7249
vn -0.2890 0.2562 0.9224
vn -0.5409 0.3977 0.7411
vn -0.1822 0.1859 0.9655
vn -0.2924 0.2658 0.9186
vn -0.5205 0.1285 -0.8441
vn -0.4572 0.1868 -0.8695
vn 0.9667 -0.2556 0.0142
vn 0.9553 -0.2944 0.0283
vn 0.0843 -0.0855 -0.9928
vn 0.0517 -0.1209 -0.9913
vn 0.2829 -0.1256 -0.9509
vn 0.2379 -0.1703 -0.9563
vn 0.3825 -0.2044 -0.9011
vn 0.3016 -0.2772 -0.9123
vn 0.2893 -0.2233 0.9308
vn 0.3055 -0.2081 0.9292
vn 0.9404 -0.2681 -0.2092
vn 0.9127 -0.3353 -0.2337
vn -0.6831 0.1553 0.7136
vn -0.7007 0.1374 0.7001
vn -0.2472 0.1997 0.9482
vn -0.3622 0.1418 0.9213
vn -0.1589 0.1361 0.9779
vn -0.1685 0.1341 0.9765
vn -0.8901 0.1912 -0.4138
vn -0.8896 0.2237 -0.3981
vn -0.9078 0.3521 -0.2281
vn -0.9093 0.3688 -0.1929
vn 0.8378 -0.2812 -0.4679
vn 0.5623 -0.3384 -0.7545
vn 0.5132 -0.2311 -0.8266
vn 0.0611 -0.1983 -0.9782
vn 0.9653 -0.1844 -0.1850
vn 0.9572 -0.2334 -0.1715
vn -0.2492 -0.1107 0.9621
vn -0.2025 -0.0540 0.9778
vn -0.1482 -0.1785 0.9727
vn -0.0898 -0.1042 0.9905
vn -0.2451 -0.0037 0.9695
vn -0.2634 -0.0230 0.9644
vn -0.7057 0.2914 -0.6458
vn -0.7524 0.1946 -0.6293
vn -0.6461 0.5527 -0.5264
vn -0.7235 0.5521 -0.4144
vn -0.7161 0.6027 -0.3520
vn -0.7484 0.5946 -0.2941
vn -0.7182 0.6857 0.1180
vn -0.7347 0.6564 0.1714
vn -0.2425 -0.1326 0.9610
vn -0.2613 0.0092 0.9652
vn -0.5796 0.2465 0.7767
vn -0.6897 0.1574 0.7068
vn 0.5647 -0.3668 -0.7393
vn 0.5761 -0.3552 -0.7362
vn 0.5821 -0.2778 0.7642
vn 0.5380 -0.3273 0.7768
vn 0.7724 -0.2110 0.5991
vn 0.7603 -0.1732 0.6261
vn -0.7339 0.6644 -0.1414
vn -0.7541 0.6495 -0.0976
vn -0.6477 0.4713 -0.5986
vn -0.7043 0.3878 -0.5946
vn 0.9799 -0.1345 -0.1475
vn 0.9719 -0.2092 -0.1083
vn -0.6919 0.6494 0.3155
vn -0.7081 0.6390 0.3005
vn 0.9288 -0.3705 0.0030
vn 0.9552 -0.2142 -0.2042
vn 0.9259 -0.3218 -0.1979
vn 0.9346 -0.2650 -0.2375
vn 0.8979 -0.3372 -0.2830
vn 0.8456 -0.2317 -0.4809
vn -0.7432 0.2335 -0.6270
vn -0.7437 0.2397 -0.6241
vn -0.5197 0.1570 0.8398
vn -0.7593 0.4042 0.5101
vn 0.8103 -0.4104 -0.4183
vn 0.8170 -0.2858 -0.5008
vn 0.6661 -0.2185 0.7131
vn 0.4097 -0.3115 0.8574
vn -0.1803 0.1814 0.9667
vn -0.2391 0.1223 0.9633
vn -0.1944 0.0995 0.9759
vn -0.2481 0.0348 0.9681
vn 0.0677 -0.2153 -0.9742
vn -0.2265 -0.1334 -0.9648
vn -0.3380 -0.0772 -0.9380
vn -0.3533 -0.1006 -0.9301
vn -0.4689 0.0422 -0.8823
vn -0.4816 0.0219 -0.8761
vn -0.6952 0.2160 -0.6856
vn -0.5754 -0.0225 -0.8175
vn -0.5350 0.2432 -0.8090
vn -0.5221 0.2081 -0.8271
vn -0.3704 0.1768 -0.9119
vn -0.3694 0.1727 -0.9131
vn 0.7989 -0.3767 0.4689
vn 0.5276 -0.3426 0.7773
vn -0.1675 0.1247 0.9779
vn -0.1933 0.0896 0.9770
vn 0.9421 -0.2594 -0.2124
vn 0.7952 -0.3698 -0.4806
vn 0.8226 -0.3224 -0.4685
vn 0.6853 -0.4546 -0.5690
vn -0.1740 0.1252 0.9768
vn -0.1710 0.1167 0.9783
vn -0.3472 0.1740 0.9215
vn -0.4251 0.1259 0.8963
vn -0.7386 0.1104 -0.6651
vn -0.7205 0.1443 -0.6783
vn -0.2736 -0.1706 -0.9466
vn -0.2266 -0.1320 -0.9650
vn 0.0629 -0.0224 -0.9978
vn 0.0533 -0.0294 -0.9981
vn 0.2693 -0.0284 -0.9626
vn 0.2024 -0.1079 -0.9733
vn 0.2925 -0.2954 -0.9095
vn 0.2255 -0.0993 -0.9692
vn -0.9125 0.1383 -0.3850
vn -0.9129 0.1738 -0.3693
vn 0.3048 -0.2097 0.9290
vn 0.2713 -0.0435 0.9615
vn -0.7211 0.0824 0.6879
vn -0.7262 0.0776 0.6831
vn 0.6403 -0.2716 -0.7185
vn 0.2271 -0.3526 -0.9078
vn -0.0734 -0.2548 -0.9642
vn 0.0077 -0.0927 -0.9957
vn 0.9138 -0.1662 -0.3707
vn 0.7520 -0.3335 -0.5686
vn 0.3610 -0.1280 0.9237
vn 0.2918 -0.2491 0.9235
vn 0.5004 -0.1592 0.8510
vn 0.4217 -0.2563 0.8698
vn 0.3459 -0.1457 0.9269
vn 0.0814 -0.1271 0.9885
vn -0.0270 -0.0855 0.9960
vn 0.0252 -0.0150 0.9996
vn -0.1189 -0.0322 0.9924
vn -0.0870 0.0129 0.9961
vn -0.4505 0.2193 0.8654
vn -0.5501 0.2851 0.7849
vn -0.5619 0.3885 0.7303
vn -0.5661 0.3902 0.7261
vn -0.5651 0.3782 0.7332
vn -0.6755 0.4305 0.5987
vn -0.6760 0.4592 0.5763
vn -0.7123 0.4821 0.5101
vn -0.7001 0.5444 0.4621
vn -0.7298 0.5983 0.3307
vn -0.2199 -0.0232 0.9753
vn -0.2630 0.0293 0.9644
vn -0.8401 0.5201 -0.1540
vn -0.7921 0.5475 -0.2697
vn -0.8031 0.5262 -0.2796
vn -0.7957 0.4835 -0.3649
vn -0.7896 0.4943 -0.3637
vn -0.7548 0.6338 0.1689
vn -0.7897 0.6111 -0.0545
vn -0.9140 0.3601 -0.1869
vn -0.9185 0.3882 -0.0752
vn -0.7619 0.1892 -0.6195
vn -0.6909 0.2960 -0.6596
vn 0.9348 -0.2008 -0.2929
vn 0.8621 -0.3211 -0.3921
vn 0.5327 -0.3394 0.7752
vn 0.4998 -0.1629 0.8507
vn 0.5365 -0.4329 -0.7244
vn 0.4957 -0.2138 -0.8418
vn -0.6662 0.2107 0.7154
vn -0.7947 0.1044 0.5980
vn -0.7927 0.3260 -0.5151
vn -0.7620 0.3790 -0.5251
vn -0.7763 0.6236 -0.0917
vn -0.8083 0.5626 -0.1734
vn 0.7818 -0.3768 -0.4969
vn 0.7922 -0.2601 -0.5521
vn 0.2766 -0.1801 0.9440
vn 0.3115 -0.1148 0.9433
vn -0.7933 0.2990 0.5304
vn -0.6347 0.3360 0.6959
vn -0.7462 0.0953 -0.6589
vn -0.5818 0.1925 -0.7902
vn -0.5694 0.2557 -0.7813
vn -0.5514 0.2110 -0.8071
vn 0.4985 -0.2008 0.8433
vn 0.4714 -0.2189 0.8543
vn 0.1850 -0.0632 0.9807
vn 0.1343 -0.0615 0.9890
vn -0.7713 0.5722 0.2785
vn -0.8005 0.5202 0.2975
vn -0.4487 0.1908 0.8731
vn -0.3196 0.0770 0.9444
vn 0.0431 -0.0108 0.9990
vn 0.0924 0.0507 0.9944
vn -0.0504 0.0232 0.9985
vn -0.0003 0.0915 0.9958
vn -0.1746 0.0376 0.9839
vn -0.1519 0.0392 0.9876
vn -0.3046 0.0252 0.9522
vn -0.2400 0.1397 0.9607
vn -0.6748 -0.0036 -0.7380
vn -0.6286 0.0939 -0.7720
vn -0.4837 -0.0317 -0.8746
vn -0.4952 -0.1091 -0.8619
vn -0.6962 0.1487 -0.7022
vn -0.6067 0.2394 -0.7580
vn -0.2847 -0.0273 0.9582
vn -0.2923 0.0053 0.9563
vn 0.7021 -0.3676 -0.6099
vn 0.7618 -0.2346 -0.6038
vn 0.6476 -0.2297 -0.7266
vn 0.5669 -0.3958 -0.7225
vn -0.7688 0.1771 -0.6145
vn -0.7696 0.1827 -0.6118
vn -0.3854 0.1387 -0.9123
vn -0.3938 0.1696 -0.9034
vn -0.2376 0.1362 0.9618
vn -0.2418 0.1343 0.9610
vn -0.1762 0.1054 0.9787
vn -0.2082 0.0914 0.9738
vn -0.4097 0.1687 0.8965
vn -0.5100 0.1113 0.8529
vn 0.7876 -0.2759 -0.5509
vn 0.5453 -0.3517 -0.7609
vn 0.5658 -0.2428 -0.7880
vn 0.4619 -0.4157 -0.7835
vn -0.2395 -0.0524 -0.9695
vn -0.2852 -0.1573 -0.9455
vn 0.2133 -0.1718 0.9618
vn 0.2678 -0.1311 0.9545
vn 0.4082 -0.1939 -0.8920
vn 0.1078 -0.2517 -0.9618
vn 0.0144 -0.0880 -0.9960
vn -0.0293 -0.0962 -0.9949
vn 0.0699 0.0075 -0.9975
vn 0.1566 0.0432 -0.9867
vn -0.7879 0.4141 0.4557
vn -0.7999 0.4192 0.4295
vn -0.7718 0.3573 0.5259
vn -0.7871 0.3649 0.4973
vn -0.6801 0.3287 0.6553
vn -0.7718 0.3589 0.5249
vn -0.6760 0.2669 0.6868
vn -0.6911 0.2483 0.6788
vn -0.2621 0.0334 0.9645
vn -0.3195 0.0794 0.9443
vn -0.9279 0.3669 -0.0661
vn -0.9025 0.4063 0.1426
vn -0.9318 0.0880 -0.3521
vn -0.9342 0.1647 -0.3163
vn -0.7462 -0.0100 0.6656
vn -0.8328 0.1310 0.5379
vn -0.8586 0.5015 -0.1066
vn -0.8571 0.5038 -0.1075
vn -0.8523 0.4633 -0.2426
vn -0.8555 0.4607 -0.2364
vn -0.8606 0.4256 -0.2797
vn -0.9000 0.3554 -0.2523
vn -0.7583 0.2648 -0.5957
vn -0.7201 0.3236 -0.6138
vn 0.1949 -0.1551 -0.9685
vn 0.1072 -0.2121 -0.9714
vn -0.7830 0.1376 0.6066
vn -0.7881 0.1533 0.5961
vn 0.4854 -0.2391 -0.8410
vn 0.4457 -0.2778 -0.8510
vn -0.8012 0.3474 -0.4872
vn -0.9074 0.3104 -0.2833
vn -0.7680 0.1868 -0.6127
vn -0.7654 0.1744 -0.6195
vn -0.0027 -0.0213 0.9998
vn -0.3777 -0.0773 0.9227
vn -0.0808 -0.0531 -0.9953
vn -0.0383 0.0405 -0.9984
vn 0.2637 -0.1449 0.9537
vn -0.0928 -0.0896 0.9916
vn 0.2063 -0.0079 0.9785
vn -0.1090 0.0038 0.9940
vn -0.1874 0.0130 0.9822
vn -0.1409 0.0535 0.9886
vn -0.6487 0.2749 0.7097
vn -0.5991 0.2835 0.7488
vn -0.2433 0.1287 0.9614
vn -0.2406 0.1296 0.9619
vn -0.2004 0.1137 0.9731
vn -0.2362 0.0980 0.9668
vn -0.6642 0.2895 -0.6892
vn -0.6059 0.1829 -0.7742
vn -0.4076 0.1429 -0.9019
vn -0.4142 0.1614 -0.8958
vn -0.6513 0.0741 -0.7552
vn -0.5189 0.1436 -0.8427
vn 0.0162 -0.1173 -0.9930
vn 0.0157 0.0634 -0.9979
vn -0.8587 0.5018 -0.1042
vn -0.8493 0.4728 0.2347
vn -0.2807 0.0452 0.9587
vn -0.2366 0.0986 0.9666
vn -0.8520 0.4655 -0.2396
vn -0.8906 0.3623 -0.2749
vn -0.4776 0.0515 0.8771
vn -0.5334 -0.0131 0.8457
vn -0.3950 -0.0463 -0.9175
vn -0.3722 0.0354 -0.9275
vn 0.5463 -0.3191 -0.7745
vn 0.2825 -0.3424 -0.8961
vn 0.4227 -0.2185 -0.8795
vn 0.1159 -0.2062 -0.9716
vn -0.0971 0.0839 0.9917
vn -0.3812 0.0901 0.9201
vn -0.3784 0.0862 0.9216
vn -0.7815 0.1559 0.6041
vn -0.3286 0.0768 0.9413
vn -0.6642 0.2017 0.7198
vn -0.6814 0.1761 0.7104
vn -0.6633 0.1966 0.7221
vn -0.6620 0.2249 -0.7150
vn -0.6265 0.2743 -0.7296
vn -0.4899 0.1747 0.8541
vn -0.5926 0.1201 0.7965
vn 0.4047 -0.3667 -0.8377
vn 0.1524 -0.1787 -0.9720
vn 0.1211 -0.1924 -0.9738
vn 0.1009 -0.0819 -0.9915
vn 0.1433 -0.2252 -0.9637
vn 0.1852 -0.1448 -0.9720
vn -0.0398 -0.1077 -0.9934
vn -0.0382 -0.1069 -0.9935
vn -0.6182 0.1770 -0.7658
vn -0.5452 0.1105 -0.8310
vn -0.8349 0.1201 0.5372
vn -0.8665 0.0793 0.4928
vn -0.9173 0.3679 0.1525
vn -0.8488 0.3829 0.3646
vn -0.9423 0.1293 -0.3088
vn -0.9441 0.1425 -0.2972
vn -0.9370 0.2015 -0.2854
vn -0.9184 0.2666 -0.2922
vn -0.8222 0.3264 0.4663
vn -0.8145 0.3206 0.4834
vn -0.8135 0.4051 0.4173
vn -0.8506 0.4662 0.2432
vn -0.8626 0.2643 0.4314
vn -0.8196 0.2480 0.5164
vn -0.8652 0.2095 0.4557
vn -0.8860 0.1704 0.4313
vn -0.1664 0.0343 0.9855
vn -0.2052 -0.0408 0.9779
vn -0.5418 0.0265 0.8401
vn -0.4835 0.0580 0.8734
vn -0.8030 0.1154 0.5847
vn -0.8154 0.1617 0.5558
vn -0.7547 0.1998 -0.6249
vn -0.7306 0.1425 -0.6678
vn -0.8832 0.1956 0.4263
vn -0.9286 0.1094 0.3546
vn -0.6031 0.2584 0.7546
vn -0.6433 0.2524 0.7228
vn -0.2516 0.0956 0.9631
vn -0.2041 0.1108 0.9727
vn -0.2293 0.1204 0.9659
vn -0.2782 0.0988 0.9554
vn -0.4212 0.1480 -0.8948
vn -0.4402 0.1869 -0.8783
vn -0.7005 0.2149 -0.6805
vn -0.7983 0.3612 -0.4820
vn -0.5647 0.1975 0.8013
vn -0.7176 0.1319 0.6838
vn -0.7916 0.2243 -0.5684
vn -0.5777 0.0416 -0.8152
vn -0.1381 -0.0921 -0.9861
vn -0.0367 -0.0538 -0.9979
vn 0.1286 -0.1744 -0.9762
vn -0.0525 -0.1355 -0.9894
vn 0.1650 -0.1350 -0.9770
vn 0.0717 -0.2251 -0.9717
vn -0.1920 -0.0808 -0.9781
vn -0.1958 -0.1198 -0.9733
vn -0.1168 0.1170 -0.9862
vn -0.5355 0.0975 -0.8389
vn -0.5797 0.1874 -0.7930
vn -0.5727 0.1964 -0.7959
vn -0.7586 0.2123 -0.6161
vn -0.9013 0.2107 -0.3784
vn -0.4888 0.1924 -0.8509
vn -0.5732 0.1975 -0.7953
vn -0.9414 0.2271 -0.2494
vn -0.9258 0.2826 -0.2510
vn -0.3486 0.1165 0.9300
vn -0.7488 0.0658 0.6596
vn -0.8926 0.0605 0.4468
vn -0.8810 0.1898 0.4333
vn -0.7780 0.1467 0.6108
vn -0.9270 0.1750 0.3316
vn 0.0406 -0.1414 -0.9891
vn 0.0243 -0.0643 -0.9976
vn -0.8806 0.3792 -0.2843
vn -0.9140 0.2425 -0.3254
vn -0.9037 0.3826 -0.1921
vn -0.8571 0.4509 -0.2492
vn -0.8855 0.4256 0.1864
vn -0.8906 0.3750 0.2573
vn -0.8032 0.3360 0.4920
vn -0.7991 0.2605 0.5418
vn -0.8059 0.2678 0.5280
vn -0.8079 0.1456 0.5711
vn -0.8654 0.1234 0.4857
vn -0.8924 0.0661 0.4464
vn -0.4965 0.0079 0.8680
vn -0.6755 0.1244 0.7268
vn -0.6971 0.0461 0.7155
vn -0.7319 0.0947 0.6748
vn -0.8663 0.3390 0.3669
vn -0.8845 0.4045 -0.2325
vn -0.9302 0.2023 -0.3062
vn -0.9131 0.1347 -0.3847
vn -0.9398 0.2358 -0.2474
vn -0.9468 0.2052 -0.2479
vn -0.8302 0.1244 0.5435
vn -0.8405 0.1657 0.5159
vn 0.0348 -0.0824 -0.9960
vn 0.0033 -0.0860 -0.9963
vn -0.7012 0.2122 -0.6807
vn -0.6450 0.1267 -0.7536
vn -0.4633 0.1351 -0.8758
vn -0.5828 0.2997 -0.7553
vn -0.6410 0.2962 0.7081
vn -0.6359 0.2975 0.7121
vn -0.2119 0.0928 0.9729
vn -0.2631 0.1849 0.9469
vn -0.0536 -0.0728 -0.9959
vn -0.0830 0.0389 -0.9958
vn -0.2276 0.1101 -0.9675
vn -0.3386 0.0297 -0.9405
vn -0.9124 0.1462 0.3823
vn -0.8237 0.1994 0.5308
vn -0.6241 0.2014 -0.7550
vn -0.6549 0.1535 -0.7400
vn -0.7345 0.1602 -0.6594
vn -0.6877 0.2220 -0.6913
vn -0.9226 0.1762 -0.3433
vn -0.9226 0.1645 -0.3488
vn -0.9393 0.2308 -0.2539
vn -0.8083 0.2384 -0.5384
vn -0.8744 0.2819 -0.3949
vn -0.8310 0.3713 -0.4143
vn -0.2773 0.1060 0.9549
vn -0.2794 0.1044 0.9545
vn -0.7068 0.1532 0.6906
vn -0.7018 0.1407 0.6983
vn -0.9254 0.1118 0.3621
vn -0.9255 0.1325 0.3548
vn -0.9310 0.1688 0.3238
vn -0.9371 0.1079 0.3321
vn -0.7672 0.2227 0.6015
vn -0.7481 0.0983 0.6562
vn -0.7695 0.2901 0.5690
vn -0.7492 0.2146 0.6266
vn -0.8685 0.4069 0.2830
vn -0.9014 0.3553 -0.2476
vn -0.8921 0.2251 -0.3919
vn -0.8493 0.1009 -0.5181
vn -0.0853 0.0085 -0.9963
vn -0.1243 0.0004 -0.9922
vn -0.4599 -0.0686 -0.8853
vn -0.4925 0.1299 -0.8606
vn -0.9030 0.1887 -0.3861
vn -0.9239 0.1503 -0.3518
vn -0.9158 0.2624 -0.3041
vn -0.9284 0.1974 -0.3147
vn -0.9145 0.3495 -0.2038
vn -0.8922 0.4352 0.1205
vn -0.3166 0.0805 -0.9451
vn -0.3279 0.0760 -0.9416
vn -0.9172 0.1515 -0.3684
vn -0.8588 0.2181 -0.4635
vn -0.9113 0.1954 -0.3624
vn -0.8938 0.1129 -0.4340
vn -0.9266 0.1347 0.3510
vn -0.6473 0.2190 0.7301
vn -0.6241 0.1671 -0.7632
vn -0.6490 0.2227 -0.7274
vn -0.5954 0.2365 -0.7678
vn -0.6309 0.2193 -0.7442
vn -0.7581 0.1780 -0.6273
vn -0.7434 0.3052 -0.5952
vn -0.7830 0.0359 0.6209
vn -0.3745 0.1291 0.9182
vn -0.6493 0.3343 0.6831
vn -0.5679 0.2152 0.7945
vn -0.8841 0.4113 -0.2218
vn -0.9324 0.3597 0.0358
vn -0.6428 0.2634 0.7193
vn -0.5155 0.2598 0.8165
vn -0.3181 0.1130 0.9413
vn -0.2823 0.1112 0.9529
vn -0.8453 0.3092 -0.4356
vn -0.9253 0.1171 -0.3607
vn -0.9374 0.3287 0.1149
vn -0.7932 0.3531 0.4961
vn -0.3364 0.0679 0.9393
vn -0.3599 0.1457 0.9215
vn -0.5286 0.1878 0.8278
vn -0.5026 0.1924 0.8428
vn -0.7578 0.1784 -0.6276
vn -0.6035 0.2523 -0.7564
vn -0.5289 0.2294 0.8171
vn -0.8277 0.3046 0.4712
vn -0.9034 0.4248 0.0590
vn -0.8395 0.2726 -0.4701
vn -0.7975 0.3786 -0.4696
vn -0.6349 0.2027 -0.7455
vn -0.6474 0.2259 -0.7279
vn -0.6321 0.2030 -0.7478
vn -0.5551 0.1763 0.8129
vn 0.5405 0.1814 0.8215
vn -0.5398 0.0036 0.8418
vn -0.6349 0.0169 0.7724
vn 0.1752 0.4218 0.8896
vn 0.0773 0.3868 0.9189
vn 0.2433 0.0515 0.9686
vn -0.3973 0.0094 0.9176
vn 0.5284 0.5806 0.6194
vn 0.4751 0.6492 0.5940
vn 0.3611 0.5582 0.7470
vn 0.2765 0.6566 0.7017
vn 0.1753 0.6075 0.7748
vn 0.1834 0.5939 0.7834
vn 0.1477 0.5713 0.8073
vn 0.1723 0.4601 0.8710
vn 0.1490 0.4487 0.8812
vn 0.1105 0.2915 0.9502
vn 0.0200 0.2745 0.9614
vn 0.0533 0.2649 0.9628
vn 0.2941 0.8258 0.4812
vn 0.2708 0.8482 0.4552
vn 0.9360 0.0921 0.3396
vn 0.9225 0.0348 0.3844
vn 0.9392 0.0320 0.3417
vn 0.9399 0.0352 0.3395
vn -0.9688 0.0036 0.2478
vn -0.9472 0.0774 0.3111
vn -0.9076 0.0480 0.4171
vn -0.9110 0.0399 0.4104
vn -0.7991 -0.0053 0.6012
vn -0.7621 0.0511 0.6455
vn -0.4803 0.7907 0.3797
vn -0.4639 0.8107 0.3572
vn -0.4464 0.7282 0.5201
vn -0.3490 0.7175 0.6029
vn -0.3511 0.5925 0.7250
vn -0.2535 0.5386 0.8035
vn -0.2882 0.4513 0.8446
vn -0.2282 0.4392 0.8689
vn -0.3502 0.3252 0.8784
vn -0.1696 0.2973 0.9396
vn -0.5831 0.5980 0.5499
vn -0.4393 0.6128 0.6569
vn -0.2743 0.7537 0.5973
vn -0.3170 0.7586 0.5693
vn -0.2925 0.8134 0.5028
vn -0.1755 0.7978 0.5768
vn 0.3665 0.7051 0.6071
vn 0.3755 0.6949 0.6133
vn 0.2545 0.7722 0.5822
vn 0.1894 0.7663 0.6140
vn 0.1958 0.7887 0.5828
vn 0.2128 0.7728 0.5979
vn 0.1386 0.7072 0.6933
vn 0.1835 0.6707 0.7186
vn 0.1191 0.5147 0.8491
vn 0.0404 0.4898 0.8709
vn 0.0831 0.3702 0.9252
vn 0.0583 0.3632 0.9299
vn 0.9367 0.1596 -0.3115
vn 0.9360 0.1223 -0.3301
vn -0.3316 0.8223 0.4625
vn -0.2812 0.8716 0.4015
vn -0.3214 0.5910 0.7399
vn -0.4351 0.6043 0.6675
vn -0.2703 0.5791 0.7692
vn -0.3182 0.5837 0.7470
vn 0.2432 0.1857 0.9520
vn 0.2852 0.2311 0.9302
vn 0.3920 0.1506 0.9075
vn 0.3395 0.1738 0.9244
vn 0.6310 -0.0135 0.7757
vn 0.6519 0.1099 0.7503
vn 0.7801 -0.1510 0.6072
vn 0.8701 0.2237 0.4392
vn 0.9994 0.0159 -0.0295
vn 0.8615 0.2433 0.4456
vn 0.9317 0.1788 -0.3161
vn 0.9315 0.1708 -0.3211
vn 0.9495 0.1189 -0.2902
vn 0.9474 0.0989 -0.3043
vn 0.9585 0.0847 -0.2722
vn 0.9568 0.0716 -0.2818
vn 0.9665 0.1514 -0.2072
vn 0.9601 0.0739 -0.2698
vn 0.9767 0.1866 -0.1064
vn 0.9776 0.0923 -0.1889
vn 0.9976 0.0682 0.0121
vn 0.9996 0.0187 -0.0227
vn 0.9905 -0.0499 0.1279
vn 0.9897 -0.0729 0.1232
vn 0.9903 0.0646 0.1234
vn 0.9911 0.0554 0.1214
vn 0.9687 0.1679 0.1829
vn 0.9903 0.0377 0.1340
vn 0.9615 0.1465 0.2326
vn 0.9743 0.0791 0.2111
vn 0.9320 -0.0320 0.3610
vn 0.9356 -0.0175 0.3527
vn 0.7101 -0.0000 0.7041
vn 0.6546 0.0654 0.7532
vn 0.5054 0.0514 0.8613
vn 0.5256 0.0833 0.8467
vn 0.3889 0.0720 0.9185
vn 0.3581 0.0916 0.9292
vn 0.3379 0.0833 0.9375
vn 0.3210 0.0936 0.9424
vn 0.2854 0.0871 0.9544
vn 0.2638 0.1033 0.9590
vn 0.2093 0.0979 0.9730
vn 0.2169 0.0917 0.9719
vn 0.1842 0.0891 0.9788
vn 0.1304 0.1331 0.9825
vn -0.0291 0.0825 0.9962
vn 0.0112 0.1219 0.9925
vn -0.0097 0.0816 0.9966
vn -0.0108 0.0807 0.9967
vn -0.1335 0.0668 0.9888
vn -0.0903 0.0920 0.9917
vn -0.1788 0.0768 0.9809
vn -0.1818 0.0752 0.9805
vn -0.3376 0.0773 0.9381
vn -0.3458 0.0836 0.9346
vn -0.3913 0.0666 0.9179
vn -0.4046 0.0811 0.9109
vn -0.4429 0.0729 0.8936
vn -0.4316 0.0583 0.9002
vn -0.5991 0.0449 0.7994
vn -0.5790 0.0718 0.8121
vn -0.9557 -0.0838 0.2822
vn -0.9475 -0.0310 0.3182
vn -0.9471 -0.0383 0.3187
vn -0.9430 -0.0093 0.3326
vn -0.9424 -0.0178 0.3339
vn -0.9436 -0.0253 0.3301
vn -0.9429 0.1856 0.2764
vn -0.9786 0.0469 0.2004
vn -0.9780 0.0261 0.2068
vn -0.9832 -0.0435 0.1771
vn -0.9794 -0.0749 0.1877
vn -0.9724 0.0123 0.2332
vn -0.9594 -0.0935 0.2660
vn -0.9419 0.0258 0.3349
vn -0.9248 -0.0876 0.3702
vn -0.9151 -0.0334 0.4017
vn -0.8987 -0.1198 0.4218
vn -0.8940 -0.1017 0.4363
vn -0.9472 -0.0455 0.3173
vn -0.8875 -0.1339 0.4409
vn -0.9926 0.0467 0.1125
vn -0.9402 -0.1139 0.3211
vn -0.9937 0.0698 -0.0873
vn -0.9902 -0.0855 0.1104
vn -0.9669 0.0799 -0.2422
vn -0.9941 -0.0562 -0.0930
vn -0.9270 0.1080 -0.3593
vn -0.9673 -0.0091 -0.2534
vn -0.8793 0.1558 -0.4502
vn -0.9283 0.0612 -0.3667
vn -0.9071 -0.0716 -0.4148
vn -0.9210 0.2129 -0.3262
vn -0.9955 -0.0779 0.0540
vn -0.9685 0.2480 0.0216
vn -0.6612 0.0658 0.7473
vn -0.6889 0.0918 0.7190
vn -0.6244 0.0844 0.7765
vn -0.5858 0.1050 0.8037
vn -0.1245 0.3253 0.9374
vn -0.1232 0.3253 0.9376
vn 0.9150 0.2253 -0.3346
vn 0.9147 0.2314 -0.3315
vn 0.9847 -0.0194 0.1731
vn 0.9809 -0.0939 0.1701
vn -0.4843 0.0526 0.8733
vn -0.4934 0.0664 0.8673
vn -0.6519 0.0239 0.7579
vn -0.6315 0.0507 0.7737
vn -0.9474 0.0737 0.3113
vn -0.9599 0.0321 0.2785
vn -0.9699 -0.0533 -0.2377
vn -0.8680 0.1226 -0.4813
vn -0.8729 0.1960 -0.4468
vn -0.8642 0.1534 -0.4792
vn -0.5998 0.0604 0.7979
vn -0.3409 0.1653 0.9255
vn 0.9417 -0.0398 0.3341
vn 0.9419 -0.0392 0.3337
vn -0.2785 0.6761 0.6821
vn -0.2791 0.6762 0.6818
vn 0.9030 0.0496 0.4268
vn 0.8812 0.0064 0.4727
vn 0.3193 0.6351 0.7034
vn 0.3493 0.5936 0.7250
vn -0.1375 0.7224 0.6777
vn -0.1435 0.7135 0.6858
vn 0.9193 0.0377 0.3918
vn 0.9028 -0.0093 0.4299
vn -0.2533 0.5341 0.8066
vn -0.2522 0.5339 0.8070
vn 0.3063 0.5017 0.8090
vn 0.2584 0.5130 0.8186
vn 0.2393 0.3916 0.8885
vn 0.2167 0.3962 0.8922
vn -0.9114 0.0161 0.4111
vn -0.8960 0.0548 0.4407
vn -0.7625 0.0287 0.6464
vn -0.7536 0.0418 0.6560
vn 0.4605 0.0736 0.8846
vn 0.4402 0.0561 0.8961
vn 0.3947 0.1454 0.9072
vn 0.4561 0.1035 0.8839
vn -0.2507 0.0932 0.9636
vn -0.2719 0.0830 0.9587
vn 0.1340 0.7947 0.5920
vn 0.3252 0.8150 0.4797
vn 0.1360 0.2715 0.9528
vn 0.1409 0.2747 0.9511
vn -0.2347 0.8564 0.4598
vn -0.2569 0.8279 0.4985
vn -0.2425 0.7552 0.6089
vn -0.0714 0.6836 0.7263
vn -0.0343 0.5328 0.8456
vn -0.0537 0.5205 0.8522
vn -0.0409 0.4888 0.8714
vn 0.1086 0.3676 0.9236
vn 0.1098 0.3707 0.9223
vn 0.1921 0.2958 0.9357
vn 0.9363 -0.0026 0.3513
vn 0.9388 -0.0258 0.3434
vn 0.6129 0.0507 0.7885
vn 0.6021 0.0712 0.7952
vn -0.0259 0.0843 0.9961
vn -0.0308 0.0812 0.9962
vn -0.9478 0.0234 0.3179
vn -0.9475 0.0254 0.3187
vn -0.9184 0.1542 0.3643
vn -0.9425 -0.0421 0.3315
vn -0.6331 0.0921 0.7685
vn -0.6338 0.0933 0.7679
vn -0.0958 0.3110 0.9456
vn -0.1001 0.3110 0.9451
vn 0.9475 0.1776 0.2660
vn 0.9630 0.0929 0.2530
vn -0.7058 0.0603 0.7059
vn -0.8277 -0.0058 0.5611
vn -0.2657 0.6120 0.7449
vn -0.2463 0.6083 0.7546
vn 0.1497 0.6664 0.7304
vn 0.1780 0.6697 0.7210
vn 0.1172 0.6643 0.7382
vn 0.1538 0.6646 0.7312
vn -0.8947 -0.0409 0.4448
vn -0.8785 0.0008 0.4778
vn -0.8705 -0.0002 0.4922
vn -0.8787 0.0175 0.4770
vn -0.8621 -0.0220 0.5063
vn -0.8703 -0.0058 0.4926
vn -0.0962 0.2869 0.9531
vn -0.0609 0.2931 0.9541
vn 0.3697 0.2119 0.9047
vn 0.2440 0.3313 0.9114
vn 0.5264 0.1342 0.8396
vn 0.5265 0.0524 0.8486
vn 0.9320 -0.0016 0.3624
vn 0.9424 0.0659 0.3280
vn 0.7709 0.0883 0.6308
vn 0.7787 0.0534 0.6251
vn 0.6549 0.0501 0.7540
vn 0.6838 0.0878 0.7244
vn -0.3114 0.0963 0.9454
vn -0.2982 0.0655 0.9522
vn -0.3472 0.0723 0.9350
vn -0.3391 0.0609 0.9388
vn -0.4061 0.0591 0.9119
vn -0.3978 0.0483 0.9162
vn -0.4323 0.0472 0.9005
vn -0.4259 0.0387 0.9039
vn -0.8674 0.0260 0.4969
vn -0.8648 0.0193 0.5017
vn -0.6257 0.0985 0.7738
vn -0.4302 0.1123 0.8957
vn -0.2420 0.4442 0.8626
vn -0.2050 0.4283 0.8801
vn -0.1888 0.3516 0.9169
vn -0.1564 0.3812 0.9112
vn -0.9815 0.0830 -0.1723
vn -0.7525 0.0557 0.6562
vn 0.0806 0.4817 0.8726
vn 0.0443 0.4597 0.8870
vn 0.0638 0.3619 0.9300
vn 0.1162 0.3943 0.9116
vn -0.8628 0.0280 0.5047
vn -0.8591 0.0404 0.5102
vn -0.8569 0.0252 0.5149
vn -0.8544 0.0333 0.5186
vn -0.8428 -0.0335 0.5372
vn -0.8318 0.0019 0.5550
vn -0.8122 -0.1050 0.5739
vn -0.7980 -0.0649 0.5991
vn -0.7942 -0.0985 0.5996
vn -0.7915 -0.1015 0.6027
vn -0.5807 0.0290 0.8136
vn -0.5722 0.0157 0.8200
vn -0.9724 0.0407 0.2297
vn -0.9024 -0.0939 0.4205
vn -0.9022 -0.0047 0.4313
vn -0.8323 -0.1034 0.5446
vn -0.8325 -0.0652 0.5502
vn -0.7955 -0.1149 0.5950
vn -0.9949 0.0992 0.0162
vn -0.9767 -0.0508 0.2085
vn -0.7546 0.0476 0.6545
vn -0.5805 0.0785 0.8105
vn 0.3233 0.0405 0.9454
vn 0.3089 0.0509 0.9497
vn 0.2661 0.0450 0.9629
vn 0.2601 0.0494 0.9643
vn 0.2187 0.0433 0.9748
vn 0.2046 0.0542 0.9773
vn 0.1309 0.0487 0.9902
vn 0.1176 0.0596 0.9913
vn 0.0152 0.0664 0.9977
vn -0.0034 0.0499 0.9987
vn -0.0108 0.0610 0.9981
vn -0.0050 0.0659 0.9978
vn 0.9889 0.0432 0.1422
vn 0.9970 -0.0146 0.0760
vn 0.9961 0.0784 0.0406
vn 0.9996 0.0095 -0.0280
vn 0.9915 0.1139 -0.0636
vn 0.9891 0.0253 -0.1449
vn 0.9642 0.1885 -0.1864
vn 0.9589 0.0875 -0.2697
vn 0.9730 0.0352 0.2283
vn 0.9860 -0.0283 0.1641
vn 0.9496 -0.0260 0.3125
vn 0.9590 -0.0676 0.2752
vn 0.9399 -0.0520 0.3376
vn 0.9407 -0.0651 0.3330
vn 0.0480 0.2742 0.9605
vn 0.0587 0.2918 0.9547
vn -0.0061 0.2615 0.9652
vn -0.0070 0.2679 0.9634
vn 0.1091 0.2936 0.9497
vn 0.1040 0.2847 0.9530
vn -0.1201 0.3402 0.9327
vn -0.0782 0.3453 0.9352
vn -0.5560 0.0942 0.8258
vn -0.4603 0.0726 0.8848
vn 0.9411 0.0776 0.3291
vn 0.9492 0.0414 0.3121
vn 0.9481 0.0171 0.3176
vn 0.9247 0.0930 0.3693
vn 0.9236 0.0673 0.3774
vn 0.9255 0.0739 0.3716
vn 0.5920 0.1082 0.7987
vn 0.5804 0.0755 0.8108
vn 0.5861 0.1590 0.7944
vn 0.5799 0.1252 0.8050
vn 0.5710 0.0845 0.8166
vn 0.5785 0.1687 0.7980
vn 0.4396 0.1928 0.8773
vn 0.4512 0.1549 0.8789
vn -0.1849 0.0430 0.9818
vn -0.1564 0.0576 0.9860
vn 0.8682 0.0033 0.4963
vn 0.8764 0.0286 0.4808
vn -0.9837 0.1415 -0.1110
vn -0.9992 0.0136 -0.0376
vn 0.0591 0.6762 0.7344
vn 0.1354 0.6308 0.7640
vn -0.6335 0.0192 0.7735
vn -0.6346 0.0212 0.7726
vn 0.2385 0.2579 0.9363
vn 0.1176 0.3682 0.9223
vn -0.4957 0.0400 0.8676
vn -0.4875 0.0281 0.8726
vn -0.7954 -0.0900 0.5994
vn -0.7946 -0.0912 0.6003
vn -0.0563 0.1909 0.9800
vn 0.1684 0.2467 0.9543
vn -0.1269 0.7173 0.6851
vn -0.1633 0.6615 0.7320
vn -0.8645 0.0280 0.5018
vn -0.8627 0.0239 0.5052
vn 0.4537 0.1250 0.8823
vn 0.4745 0.1251 0.8713
vn 0.4519 0.1543 0.8786
vn 0.4543 0.1445 0.8791
vn 0.9414 0.0790 0.3279
vn 0.9337 0.0975 0.3446
vn 0.9336 0.0992 0.3444
vn 0.9411 0.0681 0.3312
vn 0.9395 -0.0187 0.3420
vn 0.9154 -0.0537 0.3989
vn 0.9183 -0.0212 0.3953
vn 0.9193 -0.0191 0.3932
vn 0.9262 0.2394 -0.2914
vn 0.9259 0.1636 -0.3405
vn 0.9362 0.1224 -0.3294
vn 0.9356 0.1148 -0.3339
vn 0.1594 0.6317 0.7587
vn 0.0970 0.5333 0.8404
vn -0.7524 -0.0196 0.6585
vn -0.7188 0.0299 0.6945
vn -0.7545 0.0544 0.6541
vn -0.4322 0.0114 0.9017
vn -0.2277 0.5268 0.8189
vn -0.2526 0.5346 0.8065
vn 0.7765 0.0428 0.6287
vn 0.7948 -0.0212 0.6065
vn -0.6412 0.0200 0.7672
vn -0.6416 0.0293 0.7665
vn 0.6017 0.0623 0.7963
vn 0.6190 0.0215 0.7851
vn 0.8760 0.0137 0.4821
vn 0.8696 -0.0032 0.4938
vn 0.9763 0.2156 0.0189
vn 0.9721 0.1047 0.2101
vn 0.5566 0.1245 0.8214
vn 0.4562 0.0089 0.8898
vn -0.4857 0.0504 0.8727
vn -0.4518 0.0298 0.8916
vn -0.0140 0.2720 0.9622
vn -0.0047 0.3519 0.9360
vn 0.2160 0.3010 0.9288
vn 0.1204 0.3753 0.9191
vn -0.0951 0.6164 0.7816
vn -0.1738 0.6419 0.7468
vn 0.3685 0.0435 0.9286
vn 0.3530 0.0175 0.9354
vn 0.5241 0.1335 0.8411
vn 0.5233 0.1436 0.8399
vn 0.3758 0.2470 0.8932
vn 0.4649 0.2359 0.8534
vn -0.0130 0.0611 0.9980
vn -0.0278 0.0502 0.9984
vn -0.1507 0.3678 0.9176
vn -0.0936 0.3961 0.9134
vn 0.1436 0.5587 0.8168
vn 0.1763 0.5367 0.8252
vn 0.1849 0.5392 0.8216
vn 0.1543 0.5587 0.8149
vn 0.2317 0.5398 0.8093
vn 0.1991 0.4329 0.8792
vn 0.1870 0.4316 0.8825
vn 0.1752 0.3862 0.9056
vn 0.8617 -0.0076 0.5074
vn 0.8683 0.0148 0.4958
vn -0.8146 0.0866 0.5736
vn -0.5905 0.0412 0.8060
vn -0.5610 0.0914 0.8227
vn -0.4358 0.1052 0.8939
vn 0.9130 -0.1111 0.3924
vn 0.9263 -0.0071 0.3768
vn -0.0667 0.3223 0.9443
vn -0.0932 0.3198 0.9429
vn -0.2257 0.0526 0.9728
vn -0.2591 0.0332 0.9653
vn -0.7974 0.0643 0.6001
vn -0.8675 0.0254 0.4968
vn -0.8659 0.0464 0.4980
vn -0.8695 0.0301 0.4931
vn 0.5290 0.0359 0.8479
vn 0.5344 0.0439 0.8441
vn -0.4395 -0.0118 0.8982
vn -0.4359 0.0079 0.9000
vn -0.0577 0.3035 0.9511
vn -0.0461 0.3046 0.9514
vn 0.0065 0.2730 0.9620
vn -0.0218 0.3612 0.9322
vn 0.9261 -0.0075 0.3773
vn 0.8536 0.0731 0.5158
vn 0.8875 -0.0678 0.4558
vn 0.8952 -0.0465 0.4433
vn 0.8875 -0.0944 0.4509
vn 0.8558 -0.0493 0.5149
vn 0.8550 -0.0817 0.5121
vn 0.8353 -0.0490 0.5475
vn 0.8355 -0.0477 0.5475
vn 0.8358 -0.0483 0.5468
vn 0.8404 -0.0177 0.5416
vn 0.8446 -0.0244 0.5348
vn 0.8449 -0.0217 0.5345
vn 0.8376 -0.0114 0.5461
vn 0.8380 -0.0012 0.5457
vn 0.7717 0.0584 0.6333
vn -0.0931 0.0506 0.9944
vn -0.0872 0.0542 0.9947
vn -0.2045 0.4286 0.8800
vn -0.1968 0.4257 0.8832
vn -0.1716 0.3823 0.9079
vn -0.1554 0.4338 0.8875
vn 0.4617 0.0592 0.8851
vn 0.4543 0.0477 0.8895
vn 0.4129 0.0820 0.9071
vn 0.4043 0.0537 0.9131
vn 0.6801 0.0314 0.7324
vn 0.6937 -0.0010 0.7203
vn -0.3104 0.0399 0.9498
vn -0.2895 0.0092 0.9571
vn -0.3480 0.0091 0.9374
vn -0.3555 0.0188 0.9345
vn -0.4009 0.0201 0.9159
vn -0.3920 0.0085 0.9199
vn -0.4283 0.0119 0.9036
vn -0.4220 0.0033 0.9066
vn -0.0907 0.1621 0.9826
vn -0.3130 0.1292 0.9409
vn -0.7614 0.0150 0.6481
vn -0.7569 0.0092 0.6535
vn -0.7598 0.0541 0.6479
vn -0.7175 -0.0022 0.6966
vn 0.1703 0.3783 0.9099
vn 0.2453 0.4191 0.8742
vn 0.1449 0.4434 0.8845
vn 0.1568 0.4517 0.8783
vn -0.5730 0.0001 0.8195
vn -0.5709 -0.0032 0.8210
vn -0.5570 -0.1179 0.8221
vn -0.5490 0.0308 0.8353
vn -0.0546 0.2597 0.9642
vn -0.0895 0.2824 0.9551
vn -0.0629 0.3356 0.9399
vn -0.0279 0.2901 0.9566
vn -0.0927 0.5363 0.8389
vn -0.0294 0.4056 0.9136
vn 0.3126 0.0108 0.9498
vn 0.2988 0.0214 0.9541
vn 0.2602 0.0138 0.9654
vn 0.2497 0.0209 0.9681
vn 0.2050 0.0191 0.9786
vn 0.1910 0.0301 0.9811
vn 0.1184 0.0264 0.9926
vn 0.1023 0.0390 0.9940
vn -0.0029 0.0366 0.9993
vn 0.0077 0.0442 0.9990
vn -0.0052 0.0428 0.9991
vn -0.0135 0.0368 0.9992
vn 0.0109 0.3487 0.9372
vn 0.0094 0.3459 0.9382
vn 0.0466 0.3746 0.9260
vn 0.0340 0.3539 0.9347
vn -0.7776 -0.0622 0.6257
vn -0.7604 -0.0095 0.6494
vn -0.7249 -0.0700 0.6853
vn -0.7522 -0.0443 0.6574
vn -0.7921 0.0335 0.6094
vn -0.7998 0.0103 0.6002
vn -0.7979 0.0029 0.6028
vn -0.7973 0.0048 0.6036
vn -0.7992 0.0318 0.6002
vn -0.7940 0.0423 0.6064
vn -0.7860 -0.0069 0.6182
vn -0.7136 -0.1001 0.6933
vn -0.7015 -0.0186 0.7125
vn -0.6623 -0.0603 0.7468
vn -0.6594 -0.0377 0.7509
vn -0.6467 -0.0499 0.7611
vn -0.6471 -0.0669 0.7595
vn -0.6806 -0.0338 0.7319
vn -0.0599 0.3894 0.9191
vn -0.0728 0.3892 0.9183
vn -0.2151 0.1042 0.9710
vn -0.2727 0.1634 0.9481
vn 0.8041 0.0108 0.5944
vn 0.7848 0.0516 0.6176
vn 0.7828 0.0304 0.6216
vn 0.7763 0.0422 0.6290
vn 0.7763 0.0426 0.6289
vn 0.7666 0.0568 0.6396
vn 0.7642 0.0259 0.6444
vn 0.7535 0.0070 0.6574
vn 0.4967 0.0616 0.8658
vn 0.4924 0.0356 0.8696
vn 0.5235 0.1055 0.8454
vn 0.5182 0.0189 0.8550
vn 0.5384 0.1551 0.8283
vn 0.5312 0.0895 0.8425
vn 0.5324 0.2214 0.8170
vn 0.5350 0.2002 0.8208
vn -0.1595 0.0201 0.9870
vn -0.1551 0.0234 0.9876
vn 0.3697 0.3114 0.8754
vn 0.3205 0.3741 0.8702
vn -0.7679 0.0013 0.6406
vn -0.7445 0.0339 0.6667
vn -0.8144 -0.1278 0.5661
vn -0.5639 0.0086 0.8258
vn -0.6364 0.0043 0.7714
vn -0.6373 0.0060 0.7706
vn 0.2546 0.3476 0.9024
vn 0.3206 0.3746 0.8700
vn -0.4889 0.0095 0.8723
vn -0.4757 -0.0095 0.8796
vn -0.0887 0.5392 0.8375
vn -0.1844 0.5733 0.7983
vn -0.7216 -0.0877 0.6867
vn -0.6813 -0.0178 0.7317
vn -0.7684 0.0282 0.6394
vn -0.7616 0.0176 0.6478
vn -0.4286 -0.0001 0.9035
vn -0.5044 -0.0010 0.8635
vn -0.2166 0.0976 0.9714
vn -0.1241 0.1590 0.9794
vn -0.1311 0.5613 0.8171
vn -0.1714 0.4577 0.8724
vn 0.3522 0.0196 0.9357
vn 0.3564 0.0350 0.9337
vn 0.8055 0.0450 0.5909
vn 0.8242 0.0111 0.5662
vn 0.8616 -0.0061 0.5075
vn 0.8218 0.0623 0.5663
vn 0.5068 0.0039 0.8620
vn 0.5247 0.0483 0.8499
vn 0.8575 -0.0679 0.5100
vn 0.7964 0.0114 0.6047
vn 0.5417 0.1916 0.8185
vn 0.5489 0.1517 0.8220
vn 0.4925 0.1951 0.8481
vn 0.5146 0.1423 0.8456
vn -0.0032 0.3525 0.9358
vn -0.0038 0.3552 0.9348
vn -0.0401 0.3135 0.9487
vn 0.0207 0.2434 0.9697
vn 0.7624 -0.0198 0.6469
vn 0.7202 0.0393 0.6926
vn 0.7547 0.0443 0.6546
vn 0.7219 -0.0138 0.6918
vn 0.5541 0.1481 0.8192
vn 0.5512 0.1280 0.8245
vn -0.0909 0.0240 0.9956
vn -0.0760 0.0335 0.9965
vn -0.0143 0.0295 0.9995
vn 0.0047 0.0426 0.9991
vn -0.1265 0.3977 0.9087
vn -0.1247 0.4110 0.9031
vn 0.0936 0.3813 0.9197
vn 0.1113 0.4093 0.9056
vn -0.3063 0.0511 0.9506
vn -0.3581 0.1319 0.9243
vn 0.4149 0.0241 0.9096
vn 0.4029 0.0036 0.9152
vn -0.0928 0.3999 0.9119
vn -0.1116 0.4007 0.9094
vn 0.7662 0.0183 0.6423
vn 0.7390 0.0470 0.6720
vn 0.0037 0.3450 0.9386
vn 0.0069 0.3549 0.9349
vn 0.7962 -0.0671 0.6013
vn 0.7421 0.0002 0.6703
vn 0.7427 -0.0590 0.6671
vn 0.6893 0.0065 0.7244
vn 0.6899 -0.0461 0.7224
vn 0.6323 0.0178 0.7745
vn 0.6396 -0.0356 0.7679
vn 0.5781 0.0279 0.8155
vn 0.5681 -0.0098 0.8229
vn 0.5804 0.0194 0.8141
vn 0.5434 -0.0113 0.8394
vn 0.5512 0.0266 0.8339
vn 0.9418 0.2535 0.2209
vn 0.7859 -0.0248 0.6178
vn 0.4527 0.0358 0.8909
vn 0.5089 -0.0163 0.8607
vn 0.8496 0.0477 0.5253
vn 0.7966 -0.0114 0.6044
vn 0.8718 0.0262 0.4891
vn 0.8434 -0.0226 0.5369
vn -0.5991 0.0549 0.7988
vn -0.3923 0.0610 0.9178
vn -0.7442 0.0158 0.6677
vn -0.7246 0.0350 0.6883
vn -0.4259 0.0027 0.9048
vn -0.4274 -0.0056 0.9040
vn -0.2315 0.0100 0.9728
vn -0.2543 0.0287 0.9667
vn -0.4195 0.0778 0.9044
vn -0.3936 0.0591 0.9174
vn 0.4856 0.2865 0.8259
vn 0.3799 0.2919 0.8778
vn 0.6204 0.0276 0.7838
vn 0.6314 -0.0077 0.7754
vn -0.0431 0.3819 0.9232
vn -0.0374 0.3822 0.9233
vn 0.3773 0.3278 0.8662
vn 0.3131 0.3327 0.8895
vn -0.5083 0.0768 0.8577
vn -0.5342 -0.0324 0.8447
vn -0.1700 0.4452 0.8791
vn -0.1626 0.4437 0.8813
vn -0.1600 0.4329 0.8871
vn -0.1610 0.4193 0.8934
vn 0.5374 -0.0073 0.8433
vn 0.5611 0.0248 0.8274
vn 0.4604 0.0019 0.8877
vn 0.4640 0.0069 0.8858
vn -0.2846 0.0253 0.9583
vn -0.2936 0.0353 0.9553
vn -0.3522 0.0357 0.9352
vn -0.3504 0.0334 0.9360
vn -0.3878 0.0366 0.9210
vn -0.3858 0.0339 0.9220
vn -0.4179 0.0372 0.9077
vn -0.4156 0.0343 0.9089
vn -0.7987 0.0281 0.6010
vn -0.7979 0.0294 0.6021
vn -0.0112 0.3739 0.9274
vn -0.0152 0.3736 0.9275
vn -0.0041 0.3713 0.9285
vn 0.0018 0.3572 0.9340
vn 0.6930 -0.0048 0.7209
vn 0.7353 0.0326 0.6769
vn -0.3094 0.1317 0.9418
vn -0.1213 0.1328 0.9837
vn -0.6386 0.0257 0.7691
vn -0.6416 0.0159 0.7668
vn -0.7029 0.0408 0.7102
vn -0.6360 -0.0005 0.7717
vn -0.5405 0.0247 0.8410
vn -0.5504 -0.0169 0.8347
vn 0.6600 0.0322 0.7506
vn 0.6466 0.0148 0.7627
vn -0.0042 0.3655 0.9308
vn -0.0023 0.3687 0.9295
vn 0.0277 0.3624 0.9316
vn 0.0325 0.3716 0.9278
vn -0.6585 -0.0261 0.7522
vn -0.6395 0.0132 0.7687
vn -0.5938 -0.0172 0.8045
vn -0.6392 0.0111 0.7690
vn -0.5912 -0.0330 0.8059
vn -0.5676 0.0146 0.8232
vn -0.5521 -0.0334 0.8331
vn -0.5453 -0.0124 0.8382
vn 0.6014 0.0923 0.7936
vn 0.5878 0.0391 0.8081
vn 0.6185 0.0650 0.7831
vn 0.5620 0.1091 0.8199
vn 0.6170 0.0687 0.7840
vn 0.6164 0.0637 0.7848
vn 0.2153 0.4242 0.8796
vn 0.2222 0.4297 0.8752
vn 0.1897 0.4446 0.8754
vn 0.2079 0.4562 0.8652
vn 0.1822 0.4610 0.8685
vn 0.1721 0.4521 0.8752
vn 0.1867 0.4515 0.8725
vn 0.1768 0.4319 0.8844
vn 0.1500 0.4270 0.8918
vn 0.1455 0.4164 0.8975
vn -0.7090 0.0109 0.7052
vn -0.7026 0.0225 0.7112
vn -0.7135 0.0010 0.7006
vn -0.6981 -0.0149 0.7158
vn -0.7003 -0.0238 0.7135
vn -0.7139 -0.0049 0.7002
vn -0.6878 0.0088 0.7258
vn -0.6700 0.0328 0.7416
vn -0.5681 0.0351 0.8222
vn -0.5541 0.0136 0.8323
vn -0.3111 0.3407 0.8872
vn -0.2078 0.3999 0.8927
vn -0.3352 0.2715 0.9022
vn -0.3749 0.3214 0.8696
vn 0.2997 0.0335 0.9534
vn 0.3370 0.0526 0.9400
vn 0.2507 0.0368 0.9674
vn 0.2668 0.0438 0.9628
vn 0.1911 0.0361 0.9809
vn 0.2100 0.0447 0.9767
vn 0.1023 0.0409 0.9939
vn 0.1289 0.0558 0.9901
vn 0.0075 0.0470 0.9989
vn 0.0192 0.0550 0.9983
vn -0.0131 0.0528 0.9985
vn -0.0180 0.0490 0.9986
vn -0.6762 0.0124 0.7366
vn -0.6789 0.0182 0.7340
vn -0.5312 0.1070 0.8405
vn -0.6049 0.1663 0.7787
vn -0.0749 0.3865 0.9193
vn -0.0765 0.3888 0.9181
vn 0.6581 0.0393 0.7519
vn 0.6482 0.0205 0.7612
vn 0.6622 -0.0043 0.7494
vn 0.6375 0.0224 0.7701
vn 0.6378 0.0145 0.7701
vn 0.6235 0.0295 0.7813
vn -0.1536 0.0516 0.9868
vn -0.1650 0.0439 0.9853
vn 0.2222 0.4002 0.8891
vn 0.2204 0.3995 0.8898
vn 0.5236 0.1872 0.8312
vn 0.5067 0.2446 0.8267
vn -0.1582 0.4120 0.8973
vn -0.2006 0.4521 0.8691
vn 0.2252 0.4065 0.8855
vn 0.2234 0.4055 0.8864
vn -0.6978 0.0176 0.7161
vn -0.6903 0.0324 0.7228
vn -0.4713 0.0419 0.8810
vn -0.4623 0.0285 0.8863
vn 0.7346 0.0198 0.6783
vn 0.7220 0.0475 0.6903
vn -0.6690 0.0025 0.7433
vn -0.6323 0.0351 0.7739
vn 0.6472 0.0279 0.7618
vn 0.6928 -0.0128 0.7210
vn 0.7216 0.0122 0.6922
vn 0.6855 0.0491 0.7264
vn 0.5730 0.1859 0.7982
vn 0.5855 0.1411 0.7983
vn 0.0053 0.0529 0.9986
vn 0.0051 0.0528 0.9986
vn -0.0750 0.0457 0.9961
vn -0.0646 0.0531 0.9965
vn -0.3879 0.0605 0.9197
vn -0.3975 0.0907 0.9131
vn -0.4083 0.0751 0.9097
vn -0.4149 0.0107 0.9098
vn 0.6151 0.0663 0.7856
vn 0.6145 0.0526 0.7872
vn 0.7415 -0.0088 0.6709
vn 0.6950 0.0415 0.7178
vn -0.4237 0.2229 0.8780
vn -0.4614 0.2674 0.8459
vn 0.5289 0.0326 0.8480
vn 0.5189 0.0427 0.8538
vn -0.5542 0.0152 0.8322
vn -0.5597 0.0221 0.8284
vn -0.5785 -0.0015 0.8157
vn -0.5672 0.0850 0.8192
vn -0.6147 0.0643 0.7861
vn -0.6605 0.1200 0.7411
vn 0.5992 0.1251 0.7908
vn 0.5956 0.1076 0.7960
vn -0.6951 0.0064 0.7189
vn -0.6835 -0.0175 0.7297
vn -0.5183 0.1974 0.8321
vn -0.4014 0.1304 0.9066
vn -0.1127 0.3995 0.9098
vn -0.1118 0.3977 0.9107
vn -0.1415 0.4040 0.9038
vn -0.1435 0.4154 0.8982
vn -0.0430 0.3820 0.9232
vn -0.0308 0.3674 0.9295
vn 0.6476 0.0220 0.7616
vn 0.6446 0.0341 0.7637
vn 0.6248 0.0032 0.7808
vn 0.5960 0.0312 0.8024
vn 0.3764 0.2822 0.8824
vn 0.3574 0.3309 0.8733
vn 0.0013 0.3525 0.9358
vn -0.0015 0.3598 0.9330
vn 0.0005 0.3578 0.9338
vn 0.0057 0.3451 0.9385
vn 0.6623 0.0062 0.7492
vn 0.6359 0.0261 0.7713
vn 0.1792 0.4339 0.8829
vn 0.1734 0.4269 0.8875
vn 0.1794 0.4279 0.8859
vn 0.1764 0.4194 0.8905
vn 0.1493 0.4103 0.8996
vn 0.1490 0.4094 0.9001
vn 0.0848 0.3992 0.9130
vn 0.0707 0.3708 0.9260
vn -0.0006 0.3688 0.9295
vn -0.0095 0.3626 0.9319
vn -0.2290 0.0538 0.9719
vn -0.2531 0.0373 0.9667
vn 0.6976 -0.0083 0.7165
vn 0.6623 0.0313 0.7486
vn 0.6637 0.0045 0.7480
vn 0.6326 0.0400 0.7734
vn 0.6345 0.0178 0.7727
vn 0.6114 0.0449 0.7900
vn 0.6130 0.0290 0.7895
vn 0.6005 0.0452 0.7984
vn 0.6007 0.0170 0.7993
vn 0.5744 0.0604 0.8164
vn 0.5687 0.0264 0.8221
vn 0.5505 0.0649 0.8323
vn 0.5203 0.0190 0.8538
vn 0.5353 0.0203 0.8444
vn -0.0603 0.1875 0.9804
vn -0.0499 0.1521 0.9871
vn 0.3149 0.3358 0.8877
vn 0.3020 0.3622 0.8818
vn -0.5706 -0.0067 0.8212
vn -0.5431 0.0793 0.8359
vn 0.3981 0.0242 0.9170
vn 0.3723 0.0417 0.9272
vn 0.2221 0.4042 0.8873
vn 0.1809 0.3969 0.8999
vn 0.4623 0.0258 0.8863
vn 0.4544 0.0352 0.8901
vn 0.5611 0.0249 0.8274
vn 0.5551 0.0324 0.8311
vn -0.7243 -0.0109 0.6894
vn -0.6773 0.0291 0.7351
vn 0.6532 0.0327 0.7565
vn 0.6527 0.0117 0.7575
vn -0.6112 0.0211 0.7912
vn -0.6800 0.0013 0.7332
vn -0.7074 0.0054 0.7068
vn -0.6992 0.0314 0.7142
vn -0.2924 0.0393 0.9555
vn -0.2903 0.0370 0.9562
vn -0.2058 0.3991 0.8935
vn -0.2174 0.4445 0.8690
vn -0.3193 0.3189 0.8924
vn -0.3471 0.3809 0.8570
vn -0.6083 0.0648 0.7911
vn -0.6252 0.0134 0.7803
vn -0.6701 0.0093 0.7422
vn -0.6578 0.0057 0.7532
vn 0.6247 0.0280 0.7804
vn 0.6269 0.0148 0.7789
vn -0.3492 0.0389 0.9363
vn -0.3432 0.0317 0.9387
vn -0.3849 0.0370 0.9222
vn -0.3786 0.0276 0.9251
vn -0.0217 0.3619 0.9320
vn -0.0110 0.3646 0.9311
vn -0.0019 0.3547 0.9350
vn -0.0008 0.3484 0.9373
vn -0.1650 0.4170 0.8938
vn -0.1654 0.4192 0.8927
vn -0.4171 0.0167 0.9087
vn -0.4010 0.0312 0.9155
vn -0.6068 0.0413 0.7938
vn -0.6197 0.0320 0.7842
vn -0.6218 -0.0038 0.7832
vn -0.6373 0.0244 0.7702
vn -0.6407 0.0103 0.7677
vn -0.6428 0.0133 0.7659
vn -0.6430 0.0122 0.7657
vn -0.6420 0.0110 0.7666
vn -0.5798 0.0094 0.8147
vn -0.5880 0.0303 0.8083
vn -0.6244 0.1548 0.7656
vn -0.5888 0.1367 0.7967
vn 0.5614 0.0238 0.8272
vn 0.5593 0.0204 0.8287
vn 0.5641 -0.0063 0.8257
vn 0.5233 0.0330 0.8515
vn 0.5252 -0.0008 0.8510
vn 0.4923 0.0288 0.8700
vn 0.4700 0.1867 0.8627
vn 0.3487 0.2128 0.9128
vn -0.0180 0.0453 0.9988
vn -0.0163 0.0467 0.9988
vn 0.0192 0.0406 0.9990
vn 0.0050 0.0492 0.9988
vn 0.1302 0.0326 0.9909
vn 0.0917 0.0549 0.9943
vn 0.2096 0.0362 0.9771
vn 0.1890 0.0474 0.9808
vn 0.2669 0.0452 0.9627
vn 0.2720 0.0413 0.9614
vn 0.3339 0.0326 0.9420
vn 0.3269 0.0404 0.9442
vn 0.0182 0.3875 0.9217
vn 0.0142 0.3686 0.9295
vn 0.0120 0.3455 0.9383
vn -0.0171 0.3491 0.9369
vn 0.4527 -0.0093 0.8916
vn 0.4483 0.1032 0.8879
vn 0.3774 -0.0117 0.9260
vn 0.3616 0.0989 0.9271
vn 0.3372 0.1004 0.9361
vn 0.3829 0.0271 0.9234
vn -0.6093 0.0379 0.7920
vn -0.6001 -0.0048 0.7999
vn -0.6524 0.0154 0.7577
vn -0.6543 0.0023 0.7562
vn -0.6399 0.0218 0.7681
vn -0.6407 -0.0025 0.7678
vn -0.0629 0.4080 0.9108
vn -0.0425 0.3811 0.9236
vn 0.1742 0.4304 0.8857
vn 0.1746 0.4214 0.8899
vn -0.1659 0.0332 0.9856
vn -0.1477 0.0430 0.9881
vn -0.6187 0.0170 0.7854
vn -0.6149 0.0094 0.7886
vn -0.6056 0.0010 0.7957
vn -0.5748 0.0296 0.8178
vn 0.6440 0.0326 0.7644
vn 0.6039 0.0527 0.7953
vn -0.3758 0.2378 0.8957
vn -0.4971 0.1684 0.8512
vn 0.5885 0.1472 0.7950
vn 0.4642 0.1953 0.8639
vn -0.6340 0.0016 0.7733
vn -0.6060 0.0246 0.7951
vn -0.4629 0.0214 0.8862
vn -0.4587 0.0150 0.8884
vn -0.6585 0.0102 0.7525
vn -0.6589 0.0091 0.7522
vn 0.6256 0.0319 0.7795
vn 0.6091 0.0137 0.7930
vn -0.5811 0.0030 0.8138
vn -0.5363 0.0362 0.8433
vn -0.5520 0.1089 0.8267
vn -0.6528 0.0528 0.7557
vn -0.6730 0.0639 0.7369
vn -0.6603 0.0341 0.7503
vn -0.6261 0.1667 0.7617
vn -0.5756 0.2413 0.7814
vn 0.3751 0.0305 0.9265
vn 0.3779 0.0346 0.9252
vn 0.2790 0.2518 0.9267
vn 0.2770 0.2960 0.9141
vn 0.0510 0.4074 0.9118
vn 0.1021 0.3951 0.9129
vn 0.1464 0.4234 0.8940
vn 0.1462 0.4132 0.8988
vn -0.4170 0.2693 0.8681
vn -0.4516 0.3332 0.8277
vn 0.5260 -0.0003 0.8505
vn 0.5205 0.0981 0.8482
vn -0.5746 0.0003 0.8184
vn -0.5436 0.0209 0.8391
vn -0.5592 0.0014 0.8290
vn -0.5005 0.0479 0.8644
vn -0.6081 0.0649 0.7912
vn -0.6165 0.0379 0.7864
vn -0.1486 0.4113 0.8993
vn -0.1518 0.4229 0.8934
vn -0.1026 0.4074 0.9075
vn -0.1088 0.4173 0.9022
vn 0.3293 0.0355 0.9436
vn 0.1677 0.0194 0.9856
vn 0.4115 0.1735 0.8948
vn 0.4313 0.1310 0.8926
vn -0.6175 0.0369 0.7857
vn -0.6172 0.0451 0.7855
vn -0.0254 0.3777 0.9256
vn -0.0115 0.3616 0.9323
vn 0.4541 0.0306 0.8904
vn 0.4565 0.0265 0.8893
vn 0.5551 0.0296 0.8313
vn 0.5662 0.0072 0.8242
vn 0.6089 0.0334 0.7925
vn 0.5723 0.0278 0.8196
vn 0.6397 0.0125 0.7685
vn 0.6059 0.0293 0.7950
vn 0.6150 -0.0004 0.7885
vn 0.5590 0.0224 0.8289
vn 0.1816 0.3991 0.8987
vn 0.1975 0.3784 0.9043
vn -0.0662 0.0345 0.9972
vn -0.0517 0.0445 0.9977
vn 0.0049 0.0456 0.9989
vn 0.0056 0.0462 0.9989
vn 0.0062 0.3455 0.9384
vn 0.0241 0.3087 0.9508
vn 0.4949 -0.0002 0.8689
vn 0.4521 0.0361 0.8912
vn 0.5970 0.0145 0.8021
vn 0.5770 0.0346 0.8160
vn 0.5780 0.0174 0.8159
vn 0.5730 0.0228 0.8192
vn -0.6233 0.0040 0.7820
vn -0.5555 0.0214 0.8313
vn 0.2762 0.3282 0.9033
vn 0.2647 0.3553 0.8965
vn 0.6106 0.0593 0.7897
vn 0.6108 0.0531 0.7900
vn 0.5183 0.0374 0.8544
vn 0.6038 0.0611 0.7948
vn -0.0117 0.3514 0.9361
vn 0.0055 0.3199 0.9474
vn 0.5724 0.0355 0.8192
vn 0.5760 0.0314 0.8169
vn 0.5750 0.0442 0.8169
vn 0.5876 0.0296 0.8086
vn 0.5873 0.0460 0.8080
vn 0.5940 0.0367 0.8036
vn 0.5945 0.0575 0.8021
vn 0.6052 0.0409 0.7950
vn 0.5998 0.0416 0.7991
vn 0.6053 0.0443 0.7948
vn -0.2217 0.3559 0.9078
vn -0.2371 0.3983 0.8861
vn -0.6415 0.0181 0.7669
vn -0.6263 0.0038 0.7796
vn -0.2292 0.0384 0.9726
vn -0.2307 0.0374 0.9723
vn -0.0120 0.3617 0.9322
vn 0.0077 0.3509 0.9364
vn -0.6305 0.0240 0.7758
vn -0.5573 0.0275 0.8299
vn -0.6145 0.0111 0.7889
vn -0.6133 0.0094 0.7898
vn -0.0139 0.3114 0.9502
vn 0.0027 0.3205 0.9472
vn -0.0246 0.3138 0.9492
vn -0.0206 0.2940 0.9556
vn 0.2327 0.0195 0.9724
vn 0.2263 0.0663 0.9718
vn 0.2911 -0.0008 0.9567
vn 0.2846 0.0717 0.9559
vn -0.0138 0.3449 0.9385
vn -0.0203 0.3142 0.9492
vn 0.0174 0.3648 0.9309
vn 0.0139 0.3536 0.9353
vn 0.1782 0.0915 0.9797
vn 0.1946 0.0647 0.9787
vn 0.3423 0.1957 0.9190
vn 0.2184 0.1822 0.9587
vn -0.5886 0.0146 0.8083
vn -0.5916 0.0342 0.8055
vn -0.5937 0.0296 0.8041
vn -0.5889 0.0200 0.8080
vn -0.5886 0.0207 0.8081
vn -0.5866 0.0175 0.8097
vn -0.5852 0.0231 0.8106
vn -0.5801 0.0153 0.8144
vn -0.0515 0.3688 0.9281
vn -0.0478 0.3617 0.9311
vn -0.4011 0.0281 0.9156
vn -0.3894 0.0364 0.9204
vn -0.3731 0.0413 0.9269
vn -0.3671 0.0291 0.9297
vn -0.3401 0.0429 0.9394
vn -0.3318 0.0298 0.9429
vn -0.2912 0.0330 0.9561
vn -0.2779 0.0418 0.9597
vn -0.1480 0.0422 0.9881
vn -0.1632 0.0539 0.9851
vn 0.4525 0.0165 0.8916
vn 0.4394 0.0278 0.8979
vn 0.4405 0.0114 0.8977
vn 0.4197 0.0271 0.9073
vn 0.4552 0.0464 0.8892
vn 0.4076 0.0179 0.9130
vn -0.4981 0.0057 0.8671
vn -0.4783 0.0268 0.8778
vn -0.0164 0.0479 0.9987
vn -0.0090 0.0438 0.9990
vn 0.0049 0.0451 0.9990
vn -0.0046 0.0505 0.9987
vn 0.0926 0.0402 0.9949
vn 0.0666 0.0554 0.9962
vn 0.1896 0.0364 0.9812
vn 0.1625 0.0527 0.9853
vn 0.2720 0.0401 0.9615
vn 0.2629 0.0468 0.9637
vn 0.3269 0.0401 0.9442
vn 0.3216 0.0441 0.9458
vn -0.3439 0.2630 0.9014
vn -0.3015 0.2453 0.9214
vn -0.5881 0.1501 0.7948
vn -0.4853 0.0738 0.8712
vn -0.5811 0.0292 0.8133
vn -0.5912 0.0024 0.8065
vn -0.6142 0.0210 0.7889
vn -0.5921 0.0054 0.8059
vn -0.5626 -0.0031 0.8267
vn -0.5316 0.0192 0.8468
vn -0.5071 0.0074 0.8619
vn -0.4856 0.0248 0.8738
vn -0.5636 0.0163 0.8259
vn -0.5432 0.0002 0.8396
vn 0.0987 0.4029 0.9099
vn 0.0797 0.3776 0.9225
vn 0.5670 0.0344 0.8230
vn 0.4523 0.0110 0.8918
vn -0.4578 0.0232 0.8887
vn -0.4343 0.0392 0.8999
vn -0.6249 0.0182 0.7805
vn -0.6148 0.0066 0.7887
vn -0.5384 -0.0025 0.8427
vn -0.5066 0.0240 0.8619
vn 0.5783 0.0244 0.8155
vn 0.5707 0.0770 0.8175
vn -0.5179 0.0592 0.8534
vn -0.5505 -0.0248 0.8345
vn -0.5454 0.0943 0.8329
vn -0.5877 -0.0141 0.8090
vn -0.2779 0.3283 0.9028
vn -0.3135 0.3707 0.8742
vn -0.3297 0.3094 0.8920
vn -0.3378 0.3148 0.8870
vn 0.3789 0.0315 0.9249
vn 0.3496 0.0467 0.9357
vn -0.0519 0.0528 0.9973
vn -0.0584 0.0478 0.9972
vn 0.0055 0.0532 0.9986
vn -0.0057 0.0443 0.9990
vn -0.5799 0.0159 0.8145
vn -0.5772 0.0115 0.8165
vn -0.4660 0.0484 0.8835
vn -0.4838 0.0289 0.8747
vn -0.1222 0.3975 0.9094
vn -0.1731 0.3857 0.9062
vn -0.2005 0.3859 0.9005
vn -0.1999 0.4040 0.8926
vn 0.0012 0.3146 0.9492
vn 0.0194 0.2861 0.9580
vn 0.3484 -0.0028 0.9373
vn 0.3480 0.0554 0.9358
vn 0.4198 0.0261 0.9072
vn 0.3812 0.0535 0.9229
vn -0.4782 0.0127 0.8782
vn -0.4590 0.0300 0.8879
vn -0.4864 0.0013 0.8737
vn -0.4610 0.0195 0.8872
vn 0.4549 0.0062 0.8905
vn 0.4190 0.0383 0.9072
vn -0.0137 0.3569 0.9341
vn 0.0114 0.3284 0.9445
vn 0.4198 0.0092 0.9076
vn 0.4155 0.0141 0.9095
vn 0.4153 0.0225 0.9094
vn 0.4109 0.0271 0.9113
vn 0.4119 0.0193 0.9110
vn 0.4018 0.0282 0.9153
vn 0.4112 0.0472 0.9103
vn 0.4033 0.0239 0.9147
vn 0.4359 0.0571 0.8982
vn 0.4238 0.0244 0.9054
vn -0.3260 0.0987 0.9402
vn -0.2904 0.1337 0.9475
vn 0.1400 0.2257 0.9641
vn 0.1387 0.2503 0.9582
vn 0.1829 0.0705 0.9806
vn 0.1274 0.0745 0.9891
vn -0.5643 0.0039 0.8256
vn -0.5393 0.0140 0.8420
vn -0.2231 0.0475 0.9736
vn -0.2296 0.0409 0.9724
vn 0.1978 0.3815 0.9030
vn 0.1496 0.3546 0.9230
vn 0.2304 0.3244 0.9174
vn 0.1488 0.3595 0.9212
vn -0.0395 0.3041 0.9518
vn -0.0350 0.3043 0.9519
vn 0.1523 0.0063 0.9883
vn 0.1334 0.0450 0.9900
vn -0.5751 0.0358 0.8173
vn -0.5739 0.0129 0.8188
vn -0.5329 0.0059 0.8461
vn -0.5045 0.0175 0.8632
vn 0.0308 0.1021 0.9943
vn 0.0114 0.0691 0.9975
vn -0.5582 0.0310 0.8291
vn -0.5032 0.0220 0.8639
vn -0.0111 0.2783 0.9604
vn 0.0110 0.2881 0.9575
vn -0.0285 0.2839 0.9584
vn -0.0233 0.2722 0.9619
vn -0.4364 0.0141 0.8997
vn -0.4134 0.0324 0.9100
vn -0.3905 0.0237 0.9203
vn -0.3684 0.0361 0.9290
vn -0.3616 0.0396 0.9315
vn -0.3585 0.0325 0.9330
vn -0.3249 0.0449 0.9447
vn -0.3170 0.0281 0.9480
vn -0.2781 0.0389 0.9598
vn -0.2767 0.0402 0.9601
vn -0.4998 0.0069 0.8661
vn -0.5022 0.0238 0.8644
vn -0.5007 0.0224 0.8653
vn -0.5019 0.0243 0.8646
vn -0.5033 0.0202 0.8639
vn -0.5034 0.0204 0.8638
vn -0.5053 0.0158 0.8628
vn -0.5061 0.0177 0.8623
vn -0.5122 0.0319 0.8583
vn -0.5026 0.0167 0.8644
vn 0.0201 0.3443 0.9386
vn 0.0202 0.3455 0.9382
vn -0.0252 0.3199 0.9471
vn -0.0312 0.2987 0.9539
vn 0.3220 0.0347 0.9461
vn 0.3054 0.0483 0.9510
vn 0.2634 0.0403 0.9638
vn 0.2423 0.0544 0.9687
vn 0.1640 0.0385 0.9857
vn 0.1411 0.0513 0.9887
vn 0.0679 0.0386 0.9969
vn 0.0494 0.0492 0.9976
vn -0.0044 0.0415 0.9991
vn -0.0099 0.0449 0.9989
vn -0.0089 0.0450 0.9989
vn -0.0107 0.0461 0.9989
vn 0.3521 -0.0007 0.9360
vn 0.3596 0.0322 0.9326
vn 0.3781 0.0052 0.9257
vn 0.3845 0.0399 0.9223
vn 0.1920 0.0408 0.9805
vn 0.1862 0.0809 0.9792
vn 0.2358 0.0345 0.9712
vn 0.2309 0.0693 0.9705
vn -0.0696 0.3315 0.9409
vn -0.0687 0.3296 0.9416
vn -0.4395 0.0122 0.8982
vn -0.4266 0.0225 0.9042
vn -0.5706 0.0210 0.8210
vn -0.5385 0.0067 0.8426
vn -0.5393 0.0132 0.8420
vn -0.5405 0.0116 0.8413
vn 0.4628 -0.0052 0.8865
vn 0.3429 0.0635 0.9372
vn -0.1922 0.3462 0.9183
vn -0.1733 0.3297 0.9280
vn 0.0505 0.3084 0.9499
vn 0.0528 0.3264 0.9438
vn -0.4591 0.0089 0.8883
vn -0.4394 0.0258 0.8979
vn -0.5759 0.0162 0.8174
vn -0.5696 0.0070 0.8219
vn 0.1432 0.0587 0.9880
vn 0.0545 0.0781 0.9955
vn -0.5139 0.0062 0.8578
vn -0.5164 0.0226 0.8560
vn -0.5016 0.0236 0.8648
vn -0.4436 0.0121 0.8961
vn -0.4135 0.0481 0.9092
vn -0.4578 -0.0322 0.8885
vn -0.0315 0.2992 0.9537
vn -0.0575 0.2433 0.9682
vn 0.0055 0.1712 0.9852
vn -0.0387 0.1903 0.9810
vn -0.0310 0.2987 0.9538
vn -0.0528 0.2641 0.9631
vn 0.4027 0.0535 0.9138
vn 0.4100 0.0246 0.9117
vn 0.3525 0.0354 0.9352
vn 0.3573 0.0416 0.9331
vn 0.3603 0.0266 0.9325
vn 0.3255 0.0467 0.9444
vn -0.4670 0.0597 0.8822
vn -0.2865 0.0093 0.9580
vn -0.3246 0.0569 0.9441
vn -0.2349 0.0014 0.9720
vn 0.3308 0.0205 0.9435
vn 0.3063 0.0343 0.9513
vn 0.1388 0.0930 0.9859
vn 0.0598 0.1035 0.9928
vn -0.4277 0.0076 0.9039
vn -0.3996 0.0272 0.9163
vn -0.4130 0.0187 0.9105
vn -0.3991 0.0333 0.9163
vn -0.3689 0.0307 0.9289
vn -0.3720 0.0336 0.9276
vn 0.0408 0.3238 0.9453
vn 0.0076 0.3088 0.9511
vn -0.2188 0.0347 0.9752
vn -0.2683 0.0480 0.9621
vn -0.0078 0.0461 0.9989
vn -0.0059 0.0474 0.9989
vn 0.0147 0.3040 0.9526
vn 0.0010 0.2983 0.9545
vn 0.3853 0.0299 0.9223
vn 0.3424 0.0594 0.9377
vn 0.3533 0.0191 0.9353
vn 0.3527 0.0182 0.9356
vn 0.3521 0.0239 0.9357
vn 0.3379 0.0366 0.9405
vn 0.3398 0.0208 0.9403
vn 0.3219 0.0390 0.9460
vn 0.3226 0.0278 0.9461
vn 0.3091 0.0441 0.9500
vn 0.3081 0.0247 0.9510
vn 0.2801 0.0545 0.9584
vn -0.1770 0.3052 0.9357
vn -0.1262 0.2922 0.9480
vn -0.1358 0.1364 0.9813
vn -0.0889 0.1782 0.9800
vn -0.4636 0.0015 0.8860
vn -0.4248 0.0236 0.9050
vn -0.0549 0.2815 0.9580
vn -0.0414 0.2645 0.9635
vn 0.0229 0.0438 0.9988
vn 0.0475 0.0888 0.9949
vn -0.5135 0.0244 0.8577
vn -0.5053 0.0332 0.8623
vn 0.3319 0.0350 0.9427
vn 0.3308 0.0307 0.9432
vn -0.4968 0.0108 0.8678
vn -0.4492 0.0240 0.8931
vn -0.5117 -0.0007 0.8592
vn -0.4744 0.0144 0.8802
vn 0.2490 0.0465 0.9674
vn 0.3023 0.0265 0.9528
vn 0.3059 0.0407 0.9512
vn 0.2953 0.0473 0.9542
vn -0.4823 0.0186 0.8758
vn -0.4768 0.0095 0.8789
vn -0.0585 0.0518 0.9969
vn -0.0679 0.0451 0.9967
vn -0.2774 0.0429 0.9598
vn -0.2985 0.0476 0.9532
vn -0.3468 0.0441 0.9369
vn -0.2886 0.0301 0.9570
vn 0.2451 0.0339 0.9689
vn 0.2026 0.0587 0.9775
vn 0.1420 0.0459 0.9888
vn 0.1272 0.0538 0.9904
vn 0.0503 0.0392 0.9980
vn 0.0308 0.0503 0.9983
vn -0.0099 0.0445 0.9990
vn -0.0108 0.0451 0.9989
vn -0.0107 0.0451 0.9989
vn -0.0131 0.0464 0.9988
vn -0.1683 0.0397 0.9849
vn -0.1313 0.0562 0.9897
vn -0.0709 0.0731 0.9948
vn -0.0490 0.1121 0.9925
vn -0.4197 0.0220 0.9074
vn -0.4241 0.0279 0.9052
vn -0.4251 0.0253 0.9048
vn -0.4224 0.0209 0.9062
vn -0.4233 0.0187 0.9058
vn -0.4239 0.0197 0.9055
vn -0.4490 0.0044 0.8935
vn -0.4230 0.0231 0.9058
vn -0.0088 0.2295 0.9733
vn 0.0132 0.2029 0.9791
vn 0.0126 0.2749 0.9614
vn 0.0576 0.2224 0.9733
vn 0.0220 0.3062 0.9517
vn 0.0485 0.2699 0.9617
vn -0.0532 0.2151 0.9752
vn -0.0360 0.1909 0.9810
vn 0.1570 0.0525 0.9862
vn 0.1452 0.0959 0.9847
vn 0.2156 0.0524 0.9751
vn 0.2061 0.0737 0.9758
vn -0.3887 0.0137 0.9213
vn -0.3815 0.0196 0.9242
vn -0.4408 0.0417 0.8967
vn -0.4196 0.0224 0.9074
vn 0.2894 0.0538 0.9557
vn 0.2822 0.0416 0.9584
vn -0.3979 0.0171 0.9173
vn -0.3886 0.0255 0.9211
vn -0.4866 0.0046 0.8736
vn -0.4479 0.0286 0.8936
vn -0.4097 0.0333 0.9116
vn -0.3522 0.0165 0.9358
vn -0.0364 0.0912 0.9952
vn -0.0201 0.1316 0.9911
vn 0.0689 0.0924 0.9933
vn -0.0030 0.1102 0.9939
vn -0.2912 0.0500 0.9554
vn -0.2808 0.0460 0.9587
vn -0.0455 0.2427 0.9690
vn -0.0776 0.2147 0.9736
vn -0.0516 0.2075 0.9769
vn -0.0669 0.1985 0.9778
vn -0.0987 0.0485 0.9939
vn -0.1077 0.0370 0.9935
vn -0.2338 0.0347 0.9717
vn -0.2504 0.0423 0.9672
vn 0.2983 0.0316 0.9539
vn 0.2675 0.0485 0.9623
vn 0.3012 0.0466 0.9524
vn 0.3077 0.0691 0.9490
vn -0.4020 0.0135 0.9156
vn -0.3896 0.0208 0.9207
vn -0.2624 0.0328 0.9644
vn -0.2779 0.0370 0.9599
vn -0.3727 0.0229 0.9277
vn -0.3633 0.0310 0.9311
vn -0.3408 0.0333 0.9396
vn -0.3386 0.0369 0.9402
vn 0.3090 0.0219 0.9508
vn 0.2791 0.0364 0.9596
vn 0.0334 0.2936 0.9554
vn 0.1081 0.2229 0.9688
vn -0.0133 0.1851 0.9826
vn 0.0550 0.1323 0.9897
vn -0.4284 0.0089 0.9036
vn -0.3972 0.0240 0.9174
vn 0.2503 0.0484 0.9669
vn 0.2470 0.0565 0.9674
vn -0.3812 0.0219 0.9242
vn -0.3770 0.0249 0.9259
vn -0.0848 0.1597 0.9835
vn -0.0928 0.1111 0.9895
vn 0.0656 0.1115 0.9916
vn 0.0638 0.1167 0.9911
vn -0.4575 0.0021 0.8892
vn -0.4146 0.0218 0.9098
vn -0.0078 0.0473 0.9989
vn -0.0195 0.0530 0.9984
vn 0.2093 0.0298 0.9774
vn 0.1644 0.0498 0.9851
vn -0.3625 0.0169 0.9318
vn -0.3524 0.0263 0.9355
vn 0.0277 0.2287 0.9731
vn 0.0724 0.1852 0.9800
vn -0.0696 0.0504 0.9963
vn -0.0761 0.0434 0.9962
vn -0.1345 0.0360 0.9903
vn -0.1710 0.0477 0.9841
vn 0.0432 0.1874 0.9813
vn 0.0690 0.1599 0.9847
vn 0.1307 0.0389 0.9907
vn 0.0998 0.0534 0.9936
vn 0.0320 0.0365 0.9988
vn 0.0166 0.0456 0.9988
vn -0.0110 0.0417 0.9991
vn -0.0170 0.0456 0.9988
vn -0.0131 0.0462 0.9988
vn -0.0096 0.0444 0.9990
vn -0.4160 0.0057 0.9094
vn -0.3979 0.0213 0.9172
vn -0.1926 0.0489 0.9801
vn -0.1938 0.0372 0.9803
vn 0.0004 0.1739 0.9848
vn 0.0165 0.1513 0.9883
vn -0.0455 0.1531 0.9872
vn -0.0272 0.1622 0.9864
vn -0.0605 0.1129 0.9918
vn -0.0341 0.1365 0.9901
vn 0.1380 0.0866 0.9866
vn 0.1354 0.0957 0.9862
vn 0.2052 0.0703 0.9762
vn 0.1896 0.0631 0.9798
vn 0.2414 0.0576 0.9687
vn 0.2395 0.0556 0.9693
vn 0.2643 0.0398 0.9636
vn 0.2384 0.0613 0.9692
vn 0.2768 0.0365 0.9602
vn 0.2631 0.0494 0.9635
vn 0.2874 0.0360 0.9571
vn 0.2757 0.0486 0.9600
vn 0.2932 0.0305 0.9556
vn 0.2879 0.0390 0.9569
vn -0.3612 0.0184 0.9323
vn -0.3634 0.0245 0.9313
vn -0.3780 0.0065 0.9258
vn -0.3781 0.0234 0.9255
vn -0.3394 0.0190 0.9405
vn -0.3482 0.0396 0.9366
vn -0.3386 0.0346 0.9403
vn -0.3346 0.0290 0.9419
vn -0.3473 0.0365 0.9370
vn -0.3410 0.0294 0.9396
vn 0.0740 0.1336 0.9883
vn 0.0816 0.1281 0.9884
vn -0.0347 0.1425 0.9892
vn -0.0214 0.1316 0.9911
vn 0.0439 0.0787 0.9959
vn 0.0191 0.0921 0.9956
vn 0.2710 0.0329 0.9620
vn 0.2328 0.0542 0.9710
vn 0.0591 0.1115 0.9920
vn 0.0509 0.1401 0.9888
vn 0.2583 0.0525 0.9646
vn 0.2653 0.0677 0.9618
vn -0.2195 0.0532 0.9742
vn -0.2252 0.0328 0.9738
vn -0.3359 0.0303 0.9414
vn -0.3394 0.0257 0.9403
vn -0.2821 0.0454 0.9583
vn -0.2884 0.0354 0.9569
vn -0.0766 0.1555 0.9849
vn -0.0848 0.1506 0.9850
vn -0.0820 0.1128 0.9902
vn -0.0657 0.1312 0.9892
vn -0.0676 0.1467 0.9869
vn -0.0544 0.1554 0.9863
vn -0.0205 0.0429 0.9989
vn -0.0352 0.0505 0.9981
vn -0.1703 0.0454 0.9844
vn -0.1736 0.0411 0.9840
vn -0.0802 0.0504 0.9955
vn -0.0841 0.0468 0.9954
vn -0.0793 0.1008 0.9917
vn -0.1053 0.0682 0.9921
vn -0.2515 0.0581 0.9661
vn -0.1866 0.0350 0.9818
vn -0.2807 0.0484 0.9586
vn -0.2637 0.0409 0.9637
vn -0.3895 0.0214 0.9208
vn -0.3824 0.0274 0.9236
vn -0.4012 0.0129 0.9159
vn -0.3788 0.0169 0.9253
vn 0.0150 0.1307 0.9913
vn 0.0113 0.1385 0.9903
vn 0.3020 0.0455 0.9522
vn 0.2642 0.0511 0.9631
vn 0.2572 0.0406 0.9655
vn 0.2643 0.0508 0.9631
vn 0.2555 0.0478 0.9656
vn 0.2405 0.0603 0.9688
vn 0.2422 0.0479 0.9691
vn 0.2166 0.0706 0.9737
vn 0.2184 0.0588 0.9741
vn 0.1820 0.0873 0.9794
vn 0.1885 0.0744 0.9792
vn 0.1844 0.0716 0.9802
vn -0.3792 0.0165 0.9252
vn -0.3518 0.0272 0.9357
vn -0.3526 0.0245 0.9354
vn -0.3500 0.0210 0.9365
vn 0.1651 0.0483 0.9851
vn 0.1585 0.0345 0.9868
vn 0.1022 0.0472 0.9936
vn 0.0985 0.0420 0.9942
vn 0.0165 0.0436 0.9989
vn 0.0115 0.0476 0.9988
vn -0.3596 0.0182 0.9329
vn -0.3651 0.0327 0.9304
vn -0.3624 0.0134 0.9319
vn -0.3225 0.0277 0.9462
vn -0.3144 0.0248 0.9490
vn -0.3206 0.0325 0.9467
vn -0.3127 0.0315 0.9493
vn -0.2901 0.0451 0.9559
vn -0.3396 0.0265 0.9402
vn -0.3382 0.0286 0.9406
vn 0.0654 0.1345 0.9888
vn 0.0536 0.1262 0.9906
vn 0.0651 0.1468 0.9870
vn 0.0475 0.1374 0.9894
vn -0.0164 0.0477 0.9987
vn -0.0084 0.0384 0.9992
vn -0.0097 0.0427 0.9990
vn -0.0164 0.0407 0.9990
vn 0.0207 0.1585 0.9871
vn 0.0241 0.1488 0.9886
vn -0.0274 0.1426 0.9894
vn -0.0009 0.1568 0.9876
vn -0.2923 0.0367 0.9556
vn -0.2919 0.0363 0.9558
vn -0.0340 0.1365 0.9901
vn -0.0197 0.1522 0.9882
vn -0.0536 0.1301 0.9901
vn -0.0357 0.1441 0.9889
vn -0.0156 0.1599 0.9870
vn -0.0030 0.1390 0.9903
vn -0.3378 0.0276 0.9408
vn -0.3375 0.0283 0.9409
vn 0.2323 0.0584 0.9709
vn 0.1884 0.0807 0.9788
vn -0.0167 0.0455 0.9988
vn -0.0381 0.0408 0.9984
vn -0.2867 0.0323 0.9575
vn -0.2884 0.0294 0.9571
vn 0.0582 0.1007 0.9932
vn 0.0814 0.1235 0.9890
vn 0.0203 0.1062 0.9941
vn -0.0012 0.1146 0.9934
vn -0.1056 0.0626 0.9924
vn -0.0783 0.0974 0.9922
vn -0.2094 0.0570 0.9762
vn -0.1926 0.0751 0.9784
vn 0.1270 0.0837 0.9884
vn 0.1203 0.1008 0.9876
vn 0.0387 0.1236 0.9916
vn 0.0374 0.1272 0.9912
vn -0.3482 0.0247 0.9371
vn -0.3363 0.0269 0.9414
vn -0.2933 0.0297 0.9556
vn -0.2621 0.0523 0.9636
vn -0.2381 0.0466 0.9701
vn -0.2431 0.0362 0.9693
vn -0.1822 0.0511 0.9819
vn -0.1888 0.0316 0.9815
vn -0.0832 0.0454 0.9955
vn -0.1465 0.0538 0.9877
vn 0.2608 0.0484 0.9642
vn 0.2039 0.0573 0.9773
vn 0.1853 0.0465 0.9816
vn 0.1998 0.0661 0.9776
vn 0.1660 0.0530 0.9847
vn 0.1759 0.0685 0.9820
vn 0.1466 0.0662 0.9870
vn 0.1533 0.0793 0.9850
vn 0.1291 0.0782 0.9885
vn 0.1330 0.0904 0.9870
vn -0.0157 0.1428 0.9896
vn 0.0005 0.1598 0.9871
vn 0.1320 0.0623 0.9893
vn 0.1311 0.0549 0.9898
vn 0.0906 0.0575 0.9942
vn 0.0852 0.0455 0.9953
vn 0.0528 0.1301 0.9901
vn 0.0420 0.1177 0.9922
vn 0.0481 0.1287 0.9905
vn 0.0126 0.1398 0.9901
vn 0.0118 0.0497 0.9987
vn 0.0163 0.0454 0.9988
vn -0.0034 0.0469 0.9989
vn -0.0070 0.0512 0.9987
vn -0.0144 0.0519 0.9985
vn -0.0137 0.0512 0.9986
vn -0.2942 0.0396 0.9549
vn -0.2988 0.0299 0.9538
vn -0.0095 0.1538 0.9881
vn -0.0021 0.1487 0.9889
vn 0.0163 0.1462 0.9891
vn -0.0035 0.1470 0.9891
vn -0.3357 0.0270 0.9416
vn -0.3108 0.0398 0.9496
vn -0.3494 0.0271 0.9366
vn -0.3346 0.0412 0.9415
vn -0.3504 0.0293 0.9361
vn -0.3223 0.0315 0.9461
vn -0.3175 0.0246 0.9479
vn -0.2843 0.0340 0.9581
vn -0.2757 0.0411 0.9604
vn -0.2556 0.0553 0.9652
vn -0.2793 0.0382 0.9595
vn -0.2757 0.0421 0.9603
vn -0.2552 0.0432 0.9659
vn -0.2580 0.0459 0.9650
vn -0.2346 0.0469 0.9710
vn -0.2370 0.0694 0.9690
vn -0.0145 0.0512 0.9986
vn -0.0332 0.0661 0.9973
vn -0.0711 0.0525 0.9961
vn -0.0710 0.0520 0.9961
vn 0.0281 0.1221 0.9921
vn 0.0444 0.1404 0.9891
vn -0.2128 0.0665 0.9748
vn -0.1770 0.0653 0.9820
vn 0.1969 0.0530 0.9790
vn 0.1207 0.0729 0.9900
vn 0.1166 0.0573 0.9915
vn 0.1241 0.0666 0.9900
vn 0.0085 0.1503 0.9886
vn 0.0097 0.1518 0.9884
vn 0.0315 0.1551 0.9874
vn 0.0120 0.1337 0.9910
vn 0.0015 0.1555 0.9878
vn -0.0071 0.1463 0.9892
vn -0.0095 0.1614 0.9868
vn -0.0086 0.1622 0.9867
vn -0.0017 0.1196 0.9928
vn -0.0305 0.1296 0.9911
vn -0.1348 0.0846 0.9873
vn -0.1206 0.0987 0.9878
vn 0.1011 0.0647 0.9928
vn 0.1094 0.0750 0.9912
vn 0.0919 0.0735 0.9931
vn 0.0961 0.0795 0.9922
vn 0.0689 0.0770 0.9946
vn 0.0822 0.0995 0.9916
vn -0.2800 0.0396 0.9592
vn -0.2632 0.0423 0.9638
vn -0.3283 0.0373 0.9438
vn -0.3176 0.0387 0.9474
vn -0.3066 0.0407 0.9510
vn -0.3103 0.0307 0.9501
vn 0.1164 0.0943 0.9887
vn 0.0542 0.0944 0.9941
vn 0.0275 0.1170 0.9927
vn 0.0275 0.1173 0.9927
vn -0.2461 0.0401 0.9684
vn -0.2505 0.0295 0.9677
vn -0.2054 0.0460 0.9776
vn -0.2088 0.0368 0.9773
vn -0.1474 0.0552 0.9875
vn -0.1514 0.0455 0.9874
vn 0.0869 0.0830 0.9928
vn 0.0927 0.0550 0.9942
vn -0.2625 0.0438 0.9639
vn -0.2661 0.0339 0.9633
vn 0.0682 0.0639 0.9956
vn 0.0201 0.0576 0.9981
vn -0.0085 0.0596 0.9982
vn -0.0100 0.0622 0.9980
vn 0.0056 0.1366 0.9906
vn -0.0010 0.1503 0.9886
vn -0.2530 0.0400 0.9666
vn -0.2570 0.0510 0.9651
vn -0.2332 0.0504 0.9711
vn -0.2334 0.0618 0.9704
vn -0.2198 0.0593 0.9737
vn -0.2199 0.0591 0.9737
vn -0.2972 0.0431 0.9538
vn -0.2636 0.0533 0.9632
vn -0.3118 0.0403 0.9493
vn -0.2963 0.0448 0.9541
vn -0.3184 0.0370 0.9472
vn -0.3126 0.0390 0.9491
vn 0.0027 0.0650 0.9979
vn 0.0074 0.0577 0.9983
vn -0.2230 0.0518 0.9734
vn -0.2276 0.0377 0.9730
vn -0.1648 0.0589 0.9846
vn -0.1623 0.0649 0.9846
vn 0.0504 0.0744 0.9960
vn 0.0091 0.0618 0.9980
vn 0.0478 0.0625 0.9969
vn 0.0355 0.0718 0.9968
vn -0.0502 0.0670 0.9965
vn -0.0441 0.0569 0.9974
vn 0.0067 0.1621 0.9868
vn -0.0054 0.1491 0.9888
vn 0.0052 0.1506 0.9886
vn 0.0018 0.1471 0.9891
vn 0.0108 0.1495 0.9887
vn 0.0070 0.1439 0.9896
vn -0.0026 0.1394 0.9902
vn -0.0019 0.1454 0.9894
vn -0.0044 0.1462 0.9892
vn -0.0039 0.1467 0.9892
vn -0.0936 0.0997 0.9906
vn -0.0311 0.1404 0.9896
vn 0.0036 0.1338 0.9910
vn 0.0055 0.1285 0.9917
vn 0.0353 0.0709 0.9969
vn 0.0323 0.0735 0.9968
vn 0.0338 0.0788 0.9963
vn 0.0280 0.0852 0.9960
vn 0.0368 0.1012 0.9942
vn 0.0367 0.1014 0.9942
vn -0.2675 0.0457 0.9625
vn -0.2242 0.0588 0.9728
vn -0.1866 0.0735 0.9797
vn -0.1827 0.0792 0.9800
vn -0.1494 0.0804 0.9855
vn -0.1405 0.0947 0.9855
vn -0.2773 0.0462 0.9597
vn -0.2823 0.0294 0.9589
vn -0.3157 0.0409 0.9480
vn -0.2986 0.0441 0.9534
vn -0.1020 0.0646 0.9927
vn -0.1007 0.0528 0.9935
vn 0.0557 0.0966 0.9938
vn 0.0318 0.0940 0.9951
vn 0.0132 0.1059 0.9943
vn 0.0132 0.1062 0.9943
vn -0.0269 0.0665 0.9974
vn -0.0336 0.0642 0.9974
vn -0.2217 0.0617 0.9732
vn -0.1826 0.0671 0.9809
vn -0.0065 0.0665 0.9978
vn -0.0013 0.0595 0.9982
vn -0.2215 0.0562 0.9735
vn -0.1932 0.0632 0.9791
vn -0.2973 0.0456 0.9537
vn -0.2400 0.0513 0.9694
vn -0.2286 0.0367 0.9728
vn -0.2303 0.0611 0.9712
vn 0.0012 0.1496 0.9887
vn 0.0023 0.1502 0.9887
vn -0.2403 0.0509 0.9694
vn -0.2402 0.0515 0.9694
vn 0.0045 0.0714 0.9974
vn 0.0044 0.0715 0.9974
vn -0.0319 0.0636 0.9975
vn -0.0305 0.0575 0.9979
vn -0.0278 0.0573 0.9980
vn -0.0293 0.0580 0.9979
vn -0.0041 0.1467 0.9892
vn -0.0015 0.1503 0.9886
vn -0.0002 0.1522 0.9883
vn 0.0024 0.1515 0.9885
vn -0.0038 0.1503 0.9886
vn -0.0029 0.1433 0.9897
vn -0.0085 0.1376 0.9904
vn -0.0155 0.1460 0.9892
vn -0.0043 0.1499 0.9887
vn 0.0015 0.1465 0.9892
vn 0.0168 0.1107 0.9937
vn -0.0063 0.1061 0.9943
vn 0.0053 0.0736 0.9973
vn 0.0001 0.0787 0.9969
vn 0.0035 0.0860 0.9963
vn -0.0097 0.0998 0.9950
vn -0.2012 0.0563 0.9779
vn -0.2012 0.0471 0.9784
vn -0.1868 0.0711 0.9798
vn -0.1510 0.0768 0.9855
vn -0.0935 0.1090 0.9896
vn -0.0892 0.1069 0.9903
vn -0.0861 0.0646 0.9942
vn -0.0856 0.0641 0.9943
vn -0.1334 0.0743 0.9883
vn -0.1383 0.0502 0.9891
vn -0.1606 0.0619 0.9851
vn -0.1956 0.0720 0.9780
vn 0.0003 0.1221 0.9925
vn 0.0022 0.1117 0.9937
vn -0.2285 0.0509 0.9722
vn -0.2267 0.0483 0.9728
vn -0.1426 0.0908 0.9856
vn -0.1490 0.0798 0.9856
vn -0.1817 0.0680 0.9810
vn -0.1516 0.0730 0.9857
vn 0.0014 0.1346 0.9909
vn -0.0034 0.1327 0.9912
vn -0.1955 0.0486 0.9795
vn -0.1665 0.0619 0.9841
vn -0.1890 0.0582 0.9802
vn -0.1914 0.0549 0.9800
vn -0.0046 0.1509 0.9885
vn -0.0026 0.1493 0.9888
vn -0.0015 0.1502 0.9887
vn -0.0026 0.1492 0.9888
vn -0.1604 0.0621 0.9851
vn -0.1599 0.0596 0.9853
vn -0.0882 0.0551 0.9946
vn -0.0624 0.0661 0.9959
vn 0.0027 0.1490 0.9888
vn -0.0046 0.1435 0.9896
vn -0.0324 0.1139 0.9930
vn -0.0385 0.1198 0.9920
vn -0.0170 0.0730 0.9972
vn -0.0301 0.0647 0.9975
vn -0.0148 0.0790 0.9968
vn -0.0175 0.0770 0.9969
vn -0.0031 0.0994 0.9950
vn -0.0164 0.0905 0.9958
vn -0.1691 0.0573 0.9839
vn -0.1646 0.0445 0.9854
vn -0.1407 0.0695 0.9876
vn -0.1420 0.0675 0.9876
vn -0.1532 0.0747 0.9854
vn -0.1103 0.0778 0.9909
vn -0.0119 0.1363 0.9906
vn -0.0003 0.1379 0.9905
vn -0.0090 0.1460 0.9892
vn -0.0064 0.1490 0.9888
vn -0.0926 0.0897 0.9917
vn -0.0989 0.0955 0.9905
vn -0.0044 0.1073 0.9942
vn -0.0051 0.1052 0.9944
vn -0.0040 0.1234 0.9924
vn -0.0105 0.1180 0.9930
vn -0.1394 0.0876 0.9864
vn -0.0983 0.0964 0.9905
vn -0.1912 0.0543 0.9801
vn -0.1506 0.0498 0.9873
vn -0.1627 0.0553 0.9851
vn -0.1352 0.0669 0.9886
vn -0.0106 0.1201 0.9927
vn -0.0083 0.1181 0.9930
vn -0.0857 0.0981 0.9915
vn -0.0848 0.0905 0.9923
vn -0.0570 0.0927 0.9941
vn -0.0639 0.1072 0.9922
vn -0.0551 0.0664 0.9963
vn -0.0627 0.0622 0.9961
vn -0.1277 0.0661 0.9896
vn -0.1281 0.0606 0.9899
vn -0.1525 0.0535 0.9868
vn -0.1322 0.0505 0.9899
vn -0.1082 0.0723 0.9915
vn -0.1070 0.0734 0.9915
vn -0.0272 0.0911 0.9955
vn -0.0335 0.0877 0.9956
vn -0.0039 0.1056 0.9944
vn -0.0097 0.1077 0.9941
vn -0.1035 0.0686 0.9923
vn -0.0976 0.0571 0.9936
vn -0.0372 0.0973 0.9946
vn -0.0357 0.1038 0.9940
vn -0.1073 0.0701 0.9918
vn -0.0930 0.0660 0.9935
vn -0.0552 0.0669 0.9962
vn -0.0709 0.0717 0.9949
vn -0.0383 0.0779 0.9962
vn -0.0371 0.0767 0.9964
vn -0.0571 0.0905 0.9943
vn -0.0575 0.0914 0.9942
vn -0.0727 0.0747 0.9946
vn -0.0706 0.0731 0.9948
vn 0.1676 0.0765 -0.9829
vn 0.7472 -0.1142 -0.6547
vn -0.5248 0.0307 -0.8507
vn 0.9533 0.0781 -0.2917
vn -0.1459 -0.0252 -0.9890
vn -0.3199 0.0357 -0.9468
vn -0.7191 0.6339 0.2848
vn -0.6549 0.7223 0.2222
vn -0.6695 0.7085 -0.2232
vn -0.6794 0.7010 -0.2169
vn -0.4139 0.6804 -0.6047
vn -0.4063 0.6845 -0.6054
vn -0.5095 0.8523 0.1188
vn -0.6094 0.7926 0.0212
vn -0.4159 0.8939 0.1673
vn -0.4837 0.8681 0.1117
vn -0.3498 0.9095 0.2247
vn -0.4171 0.8933 0.1676
vn -0.9839 -0.0405 -0.1738
vn -0.9924 0.0342 -0.1178
vn -0.7866 -0.6173 -0.0129
vn -0.9993 0.0156 -0.0335
vn -0.8689 -0.4245 -0.2547
vn -0.9703 -0.1590 0.1822
vn -0.8292 -0.4014 -0.3889
vn -0.9894 0.0687 0.1280
vn -0.9952 0.0207 0.0955
vn -0.9987 -0.0264 0.0429
vn -0.9881 0.0915 0.1240
vn -0.9940 0.0599 0.0920
vn -0.9891 -0.1020 0.1064
vn -0.9892 -0.0693 0.1295
vn 0.9894 0.0734 0.1257
vn 0.9876 0.1458 0.0584
vn 0.9859 0.1217 -0.1147
vn 0.9789 0.1497 -0.1390
vn 0.9676 0.1355 -0.2129
vn 0.9540 0.1736 -0.2444
vn 0.9702 0.1870 -0.1543
vn 0.9999 0.0148 0.0052
vn 0.9451 0.2589 -0.1993
vn 0.9645 0.2159 -0.1524
vn 0.9604 0.1950 -0.1991
vn 0.9603 0.1963 -0.1981
vn 0.9726 0.1313 -0.1919
vn 0.9720 0.1113 -0.2069
vn 0.9749 0.0900 -0.2034
vn 0.9737 0.0716 -0.2165
vn 0.9605 0.1513 -0.2335
vn 0.9604 0.1795 -0.2132
vn 0.9565 0.1952 -0.2167
vn 0.9562 0.2054 -0.2086
vn 0.9805 0.0863 -0.1765
vn 0.9813 0.1495 -0.1209
vn 0.9980 -0.0546 0.0317
vn 0.9919 0.0635 -0.1097
vn 0.9939 -0.0164 0.1092
vn 0.9953 0.0916 0.0326
vn 0.4938 0.8625 0.1108
vn 0.3698 0.9024 0.2210
vn 0.6747 0.7090 0.2051
vn 0.6581 0.7281 0.1916
vn 0.4779 0.8250 0.3017
vn 0.4208 0.8802 0.2195
vn 0.3436 0.8930 0.2908
vn 0.3364 0.8939 0.2962
vn 0.3032 0.9070 0.2924
vn 0.3536 0.9005 0.2529
vn -0.6257 0.7604 -0.1737
vn -0.5661 0.7800 -0.2666
vn -0.6392 0.6208 -0.4539
vn -0.5769 0.6962 -0.4272
vn -0.6380 0.5431 -0.5459
vn -0.6013 0.5486 -0.5810
vn -0.9988 0.0469 -0.0138
vn -0.9956 -0.0130 -0.0926
vn -0.0946 0.5189 -0.8496
vn -0.0858 0.5282 -0.8448
vn -0.6566 0.2483 -0.7122
vn -0.6113 0.3754 -0.6967
vn -0.5411 -0.1532 -0.8269
vn -0.7146 -0.0786 -0.6951
vn -0.9679 0.0553 -0.2452
vn -0.9663 0.1754 -0.1883
vn -0.9976 -0.0694 0.0079
vn -0.9865 0.0499 -0.1558
vn -0.9943 -0.1060 -0.0112
vn -0.9966 -0.0736 -0.0363
vn -0.9961 -0.0884 0.0073
vn -0.9978 -0.0661 -0.0034
vn -0.9883 0.0202 0.1514
vn -0.9615 0.1720 0.2142
vn -0.9736 0.0002 0.2282
vn -0.9791 -0.0418 0.1988
vn -0.9416 0.1700 -0.2906
vn -0.9413 0.1390 -0.3076
vn -0.9411 0.1246 -0.3143
vn -0.9432 0.1565 -0.2931
vn -0.5514 -0.0079 -0.8342
vn -0.4724 0.0950 -0.8762
vn -0.1723 0.0088 -0.9850
vn -0.0795 0.1099 -0.9908
vn 0.2924 -0.0441 -0.9553
vn 0.4169 0.0977 -0.9037
vn 0.5366 0.0370 -0.8430
vn 0.5384 0.0399 -0.8417
vn 0.4534 0.0864 -0.8871
vn -0.5419 0.0786 -0.8367
vn -0.5466 0.0725 -0.8342
vn 0.0664 0.0133 -0.9977
vn 0.0985 0.0660 -0.9929
vn 0.5656 -0.0105 -0.8246
vn 0.5270 0.0661 -0.8473
vn 0.8047 -0.0138 -0.5935
vn 0.7821 0.0421 -0.6217
vn 0.9501 0.1394 -0.2791
vn 0.9598 0.1094 -0.2585
vn 0.9909 -0.1039 0.0851
vn 0.9858 -0.1311 0.1044
vn 0.9917 -0.0704 0.1080
vn 0.9917 -0.0702 0.1079
vn 0.9920 -0.0642 0.1085
vn 0.9895 -0.0824 0.1188
vn 0.9800 0.1350 0.1462
vn 0.9794 0.1481 0.1374
vn 0.9770 0.1318 0.1678
vn 0.9898 0.0611 0.1283
vn 0.9648 0.1691 0.2012
vn 0.9795 0.1058 0.1711
vn 0.9670 -0.2547 -0.0008
vn 0.9553 0.2204 0.1972
vn 0.7032 -0.1837 -0.6869
vn 0.6288 -0.0391 -0.7766
vn 0.6005 -0.0615 -0.7972
vn 0.6185 -0.0725 -0.7824
vn 0.4015 -0.0225 -0.9156
vn 0.6887 0.0295 -0.7244
vn 0.3787 0.1191 -0.9178
vn 0.4529 0.1416 -0.8802
vn 0.4739 0.3970 -0.7860
vn 0.3953 0.3696 -0.8409
vn 0.5356 0.5649 -0.6277
vn 0.4441 0.5097 -0.7369
vn 0.2790 0.6199 -0.7334
vn 0.2449 0.6523 -0.7173
vn 0.1328 0.5630 -0.8157
vn 0.1007 0.6023 -0.7919
vn 0.0531 0.5606 -0.8264
vn 0.0266 0.5165 -0.8559
vn -0.6639 -0.3061 -0.6823
vn -0.9194 -0.1048 -0.3791
vn -0.9986 -0.0534 0.0037
vn -0.9946 -0.0981 -0.0349
vn 0.9223 0.0710 -0.3799
vn 0.9275 0.0542 -0.3700
vn 0.9429 0.1584 -0.2929
vn 0.9505 0.1399 -0.2776
vn 0.9947 0.0827 0.0610
vn 0.9953 0.0538 0.0808
vn 0.5481 0.8142 -0.1914
vn 0.5008 0.8565 -0.1248
vn 0.5581 0.7020 -0.4424
vn 0.5708 0.6927 -0.4409
vn -0.2957 0.6243 -0.7231
vn -0.2550 0.6540 -0.7122
vn -0.1776 0.6182 -0.7657
vn -0.1276 0.5364 -0.8342
vn -0.4894 -0.0465 -0.8708
vn -0.5424 -0.0253 -0.8397
vn -0.9941 0.0293 -0.1048
vn -0.9638 0.1599 -0.2136
vn 0.9923 0.0855 -0.0901
vn 0.8510 -0.2771 -0.4461
vn 0.4054 0.8856 0.2268
vn 0.3721 0.8926 0.2546
vn -0.4713 0.8346 0.2853
vn -0.3616 0.9126 0.1909
vn -0.4994 0.8505 -0.1649
vn -0.4611 0.8640 -0.2020
vn 0.9934 0.0425 0.1067
vn 0.9926 0.0314 0.1176
vn -0.9930 0.0502 -0.1067
vn -0.9932 0.0597 -0.0995
vn -0.4888 0.8537 -0.1796
vn -0.5587 0.7850 -0.2677
vn -0.9855 0.1302 -0.1092
vn -0.9398 0.2545 -0.2280
vn -0.4206 0.9036 -0.0812
vn -0.4908 0.8526 -0.1794
vn -0.9839 -0.1271 -0.1254
vn -0.9937 -0.0646 -0.0915
vn 0.9906 0.0281 -0.1339
vn 0.9901 0.0314 -0.1364
vn 0.9700 0.0051 -0.2432
vn 0.9481 0.0848 -0.3065
vn -0.5350 0.1150 -0.8370
vn -0.5779 0.0373 -0.8152
vn -0.4019 0.0342 -0.9150
vn -0.3692 0.0839 -0.9256
vn 0.9609 0.2678 0.0710
vn 0.9683 0.2063 0.1405
vn 0.9712 0.2282 0.0691
vn 0.9688 0.2360 0.0763
vn 0.9870 0.1365 0.0844
vn 0.9880 0.1318 0.0804
vn 0.9927 0.0830 0.0874
vn 0.9856 0.1210 0.1185
vn 0.9814 0.1546 0.1140
vn 0.9780 0.1668 0.1254
vn -0.9587 0.1910 0.2108
vn -0.9489 0.2119 0.2338
vn 0.9760 0.1797 0.1232
vn 0.9673 0.2036 0.1511
vn 0.9767 0.1446 0.1585
vn 0.9609 0.1870 0.2043
vn 0.9729 0.1070 0.2048
vn 0.9626 0.1381 0.2331
vn 0.9670 0.0988 0.2346
vn 0.9595 0.1264 0.2518
vn -0.6005 0.4811 -0.6387
vn -0.6353 0.4294 -0.6419
vn -0.9992 -0.0094 0.0379
vn -0.9957 -0.0773 0.0515
vn -0.9791 -0.0425 0.1989
vn -0.9811 -0.1576 0.1122
vn -0.9381 0.1694 -0.3021
vn -0.9379 0.1592 -0.3083
vn -0.9418 0.1236 -0.3126
vn -0.9175 0.0402 -0.3956
vn 0.9903 0.0409 0.1331
vn 0.9902 0.0403 0.1334
vn 0.9689 0.1244 0.2140
vn 0.9789 0.0663 0.1935
vn 0.5246 0.5935 -0.6104
vn 0.5932 0.6157 -0.5186
vn -0.0192 0.5176 -0.8554
vn -0.0253 0.5277 -0.8490
vn -0.9109 0.1903 -0.3662
vn -0.9640 0.0898 -0.2503
vn 0.9645 0.0777 0.2525
vn 0.9056 0.2450 0.3463
vn 0.8583 -0.0641 -0.5092
vn 0.7716 -0.0683 -0.6324
vn 0.9724 -0.1899 -0.1358
vn 0.9714 -0.0721 -0.2262
vn 0.9700 -0.0863 -0.2273
vn 0.9690 -0.0617 -0.2392
vn 0.9621 -0.1124 -0.2486
vn 0.9613 -0.1442 -0.2349
vn 0.7375 -0.0351 -0.6744
vn 0.7699 -0.0137 -0.6381
vn -0.3585 0.9047 0.2300
vn -0.3524 0.9063 0.2335
vn 0.9766 0.1393 0.1641
vn 0.9604 0.1100 0.2560
vn 0.4160 0.9048 -0.0905
vn 0.4201 0.9025 -0.0950
vn -0.0860 0.5317 -0.8426
vn -0.0652 0.5729 -0.8170
vn -0.9425 0.1761 -0.2842
vn -0.9406 0.0445 -0.3366
vn -0.9325 0.0554 -0.3568
vn -0.9339 0.0792 -0.3488
vn -0.9675 -0.0765 0.2412
vn -0.9609 0.0180 0.2763
vn -0.9481 0.1218 -0.2936
vn -0.9483 0.1234 -0.2926
vn -0.7434 0.0679 -0.6653
vn -0.8038 -0.0292 -0.5941
vn -0.3781 0.0344 -0.9251
vn -0.0732 0.1181 -0.9903
vn -0.3878 0.0122 -0.9217
vn -0.4077 0.1448 -0.9016
vn 0.9970 0.0577 -0.0525
vn 0.9973 0.0389 -0.0620
vn 0.5869 0.7159 -0.3783
vn 0.5601 0.6973 -0.4474
vn 0.4851 0.8017 -0.3493
vn 0.5318 0.7856 -0.3164
vn 0.9946 0.0853 -0.0583
vn 0.9620 0.2547 0.0982
vn 0.2389 0.6777 -0.6955
vn 0.1254 0.5851 -0.8012
vn 0.1009 0.5990 -0.7943
vn 0.0315 0.5316 -0.8464
vn 0.0253 0.5350 -0.8445
vn 0.0043 0.5085 -0.8610
vn 0.5798 0.7795 -0.2371
vn 0.3944 0.9093 -0.1331
vn 0.4218 0.8981 -0.1248
vn 0.3907 0.9156 -0.0953
vn -0.3971 0.7101 -0.5814
vn -0.2536 0.6628 -0.7046
vn -0.5714 0.6986 -0.4307
vn -0.5281 0.6746 -0.5157
vn -0.5602 0.5771 -0.5943
vn -0.4811 0.5572 -0.6767
vn -0.9018 0.1657 0.3990
vn -0.8925 0.2069 0.4009
vn -0.9715 0.2141 0.1019
vn -0.8994 0.2528 0.3565
vn 0.9984 0.0564 0.0092
vn 0.9998 -0.0183 0.0089
vn 0.9955 0.0790 0.0526
vn 0.9968 0.0103 0.0786
vn 0.9594 0.1130 -0.2583
vn 0.9691 0.0798 -0.2333
vn 0.7824 0.0149 -0.6226
vn 0.7699 0.0395 -0.6370
vn 0.5254 -0.0058 -0.8509
vn 0.4831 0.0610 -0.8734
vn -0.9967 -0.0139 -0.0799
vn -0.9906 -0.0658 -0.1196
vn -0.9501 0.0760 -0.3024
vn -0.9315 -0.0506 -0.3602
vn -0.9934 0.0578 0.0988
vn -0.9587 0.1007 -0.2662
vn -0.9885 0.1478 -0.0306
vn -0.9744 0.2171 -0.0588
vn -0.9933 0.1062 -0.0463
vn -0.9978 -0.0194 -0.0641
vn 0.6847 0.0303 -0.7282
vn 0.7184 0.0443 -0.6943
vn 0.7164 -0.0684 -0.6944
vn 0.7350 -0.0581 -0.6756
vn 0.5121 0.1337 -0.8485
vn 0.6398 0.2019 -0.7415
vn 0.3826 0.3736 -0.8450
vn 0.3843 0.3746 -0.8438
vn 0.3956 0.5218 -0.7558
vn 0.3430 0.4622 -0.8178
vn 0.4124 0.0686 -0.9084
vn 0.4289 0.0250 -0.9030
vn -0.0843 -0.0280 -0.9960
vn 0.0340 0.1040 -0.9940
vn -0.4719 -0.0059 -0.8816
vn -0.4353 0.0434 -0.8992
vn 0.5470 0.0914 -0.8321
vn 0.5617 0.0431 -0.8262
vn 0.4375 0.0447 -0.8981
vn 0.4216 0.1105 -0.9000
vn -0.9965 -0.0677 0.0498
vn -0.9985 -0.0438 0.0337
vn -0.9935 -0.0713 0.0893
vn -0.9985 -0.0062 0.0539
vn -0.6234 -0.0713 -0.7786
vn -0.5730 -0.0841 -0.8153
vn -0.5495 0.0289 -0.8350
vn -0.5451 0.0343 -0.8377
vn -0.9285 0.1090 -0.3549
vn -0.9267 0.0837 -0.3665
vn -0.9756 0.0148 -0.2190
vn -0.9767 0.0102 -0.2146
vn 0.4416 0.8924 -0.0924
vn 0.4733 0.8717 -0.1273
vn 0.9560 0.0958 -0.2773
vn 0.9529 0.1037 -0.2850
vn -0.9946 -0.0981 -0.0350
vn -0.9995 0.0117 0.0293
vn 0.9278 0.0444 -0.3704
vn 0.9194 0.0689 -0.3871
vn -0.9266 -0.1014 -0.3621
vn -0.6278 0.0238 -0.7780
vn 0.1593 0.1007 -0.9821
vn 0.0772 0.0079 -0.9970
vn -0.9457 0.1232 -0.3008
vn -0.9412 0.0682 -0.3308
vn 0.9971 0.0449 -0.0622
vn 0.9629 -0.1361 -0.2329
vn -0.0173 0.5301 -0.8477
vn -0.0132 0.5162 -0.8564
vn -0.9678 0.1206 0.2210
vn -0.9990 0.0239 -0.0388
vn -0.3271 0.9226 0.2048
vn -0.4243 0.9024 -0.0754
vn -0.4164 0.9056 -0.0811
vn -0.4216 0.9037 -0.0746
vn -0.3842 0.9043 -0.1863
vn -0.4510 0.8102 -0.3744
vn -0.2533 0.6629 -0.7046
vn -0.1293 0.5904 -0.7967
vn -0.1200 0.5937 -0.7957
vn -0.0900 0.5651 -0.8201
vn -0.3282 0.7383 -0.5893
vn -0.4340 0.7437 -0.5085
vn -0.5253 0.7539 -0.3946
vn -0.5313 0.7522 -0.3899
vn -0.9688 0.2293 0.0938
vn -0.9812 0.1781 0.0749
vn -0.4426 0.8144 -0.3752
vn -0.4370 0.8156 -0.3794
vn 0.9458 -0.0951 -0.3106
vn 0.9176 0.0151 -0.3972
vn -0.9841 -0.1344 -0.1164
vn -0.9819 -0.1432 -0.1239
vn -0.9934 0.1053 -0.0456
vn -0.9758 0.1471 0.1620
vn -0.9901 0.1168 0.0775
vn -0.9945 -0.0301 0.1000
vn -0.6347 -0.0405 -0.7717
vn -0.6338 -0.0407 -0.7724
vn -0.4635 -0.0153 -0.8860
vn -0.6476 -0.0197 -0.7618
vn -0.4808 0.5620 -0.6731
vn -0.5206 0.5270 -0.6718
vn 0.9977 0.0469 -0.0487
vn 0.9918 -0.0957 -0.0850
vn -0.9498 0.1211 -0.2885
vn -0.9460 0.0825 -0.3134
vn -0.9141 0.0510 -0.4023
vn -0.9164 0.0760 -0.3930
vn 0.9765 0.1646 0.1391
vn 0.9261 0.2855 0.2466
vn -0.9696 -0.1071 -0.2200
vn -0.9591 -0.0313 -0.2812
vn 0.9054 0.2458 0.3461
vn 0.8975 0.2604 0.3560
vn 0.9000 0.2492 0.3577
vn 0.9024 0.2452 0.3544
vn 0.9238 0.1450 0.3543
vn 0.8973 0.1917 0.3977
vn 0.9113 0.1234 0.3928
vn 0.8790 0.1776 0.4426
vn 0.8829 0.1593 0.4416
vn 0.8849 0.1562 0.4388
vn 0.8800 0.1816 0.4389
vn 0.9305 0.0952 0.3538
vn 0.9159 0.1802 0.3587
vn 0.9736 0.0425 0.2242
vn 0.9646 0.1377 0.2251
vn 0.9947 0.0130 0.1021
vn 0.9889 0.1070 0.1035
vn 1.0000 -0.0006 0.0087
vn 0.9782 0.0459 0.2028
vn 0.9968 0.0796 -0.0036
vn 0.9746 0.1230 0.1874
vn 0.9966 -0.0413 0.0712
vn -0.9821 0.1718 -0.0774
vn -0.9876 0.1430 -0.0649
vn -0.9884 0.1361 -0.0675
vn -0.9925 0.1098 -0.0528
vn -0.9640 0.1674 0.2068
vn -0.9514 0.2303 0.2043
vn -0.9925 -0.0897 -0.0833
vn -0.9913 -0.1095 -0.0730
vn -0.3700 0.0092 -0.9290
vn -0.3436 0.0479 -0.9379
vn 0.9750 0.1643 -0.1497
vn 0.9345 -0.0075 -0.3558
vn -0.4782 0.0006 -0.8783
vn -0.4872 0.0454 -0.8721
vn 0.3636 0.8563 -0.3668
vn 0.5098 0.7685 -0.3867
vn -0.9830 0.1172 0.1413
vn -0.9707 0.2172 0.1023
vn -0.9927 0.0413 0.1137
vn -0.9889 -0.0349 0.1446
vn -0.9886 0.0714 0.1327
vn -0.9752 0.0830 0.2052
vn 0.2934 0.6383 -0.7117
vn 0.2537 0.7123 -0.6544
vn -0.9798 0.1870 0.0714
vn -0.9874 0.1503 0.0489
vn -0.5126 0.4505 -0.7309
vn -0.3881 0.4680 -0.7940
vn 0.1121 0.0389 -0.9929
vn 0.1000 0.0206 -0.9948
vn -0.7455 0.0174 -0.6663
vn -0.7545 0.0362 -0.6553
vn 0.7507 -0.0787 -0.6559
vn 0.8722 0.0801 -0.4826
vn -0.5922 0.1023 -0.7993
vn -0.3511 0.3113 -0.8831
vn -0.9257 0.0337 -0.3767
vn -0.9037 -0.0692 -0.4226
vn 0.1180 0.6701 -0.7328
vn 0.0137 0.5870 -0.8094
vn 0.0315 0.5345 -0.8446
vn -0.0186 0.5941 -0.8042
vn 0.0035 0.5270 -0.8499
vn -0.0022 0.5326 -0.8464
vn -0.0597 0.5363 -0.8419
vn -0.0065 0.5295 -0.8483
vn 0.4742 0.8128 -0.3383
vn 0.3958 0.7706 -0.4995
vn 0.4088 0.8401 -0.3565
vn 0.4158 0.8335 -0.3638
vn 0.4094 0.8364 -0.3644
vn 0.4167 0.8279 -0.3754
vn -0.2516 0.7079 -0.6600
vn -0.1459 0.6605 -0.7365
vn -0.9111 0.2333 0.3399
vn -0.9050 0.2316 0.3569
vn -0.9064 0.1851 0.3798
vn -0.9824 0.1867 0.0003
vn 0.8562 -0.1016 -0.5066
vn 0.8758 -0.0690 -0.4777
vn 0.8777 -0.0537 -0.4762
vn 0.9176 0.0534 -0.3939
vn 0.9679 -0.0308 -0.2495
vn 0.9569 -0.0861 -0.2774
vn -0.9801 -0.0594 -0.1896
vn -0.9535 -0.1430 -0.2653
vn 0.5048 0.6042 -0.6166
vn 0.4690 0.6628 -0.5838
vn 0.4107 0.5013 -0.7616
vn 0.3929 0.5025 -0.7701
vn 0.3880 0.4587 -0.7994
vn 0.3777 0.4700 -0.7978
vn 0.3875 0.3739 -0.8426
vn 0.4472 0.4105 -0.7947
vn 0.4910 0.2228 -0.8422
vn 0.5502 0.2521 -0.7961
vn 0.5760 0.0578 -0.8154
vn 0.5985 0.0681 -0.7982
vn 0.6192 -0.0640 -0.7826
vn 0.6712 -0.0343 -0.7404
vn 0.6699 -0.0242 -0.7421
vn 0.7154 0.0083 -0.6987
vn 0.5039 0.7303 -0.4612
vn 0.4704 0.7751 -0.4218
vn 0.9327 -0.0566 -0.3562
vn 0.9313 -0.1121 -0.3466
vn 0.9428 -0.0670 -0.3266
vn 0.9279 -0.1923 -0.3193
vn 0.9687 0.0850 -0.2330
vn 0.9742 0.0641 -0.2164
vn 0.7708 -0.0494 -0.6352
vn 0.7014 0.0529 -0.7108
vn 0.4823 -0.0152 -0.8758
vn 0.4301 0.0489 -0.9015
vn -0.4622 0.5634 -0.6848
vn -0.4846 0.5401 -0.6881
vn -0.5203 0.6787 -0.5183
vn -0.4918 0.6760 -0.5487
vn -0.8914 0.0363 -0.4518
vn -0.4266 0.0479 -0.9032
vn -0.9896 -0.0052 0.1440
vn -0.9885 0.0324 0.1480
vn -0.9868 0.0068 0.1617
vn -0.9850 0.0426 0.1671
vn 0.5600 0.0358 -0.8277
vn 0.5340 0.0138 -0.8453
vn 0.4074 -0.0336 -0.9126
vn 0.5553 0.0394 -0.8307
vn 0.4071 0.0649 -0.9111
vn 0.4106 0.0559 -0.9101
vn 0.8909 0.0587 -0.4503
vn 0.9206 0.1723 -0.3503
vn -0.3588 -0.0615 -0.9314
vn -0.4164 -0.0330 -0.9086
vn -0.5477 0.0057 -0.8366
vn -0.5512 0.0111 -0.8343
vn 0.0371 -0.0441 -0.9983
vn -0.0684 0.0600 -0.9959
vn -0.4352 -0.0190 -0.9001
vn -0.4708 0.0277 -0.8818
vn -0.9525 0.0866 -0.2919
vn -0.9530 0.0913 -0.2888
vn -0.1867 -0.0457 -0.9813
vn -0.1697 0.1067 -0.9797
vn -0.9551 0.1284 0.2669
vn -0.9677 0.0971 0.2327
vn -0.4009 0.8361 -0.3744
vn -0.4086 0.8352 -0.3680
vn 0.9567 0.0702 -0.2824
vn 0.9559 0.0604 -0.2874
vn -0.9852 0.1668 -0.0405
vn -0.9945 0.0900 0.0531
vn 0.9211 0.0184 -0.3889
vn 0.9170 0.0304 -0.3976
vn -0.9585 -0.1118 -0.2621
vn -0.9427 -0.1438 -0.3011
vn -0.4209 -0.0027 -0.9071
vn -0.4183 -0.0042 -0.9083
vn 0.0861 0.1069 -0.9905
vn 0.1686 0.0427 -0.9848
vn -0.9401 0.0772 -0.3320
vn -0.9384 0.0519 -0.3417
vn 0.0038 0.5853 -0.8108
vn -0.0971 0.6153 -0.7823
vn -0.1367 0.6630 -0.7361
vn -0.0634 0.6293 -0.7746
vn -0.0046 0.5259 -0.8506
vn 0.0080 0.5507 -0.8347
vn -0.4057 0.7799 -0.4767
vn -0.4572 0.6949 -0.5551
vn 0.4770 0.8076 -0.3467
vn 0.4473 0.8102 -0.3788
vn 0.8346 -0.1960 -0.5148
vn 0.8051 -0.0900 -0.5863
vn -0.9691 0.0852 0.2316
vn -0.9996 -0.0164 -0.0216
vn -0.9711 0.1127 0.2104
vn -0.9490 0.1733 0.2634
vn -0.9698 0.1394 0.2000
vn -0.9675 0.1477 0.2053
vn -0.9920 0.0302 0.1228
vn -1.0000 -0.0039 0.0014
vn -0.4505 -0.0145 -0.8927
vn -0.3643 -0.0346 -0.9306
vn -0.5580 0.0226 -0.8295
vn -0.4686 0.0180 -0.8832
vn 0.9783 -0.0232 -0.2058
vn 0.9632 -0.1680 -0.2096
vn -0.9200 0.0489 -0.3889
vn -0.9189 0.0439 -0.3920
vn -0.9571 0.0385 -0.2871
vn -0.9628 0.0827 -0.2571
vn -0.9628 0.1374 0.2326
vn -0.9876 0.1203 0.1006
vn 0.8416 0.1556 -0.5172
vn 0.7830 -0.0262 -0.6215
vn 0.9373 0.2416 0.2512
vn 0.9264 0.2612 0.2712
vn 0.9324 0.2417 0.2687
vn 0.9361 0.2353 0.2613
vn -0.9794 -0.1101 -0.1694
vn -0.9717 -0.1421 -0.1886
vn 0.1160 -0.0409 -0.9924
vn -0.0004 0.0773 -0.9970
vn -0.3438 -0.0230 -0.9388
vn -0.4016 0.0462 -0.9146
vn -0.4941 0.0281 -0.8689
vn -0.5264 0.0083 -0.8502
vn -0.3754 -0.0579 -0.9251
vn -0.3631 0.0704 -0.9291
vn 0.9490 0.1895 0.2519
vn 0.9620 0.1637 0.2187
vn 0.9323 0.1293 -0.3379
vn 0.9426 0.1758 -0.2839
vn 0.3498 0.0695 -0.9342
vn 0.3251 0.0072 -0.9457
vn -0.9997 -0.0234 -0.0115
vn -0.9990 -0.0233 -0.0389
vn 0.9578 0.1822 0.2223
vn 0.9874 0.1052 0.1186
vn -0.7551 -0.0120 -0.6555
vn -0.7700 0.0154 -0.6379
vn 0.9795 0.1536 0.1302
vn 0.9876 -0.0391 -0.1523
vn 0.9902 0.0691 -0.1216
vn 0.9182 -0.1179 -0.3783
vn 0.9368 -0.0111 -0.3496
vn 0.8181 -0.1776 -0.5470
vn 0.8502 -0.0723 -0.5215
vn 0.7427 -0.1918 -0.6416
vn 0.7624 -0.1308 -0.6338
vn 0.7322 -0.1648 -0.6609
vn -0.9766 0.1003 0.1901
vn -0.9804 0.0982 0.1708
vn 0.9647 -0.1149 -0.2371
vn 0.8919 -0.0288 -0.4512
vn 0.4328 0.7555 -0.4918
vn 0.3045 0.6858 -0.6610
vn -0.9883 0.1497 0.0293
vn -0.7784 0.0960 -0.6204
vn -0.3676 0.7859 -0.4972
vn -0.3862 0.7820 -0.4891
vn -0.9096 0.2447 0.3356
vn -0.9270 0.2791 0.2505
vn -0.9887 0.0543 0.1395
vn -0.9996 0.0088 -0.0262
vn 0.9438 0.0114 -0.3304
vn 0.8795 -0.1323 -0.4572
vn 0.2265 0.6226 -0.7491
vn 0.1406 0.7405 -0.6572
vn -0.2572 0.7060 -0.6598
vn -0.3281 0.7379 -0.5898
vn -0.4566 0.4933 -0.7404
vn -0.3624 0.5863 -0.7245
vn -0.8922 0.1235 -0.4344
vn -0.7928 0.0095 -0.6094
vn -0.9849 0.0394 0.1683
vn -0.9804 0.0749 0.1824
vn -0.9414 0.2068 0.2664
vn -0.9472 0.1910 0.2576
vn -0.9997 -0.0083 -0.0242
vn -0.9991 -0.0430 -0.0031
vn -0.9997 -0.0217 -0.0067
vn -0.9997 0.0038 -0.0227
vn -0.3334 0.5067 -0.7951
vn -0.2897 0.5030 -0.8143
vn -0.2956 0.3200 -0.9001
vn -0.2415 0.3960 -0.8859
vn -0.0012 0.5245 -0.8514
vn -0.0353 0.5499 -0.8345
vn -0.0202 0.5508 -0.8344
vn -0.0532 0.5803 -0.8127
vn 0.0140 0.5813 -0.8136
vn -0.0342 0.6311 -0.7749
vn 0.3882 0.7861 -0.4809
vn 0.3410 0.7227 -0.6012
vn 0.4124 0.7781 -0.4737
vn 0.3913 0.8009 -0.4532
vn 0.4020 0.7961 -0.4524
vn 0.4037 0.7939 -0.4547
vn 0.9498 0.0326 -0.3111
vn 0.9455 0.0611 -0.3198
vn 0.8235 -0.0280 -0.5667
vn 0.9483 0.1141 -0.2961
vn -0.9697 0.1040 0.2211
vn -0.9436 0.0875 -0.3193
vn -0.9586 0.0031 -0.2849
vn -0.5811 -0.0316 -0.8132
vn -0.8903 -0.0894 -0.4464
vn -0.8876 -0.1575 -0.4329
vn 0.2864 0.0722 -0.9554
vn 0.3531 0.1245 -0.9273
vn 0.3521 -0.0481 -0.9347
vn 0.4654 0.0440 -0.8840
vn 0.4596 -0.0334 -0.8875
vn 0.5282 0.0259 -0.8487
vn 0.6518 -0.0335 -0.7576
vn 0.5386 0.0719 -0.8395
vn 0.2892 0.2626 -0.9205
vn 0.2771 0.2525 -0.9271
vn 0.2969 0.4015 -0.8664
vn 0.3661 0.3482 -0.8630
vn 0.3938 0.4667 -0.7919
vn 0.3771 0.4582 -0.8049
vn -0.9827 0.1480 0.1114
vn -0.9888 0.0458 0.1419
vn 0.4197 0.6909 -0.5886
vn 0.4175 0.6907 -0.5904
vn 0.3730 0.5175 -0.7701
vn 0.4014 0.5230 -0.7519
vn 0.5413 0.0406 -0.8399
vn 0.5437 0.0334 -0.8386
vn 0.5538 0.0323 -0.8320
vn 0.5440 0.0523 -0.8374
vn 0.4001 0.0242 -0.9162
vn 0.3906 0.0522 -0.9191
vn -0.9023 -0.0317 -0.4299
vn -0.8746 0.0144 -0.4846
vn -0.9512 0.1160 -0.2859
vn -0.9341 0.0659 -0.3508
vn 0.4327 -0.0377 -0.9008
vn 0.3302 0.0801 -0.9405
vn 0.7038 0.0274 -0.7099
vn 0.6961 0.0075 -0.7179
vn 0.9725 0.0887 -0.2153
vn 0.9781 0.0631 -0.1982
vn -0.4341 0.5457 -0.7168
vn -0.4022 0.4626 -0.7901
vn -0.3090 -0.0183 -0.9509
vn -0.2955 -0.0391 -0.9545
vn -0.3874 -0.0333 -0.9213
vn -0.3906 -0.0369 -0.9198
vn 0.7160 -0.1700 -0.6771
vn 0.7160 -0.1060 -0.6900
vn 0.6952 -0.1454 -0.7039
vn 0.6882 -0.1854 -0.7014
vn -0.5512 0.0080 -0.8344
vn -0.5512 0.0081 -0.8343
vn 0.0068 -0.0789 -0.9969
vn 0.0091 0.0705 -0.9975
vn -0.4707 0.0002 -0.8823
vn -0.4982 0.0350 -0.8664
vn -0.0678 0.0036 -0.9977
vn -0.1223 0.0610 -0.9906
vn -0.1455 0.6793 -0.7193
vn -0.0965 0.6446 -0.7584
vn 0.7055 -0.0292 -0.7081
vn 0.7360 0.0370 -0.6759
vn 0.3020 0.6999 -0.6472
vn 0.2630 0.7363 -0.6235
vn 0.4218 0.7852 -0.4534
vn 0.4478 0.7875 -0.4236
vn -0.9670 0.1610 0.1976
vn -0.9552 0.1218 0.2696
vn 0.9167 -0.0004 -0.3996
vn 0.8870 0.0786 -0.4550
vn -0.8909 -0.0534 -0.4511
vn -0.8896 -0.0913 -0.4474
vn -0.3858 0.7876 -0.4804
vn -0.3859 0.7876 -0.4804
vn -0.9737 0.0883 -0.2100
vn -0.9655 0.0295 -0.2587
vn -0.9198 0.0010 -0.3924
vn -0.9311 0.0433 -0.3622
vn -0.3020 -0.0138 -0.9532
vn -0.4235 0.0146 -0.9058
vn -0.2311 0.1145 -0.9662
vn -0.3634 0.1651 -0.9169
vn 0.1073 0.6062 -0.7880
vn 0.0759 0.6532 -0.7534
vn -0.9735 -0.1731 -0.1495
vn -0.9196 -0.1508 -0.3629
vn -0.9466 0.1700 0.2740
vn -0.9863 0.0695 0.1496
vn -0.9778 -0.1218 -0.1708
vn -0.9837 0.0860 -0.1580
vn -0.9454 0.1453 0.2919
vn -0.9534 0.1258 0.2741
vn -0.9999 -0.0012 -0.0159
vn -0.6951 -0.1332 -0.7065
vn -0.9887 0.0539 0.1401
vn -0.9917 0.0457 -0.1205
vn -0.9983 0.0569 -0.0086
vn -0.9943 -0.0628 -0.0865
vn -0.0037 0.5236 -0.8520
vn 0.0300 0.5099 -0.8597
vn 0.9789 0.0345 -0.2012
vn 0.9814 0.0550 -0.1838
vn -0.9008 -0.1166 -0.4183
vn -0.8948 -0.2094 -0.3943
vn -0.3839 -0.0384 -0.9226
vn -0.3609 -0.0099 -0.9326
vn 0.7989 -0.0897 -0.5947
vn 0.8015 -0.0098 -0.5979
vn 0.7348 -0.1176 -0.6680
vn 0.7512 -0.0943 -0.6533
vn 0.7986 -0.1353 -0.5865
vn 0.7539 -0.0738 -0.6529
vn -0.4782 0.0054 -0.8782
vn -0.4736 0.0209 -0.8805
vn 0.4017 0.0849 -0.9118
vn 0.1843 -0.0305 -0.9824
vn 0.5429 0.0304 -0.8393
vn 0.5393 0.0399 -0.8412
vn 0.5423 0.0396 -0.8392
vn 0.5520 0.0220 -0.8335
vn 0.3135 0.0567 -0.9479
vn 0.2841 0.0091 -0.9588
vn 0.9426 0.1760 -0.2839
vn 0.9157 0.1059 -0.3877
vn -0.3737 0.6316 -0.6793
vn -0.3914 0.6257 -0.6748
vn -0.9984 -0.0519 -0.0210
vn -0.9496 -0.0851 -0.3017
vn -0.7693 -0.0003 -0.6389
vn -0.7860 0.0315 -0.6174
vn -0.0649 0.6494 -0.7576
vn 0.0592 0.5639 -0.8237
vn 0.0194 0.5511 -0.8342
vn 0.0250 0.5605 -0.8278
vn 0.6908 0.0519 -0.7212
vn 0.6598 -0.0148 -0.7513
vn 0.7002 0.0726 -0.7102
vn 0.6235 0.0285 -0.7813
vn -0.3346 0.7362 -0.5882
vn -0.3194 0.7507 -0.5783
vn -0.3803 0.7890 -0.4825
vn -0.3343 0.7487 -0.5724
vn -0.2163 0.6699 -0.7103
vn -0.2578 0.7006 -0.6653
vn -0.9996 0.0157 -0.0244
vn -0.7793 -0.2495 -0.5749
vn 0.7407 0.0114 -0.6717
vn 0.7852 0.1051 -0.6103
vn 0.9276 0.1709 -0.3323
vn 0.8242 0.0278 -0.5655
vn 0.8367 0.0744 -0.5426
vn 0.7100 -0.0441 -0.7028
vn 0.7301 0.0076 -0.6833
vn 0.5548 -0.1228 -0.8229
vn 0.5697 -0.0870 -0.8172
vn 0.4506 -0.1643 -0.8775
vn 0.4662 -0.1291 -0.8752
vn 0.4055 -0.1696 -0.8982
vn 0.4027 -0.1759 -0.8983
vn 0.4649 -0.1281 -0.8760
vn 0.4307 -0.1855 -0.8832
vn 0.5878 -0.0761 -0.8055
vn 0.5790 -0.2092 -0.7880
vn 0.5706 -0.1047 -0.8145
vn 0.6173 -0.1488 -0.7725
vn 0.7749 -0.0056 -0.6320
vn 0.7845 -0.1047 -0.6112
vn 0.7769 0.0007 -0.6296
vn -0.4673 0.0351 -0.8834
vn -0.3966 -0.0360 -0.9173
vn 0.0025 -0.0200 -0.9998
vn -0.0908 0.0655 -0.9937
vn -0.5878 -0.0498 -0.8075
vn -0.2694 -0.0539 -0.9615
vn -0.9686 0.1590 0.1913
vn -0.9661 0.1688 0.1951
vn 0.3635 0.7263 -0.5834
vn 0.3646 0.7262 -0.5828
vn 0.3576 0.7317 -0.5803
vn 0.3281 0.7386 -0.5889
vn 0.3417 0.5541 -0.7591
vn 0.3069 0.6279 -0.7153
vn 0.3146 0.4842 -0.8165
vn 0.3088 0.5018 -0.8080
vn -0.9338 0.0464 -0.3548
vn -0.9311 0.0567 -0.3604
vn -0.3777 0.5016 -0.7783
vn -0.3544 0.4373 -0.8265
vn -0.2965 -0.0427 -0.9541
vn -0.2752 -0.0693 -0.9589
vn -0.9664 0.1660 0.1964
vn -0.9613 0.1851 0.2040
vn -0.7932 -0.1126 -0.5984
vn -0.7989 -0.2060 -0.5650
vn -0.7691 -0.1637 -0.6177
vn -0.7721 -0.1780 -0.6100
vn -0.8743 0.0341 -0.4842
vn -0.8335 -0.0336 -0.5515
vn -0.8145 -0.0990 -0.5717
vn -0.8236 -0.0884 -0.5602
vn -0.3413 -0.0349 -0.9393
vn -0.4379 0.0074 -0.8990
vn -0.3713 0.4569 -0.8083
vn -0.3698 0.4578 -0.8085
vn -0.0513 0.4683 -0.8821
vn -0.0762 0.4925 -0.8669
vn -0.0436 0.4916 -0.8697
vn -0.0817 0.5336 -0.8418
vn -0.0268 0.4614 -0.8868
vn -0.0340 0.4679 -0.8831
vn -0.6741 -0.1873 -0.7145
vn -0.3463 -0.1518 -0.9258
vn -0.3499 -0.1733 -0.9206
vn -0.2199 -0.1379 -0.9657
vn -0.9605 0.0626 -0.2713
vn -0.9621 -0.0846 -0.2594
vn -0.3612 -0.0224 -0.9322
vn -0.4137 -0.0641 -0.9081
vn -0.3811 0.3551 -0.8536
vn -0.3794 0.3541 -0.8548
vn 0.3474 0.3440 -0.8723
vn 0.3678 0.3849 -0.8465
vn 0.4114 0.2557 -0.8749
vn 0.3640 0.1989 -0.9099
vn 0.3748 0.1252 -0.9186
vn 0.3743 0.1247 -0.9189
vn 0.3779 0.0373 -0.9251
vn 0.4241 0.0813 -0.9020
vn 0.4192 0.0146 -0.9078
vn 0.4805 0.0733 -0.8739
vn 0.4781 0.0534 -0.8767
vn 0.5095 0.0868 -0.8561
vn 0.7004 -0.0181 -0.7135
vn 0.4922 0.0847 -0.8664
vn 0.3335 -0.0221 -0.9425
vn 0.2494 0.0588 -0.9666
vn -0.4434 -0.0345 -0.8956
vn -0.5295 0.0441 -0.8471
vn 0.9806 0.0308 -0.1934
vn 0.9774 0.0850 -0.1934
vn -0.5511 0.0074 -0.8344
vn -0.5399 -0.0006 -0.8417
vn 0.6387 -0.0542 -0.7676
vn 0.6616 -0.0023 -0.7498
vn -0.1087 0.5767 -0.8097
vn -0.0474 0.5052 -0.8617
vn -0.1221 0.0002 -0.9925
vn -0.1693 0.0535 -0.9841
vn -0.4948 -0.0001 -0.8690
vn -0.5237 0.0348 -0.8512
vn -0.3451 0.0321 -0.9380
vn -0.0927 -0.0164 -0.9956
vn -0.9464 0.1356 0.2930
vn -0.9634 0.1655 0.2108
vn -0.4764 0.0329 -0.8786
vn -0.3872 -0.0014 -0.9220
vn -0.3712 0.4395 -0.8179
vn -0.3764 0.4354 -0.8178
vn 0.2665 0.6838 -0.6792
vn 0.1295 0.6301 -0.7657
vn 0.2812 0.6760 -0.6811
vn 0.3047 0.6289 -0.7153
vn 0.8402 -0.1004 -0.5329
vn 0.8291 0.0287 -0.5583
vn 0.8479 -0.0789 -0.5242
vn 0.9772 0.0782 -0.1973
vn -0.0036 0.4630 -0.8864
vn 0.0265 0.4439 -0.8957
vn 0.0008 0.4876 -0.8730
vn 0.0825 0.4790 -0.8739
vn -0.9200 -0.1609 -0.3574
vn -0.8141 -0.1440 -0.5626
vn -0.7961 -0.1465 -0.5872
vn -0.7955 -0.1701 -0.5816
vn -0.5584 -0.2729 -0.7834
vn -0.5958 -0.0973 -0.7972
vn -0.9875 0.1270 -0.0931
vn -0.9960 -0.0443 -0.0779
vn -0.8896 -0.1361 -0.4359
vn -0.8992 -0.0082 -0.4375
vn -0.9784 0.1744 0.1112
vn -0.9897 0.0712 0.1244
vn -0.7716 -0.1506 -0.6180
vn -0.7876 -0.1863 -0.5874
vn -0.3370 -0.0823 -0.9379
vn -0.3046 -0.0606 -0.9505
vn -0.2232 -0.0808 -0.9714
vn -0.2926 -0.1054 -0.9504
vn 0.2729 0.4360 -0.8576
vn 0.2730 0.4390 -0.8560
vn 0.9822 0.0404 -0.1835
vn 0.9623 0.0789 -0.2602
vn -0.3583 0.6147 -0.7027
vn -0.3315 0.5317 -0.7794
vn -0.9228 -0.1819 -0.3396
vn -0.9404 -0.0458 -0.3371
vn -0.3615 0.2502 -0.8982
vn -0.4195 0.1489 -0.8955
vn 0.0407 0.5258 -0.8496
vn 0.0149 0.5564 -0.8308
vn 0.2486 0.5257 -0.8135
vn 0.2502 0.5223 -0.8152
vn 0.8818 -0.0376 -0.4702
vn 0.9251 0.0631 -0.3744
vn 0.2049 0.0330 -0.9782
vn 0.2054 0.0322 -0.9782
vn -0.3389 0.7226 -0.6025
vn -0.3629 0.6536 -0.6641
vn -0.0849 -0.0253 -0.9961
vn -0.1728 0.0597 -0.9832
vn -0.4590 -0.0284 -0.8880
vn -0.5132 0.0211 -0.8580
vn -0.9751 0.0503 -0.2161
vn -0.9737 0.0587 -0.2200
vn -0.7861 -0.0197 -0.6178
vn -0.8205 0.0465 -0.5697
vn 0.6153 0.0789 -0.7843
vn 0.5712 -0.0357 -0.8201
vn 0.0619 0.4816 -0.8742
vn 0.0648 0.4832 -0.8731
vn -0.2915 0.6913 -0.6612
vn -0.3160 0.7040 -0.6360
vn -0.3444 0.7204 -0.6020
vn -0.3162 0.7039 -0.6360
vn -0.6664 -0.0361 -0.7448
vn -0.8995 -0.1101 -0.4228
vn -0.9283 -0.0035 -0.3719
vn -0.9072 0.0966 -0.4094
vn -0.7972 -0.0700 -0.5997
vn -0.9067 0.0744 -0.4153
vn -0.7264 -0.1185 -0.6770
vn -0.6972 -0.1638 -0.6979
vn 0.5383 0.0356 -0.8420
vn 0.5361 0.0398 -0.8432
vn 0.6623 -0.0341 -0.7485
vn 0.6324 -0.0885 -0.7696
vn 0.6410 -0.0180 -0.7673
vn 0.5466 -0.1257 -0.8279
vn 0.5608 -0.0679 -0.8252
vn 0.4821 -0.1403 -0.8648
vn 0.4888 -0.1210 -0.8640
vn 0.4875 -0.1220 -0.8646
vn 0.4667 -0.1660 -0.8687
vn 0.5767 -0.0955 -0.8113
vn 0.5212 -0.1897 -0.8321
vn 0.7660 -0.0357 -0.6418
vn 0.6421 0.0577 -0.7645
vn 0.5071 0.0495 -0.8605
vn 0.5054 0.0583 -0.8609
vn 0.5073 0.0604 -0.8596
vn 0.7457 -0.1233 -0.6548
vn 0.7495 -0.0629 -0.6590
vn 0.8150 -0.1352 -0.5634
vn 0.8346 0.0059 -0.5508
vn 0.7327 0.0465 -0.6790
vn 0.7435 -0.0070 -0.6687
vn 0.4998 -0.0020 -0.8661
vn 0.5367 0.0488 -0.8424
vn 0.2472 -0.0111 -0.9689
vn 0.1812 0.0733 -0.9807
vn -0.5247 -0.0302 -0.8507
vn -0.5985 0.0433 -0.8000
vn -0.1888 0.5713 -0.7988
vn -0.2279 0.6060 -0.7621
vn 0.2785 0.0401 -0.9596
vn 0.2710 0.0281 -0.9622
vn 0.5542 0.0405 -0.8314
vn 0.5389 0.0616 -0.8401
vn -0.9845 0.0113 -0.1750
vn -0.9016 0.1072 -0.4190
vn -0.5377 -0.1651 -0.8268
vn -0.5379 -0.1644 -0.8268
vn -0.5645 -0.1717 -0.8074
vn -0.5619 -0.1263 -0.8175
vn -0.9316 0.0068 -0.3634
vn -0.9460 0.0644 -0.3176
vn -0.4128 0.0190 -0.9106
vn -0.3887 0.1014 -0.9158
vn -0.4316 0.0321 -0.9015
vn -0.3809 0.0481 -0.9234
vn -0.0367 0.3777 -0.9252
vn -0.0205 0.3899 -0.9206
vn -0.0727 0.4175 -0.9058
vn -0.0987 0.3893 -0.9158
vn -0.0976 0.4211 -0.9017
vn -0.1010 0.4265 -0.8988
vn -0.4582 -0.0763 -0.8856
vn -0.4401 -0.1021 -0.8921
vn -0.5373 0.0286 -0.8429
vn -0.4588 -0.0625 -0.8863
vn -0.6350 0.0048 -0.7725
vn -0.6452 0.0171 -0.7639
vn -0.3292 0.3697 -0.8689
vn -0.2958 0.3429 -0.8916
vn 0.1905 0.3602 -0.9132
vn 0.1625 0.3161 -0.9347
vn 0.2132 0.1813 -0.9600
vn 0.2626 0.2487 -0.9323
vn 0.3031 0.1181 -0.9456
vn 0.3543 0.1776 -0.9181
vn 0.3691 0.0744 -0.9264
vn 0.4145 0.1284 -0.9010
vn 0.4191 0.0638 -0.9057
vn 0.4398 0.0900 -0.8936
vn 0.4400 0.0798 -0.8944
vn 0.4371 0.0765 -0.8961
vn -0.3401 0.4431 -0.8295
vn -0.3294 0.4468 -0.8317
vn -0.5429 0.0159 -0.8397
vn -0.5293 0.0031 -0.8484
vn -0.1067 0.0235 -0.9940
vn -0.1228 0.0010 -0.9924
vn 0.9789 0.0799 -0.1878
vn 0.9811 0.0268 -0.1916
vn 0.9416 0.0062 -0.3367
vn 0.9632 0.0872 -0.2543
vn 0.9557 -0.0391 -0.2918
vn 0.9807 0.0543 -0.1877
vn 0.9767 0.0749 -0.2010
vn 0.9807 0.0493 -0.1892
vn 0.6172 -0.0411 -0.7857
vn 0.6735 0.1509 -0.7236
vn -0.1652 0.0074 -0.9862
vn -0.1828 0.0246 -0.9828
vn -0.5208 -0.0215 -0.8534
vn -0.5566 0.0272 -0.8304
vn -0.0571 0.4684 -0.8817
vn -0.0245 0.4208 -0.9068
vn -0.5018 0.0461 -0.8638
vn -0.5616 0.1008 -0.8213
vn -0.5725 -0.1802 -0.7999
vn -0.5510 -0.1074 -0.8276
vn 0.1168 0.5525 -0.8253
vn 0.1055 0.5711 -0.8140
vn -0.5915 -0.0156 -0.8061
vn -0.6391 0.0265 -0.7687
vn -0.3446 0.4341 -0.8323
vn -0.3198 0.3981 -0.8598
vn -0.3997 0.0529 -0.9151
vn -0.2713 -0.0283 -0.9621
vn -0.4960 0.0998 -0.8625
vn -0.2630 0.2003 -0.9438
vn 0.4482 0.0512 -0.8924
vn 0.4361 0.0708 -0.8971
vn -0.8341 0.0508 -0.5492
vn -0.5091 -0.1941 -0.8385
vn -0.9765 0.1641 -0.1395
vn -0.7821 -0.1148 -0.6125
vn -0.7186 -0.2185 -0.6602
vn -0.5382 -0.1010 -0.8368
vn 0.0097 0.4942 -0.8693
vn -0.0788 0.4212 -0.9035
vn -0.4448 -0.1669 -0.8799
vn -0.4844 -0.0986 -0.8692
vn -0.6148 0.0225 -0.7884
vn -0.5375 -0.0644 -0.8408
vn -0.6439 -0.0040 -0.7651
vn -0.6156 -0.0372 -0.7872
vn -0.3143 0.1215 -0.9415
vn -0.3630 0.1578 -0.9183
vn -0.3111 0.2614 -0.9137
vn -0.2928 0.2465 -0.9239
vn 0.1867 0.3753 -0.9079
vn 0.1320 0.3957 -0.9088
vn 0.2284 0.4712 -0.8519
vn 0.1330 0.4223 -0.8967
vn 0.9252 0.0157 -0.3791
vn 0.9073 0.0622 -0.4157
vn -0.6987 -0.1134 -0.7063
vn -0.8123 -0.0075 -0.5831
vn -0.5957 -0.1049 -0.7963
vn -0.6138 -0.1817 -0.7683
vn 0.0030 0.3834 -0.9236
vn 0.0208 0.3926 -0.9195
vn -0.9737 0.0503 -0.2222
vn -0.9740 0.0483 -0.2215
vn 0.0792 0.4750 -0.8764
vn 0.1289 0.3623 -0.9231
vn 0.9643 0.0627 -0.2572
vn 0.9598 -0.0055 -0.2806
vn -0.1679 -0.0082 -0.9858
vn -0.2227 0.0513 -0.9735
vn -0.5102 -0.0046 -0.8601
vn -0.5330 0.0187 -0.8459
vn -0.9430 0.0239 -0.3320
vn -0.9746 0.0795 -0.2092
vn 0.0590 0.4090 -0.9106
vn 0.1060 0.3524 -0.9298
vn 0.9836 0.0580 -0.1710
vn 0.9843 0.0480 -0.1699
vn 0.9815 -0.0057 -0.1912
vn 0.9768 0.0487 -0.2085
vn 0.7076 -0.0336 -0.7058
vn 0.7683 0.1347 -0.6257
vn 0.7697 -0.0580 -0.6358
vn 0.8467 0.0978 -0.5229
vn 0.8296 -0.0871 -0.5516
vn 0.9037 0.0534 -0.4249
vn 0.8825 -0.1011 -0.4593
vn 0.9469 0.0315 -0.3200
vn 0.5122 0.1181 -0.8507
vn 0.4918 0.0335 -0.8701
vn 0.5684 0.1470 -0.8095
vn 0.5243 -0.0026 -0.8515
vn 0.9434 0.0561 -0.3268
vn 0.9893 -0.0193 -0.1447
vn -0.5652 0.0416 -0.8239
vn -0.6341 0.1124 -0.7650
vn -0.2773 0.6000 -0.7504
vn -0.3065 0.6451 -0.6999
vn -0.3413 0.6432 -0.6854
vn -0.3334 0.6476 -0.6852
vn -0.3125 0.5298 -0.7885
vn -0.2982 0.4898 -0.8193
vn -0.1971 0.5019 -0.8422
vn -0.2398 0.4731 -0.8477
vn -0.8201 -0.0149 -0.5721
vn -0.7775 0.0571 -0.6263
vn -0.9474 -0.0055 -0.3200
vn -0.9619 0.0569 -0.2673
vn -0.2943 0.4010 -0.8675
vn -0.2968 0.3981 -0.8680
vn 0.0375 0.4493 -0.8926
vn 0.0423 0.3823 -0.9231
vn -0.8052 -0.0629 -0.5897
vn -0.7160 -0.1704 -0.6770
vn -0.8160 -0.2154 -0.5364
vn -0.7205 -0.1405 -0.6791
vn 0.9350 -0.0763 -0.3463
vn 0.9734 0.0297 -0.2273
vn 0.9690 -0.0323 -0.2448
vn 0.9802 0.0112 -0.1977
vn 0.9796 0.0003 -0.2009
vn 0.9830 0.0204 -0.1825
vn 0.9821 -0.0101 -0.1880
vn 0.9893 0.0441 -0.1393
vn 0.7522 0.0285 -0.6584
vn 0.7569 0.0155 -0.6534
vn 0.5340 -0.0106 -0.8454
vn 0.4947 0.0504 -0.8676
vn 0.1769 -0.0229 -0.9840
vn 0.0811 0.0780 -0.9936
vn 0.0208 0.1123 -0.9935
vn 0.2803 0.0002 -0.9599
vn -0.6164 -0.0509 -0.7858
vn -0.5280 -0.1423 -0.8372
vn -0.5068 -0.1590 -0.8473
vn -0.5869 0.0333 -0.8089
vn -0.2880 0.3452 -0.8932
vn -0.2614 0.3291 -0.9074
vn 0.0345 0.2816 -0.9589
vn 0.0271 0.2687 -0.9629
vn 0.0413 0.2090 -0.9770
vn 0.0507 0.2230 -0.9735
vn 0.0665 0.1447 -0.9872
vn 0.1026 0.1946 -0.9755
vn 0.1235 0.0958 -0.9877
vn 0.1754 0.1663 -0.9703
vn 0.2034 0.0552 -0.9775
vn 0.2624 0.1426 -0.9544
vn 0.2859 0.0610 -0.9563
vn 0.3259 0.1336 -0.9359
vn -0.7440 -0.1493 -0.6512
vn -0.8924 0.0759 -0.4449
vn -0.5461 -0.1680 -0.8207
vn -0.7885 0.0460 -0.6133
vn -0.4638 -0.1474 -0.8736
vn -0.4314 -0.1873 -0.8825
vn -0.7701 0.0893 -0.6316
vn -0.7082 -0.0136 -0.7059
vn -0.7137 0.0503 -0.6986
vn -0.6000 -0.1061 -0.7929
vn -0.1121 0.3370 -0.9348
vn -0.1457 0.3700 -0.9175
vn -0.0942 0.3403 -0.9356
vn -0.1159 0.3073 -0.9445
vn -0.0257 0.3153 -0.9486
vn -0.0270 0.3140 -0.9490
vn 0.9707 0.0626 -0.2319
vn 0.9314 -0.0053 -0.3640
vn 0.9795 0.0538 -0.1942
vn 0.9778 0.0625 -0.1999
vn 0.9799 0.0485 -0.1936
vn 0.9795 0.0504 -0.1950
vn 0.9903 0.0779 -0.1150
vn 0.9767 -0.0089 -0.2143
vn 0.5316 -0.0110 -0.8469
vn 0.5820 0.0409 -0.8121
vn 0.5253 0.0016 -0.8509
vn 0.4980 0.0721 -0.8642
vn 0.1987 0.0080 -0.9800
vn 0.1640 0.0660 -0.9842
vn -0.1279 0.0443 -0.9908
vn -0.0572 -0.0233 -0.9981
vn -0.1157 0.1189 -0.9861
vn -0.1311 0.1357 -0.9820
vn -0.6855 0.0287 -0.7275
vn -0.7327 0.0999 -0.6732
vn -0.0340 0.3707 -0.9281
vn 0.0022 0.3278 -0.9448
vn 0.5081 0.0108 -0.8612
vn 0.5523 0.2067 -0.8076
vn -0.5311 0.0177 -0.8471
vn -0.4830 -0.0302 -0.8751
vn -0.1826 0.0309 -0.9827
vn -0.1598 -0.0046 -0.9871
vn -0.5534 -0.0174 -0.8328
vn -0.4840 0.0710 -0.8722
vn -0.2847 0.0118 -0.9585
vn -0.2778 0.0301 -0.9602
vn -0.6339 0.0257 -0.7730
vn -0.6869 0.0903 -0.7211
vn -0.2430 0.4120 -0.8782
vn -0.1889 0.3638 -0.9121
vn 0.0506 0.4756 -0.8782
vn 0.0536 0.4615 -0.8855
vn 0.6153 0.0394 -0.7873
vn 0.6615 0.2604 -0.7033
vn -0.4247 -0.2110 -0.8804
vn -0.3945 -0.1761 -0.9019
vn -0.4181 -0.1852 -0.8893
vn -0.5905 -0.0862 -0.8024
vn -0.3953 -0.2204 -0.8917
vn -0.3939 -0.2022 -0.8966
vn -0.7701 0.0530 -0.6357
vn -0.7695 0.0518 -0.6365
vn -0.7342 0.0140 -0.6788
vn -0.7700 0.0748 -0.6336
vn -0.6083 -0.0069 -0.7937
vn -0.4783 -0.1888 -0.8576
vn -0.4544 -0.0774 -0.8874
vn -0.4406 -0.1091 -0.8911
vn -0.6887 -0.1553 -0.7082
vn -0.6571 -0.1064 -0.7462
vn -0.6431 -0.1632 -0.7482
vn -0.6313 -0.1273 -0.7651
vn 0.0226 0.3129 -0.9495
vn 0.0240 0.3170 -0.9481
vn -0.8592 -0.0379 -0.5103
vn -0.9487 0.0776 -0.3066
vn 0.0490 0.3901 -0.9195
vn 0.0837 0.3178 -0.9445
vn 0.9053 0.0060 -0.4247
vn 0.8952 0.0419 -0.4437
vn -0.2230 -0.0033 -0.9748
vn -0.2558 0.0340 -0.9661
vn -0.5305 -0.0016 -0.8477
vn -0.5440 0.0145 -0.8389
vn 0.9780 0.0486 -0.2030
vn 0.9800 0.0342 -0.1961
vn 0.9709 0.0725 -0.2283
vn 0.9774 0.0159 -0.2108
vn 0.9411 0.0646 -0.3319
vn 0.8900 0.0110 -0.4557
vn -0.8711 -0.1238 -0.4752
vn -0.9558 0.0783 -0.2833
vn -0.7766 -0.0069 -0.6299
vn -0.7104 0.0631 -0.7009
vn 0.1226 0.3497 -0.9288
vn 0.1599 0.2852 -0.9450
vn 0.4614 0.0812 -0.8835
vn 0.4106 0.0670 -0.9093
vn 0.3587 0.0400 -0.9326
vn 0.3872 0.1087 -0.9156
vn 0.0479 0.0023 -0.9988
vn 0.0886 0.0620 -0.9941
vn 0.0990 0.3178 -0.9430
vn 0.1383 0.2636 -0.9547
vn 0.4687 0.1355 -0.8729
vn 0.4487 0.0614 -0.8916
vn 0.4429 0.1497 -0.8840
vn 0.4087 0.0162 -0.9125
vn -0.0936 0.1449 -0.9850
vn -0.1125 0.1680 -0.9793
vn -0.2655 0.1748 -0.9481
vn -0.2646 0.1742 -0.9485
vn -0.2656 0.2519 -0.9306
vn -0.2595 0.2475 -0.9335
vn 0.0085 0.3148 -0.9491
vn 0.0257 0.3269 -0.9447
vn -0.0785 0.4018 -0.9124
vn -0.0478 0.3820 -0.9229
vn 0.3393 0.0721 -0.9379
vn 0.3625 0.0058 -0.9320
vn 0.7426 0.0523 -0.6677
vn 0.7911 0.2285 -0.5674
vn 0.8373 0.0349 -0.5456
vn 0.8853 0.1887 -0.4251
vn 0.9078 0.0245 -0.4186
vn 0.9350 0.1057 -0.3385
vn 0.9386 0.0226 -0.3444
vn 0.9508 0.0651 -0.3029
vn 0.9522 0.0038 -0.3055
vn 0.9593 0.0283 -0.2811
vn -0.9642 0.0060 -0.2652
vn -0.9233 0.0828 -0.3751
vn -0.9798 0.0587 -0.1914
vn -0.9799 0.0545 -0.1921
vn 0.9590 0.0077 -0.2832
vn 0.9623 0.0213 -0.2713
vn 0.9623 0.0169 -0.2715
vn 0.9637 0.0247 -0.2658
vn 0.9921 -0.0076 -0.1253
vn 0.9622 0.0713 -0.2628
vn 0.7618 0.0426 -0.6464
vn 0.7737 0.0034 -0.6336
vn 0.4906 0.0287 -0.8709
vn 0.4974 0.0123 -0.8674
vn 0.0861 0.0063 -0.9963
vn 0.1234 0.0575 -0.9907
vn -0.4281 -0.1244 -0.8952
vn -0.4051 -0.1460 -0.9026
vn -0.1344 0.0884 -0.9870
vn -0.1894 0.1498 -0.9704
vn -0.4910 -0.0648 -0.8688
vn -0.7782 -0.1502 -0.6098
vn -0.1903 0.3417 -0.9203
vn -0.1400 0.2948 -0.9452
vn -0.0002 0.3011 -0.9536
vn 0.0528 0.2395 -0.9695
vn -0.1043 0.2311 -0.9673
vn -0.1272 0.1938 -0.9728
vn -0.1247 0.1813 -0.9755
vn -0.1397 0.1572 -0.9776
vn -0.1371 0.1426 -0.9802
vn -0.1396 0.1388 -0.9804
vn -0.1333 0.1075 -0.9852
vn -0.1007 0.1569 -0.9825
vn -0.0789 0.0741 -0.9941
vn -0.0271 0.1563 -0.9873
vn 0.0146 0.0367 -0.9992
vn 0.0805 0.1764 -0.9810
vn -0.8067 0.0341 -0.5899
vn -0.8203 0.0643 -0.5684
vn -0.7582 0.0193 -0.6517
vn -0.8032 0.1164 -0.5843
vn -0.1476 0.3002 -0.9424
vn -0.1806 0.2565 -0.9495
vn -0.1106 0.2628 -0.9585
vn -0.1351 0.2284 -0.9642
vn -0.0300 0.2267 -0.9735
vn -0.0171 0.2381 -0.9711
vn 0.1126 -0.0453 -0.9926
vn 0.0740 0.0786 -0.9942
vn 0.4628 -0.0352 -0.8857
vn 0.4221 0.0658 -0.9041
vn 0.5819 0.0196 -0.8130
vn 0.5875 0.0272 -0.8087
vn -0.0434 0.0538 -0.9976
vn -0.2420 -0.0140 -0.9702
vn -0.4893 0.0439 -0.8710
vn -0.5272 -0.0038 -0.8497
vn 0.9096 0.0400 -0.4136
vn 0.8573 -0.0030 -0.5149
vn 0.8919 -0.0470 -0.4497
vn 0.8131 0.0393 -0.5808
vn -0.9764 0.0432 -0.2118
vn -0.9772 0.0245 -0.2109
vn -0.9687 -0.0274 -0.2466
vn -0.9657 0.0427 -0.2561
vn -0.4630 -0.0229 -0.8861
vn -0.3672 0.0838 -0.9264
vn -0.1426 0.0607 -0.9879
vn -0.1093 -0.0191 -0.9938
vn 0.3346 0.0854 -0.9385
vn 0.3491 0.1315 -0.9278
vn 0.8999 0.1056 -0.4232
vn 0.8896 -0.0739 -0.4507
vn -0.3524 -0.0066 -0.9358
vn -0.4758 0.1689 -0.8632
vn 0.1562 0.1189 -0.9805
vn 0.1713 0.1014 -0.9800
vn -0.6047 -0.0622 -0.7940
vn -0.9193 -0.0423 -0.3913
vn -0.8165 -0.0064 -0.5773
vn -0.8261 0.0111 -0.5634
vn 0.8717 0.0533 -0.4872
vn 0.7751 0.0080 -0.6318
vn -0.2083 0.0214 -0.9778
vn -0.3126 0.1481 -0.9383
vn -0.0489 0.3587 -0.9322
vn -0.1023 0.2995 -0.9486
vn -0.0995 0.2665 -0.9587
vn -0.1082 0.2519 -0.9617
vn -0.1025 0.2031 -0.9738
vn -0.0875 0.1891 -0.9780
vn -0.1405 0.2583 -0.9558
vn -0.1019 0.2205 -0.9700
vn -0.6101 -0.0882 -0.7874
vn -0.5621 -0.2016 -0.8021
vn -0.8865 -0.0307 -0.4618
vn -0.9086 0.0724 -0.4113
vn 0.9089 0.0044 -0.4170
vn 0.8901 0.0461 -0.4534
vn 0.9095 0.0392 -0.4139
vn 0.9093 0.0399 -0.4142
vn -0.2565 0.0191 -0.9664
vn -0.2730 0.0400 -0.9612
vn -0.5441 0.0194 -0.8388
vn -0.5285 -0.0037 -0.8489
vn 0.8371 0.0502 -0.5447
vn 0.8288 0.0071 -0.5595
vn 0.8165 0.0141 -0.5772
vn 0.8122 0.0012 -0.5834
vn -0.9718 0.0145 -0.2354
vn -0.9722 0.0885 -0.2166
vn -0.9467 -0.0681 -0.3148
vn -0.8903 0.0363 -0.4539
vn -0.8623 -0.0208 -0.5060
vn -0.8848 -0.0606 -0.4621
vn -0.9300 -0.0175 -0.3672
vn -0.8626 0.0632 -0.5019
vn -0.9702 0.0915 -0.2246
vn -0.9713 -0.0133 -0.2374
vn -0.7131 0.0216 -0.7008
vn -0.7080 0.0139 -0.7061
vn 0.1001 0.0064 -0.9950
vn 0.1363 0.0643 -0.9886
vn 0.3820 0.0702 -0.9215
vn 0.4012 0.0368 -0.9152
vn -0.9739 0.0227 -0.2258
vn -0.9724 0.0662 -0.2236
vn 0.1323 0.2341 -0.9632
vn 0.1548 0.2027 -0.9669
vn 0.1503 0.2617 -0.9534
vn 0.1790 0.2118 -0.9608
vn 0.3390 0.0633 -0.9387
vn 0.1947 0.1384 -0.9711
vn 0.3632 0.1188 -0.9241
vn 0.3476 0.0512 -0.9362
vn 0.1827 0.0062 -0.9832
vn 0.2319 0.1534 -0.9606
vn 0.4269 0.0958 -0.8992
vn 0.2927 0.0583 -0.9544
vn -0.6633 -0.0030 -0.7483
vn -0.7453 0.1510 -0.6494
vn -0.5213 -0.0133 -0.8533
vn -0.6349 0.1683 -0.7541
vn 0.1693 0.0850 -0.9819
vn 0.1438 0.1171 -0.9827
vn 0.1293 0.1470 -0.9806
vn 0.1561 0.1167 -0.9808
vn 0.0516 0.2249 -0.9730
vn 0.0952 0.1765 -0.9797
vn 0.3656 0.0816 -0.9272
vn 0.3869 0.1587 -0.9084
vn 0.4147 0.0758 -0.9068
vn 0.4472 0.1698 -0.8782
vn -0.7320 -0.1722 -0.6592
vn -0.9659 0.0443 -0.2552
vn -0.7189 -0.1915 -0.6682
vn -0.7648 0.0350 -0.6433
vn 0.0764 0.3044 -0.9495
vn 0.1188 0.2236 -0.9674
vn 0.0205 0.2300 -0.9730
vn 0.0401 0.2429 -0.9692
vn 0.4713 0.0939 -0.8770
vn 0.4919 0.1341 -0.8602
vn 0.4907 0.1416 -0.8597
vn 0.3952 0.0407 -0.9177
vn 0.6379 -0.0554 -0.7681
vn 0.4162 0.1639 -0.8944
vn 0.6569 0.0551 -0.7520
vn 0.6391 0.0343 -0.7684
vn 0.6433 -0.0241 -0.7652
vn 0.6924 0.0531 -0.7196
vn 0.7227 -0.0763 -0.6869
vn 0.7784 0.1108 -0.6179
vn -0.2383 -0.0034 -0.9712
vn -0.2474 0.0135 -0.9688
vn 0.0156 -0.0336 -0.9993
vn -0.0081 0.0628 -0.9980
vn 0.3972 0.0110 -0.9177
vn 0.1363 -0.0475 -0.9895
vn -0.1785 0.2361 -0.9552
vn -0.2084 0.1880 -0.9598
vn -0.2066 0.1750 -0.9627
vn -0.2296 0.1385 -0.9634
vn -0.2289 0.1339 -0.9642
vn -0.2483 0.1020 -0.9633
vn -0.2493 0.1071 -0.9625
vn -0.2628 0.0839 -0.9612
vn -0.2684 0.1068 -0.9574
vn -0.2807 0.0847 -0.9561
vn -0.2778 0.0745 -0.9577
vn -0.2636 0.1031 -0.9591
vn -0.2367 0.0330 -0.9710
vn -0.1895 0.1470 -0.9708
vn -0.1312 0.2012 -0.9707
vn -0.1586 0.1536 -0.9753
vn -0.0219 0.1576 -0.9873
vn -0.0632 0.1843 -0.9808
vn 0.8187 -0.0330 -0.5732
vn 0.5082 0.0426 -0.8602
vn -0.6885 -0.0274 -0.7247
vn -0.7718 0.1891 -0.6072
vn -0.4867 -0.0543 -0.8719
vn -0.6107 0.2068 -0.7644
vn 0.1299 -0.0346 -0.9909
vn -0.1126 0.0866 -0.9899
vn -0.5273 0.0108 -0.8496
vn -0.5230 0.0042 -0.8523
vn 0.7662 -0.0119 -0.6425
vn 0.5771 0.0559 -0.8147
vn -0.3582 -0.0088 -0.9336
vn -0.4170 0.0582 -0.9070
vn -0.8970 0.0808 -0.4346
vn -0.9060 -0.0086 -0.4232
vn -0.9233 0.0700 -0.3775
vn -0.9300 -0.0276 -0.3666
vn -0.0475 0.0642 -0.9968
vn 0.1575 -0.0119 -0.9874
vn 0.0448 -0.0210 -0.9988
vn 0.0900 0.1389 -0.9862
vn 0.5831 0.0513 -0.8108
vn 0.5445 0.0827 -0.8347
vn 0.2524 0.0911 -0.9633
vn 0.2882 0.0493 -0.9563
vn 0.0460 0.0142 -0.9988
vn -0.0372 0.1390 -0.9896
vn -0.8097 -0.0042 -0.5869
vn -0.8527 0.1505 -0.5003
vn 0.1315 0.0393 -0.9905
vn 0.0655 0.1282 -0.9896
vn 0.0955 0.1815 -0.9787
vn 0.1293 0.1448 -0.9810
vn 0.8316 -0.0111 -0.5552
vn 0.7600 0.0341 -0.6490
vn -0.1584 0.1529 -0.9755
vn -0.1843 0.1142 -0.9762
vn -0.1853 0.1194 -0.9754
vn -0.2208 0.0572 -0.9736
vn -0.2322 0.0931 -0.9682
vn -0.2649 0.0360 -0.9636
vn -0.2790 0.0852 -0.9565
vn -0.3095 0.0239 -0.9506
vn -0.2751 0.0018 -0.9614
vn -0.3198 0.0419 -0.9465
vn -0.5279 0.0082 -0.8493
vn -0.5295 0.0106 -0.8482
vn -0.2431 0.0363 -0.9693
vn -0.3451 -0.0358 -0.9379
vn -0.1342 -0.0443 -0.9900
vn -0.1374 0.0544 -0.9890
vn 0.3034 0.1142 -0.9460
vn 0.2675 -0.0849 -0.9598
vn -0.7040 -0.0124 -0.7101
vn -0.6616 0.0694 -0.7467
vn -0.9519 0.0645 -0.2997
vn -0.9545 0.0145 -0.2978
vn -0.9385 -0.0580 -0.3404
vn -0.9428 0.0415 -0.3307
vn 0.1191 0.2240 -0.9673
vn 0.1479 0.1557 -0.9767
vn 0.5251 0.0101 -0.8510
vn 0.3666 0.0580 -0.9286
vn 0.1620 0.0655 -0.9846
vn -0.0489 -0.0190 -0.9986
vn 0.2013 0.0335 -0.9790
vn 0.1043 0.1268 -0.9864
vn -0.0448 0.1531 -0.9872
vn -0.1019 -0.0305 -0.9943
vn 0.1466 0.0111 -0.9891
vn 0.1793 0.1381 -0.9741
vn 0.2161 0.0410 -0.9755
vn 0.2406 0.1290 -0.9620
vn 0.2698 0.0510 -0.9616
vn 0.2843 0.1092 -0.9525
vn -0.2510 -0.0563 -0.9663
vn -0.3875 0.1984 -0.9003
vn -0.0717 -0.0082 -0.9974
vn -0.1752 0.1681 -0.9701
vn 0.2909 0.0836 -0.9531
vn 0.3147 0.0512 -0.9478
vn 0.2133 0.1143 -0.9703
vn 0.2515 0.0707 -0.9653
vn 0.1501 0.1743 -0.9732
vn 0.1860 0.1276 -0.9742
vn 0.3142 0.1024 -0.9438
vn 0.0795 0.0273 -0.9965
vn -0.0927 -0.0150 -0.9956
vn -0.0450 0.1661 -0.9851
vn -0.3274 0.0744 -0.9419
vn -0.3486 0.0211 -0.9370
vn 0.1747 0.2002 -0.9641
vn 0.2089 0.1390 -0.9680
vn 0.5205 -0.0540 -0.8521
vn 0.2619 0.0834 -0.9615
vn -0.9808 0.0251 -0.1932
vn -0.9812 0.0389 -0.1891
vn -0.9484 -0.0491 -0.3132
vn -0.9556 0.1366 -0.2610
vn -0.8648 0.0167 -0.5018
vn -0.8771 0.0476 -0.4780
vn 0.7632 0.0491 -0.6443
vn 0.7481 -0.0198 -0.6633
vn 0.5006 0.0240 -0.8653
vn 0.5083 -0.0242 -0.8608
vn 0.7393 0.0072 -0.6734
vn 0.5328 0.0132 -0.8462
vn 0.4938 0.0953 -0.8644
vn 0.4584 -0.0468 -0.8875
vn -0.3616 0.0512 -0.9309
vn -0.3583 0.0612 -0.9316
vn 0.5773 0.0551 -0.8147
vn 0.5276 -0.0427 -0.8484
vn -0.0268 0.0196 -0.9994
vn -0.0150 0.0494 -0.9987
vn -0.8636 -0.0291 -0.5033
vn -0.8571 0.0527 -0.5124
vn 0.5055 0.0399 -0.8619
vn 0.2089 0.0190 -0.9778
vn 0.2481 0.0309 -0.9682
vn 0.2649 0.0590 -0.9625
vn 0.2071 0.0204 -0.9781
vn 0.2402 0.0831 -0.9672
vn 0.1947 0.0792 -0.9777
vn 0.1961 0.0823 -0.9771
vn -0.0660 0.1149 -0.9912
vn -0.0484 0.1296 -0.9904
vn 0.4013 0.0183 -0.9158
vn 0.3113 0.0868 -0.9463
vn -0.1057 0.0366 -0.9937
vn -0.1318 -0.0155 -0.9912
vn -0.5896 0.0391 -0.8068
vn -0.5970 0.0143 -0.8021
vn -0.5574 0.0717 -0.8272
vn -0.5744 0.0027 -0.8185
vn -0.7862 -0.0376 -0.6168
vn -0.5845 0.1771 -0.7919
vn -0.4103 -0.0241 -0.9116
vn -0.5087 0.0655 -0.8585
vn 0.5536 0.0395 -0.8318
vn 0.5538 0.0398 -0.8317
vn -0.2602 -0.0422 -0.9646
vn -0.3279 0.1112 -0.9381
vn -0.0620 -0.0593 -0.9963
vn -0.1697 0.1790 -0.9691
vn 0.3060 0.0325 -0.9515
vn 0.2676 0.0947 -0.9589
vn 0.2345 0.0541 -0.9706
vn 0.2709 0.0208 -0.9624
vn -0.2742 -0.0389 -0.9609
vn -0.2254 0.1246 -0.9663
vn -0.5225 0.0106 -0.8526
vn -0.5043 -0.0121 -0.8635
vn -0.5623 -0.0426 -0.8258
vn -0.3300 0.1003 -0.9387
vn 0.3155 0.0576 -0.9472
vn 0.3115 0.0637 -0.9481
vn 0.1876 0.1446 -0.9715
vn 0.2133 0.1157 -0.9701
vn -0.8740 0.0772 -0.4797
vn -0.8329 -0.0827 -0.5473
vn -0.1277 0.0933 -0.9874
vn -0.0466 0.0469 -0.9978
vn -0.1234 0.0597 -0.9906
vn -0.1512 0.0198 -0.9883
vn 0.2323 0.0723 -0.9700
vn 0.2176 0.0570 -0.9744
vn -0.3240 0.0084 -0.9460
vn -0.3435 0.0364 -0.9385
vn -0.5291 0.0196 -0.8483
vn -0.5240 0.0106 -0.8517
vn -0.5290 -0.0003 -0.8486
vn -0.5191 0.0443 -0.8536
vn -0.6336 -0.0105 -0.7736
vn -0.7408 0.0715 -0.6679
vn -0.7184 0.1312 -0.6831
vn -0.5858 -0.0224 -0.8101
vn -0.8039 0.1211 -0.5824
vn -0.7081 -0.0217 -0.7058
vn 0.3246 0.0217 -0.9456
vn 0.3374 0.0457 -0.9402
vn 0.5175 0.0363 -0.8549
vn 0.5089 0.0209 -0.8606
vn -0.3473 0.0390 -0.9370
vn -0.2636 -0.0212 -0.9644
vn 0.1224 -0.0253 -0.9922
vn 0.0297 0.1538 -0.9876
vn 0.2457 0.0060 -0.9693
vn 0.1750 0.1294 -0.9760
vn 0.2743 0.0610 -0.9597
vn 0.3195 0.0012 -0.9476
vn 0.2049 0.1261 -0.9706
vn 0.2050 0.1258 -0.9706
vn 0.1516 0.1167 -0.9815
vn 0.1458 0.1521 -0.9775
vn 0.1607 0.1121 -0.9806
vn -0.3352 0.0102 -0.9421
vn -0.3049 0.1071 -0.9463
vn -0.2479 -0.0063 -0.9688
vn -0.1988 0.1387 -0.9702
vn -0.1702 0.0683 -0.9830
vn -0.2112 -0.0213 -0.9772
vn -0.2555 0.0668 -0.9645
vn -0.2939 -0.0401 -0.9550
vn -0.3510 0.0656 -0.9341
vn -0.3771 -0.0206 -0.9260
vn -0.3479 0.1038 -0.9318
vn -0.3838 -0.0259 -0.9231
vn 0.3597 0.1134 -0.9262
vn 0.3007 -0.0392 -0.9529
vn 0.1294 0.1226 -0.9840
vn 0.0636 -0.0482 -0.9968
vn -0.0180 0.0579 -0.9982
vn -0.0243 0.0424 -0.9988
vn -0.8702 0.1069 -0.4810
vn -0.7011 -0.0574 -0.7108
vn 0.2978 -0.0282 -0.9542
vn 0.2715 0.0618 -0.9604
vn -0.1324 -0.0378 -0.9905
vn -0.0914 0.1155 -0.9891
vn -0.0353 0.0023 -0.9994
vn -0.0076 0.0656 -0.9978
vn 0.2049 0.0262 -0.9784
vn -0.0169 0.1046 -0.9944
vn 0.0133 0.1751 -0.9845
vn 0.0510 0.1631 -0.9853
vn 0.1366 0.1341 -0.9815
vn 0.1057 -0.0285 -0.9940
vn 0.2488 0.0714 -0.9659
vn -0.0354 0.0041 -0.9994
vn 0.1344 0.0250 -0.9906
vn 0.1401 0.0198 -0.9899
vn -0.4958 0.0279 -0.8680
vn -0.5019 0.0024 -0.8649
vn 0.5497 0.0581 -0.8334
vn 0.5409 0.0390 -0.8402
vn -0.2897 0.1225 -0.9492
vn -0.0901 -0.0109 -0.9959
vn -0.1197 0.0403 -0.9920
vn -0.1062 0.0673 -0.9921
vn -0.0425 0.0025 -0.9991
vn -0.0392 -0.0034 -0.9992
vn -0.5055 0.0316 -0.8623
vn -0.5219 0.0120 -0.8529
vn -0.2166 0.0254 -0.9759
vn -0.1686 0.0852 -0.9820
vn 0.1524 -0.0303 -0.9879
vn 0.0759 0.2114 -0.9744
vn 0.2733 -0.0107 -0.9619
vn 0.2108 0.1198 -0.9702
vn 0.3748 0.0526 -0.9256
vn 0.3874 0.0292 -0.9215
vn -0.0755 0.0393 -0.9964
vn -0.0946 0.0687 -0.9931
vn -0.0652 0.0346 -0.9973
vn -0.0728 0.0476 -0.9962
vn -0.1064 0.0217 -0.9941
vn -0.1637 0.0921 -0.9822
vn -0.4382 0.0016 -0.8989
vn -0.4243 0.0501 -0.9041
vn -0.2682 0.0332 -0.9628
vn -0.3192 -0.0173 -0.9475
vn 0.3304 0.0574 -0.9421
vn 0.3623 0.0050 -0.9321
vn 0.2052 0.1139 -0.9721
vn 0.2024 0.1157 -0.9725
vn 0.1756 0.1354 -0.9751
vn 0.1826 0.1001 -0.9781
vn 0.0138 0.1108 -0.9937
vn 0.0650 0.1762 -0.9822
vn 0.0803 0.1147 -0.9902
vn 0.0049 0.1368 -0.9906
vn 0.0173 0.1153 -0.9932
vn 0.1610 0.0568 -0.9853
vn 0.1362 0.0753 -0.9878
vn -0.0301 0.0608 -0.9977
vn -0.0575 -0.0010 -0.9983
vn -0.0832 0.0821 -0.9931
vn -0.1118 0.0162 -0.9936
vn 0.3301 0.0705 -0.9413
vn 0.3136 0.0370 -0.9488
vn 0.5057 0.0389 -0.8618
vn 0.4866 0.0049 -0.8736
vn 0.2409 -0.0188 -0.9704
vn 0.2084 0.0617 -0.9761
vn -0.2702 0.0211 -0.9626
vn -0.2479 0.0647 -0.9666
vn -0.2399 0.0330 -0.9702
vn -0.2246 0.0647 -0.9723
vn -0.4951 0.0015 -0.8689
vn -0.5090 0.0615 -0.8585
vn -0.3569 -0.0244 -0.9338
vn -0.1870 0.0601 -0.9805
vn -0.1253 0.0891 -0.9881
vn -0.1333 -0.0686 -0.9887
vn -0.0390 0.1040 -0.9938
vn -0.3732 -0.0140 -0.9277
vn 0.3644 0.0104 -0.9312
vn 0.3139 0.1102 -0.9430
vn 0.3907 0.0405 -0.9196
vn 0.3807 0.0601 -0.9227
vn -0.4100 0.0449 -0.9110
vn -0.4193 0.0103 -0.9078
vn -0.4175 0.0418 -0.9077
vn -0.4233 0.0188 -0.9058
vn -0.4470 0.0196 -0.8943
vn -0.4439 0.0334 -0.8954
vn -0.2558 -0.0053 -0.9667
vn -0.4258 0.0543 -0.9032
vn -0.2654 0.0749 -0.9612
vn -0.3262 0.0046 -0.9453
vn -0.1706 -0.0025 -0.9853
vn -0.3269 0.0892 -0.9408
vn 0.0026 0.0594 -0.9982
vn -0.2087 0.0186 -0.9778
vn 0.0969 0.1366 -0.9859
vn 0.1153 0.0761 -0.9904
vn 0.0285 0.0673 -0.9973
vn 0.0225 0.0589 -0.9980
vn 0.0287 0.0441 -0.9986
vn 0.0053 0.0118 -0.9999
vn -0.0190 0.0520 -0.9985
vn -0.0413 -0.0199 -0.9990
vn -0.1069 0.0638 -0.9922
vn -0.1328 -0.0267 -0.9908
vn -0.2046 0.0754 -0.9759
vn -0.2350 -0.0454 -0.9709
vn 0.1445 0.0399 -0.9887
vn 0.1825 -0.0207 -0.9830
vn 0.5375 0.0563 -0.8414
vn 0.5319 0.0441 -0.8456
vn 0.2552 0.0601 -0.9650
vn 0.2468 0.0423 -0.9681
vn 0.0835 0.1000 -0.9915
vn 0.2558 0.0160 -0.9666
vn -0.0284 0.0622 -0.9977
vn -0.2161 -0.0376 -0.9756
vn 0.3528 -0.0272 -0.9353
vn 0.2632 0.1033 -0.9592
vn 0.3586 0.0192 -0.9333
vn 0.4588 0.0561 -0.8868
vn 0.4577 0.0341 -0.8884
vn 0.4553 0.0392 -0.8895
vn -0.4480 0.0327 -0.8934
vn -0.4493 0.0206 -0.8932
vn -0.4735 0.0322 -0.8802
vn -0.4823 0.0129 -0.8759
vn -0.4683 0.0047 -0.8835
vn -0.4833 0.0245 -0.8751
vn -0.4523 0.0051 -0.8918
vn -0.4663 0.0248 -0.8843
vn 0.2956 0.0667 -0.9530
vn 0.3476 -0.0318 -0.9371
vn 0.2149 0.0571 -0.9750
vn 0.2622 -0.0249 -0.9647
vn 0.3075 0.0565 -0.9499
vn 0.2947 0.0301 -0.9551
vn 0.2838 0.0662 -0.9566
vn 0.2650 0.0291 -0.9638
vn -0.2045 0.0120 -0.9788
vn -0.4751 0.0332 -0.8793
vn 0.0494 0.0380 -0.9981
vn 0.0590 -0.0185 -0.9981
vn 0.1694 -0.0432 -0.9846
vn 0.1267 0.0557 -0.9904
vn 0.4817 0.0457 -0.8751
vn 0.4565 0.0030 -0.8897
vn -0.4148 -0.0206 -0.9097
vn -0.3982 0.0556 -0.9156
vn 0.0967 -0.0220 -0.9951
vn 0.2344 0.1094 -0.9660
vn 0.2524 0.0317 -0.9671
vn 0.2307 0.0655 -0.9708
vn -0.5389 0.0269 -0.8420
vn -0.4615 -0.0019 -0.8872
vn -0.5240 0.0375 -0.8509
vn -0.4335 -0.0347 -0.9005
vn -0.4459 0.0451 -0.8940
vn -0.5088 0.0071 -0.8608
vn -0.3839 0.0986 -0.9181
vn -0.3668 0.0020 -0.9303
vn 0.4326 0.0550 -0.8999
vn 0.4508 0.0127 -0.8925
vn 0.3777 0.0614 -0.9239
vn 0.4109 -0.0081 -0.9116
vn -0.4104 -0.0211 -0.9117
vn -0.4011 0.0606 -0.9140
vn -0.4514 0.0228 -0.8920
vn -0.4543 0.0500 -0.8894
vn -0.0077 0.0385 -0.9992
vn -0.0213 -0.0109 -0.9997
vn -0.0582 0.0417 -0.9974
vn -0.0676 -0.0380 -0.9970
vn -0.3048 0.0739 -0.9495
vn -0.3344 -0.0514 -0.9410
vn -0.4698 0.0186 -0.8826
vn -0.4717 0.0130 -0.8816
vn 0.5303 0.0516 -0.8462
vn 0.5271 0.0441 -0.8486
vn 0.5122 0.0847 -0.8547
vn 0.4987 0.0118 -0.8667
vn 0.3966 0.1340 -0.9082
vn 0.4107 0.0060 -0.9118
vn 0.4652 0.0691 -0.8825
vn 0.4775 0.0453 -0.8775
vn 0.4508 0.0614 -0.8905
vn 0.4570 0.0434 -0.8884
vn 0.4057 0.0648 -0.9117
vn 0.4283 0.0028 -0.9037
vn -0.2028 0.0149 -0.9791
vn -0.1961 0.0028 -0.9806
vn -0.5112 0.0183 -0.8593
vn -0.4960 -0.0062 -0.8683
vn -0.4931 0.0234 -0.8697
vn -0.4829 0.0045 -0.8757
vn -0.4818 0.0129 -0.8762
vn -0.4735 -0.0018 -0.8808
vn 0.1289 0.0400 -0.9908
vn 0.1629 -0.0345 -0.9860
vn -0.4169 0.0506 -0.9075
vn -0.4267 -0.0319 -0.9038
vn -0.4731 0.0162 -0.8808
vn -0.4592 0.0168 -0.8882
vn 0.2175 0.0717 -0.9734
vn 0.2667 -0.0338 -0.9632
vn 0.3152 0.0775 -0.9459
vn 0.3565 -0.0374 -0.9335
vn 0.4494 0.0430 -0.8923
vn 0.4198 -0.0054 -0.9076
vn 0.1073 -0.0138 -0.9941
vn 0.0941 0.0095 -0.9955
vn -0.5120 0.0087 -0.8589
vn -0.4742 0.0467 -0.8792
vn -0.4425 0.0364 -0.8960
vn -0.4727 -0.0060 -0.8812
vn -0.5055 0.0343 -0.8621
vn -0.5359 0.0008 -0.8443
vn 0.5133 0.0215 -0.8580
vn 0.4025 0.0908 -0.9109
vn 0.4758 0.0382 -0.8787
vn 0.4545 0.0857 -0.8866
vn -0.2100 -0.0383 -0.9770
vn -0.2460 0.0548 -0.9677
vn 0.0940 0.0329 -0.9950
vn 0.1145 -0.0016 -0.9934
vn -0.3143 -0.0625 -0.9473
vn -0.3058 0.0862 -0.9482
vn -0.3095 -0.0698 -0.9483
vn -0.2910 0.0775 -0.9536
vn -0.1634 0.0657 -0.9844
vn -0.1795 -0.0573 -0.9821
vn -0.4733 0.0120 -0.8808
vn -0.4695 0.0187 -0.8827
vn -0.2815 -0.0279 -0.9592
vn -0.3101 0.0279 -0.9503
vn 0.0202 0.0374 -0.9991
vn 0.0351 -0.0288 -0.9990
vn -0.3213 -0.0143 -0.9469
vn -0.3389 0.0234 -0.9405
vn -0.3461 -0.0083 -0.9382
vn -0.3585 0.0223 -0.9332
vn 0.3822 0.0735 -0.9212
vn 0.4287 -0.0218 -0.9032
vn 0.3010 0.0686 -0.9512
vn 0.3401 -0.0326 -0.9398
vn 0.4428 0.0507 -0.8952
vn 0.4547 0.0340 -0.8900
vn -0.3350 0.0590 -0.9404
vn -0.3349 -0.0329 -0.9417
vn -0.4649 0.0075 -0.8853
vn -0.3777 0.0158 -0.9258
vn -0.3672 -0.0064 -0.9301
vn -0.3758 0.0195 -0.9265
vn 0.4560 -0.0006 -0.8900
vn 0.5027 0.0702 -0.8616
vn 0.2065 0.0659 -0.9762
vn 0.2334 -0.0375 -0.9717
vn 0.1007 0.0349 -0.9943
vn -0.0956 -0.0412 -0.9946
vn 0.1854 -0.0440 -0.9817
vn 0.1950 0.0536 -0.9793
vn 0.0597 0.0212 -0.9980
vn 0.0658 0.0127 -0.9978
vn -0.0481 0.0416 -0.9980
vn -0.0555 -0.0301 -0.9980
vn -0.1918 -0.0521 -0.9801
vn -0.2049 0.0592 -0.9770
vn -0.1364 -0.0741 -0.9879
vn -0.1390 0.0640 -0.9882
vn -0.0864 0.0021 -0.9963
vn -0.1032 0.0402 -0.9938
vn -0.1310 -0.0342 -0.9908
vn -0.1588 0.0405 -0.9865
vn -0.1881 -0.0347 -0.9815
vn -0.2123 0.0407 -0.9764
vn -0.2715 0.0508 -0.9611
vn -0.2521 -0.0368 -0.9670
vn 0.1490 0.0476 -0.9877
vn 0.1768 -0.0185 -0.9841
vn 0.3050 0.0617 -0.9503
vn 0.2231 0.0020 -0.9748
vn 0.3187 -0.0265 -0.9475
vn 0.2084 0.0291 -0.9776
vn 0.0907 0.0359 -0.9952
vn 0.1142 -0.0240 -0.9932
vn 0.0862 -0.0501 -0.9950
vn 0.0667 0.0392 -0.9970
vn 0.0642 -0.0036 -0.9979
vn 0.0701 -0.0132 -0.9975
vn -0.0634 0.0320 -0.9975
vn -0.0442 -0.0372 -0.9983
vn -0.1059 -0.0456 -0.9933
vn -0.1261 0.0426 -0.9911
vn -0.0402 -0.0350 -0.9986
vn -0.0601 0.0340 -0.9976
vn 0.0190 -0.0384 -0.9991
vn -0.0018 0.0367 -0.9993
vn 0.2225 -0.0023 -0.9749
vn 0.1998 0.0403 -0.9790
vn 0.1520 0.0347 -0.9878
vn 0.1648 -0.0174 -0.9862
vn -0.0027 0.0312 -0.9995
vn 0.0176 -0.0343 -0.9993
vn 0.1192 -0.0183 -0.9927
vn 0.1023 0.0338 -0.9942
vn 0.0739 -0.0257 -0.9969
vn 0.0536 0.0327 -0.9980
vt 0.257876 0.767647
vt 0.254897 0.761357
vt 0.259846 0.762502
vt 0.115503 0.718898
vt 0.129325 0.718898
vt 0.126937 0.733471
vt 0.111384 0.733162
vt 0.097280 0.835862
vt 0.082554 0.833012
vt 0.086673 0.818748
vt 0.102335 0.822088
vt 0.090792 0.804484
vt 0.105159 0.807119
vt 0.420779 0.818748
vt 0.424897 0.833012
vt 0.410171 0.835866
vt 0.404542 0.822556
vt 0.396126 0.841208
vt 0.386040 0.828101
vt 0.384242 0.850711
vt 0.375237 0.842578
vt 0.391949 0.718898
vt 0.396067 0.733162
vt 0.382982 0.735230
vt 0.378127 0.718898
vt 0.400186 0.747426
vt 0.387381 0.750314
vt 0.143147 0.718898
vt 0.142092 0.734577
vt 0.111323 0.841202
vt 0.120230 0.826624
vt 0.132209 0.840592
vt 0.123187 0.850731
vt 0.416660 0.804484
vt 0.401178 0.807511
vt 0.412542 0.790219
vt 0.398135 0.792902
vt 0.099029 0.775955
vt 0.103147 0.761691
vt 0.113293 0.767588
vt 0.110538 0.779695
vt 0.107799 0.792957
vt 0.094910 0.790219
vt 0.151447 0.864719
vt 0.142024 0.875194
vt 0.133006 0.862614
vt 0.142123 0.852850
vt 0.160817 0.876265
vt 0.151024 0.887788
vt 0.180629 0.897615
vt 0.171010 0.911205
vt 0.160526 0.899964
vt 0.170441 0.887333
vt 0.191582 0.906699
vt 0.182760 0.920954
vt 0.203304 0.914336
vt 0.195654 0.928945
vt 0.209450 0.935043
vt 0.215631 0.920386
vt 0.223928 0.939019
vt 0.228305 0.924665
vt 0.238791 0.940881
vt 0.241076 0.927060
vt 0.253751 0.941578
vt 0.253956 0.927746
vt 0.266478 0.927512
vt 0.268721 0.941105
vt 0.298020 0.935100
vt 0.283581 0.939235
vt 0.290390 0.923835
vt 0.298093 0.925817
vt 0.324656 0.920872
vt 0.311773 0.928890
vt 0.305728 0.918453
vt 0.316957 0.909226
vt 0.336480 0.911217
vt 0.328496 0.899487
vt 0.346266 0.881809
vt 0.356521 0.887863
vt 0.347051 0.900067
vt 0.338689 0.891499
vt 0.374405 0.862579
vt 0.365433 0.875197
vt 0.361909 0.863421
vt 0.367300 0.854441
vt 0.404305 0.761691
vt 0.408423 0.775955
vt 0.394900 0.778743
vt 0.391344 0.764647
vt 0.336660 0.718898
vt 0.350482 0.718898
vt 0.346534 0.728635
vt 0.335773 0.732840
vt 0.310142 0.730267
vt 0.309015 0.718898
vt 0.322837 0.718898
vt 0.322443 0.730570
vt 0.283891 0.732491
vt 0.281371 0.718898
vt 0.295193 0.718898
vt 0.297321 0.731299
vt 0.226081 0.718898
vt 0.239904 0.718898
vt 0.237500 0.731367
vt 0.225834 0.730926
vt 0.213094 0.731433
vt 0.212259 0.718898
vt 0.199667 0.732274
vt 0.198437 0.718898
vt 0.185769 0.733078
vt 0.184614 0.718898
vt 0.172672 0.732988
vt 0.170792 0.718898
vt 0.156970 0.718898
vt 0.158597 0.737085
vt 0.119745 0.808952
vt 0.385360 0.810142
vt 0.370308 0.738590
vt 0.364304 0.718898
vt 0.270827 0.731624
vt 0.267548 0.718898
vt 0.124922 0.747298
vt 0.107266 0.747426
vt 0.139685 0.748854
vt 0.277422 0.925647
vt 0.374979 0.753987
vt 0.352055 0.871604
vt 0.383906 0.795165
vt 0.161131 0.854422
vt 0.152127 0.843351
vt 0.115436 0.758189
vt 0.283895 0.920501
vt 0.332646 0.884524
vt 0.337306 0.876086
vt 0.352804 0.860570
vt 0.357419 0.849058
vt 0.353263 0.734101
vt 0.320795 0.740417
vt 0.311379 0.740907
vt 0.299928 0.743745
vt 0.285861 0.748547
vt 0.248413 0.734906
vt 0.253726 0.718898
vt 0.381698 0.781467
vt 0.378723 0.767953
vt 0.124051 0.770775
vt 0.121993 0.782315
vt 0.120590 0.794795
vt 0.175531 0.742890
vt 0.186140 0.748193
vt 0.201546 0.745765
vt 0.214846 0.743772
vt 0.226722 0.742082
vt 0.235849 0.740739
vt 0.135863 0.820235
vt 0.143299 0.832163
vt 0.368913 0.823991
vt 0.363358 0.836982
vt 0.189475 0.885233
vt 0.179781 0.875610
vt 0.199636 0.893890
vt 0.210343 0.901321
vt 0.221434 0.907473
vt 0.232516 0.912129
vt 0.243251 0.914948
vt 0.254332 0.914735
vt 0.265813 0.915548
vt 0.308757 0.897987
vt 0.321654 0.885905
vt 0.295648 0.909651
vt 0.343284 0.742591
vt 0.125699 0.759586
vt 0.270577 0.744796
vt 0.358931 0.746280
vt 0.363404 0.759119
vt 0.153283 0.751587
vt 0.243298 0.748784
vt 0.261230 0.730351
vt 0.133071 0.807318
vt 0.370367 0.809771
vt 0.138283 0.762150
vt 0.170411 0.865246
vt 0.275312 0.915172
vt 0.167874 0.747642
vt 0.329285 0.743427
vt 0.335217 0.750004
vt 0.343031 0.868606
vt 0.370412 0.796263
vt 0.327015 0.869334
vt 0.259058 0.740590
vt 0.283874 0.912020
vt 0.339517 0.858086
vt 0.346205 0.844164
vt 0.348570 0.753237
vt 0.132738 0.784032
vt 0.135108 0.773673
vt 0.132800 0.794983
vt 0.205637 0.758862
vt 0.218202 0.755915
vt 0.230501 0.753027
vt 0.192847 0.762634
vt 0.175186 0.756688
vt 0.147017 0.814832
vt 0.153577 0.824285
vt 0.356053 0.820918
vt 0.351870 0.832225
vt 0.366832 0.771722
vt 0.369213 0.784085
vt 0.207147 0.882273
vt 0.197837 0.874002
vt 0.188889 0.864746
vt 0.217006 0.889532
vt 0.227184 0.895890
vt 0.237055 0.901370
vt 0.244893 0.905712
vt 0.254309 0.900697
vt 0.266692 0.904572
vt 0.170923 0.844321
vt 0.161956 0.833971
vt 0.310366 0.877874
vt 0.300259 0.886983
vt 0.289331 0.895917
vt 0.320071 0.746764
vt 0.314055 0.749704
vt 0.295051 0.760087
vt 0.305152 0.754228
vt 0.162138 0.753974
vt 0.324620 0.750481
vt 0.352740 0.764403
vt 0.356784 0.808690
vt 0.152572 0.766522
vt 0.338795 0.759183
vt 0.316121 0.869808
vt 0.181472 0.768222
vt 0.165203 0.762683
vt 0.179988 0.854749
vt 0.274139 0.907473
vt 0.279963 0.902495
vt 0.143875 0.805104
vt 0.329503 0.754815
vt 0.255942 0.752288
vt 0.358268 0.795994
vt 0.319619 0.756918
vt 0.140981 0.785196
vt 0.145266 0.777762
vt 0.144731 0.793887
vt 0.348017 0.792047
vt 0.357872 0.786964
vt 0.355988 0.775730
vt 0.221822 0.767999
vt 0.233752 0.765412
vt 0.245615 0.762939
vt 0.210017 0.771186
vt 0.198303 0.775216
vt 0.154931 0.809652
vt 0.162038 0.816175
vt 0.302526 0.868738
vt 0.292420 0.876111
vt 0.281222 0.884433
vt 0.301002 0.770829
vt 0.310981 0.763788
vt 0.223419 0.878602
vt 0.214220 0.871675
vt 0.205875 0.863850
vt 0.198021 0.854686
vt 0.233285 0.885017
vt 0.243628 0.891750
vt 0.180887 0.834146
vt 0.171529 0.823805
vt 0.261823 0.886533
vt 0.272425 0.894508
vt 0.346862 0.818571
vt 0.341865 0.826836
vt 0.328528 0.847753
vt 0.335705 0.837102
vt 0.279579 0.761932
vt 0.266513 0.758421
vt 0.288179 0.766677
vt 0.152403 0.785655
vt 0.289906 0.778012
vt 0.327972 0.763705
vt 0.249917 0.879659
vt 0.186838 0.779952
vt 0.189730 0.844684
vt 0.150792 0.804419
vt 0.270672 0.871102
vt 0.342670 0.807960
vt 0.319712 0.856682
vt 0.310799 0.862282
vt 0.170823 0.773479
vt 0.342999 0.769527
vt 0.239021 0.873788
vt 0.229211 0.868120
vt 0.220728 0.862021
vt 0.213438 0.855101
vt 0.207840 0.845877
vt 0.285305 0.864281
vt 0.296335 0.858750
vt 0.203213 0.787003
vt 0.214391 0.782718
vt 0.225321 0.779566
vt 0.236795 0.777697
vt 0.250512 0.776201
vt 0.318965 0.839096
vt 0.325913 0.829499
vt 0.266247 0.770529
vt 0.277530 0.774198
vt 0.191484 0.824046
vt 0.181428 0.811020
vt 0.159876 0.803182
vt 0.168194 0.806903
vt 0.346355 0.779636
vt 0.308069 0.781429
vt 0.318120 0.772946
vt 0.333163 0.819233
vt 0.153595 0.798496
vt 0.333712 0.774333
vt 0.160615 0.778495
vt 0.311700 0.847517
vt 0.158726 0.792506
vt 0.191571 0.791855
vt 0.255402 0.866507
vt 0.200098 0.835353
vt 0.304755 0.853997
vt 0.298242 0.787399
vt 0.243673 0.862357
vt 0.234181 0.858065
vt 0.226192 0.853262
vt 0.219762 0.848931
vt 0.219804 0.838503
vt 0.176004 0.784515
vt 0.208117 0.798219
vt 0.218502 0.793226
vt 0.227813 0.789924
vt 0.237593 0.789609
vt 0.248930 0.790888
vt 0.315999 0.822447
vt 0.309438 0.831718
vt 0.269703 0.853740
vt 0.281893 0.851273
vt 0.292524 0.848131
vt 0.162709 0.797666
vt 0.169177 0.797233
vt 0.338401 0.781096
vt 0.335137 0.789318
vt 0.328657 0.801123
vt 0.325532 0.782660
vt 0.315157 0.794042
vt 0.284953 0.790473
vt 0.274208 0.786291
vt 0.262931 0.781820
vt 0.179609 0.796156
vt 0.303284 0.840486
vt 0.166197 0.788205
vt 0.230097 0.844029
vt 0.211261 0.826924
vt 0.322386 0.812454
vt 0.302765 0.796959
vt 0.257345 0.852912
vt 0.300188 0.847538
vt 0.246624 0.851153
vt 0.237923 0.848727
vt 0.203413 0.815840
vt 0.196132 0.804233
vt 0.292229 0.793195
vt 0.260166 0.794338
vt 0.271376 0.798569
vt 0.283618 0.804338
vt 0.214173 0.808536
vt 0.223433 0.802088
vt 0.229203 0.797319
vt 0.236363 0.799946
vt 0.246221 0.803584
vt 0.280040 0.838941
vt 0.291873 0.835270
vt 0.269033 0.839705
vt 0.306609 0.815894
vt 0.299680 0.824724
vt 0.311904 0.806896
vt 0.294329 0.801014
vt 0.257810 0.840449
vt 0.247769 0.840978
vt 0.240812 0.841844
vt 0.236743 0.835828
vt 0.230177 0.827358
vt 0.221727 0.817998
vt 0.230972 0.809373
vt 0.257428 0.806076
vt 0.267128 0.809532
vt 0.275912 0.815956
vt 0.241807 0.817583
vt 0.304507 0.804455
vt 0.277588 0.829641
vt 0.268684 0.826245
vt 0.284082 0.824071
vt 0.291521 0.815675
vt 0.299241 0.809259
vt 0.255291 0.817225
vt 0.256909 0.828642
vt 0.245853 0.830648
vt 0.263795 0.817528
vt 0.750336 0.789409
vt 0.742021 0.789365
vt 0.745146 0.799719
vt 0.602235 0.725085
vt 0.598116 0.739349
vt 0.614144 0.738043
vt 0.616057 0.725085
vt 0.573405 0.824935
vt 0.569286 0.839199
vt 0.584012 0.842049
vt 0.587966 0.829802
vt 0.598055 0.847390
vt 0.602646 0.836237
vt 0.609919 0.856918
vt 0.616009 0.846566
vt 0.619738 0.868802
vt 0.627873 0.858272
vt 0.628756 0.881381
vt 0.638933 0.870657
vt 0.637756 0.893976
vt 0.648419 0.883091
vt 0.896903 0.842053
vt 0.911630 0.839199
vt 0.907511 0.824935
vt 0.892128 0.829301
vt 0.903392 0.810671
vt 0.888924 0.815583
vt 0.878681 0.725085
vt 0.864859 0.725085
vt 0.866762 0.738594
vt 0.882800 0.739349
vt 0.851036 0.725085
vt 0.851886 0.738076
vt 0.592018 0.816028
vt 0.577524 0.810671
vt 0.882858 0.847395
vt 0.875174 0.834631
vt 0.863002 0.847398
vt 0.870974 0.856898
vt 0.852557 0.859312
vt 0.861137 0.868766
vt 0.604412 0.778308
vt 0.589879 0.767878
vt 0.585761 0.782142
vt 0.598637 0.790530
vt 0.581642 0.796407
vt 0.594132 0.802634
vt 0.667995 0.904909
vt 0.657742 0.917392
vt 0.669492 0.927141
vt 0.678814 0.913946
vt 0.682386 0.935132
vt 0.690418 0.921521
vt 0.696183 0.941231
vt 0.702586 0.927674
vt 0.710660 0.945206
vt 0.714962 0.932024
vt 0.725523 0.947068
vt 0.727079 0.934273
vt 0.740483 0.947765
vt 0.755453 0.947293
vt 0.753309 0.932618
vt 0.739686 0.933239
vt 0.770313 0.945422
vt 0.784752 0.941288
vt 0.778676 0.926606
vt 0.766300 0.930636
vt 0.798506 0.935078
vt 0.790385 0.920636
vt 0.801429 0.912923
vt 0.811388 0.927059
vt 0.823212 0.917404
vt 0.810750 0.903639
vt 0.822923 0.901189
vt 0.833783 0.906254
vt 0.829166 0.893758
vt 0.836446 0.884050
vt 0.843253 0.894050
vt 0.852165 0.881385
vt 0.843080 0.871810
vt 0.884550 0.802339
vt 0.899274 0.796407
vt 0.895155 0.782142
vt 0.877894 0.788450
vt 0.891037 0.767878
vt 0.877426 0.774046
vt 0.837214 0.725085
vt 0.823392 0.725085
vt 0.825633 0.736425
vt 0.838025 0.737403
vt 0.809570 0.725085
vt 0.816705 0.735188
vt 0.793520 0.739157
vt 0.795747 0.725085
vt 0.781925 0.725085
vt 0.780570 0.738700
vt 0.767285 0.738491
vt 0.768103 0.725085
vt 0.754280 0.725085
vt 0.753907 0.738523
vt 0.740464 0.738949
vt 0.740458 0.725085
vt 0.726636 0.725085
vt 0.726641 0.739879
vt 0.711337 0.742073
vt 0.712813 0.725085
vt 0.698991 0.725085
vt 0.697455 0.739046
vt 0.685169 0.725085
vt 0.684291 0.738419
vt 0.670872 0.738421
vt 0.671346 0.725085
vt 0.657524 0.725085
vt 0.657031 0.738456
vt 0.643012 0.737950
vt 0.643702 0.725085
vt 0.629880 0.725085
vt 0.628860 0.737736
vt 0.875731 0.820088
vt 0.608588 0.821089
vt 0.623609 0.834474
vt 0.867495 0.751880
vt 0.886918 0.753614
vt 0.851719 0.751221
vt 0.610899 0.766605
vt 0.593998 0.753614
vt 0.647258 0.906152
vt 0.657932 0.894593
vt 0.805523 0.740273
vt 0.613570 0.750164
vt 0.610484 0.799343
vt 0.604377 0.807659
vt 0.618233 0.788218
vt 0.728160 0.924442
vt 0.719530 0.920755
vt 0.708822 0.915518
vt 0.697887 0.909331
vt 0.687393 0.902113
vt 0.677512 0.893640
vt 0.816391 0.892404
vt 0.876295 0.763921
vt 0.814867 0.744091
vt 0.824363 0.748071
vt 0.837323 0.750082
vt 0.642478 0.750960
vt 0.628440 0.750138
vt 0.866664 0.785098
vt 0.864481 0.775937
vt 0.670771 0.751875
vt 0.656716 0.752367
vt 0.695193 0.750635
vt 0.683668 0.751124
vt 0.704072 0.750833
vt 0.792238 0.752571
vt 0.779517 0.752118
vt 0.740852 0.752310
vt 0.728173 0.753640
vt 0.862399 0.829060
vt 0.853430 0.838742
vt 0.843007 0.849275
vt 0.865924 0.798710
vt 0.872109 0.808919
vt 0.650693 0.859065
vt 0.636786 0.846720
vt 0.659054 0.873136
vt 0.792886 0.900292
vt 0.801701 0.891655
vt 0.782928 0.907939
vt 0.773148 0.913979
vt 0.762884 0.917827
vt 0.751795 0.919198
vt 0.737872 0.918299
vt 0.864591 0.764150
vt 0.866817 0.821247
vt 0.766530 0.751861
vt 0.715788 0.755938
vt 0.850161 0.764879
vt 0.627420 0.775598
vt 0.705740 0.759933
vt 0.668079 0.884026
vt 0.831014 0.862291
vt 0.830284 0.876583
vt 0.822972 0.882991
vt 0.804006 0.752901
vt 0.753621 0.751762
vt 0.617774 0.759556
vt 0.857766 0.790892
vt 0.849356 0.780496
vt 0.695612 0.761884
vt 0.684410 0.763594
vt 0.808762 0.881648
vt 0.812833 0.752893
vt 0.819628 0.761687
vt 0.835245 0.763644
vt 0.791731 0.766300
vt 0.778536 0.765721
vt 0.628852 0.761898
vt 0.641745 0.763385
vt 0.671807 0.765645
vt 0.656414 0.768644
vt 0.854552 0.821655
vt 0.845569 0.829239
vt 0.835211 0.836799
vt 0.862322 0.814591
vt 0.856322 0.806574
vt 0.630532 0.800035
vt 0.620691 0.810965
vt 0.633028 0.823180
vt 0.644970 0.835071
vt 0.656369 0.844527
vt 0.686583 0.883513
vt 0.695367 0.891491
vt 0.704943 0.898137
vt 0.715314 0.904195
vt 0.726237 0.910345
vt 0.662324 0.858420
vt 0.669115 0.865624
vt 0.760218 0.907575
vt 0.756884 0.900840
vt 0.753103 0.907838
vt 0.767999 0.903797
vt 0.775220 0.896882
vt 0.743511 0.903823
vt 0.741227 0.765275
vt 0.729413 0.766435
vt 0.784682 0.888982
vt 0.793556 0.881154
vt 0.639935 0.788668
vt 0.717991 0.768388
vt 0.805402 0.765903
vt 0.753224 0.764897
vt 0.642861 0.812029
vt 0.732230 0.898140
vt 0.677852 0.874580
vt 0.653339 0.824063
vt 0.662462 0.833152
vt 0.667181 0.849525
vt 0.677209 0.855879
vt 0.815780 0.869050
vt 0.800663 0.873545
vt 0.847921 0.813730
vt 0.765644 0.765184
vt 0.707486 0.771076
vt 0.697190 0.773651
vt 0.686473 0.776008
vt 0.849121 0.799265
vt 0.841023 0.792724
vt 0.823033 0.844925
vt 0.639012 0.772646
vt 0.839452 0.819837
vt 0.829348 0.823946
vt 0.721241 0.892734
vt 0.711126 0.887642
vt 0.702551 0.882200
vt 0.695550 0.874237
vt 0.741466 0.777707
vt 0.730327 0.778733
vt 0.790716 0.781061
vt 0.777105 0.779479
vt 0.663984 0.782638
vt 0.675243 0.778801
vt 0.750863 0.891053
vt 0.763352 0.897185
vt 0.765173 0.886917
vt 0.776933 0.878074
vt 0.786774 0.870876
vt 0.820328 0.777970
vt 0.834063 0.777854
vt 0.764287 0.778257
vt 0.647818 0.779182
vt 0.816248 0.829226
vt 0.653972 0.799857
vt 0.662684 0.814886
vt 0.719549 0.780523
vt 0.709204 0.782786
vt 0.699238 0.785719
vt 0.752350 0.777476
vt 0.806277 0.782861
vt 0.737904 0.885713
vt 0.667157 0.824646
vt 0.655258 0.787226
vt 0.809631 0.851679
vt 0.841697 0.806829
vt 0.834526 0.801761
vt 0.672803 0.838796
vt 0.684831 0.844113
vt 0.687707 0.864255
vt 0.794369 0.865103
vt 0.688897 0.788173
vt 0.831322 0.789307
vt 0.821917 0.789384
vt 0.836022 0.812307
vt 0.827254 0.810199
vt 0.805666 0.866888
vt 0.678709 0.790912
vt 0.668457 0.796081
vt 0.731302 0.790620
vt 0.787629 0.796037
vt 0.774336 0.793356
vt 0.771101 0.865521
vt 0.781754 0.860524
vt 0.715770 0.877497
vt 0.726228 0.881048
vt 0.707893 0.875559
vt 0.705358 0.866981
vt 0.761826 0.791075
vt 0.700138 0.851782
vt 0.720673 0.792186
vt 0.711048 0.794173
vt 0.701721 0.798175
vt 0.690785 0.800132
vt 0.801468 0.798425
vt 0.813471 0.790944
vt 0.829465 0.796794
vt 0.813828 0.813668
vt 0.799238 0.835056
vt 0.800556 0.858067
vt 0.789483 0.857924
vt 0.759393 0.872291
vt 0.676323 0.825899
vt 0.688970 0.828674
vt 0.822549 0.799315
vt 0.750850 0.878654
vt 0.742295 0.872766
vt 0.729961 0.868420
vt 0.717403 0.866018
vt 0.681861 0.800483
vt 0.676089 0.810404
vt 0.732330 0.802040
vt 0.784073 0.811924
vt 0.770625 0.807367
vt 0.766257 0.852191
vt 0.779659 0.847776
vt 0.758052 0.803606
vt 0.721471 0.803348
vt 0.712654 0.803455
vt 0.812829 0.800588
vt 0.690437 0.813096
vt 0.792230 0.849504
vt 0.750464 0.858275
vt 0.705866 0.812406
vt 0.704289 0.831590
vt 0.718400 0.851062
vt 0.733870 0.854071
vt 0.799566 0.814644
vt 0.766039 0.820581
vt 0.778581 0.830618
vt 0.763894 0.837751
vt 0.742967 0.814215
vt 0.731744 0.814075
vt 0.754642 0.816587
vt 0.750662 0.840593
vt 0.722187 0.832375
vt 0.736776 0.838399
vt 0.720227 0.815711
vt 0.760482 0.828760
vt 0.740677 0.826223
vt 0.731454 0.824335
vt 0.751616 0.828041
vt 0.155636 0.499658
vt 0.154593 0.487442
vt 0.168366 0.492703
vt 0.389746 0.450122
vt 0.400933 0.452025
vt 0.396758 0.459593
vt 0.122334 0.281518
vt 0.121792 0.277744
vt 0.127189 0.274905
vt 0.116802 0.118721
vt 0.102652 0.112508
vt 0.116742 0.107030
vt 0.377368 0.544246
vt 0.369509 0.542057
vt 0.374584 0.535524
vt 0.352638 0.495211
vt 0.342964 0.492942
vt 0.348662 0.483513
vt 0.362852 0.343366
vt 0.354740 0.350621
vt 0.351090 0.341288
vt 0.144594 0.279250
vt 0.140361 0.271194
vt 0.153163 0.270673
vt 0.360240 0.633402
vt 0.344373 0.639151
vt 0.338317 0.623354
vt 0.352698 0.615877
vt 0.331218 0.608006
vt 0.344054 0.598544
vt 0.322199 0.593712
vt 0.333007 0.583354
vt 0.310880 0.581172
vt 0.321599 0.567132
vt 0.297142 0.571374
vt 0.304978 0.556916
vt 0.281232 0.565803
vt 0.290614 0.547502
vt 0.439573 0.604659
vt 0.423707 0.610407
vt 0.419567 0.591286
vt 0.436041 0.588060
vt 0.481923 0.060953
vt 0.481923 0.077705
vt 0.467657 0.076879
vt 0.465196 0.060953
vt 0.481923 0.094457
vt 0.469395 0.091072
vt 0.047035 0.077705
vt 0.047035 0.060953
vt 0.063761 0.060953
vt 0.064029 0.077698
vt 0.080488 0.060953
vt 0.081065 0.077605
vt 0.097214 0.060953
vt 0.098070 0.077283
vt 0.089384 0.604659
vt 0.092917 0.588060
vt 0.109823 0.592375
vt 0.105251 0.610407
vt 0.096071 0.571386
vt 0.113857 0.573800
vt 0.098622 0.554609
vt 0.115037 0.555462
vt 0.100540 0.537747
vt 0.115538 0.538060
vt 0.101779 0.520823
vt 0.115813 0.521529
vt 0.184584 0.639151
vt 0.168718 0.633403
vt 0.175675 0.617451
vt 0.190640 0.623354
vt 0.152851 0.627654
vt 0.160070 0.611098
vt 0.136984 0.621905
vt 0.144055 0.604207
vt 0.376107 0.627654
vt 0.368179 0.608206
vt 0.384583 0.602361
vt 0.391973 0.621905
vt 0.407840 0.616156
vt 0.400743 0.593418
vt 0.417785 0.573193
vt 0.432886 0.571386
vt 0.430335 0.554609
vt 0.416081 0.556104
vt 0.428418 0.537747
vt 0.414038 0.539420
vt 0.465981 0.381423
vt 0.481923 0.379232
vt 0.481923 0.395984
vt 0.465435 0.399937
vt 0.127393 0.597174
vt 0.121118 0.616156
vt 0.183272 0.601948
vt 0.197739 0.608006
vt 0.192004 0.587222
vt 0.206758 0.593712
vt 0.426656 0.503861
vt 0.427178 0.520823
vt 0.411243 0.522228
vt 0.406876 0.502276
vt 0.412435 0.485280
vt 0.426879 0.486894
vt 0.432974 0.436451
vt 0.429650 0.453078
vt 0.417002 0.445465
vt 0.421081 0.430480
vt 0.439577 0.420874
vt 0.426361 0.415176
vt 0.432074 0.399740
vt 0.450692 0.408161
vt 0.466800 0.345765
vt 0.481923 0.345729
vt 0.481923 0.362481
vt 0.466274 0.363189
vt 0.467300 0.328823
vt 0.481923 0.328978
vt 0.467743 0.312230
vt 0.481923 0.312226
vt 0.468158 0.295866
vt 0.481923 0.295475
vt 0.468543 0.279846
vt 0.481923 0.278723
vt 0.468668 0.264414
vt 0.481923 0.261972
vt 0.467420 0.249736
vt 0.481923 0.245220
vt 0.463672 0.213192
vt 0.481923 0.211717
vt 0.481923 0.228469
vt 0.461026 0.234070
vt 0.465565 0.195811
vt 0.481923 0.194966
vt 0.467211 0.180780
vt 0.481923 0.178214
vt 0.481923 0.127960
vt 0.481923 0.144711
vt 0.465428 0.141592
vt 0.465830 0.127646
vt 0.431743 0.060953
vt 0.448470 0.060953
vt 0.440463 0.072020
vt 0.430012 0.073040
vt 0.402278 0.074435
vt 0.398290 0.060953
vt 0.415017 0.060953
vt 0.416345 0.074150
vt 0.364837 0.060953
vt 0.381564 0.060953
vt 0.376102 0.081056
vt 0.361437 0.078133
vt 0.348111 0.060953
vt 0.346145 0.076759
vt 0.331385 0.060953
vt 0.330361 0.076150
vt 0.314658 0.060953
vt 0.314125 0.075847
vt 0.297932 0.060953
vt 0.297750 0.075705
vt 0.281323 0.075630
vt 0.281205 0.060953
vt 0.264934 0.075739
vt 0.264479 0.060953
vt 0.232507 0.076366
vt 0.231026 0.060953
vt 0.247752 0.060953
vt 0.248612 0.075917
vt 0.216722 0.077198
vt 0.214299 0.060953
vt 0.180846 0.060953
vt 0.197573 0.060953
vt 0.187733 0.072767
vt 0.176740 0.073569
vt 0.164120 0.060953
vt 0.162410 0.074344
vt 0.147393 0.060953
vt 0.146880 0.075043
vt 0.114585 0.076497
vt 0.113941 0.060953
vt 0.130667 0.060953
vt 0.130845 0.075741
vt 0.047035 0.111208
vt 0.047035 0.094457
vt 0.064292 0.094547
vt 0.064342 0.111512
vt 0.047035 0.127960
vt 0.063934 0.128439
vt 0.047035 0.144711
vt 0.063666 0.145157
vt 0.047035 0.178214
vt 0.047035 0.161463
vt 0.064377 0.162232
vt 0.067017 0.181286
vt 0.047035 0.194966
vt 0.063364 0.198480
vt 0.047035 0.211717
vt 0.062483 0.214547
vt 0.047035 0.228469
vt 0.061957 0.230526
vt 0.047035 0.245220
vt 0.061629 0.246384
vt 0.047035 0.261972
vt 0.061433 0.262219
vt 0.061516 0.278069
vt 0.047035 0.278723
vt 0.061859 0.294074
vt 0.047035 0.295475
vt 0.062117 0.310274
vt 0.047035 0.312226
vt 0.062546 0.326465
vt 0.047035 0.328978
vt 0.063439 0.342638
vt 0.047035 0.345729
vt 0.065569 0.359329
vt 0.047035 0.362481
vt 0.090856 0.392898
vt 0.078265 0.408161
vt 0.063522 0.399937
vt 0.071005 0.379352
vt 0.099758 0.409010
vt 0.089380 0.420873
vt 0.113479 0.467135
vt 0.101089 0.469953
vt 0.099307 0.453078
vt 0.113277 0.452643
vt 0.102302 0.503861
vt 0.102078 0.486893
vt 0.117540 0.492506
vt 0.116141 0.506116
vt 0.242410 0.550806
vt 0.247725 0.565803
vt 0.231815 0.571374
vt 0.228838 0.552776
vt 0.047035 0.395984
vt 0.047035 0.379232
vt 0.481923 0.111208
vt 0.470568 0.101680
vt 0.167882 0.594831
vt 0.454136 0.077796
vt 0.359383 0.586894
vt 0.151831 0.586614
vt 0.457496 0.091306
vt 0.201655 0.573583
vt 0.218078 0.581172
vt 0.344176 0.574027
vt 0.334554 0.565017
vt 0.081762 0.094519
vt 0.099434 0.094071
vt 0.391153 0.073976
vt 0.415591 0.474299
vt 0.427869 0.469953
vt 0.201737 0.079051
vt 0.134575 0.575956
vt 0.132260 0.555313
vt 0.130892 0.537460
vt 0.129875 0.521055
vt 0.464555 0.114094
vt 0.107400 0.421189
vt 0.095983 0.436451
vt 0.113157 0.478524
vt 0.256151 0.547780
vt 0.264479 0.563496
vt 0.468641 0.169621
vt 0.481923 0.161463
vt 0.112891 0.438314
vt 0.176461 0.579549
vt 0.377505 0.585766
vt 0.389218 0.583515
vt 0.082413 0.111902
vt 0.080897 0.129069
vt 0.079539 0.145127
vt 0.268900 0.543821
vt 0.390900 0.511108
vt 0.396712 0.526428
vt 0.413049 0.458804
vt 0.463024 0.155090
vt 0.443040 0.082112
vt 0.431497 0.085035
vt 0.188949 0.083756
vt 0.176044 0.086150
vt 0.161940 0.087772
vt 0.146872 0.089135
vt 0.083041 0.176273
vt 0.080316 0.160755
vt 0.123718 0.481453
vt 0.211071 0.561586
vt 0.215327 0.549177
vt 0.087951 0.365342
vt 0.100298 0.375792
vt 0.402504 0.573771
vt 0.402049 0.557173
vt 0.400281 0.541615
vt 0.077205 0.202652
vt 0.077625 0.217336
vt 0.076668 0.232574
vt 0.076055 0.247598
vt 0.075562 0.262478
vt 0.075756 0.277323
vt 0.131308 0.090441
vt 0.115484 0.092013
vt 0.078607 0.339029
vt 0.077560 0.323945
vt 0.077029 0.308333
vt 0.076768 0.292476
vt 0.080781 0.352833
vt 0.104770 0.392159
vt 0.111178 0.401071
vt 0.358355 0.093365
vt 0.344499 0.091722
vt 0.329453 0.091037
vt 0.313714 0.090633
vt 0.297620 0.090389
vt 0.281421 0.090263
vt 0.265321 0.090454
vt 0.454515 0.295934
vt 0.453637 0.312025
vt 0.452756 0.328406
vt 0.451704 0.345318
vt 0.450359 0.363225
vt 0.455571 0.280395
vt 0.456888 0.266131
vt 0.458120 0.255259
vt 0.310707 0.541683
vt 0.297707 0.533451
vt 0.278909 0.533898
vt 0.324768 0.549208
vt 0.237362 0.536817
vt 0.226270 0.539630
vt 0.126395 0.467418
vt 0.127176 0.451968
vt 0.452683 0.179573
vt 0.449434 0.194524
vt 0.446173 0.211169
vt 0.442106 0.229108
vt 0.412607 0.409686
vt 0.417318 0.394664
vt 0.407821 0.424824
vt 0.404228 0.439500
vt 0.392699 0.488968
vt 0.400392 0.477652
vt 0.218547 0.092548
vt 0.233786 0.091497
vt 0.450961 0.138946
vt 0.451415 0.126936
vt 0.128913 0.506452
vt 0.406435 0.467608
vt 0.456746 0.166744
vt 0.460388 0.102761
vt 0.450240 0.383442
vt 0.389447 0.571151
vt 0.111925 0.382503
vt 0.185466 0.564352
vt 0.446065 0.093596
vt 0.118670 0.411822
vt 0.418274 0.088033
vt 0.450174 0.114821
vt 0.433926 0.380959
vt 0.419947 0.379669
vt 0.126878 0.436628
vt 0.287204 0.524242
vt 0.337888 0.553892
vt 0.161028 0.571253
vt 0.371720 0.098372
vt 0.381546 0.497896
vt 0.249362 0.090767
vt 0.217786 0.540689
vt 0.376834 0.570294
vt 0.363055 0.567851
vt 0.349910 0.560810
vt 0.447947 0.150737
vt 0.115190 0.427472
vt 0.450120 0.249944
vt 0.249076 0.532992
vt 0.203985 0.094319
vt 0.087753 0.189605
vt 0.077271 0.191229
vt 0.403556 0.088279
vt 0.121514 0.391294
vt 0.259853 0.527853
vt 0.269896 0.520191
vt 0.436082 0.245971
vt 0.445252 0.264477
vt 0.442559 0.279685
vt 0.440823 0.295467
vt 0.439593 0.311545
vt 0.438464 0.327697
vt 0.436895 0.343944
vt 0.433056 0.361417
vt 0.196207 0.551799
vt 0.204511 0.541270
vt 0.389616 0.086540
vt 0.434895 0.097026
vt 0.190282 0.097056
vt 0.176719 0.099410
vt 0.162495 0.101431
vt 0.147484 0.103209
vt 0.128078 0.495441
vt 0.094427 0.145376
vt 0.098197 0.130863
vt 0.389231 0.557026
vt 0.387840 0.543387
vt 0.132030 0.104877
vt 0.110172 0.362439
vt 0.099433 0.353342
vt 0.146341 0.535149
vt 0.143892 0.518719
vt 0.148535 0.552374
vt 0.148046 0.566528
vt 0.355620 0.105112
vt 0.343903 0.105576
vt 0.329066 0.105565
vt 0.313372 0.105404
vt 0.297475 0.105212
vt 0.281510 0.105081
vt 0.265688 0.105295
vt 0.315524 0.527197
vt 0.302451 0.520405
vt 0.329196 0.534193
vt 0.090318 0.249106
vt 0.089014 0.262950
vt 0.089178 0.276271
vt 0.094259 0.219460
vt 0.091110 0.234661
vt 0.090815 0.203191
vt 0.090908 0.347607
vt 0.092509 0.336647
vt 0.092058 0.321954
vt 0.091666 0.306641
vt 0.092462 0.290263
vt 0.232197 0.523787
vt 0.221345 0.528190
vt 0.140854 0.468980
vt 0.142154 0.451182
vt 0.437311 0.176320
vt 0.433248 0.191825
vt 0.429462 0.208219
vt 0.425310 0.225578
vt 0.439044 0.136677
vt 0.438862 0.126491
vt 0.398775 0.404104
vt 0.404242 0.389788
vt 0.393351 0.419592
vt 0.391198 0.435466
vt 0.381858 0.478031
vt 0.389919 0.468617
vt 0.219810 0.107280
vt 0.234726 0.106307
vt 0.378021 0.517981
vt 0.384424 0.530762
vt 0.094633 0.159202
vt 0.097237 0.173303
vt 0.121116 0.370768
vt 0.137781 0.487364
vt 0.168122 0.552043
vt 0.364602 0.116396
vt 0.442587 0.162801
vt 0.408425 0.377086
vt 0.431662 0.262191
vt 0.279569 0.512582
vt 0.141516 0.503132
vt 0.435138 0.146295
vt 0.435688 0.114233
vt 0.250089 0.105702
vt 0.212046 0.533166
vt 0.342383 0.540572
vt 0.141795 0.433256
vt 0.387720 0.102305
vt 0.420687 0.242787
vt 0.292891 0.517081
vt 0.428672 0.278398
vt 0.426776 0.294699
vt 0.425450 0.310990
vt 0.424670 0.326904
vt 0.424298 0.341702
vt 0.424181 0.352921
vt 0.419872 0.366120
vt 0.449108 0.104063
vt 0.125027 0.422892
vt 0.100963 0.186946
vt 0.130664 0.402166
vt 0.205505 0.108677
vt 0.372855 0.486488
vt 0.422211 0.104401
vt 0.242936 0.519516
vt 0.369727 0.505021
vt 0.131815 0.379481
vt 0.183779 0.539988
vt 0.195289 0.530420
vt 0.404136 0.103830
vt 0.191876 0.110642
vt 0.178118 0.112975
vt 0.163838 0.115332
vt 0.148683 0.117355
vt 0.252770 0.514542
vt 0.261612 0.506522
vt 0.439897 0.105107
vt 0.115147 0.136556
vt 0.105885 0.146359
vt 0.119839 0.349855
vt 0.108395 0.337984
vt 0.431187 0.135053
vt 0.429310 0.128171
vt 0.319808 0.512540
vt 0.304094 0.503975
vt 0.334144 0.519845
vt 0.105071 0.293159
vt 0.105114 0.306015
vt 0.106361 0.320578
vt 0.377558 0.432535
vt 0.375612 0.413975
vt 0.384701 0.397292
vt 0.391898 0.383391
vt 0.377383 0.556248
vt 0.366120 0.553411
vt 0.354559 0.547476
vt 0.103309 0.237394
vt 0.105122 0.251169
vt 0.101010 0.264064
vt 0.099491 0.274682
vt 0.108080 0.157144
vt 0.110987 0.170478
vt 0.132853 0.118801
vt 0.162044 0.532044
vt 0.158179 0.515188
vt 0.345850 0.119731
vt 0.329303 0.120349
vt 0.313172 0.120319
vt 0.297320 0.120067
vt 0.281567 0.119994
vt 0.265953 0.120087
vt 0.108317 0.214456
vt 0.104537 0.200603
vt 0.156546 0.469689
vt 0.158300 0.450492
vt 0.215925 0.515783
vt 0.227144 0.510624
vt 0.416785 0.188236
vt 0.420608 0.171471
vt 0.413104 0.204925
vt 0.408984 0.222197
vt 0.220874 0.121784
vt 0.235590 0.121073
vt 0.367034 0.525032
vt 0.371960 0.468050
vt 0.380709 0.459067
vt 0.114587 0.184175
vt 0.428294 0.157525
vt 0.250582 0.120439
vt 0.139019 0.415677
vt 0.398193 0.370984
vt 0.416830 0.259967
vt 0.411120 0.367936
vt 0.133897 0.134249
vt 0.143451 0.389870
vt 0.158953 0.429608
vt 0.379516 0.444020
vt 0.099659 0.282921
vt 0.205116 0.522222
vt 0.238422 0.506738
vt 0.427721 0.120438
vt 0.404741 0.239942
vt 0.364302 0.477202
vt 0.290069 0.506797
vt 0.272660 0.499400
vt 0.425219 0.140365
vt 0.359794 0.535301
vt 0.347952 0.526760
vt 0.206908 0.122489
vt 0.414072 0.277011
vt 0.412158 0.293941
vt 0.410986 0.310752
vt 0.410608 0.327275
vt 0.411401 0.343119
vt 0.415129 0.355690
vt 0.363526 0.492809
vt 0.129810 0.358797
vt 0.385409 0.120479
vt 0.355402 0.511580
vt 0.403381 0.119845
vt 0.418245 0.118872
vt 0.112826 0.226007
vt 0.103427 0.227657
vt 0.193728 0.123873
vt 0.176179 0.525141
vt 0.171257 0.510158
vt 0.140490 0.366242
vt 0.107038 0.283867
vt 0.419668 0.130802
vt 0.180469 0.126427
vt 0.166312 0.129544
vt 0.247570 0.504444
vt 0.251795 0.492179
vt 0.187749 0.518199
vt 0.150660 0.132083
vt 0.123596 0.329559
vt 0.130330 0.340378
vt 0.119801 0.316408
vt 0.117256 0.303778
vt 0.115683 0.292540
vt 0.125494 0.167269
vt 0.121395 0.152618
vt 0.172242 0.471813
vt 0.175271 0.451622
vt 0.400145 0.184909
vt 0.399835 0.164556
vt 0.397169 0.201859
vt 0.392936 0.218907
vt 0.371243 0.449404
vt 0.361186 0.457660
vt 0.266197 0.135053
vt 0.281516 0.135027
vt 0.296986 0.135139
vt 0.312694 0.135457
vt 0.328737 0.136030
vt 0.345592 0.136604
vt 0.364035 0.137768
vt 0.339619 0.505887
vt 0.325929 0.499295
vt 0.313683 0.491696
vt 0.372470 0.387535
vt 0.380322 0.375390
vt 0.363215 0.399425
vt 0.359368 0.420877
vt 0.364028 0.436587
vt 0.110439 0.267543
vt 0.108198 0.275734
vt 0.114328 0.259547
vt 0.210095 0.502096
vt 0.222824 0.496139
vt 0.221545 0.136425
vt 0.236280 0.135824
vt 0.116738 0.245926
vt 0.113704 0.235970
vt 0.118322 0.197828
vt 0.122021 0.211545
vt 0.128696 0.181330
vt 0.157983 0.404583
vt 0.385950 0.143197
vt 0.353491 0.469725
vt 0.387389 0.362857
vt 0.126402 0.225877
vt 0.137534 0.149677
vt 0.152924 0.373433
vt 0.197806 0.509130
vt 0.352316 0.407958
vt 0.137794 0.348321
vt 0.236313 0.492446
vt 0.405974 0.135811
vt 0.414843 0.149533
vt 0.251150 0.135361
vt 0.265738 0.484946
vt 0.388370 0.237071
vt 0.401000 0.257869
vt 0.398629 0.275739
vt 0.122188 0.254962
vt 0.358830 0.484508
vt 0.404990 0.360604
vt 0.284091 0.493630
vt 0.396989 0.293276
vt 0.395929 0.310640
vt 0.395373 0.328326
vt 0.395517 0.347808
vt 0.182424 0.507453
vt 0.115229 0.283708
vt 0.207753 0.135685
vt 0.147192 0.353333
vt 0.295621 0.488674
vt 0.305386 0.482136
vt 0.352462 0.388231
vt 0.361685 0.377995
vt 0.369527 0.367701
vt 0.330946 0.487206
vt 0.319553 0.481414
vt 0.345892 0.424979
vt 0.348181 0.443444
vt 0.139762 0.333983
vt 0.135780 0.323516
vt 0.131956 0.311760
vt 0.128424 0.300148
vt 0.125128 0.289714
vt 0.204373 0.487188
vt 0.217746 0.479389
vt 0.153946 0.147189
vt 0.170280 0.144334
vt 0.184069 0.139417
vt 0.195658 0.135932
vt 0.236939 0.150532
vt 0.221496 0.152573
vt 0.386722 0.185918
vt 0.382491 0.198694
vt 0.377295 0.214985
vt 0.377530 0.174152
vt 0.140898 0.164652
vt 0.281348 0.150073
vt 0.266378 0.150096
vt 0.296456 0.150325
vt 0.311729 0.150895
vt 0.327360 0.151712
vt 0.343512 0.152973
vt 0.359977 0.154912
vt 0.188687 0.473299
vt 0.192808 0.454081
vt 0.177734 0.430101
vt 0.119649 0.264738
vt 0.118277 0.271015
vt 0.115874 0.277050
vt 0.122108 0.234585
vt 0.126219 0.241908
vt 0.132143 0.194989
vt 0.135829 0.208132
vt 0.159072 0.357471
vt 0.167897 0.380654
vt 0.188266 0.494001
vt 0.374498 0.157368
vt 0.251603 0.150210
vt 0.180237 0.407412
vt 0.278013 0.479650
vt 0.375385 0.357012
vt 0.371626 0.233433
vt 0.143427 0.179062
vt 0.140373 0.220851
vt 0.384176 0.256003
vt 0.232965 0.475119
vt 0.382648 0.274746
vt 0.381436 0.292713
vt 0.380458 0.310140
vt 0.379515 0.327393
vt 0.378319 0.343926
vt 0.195926 0.432345
vt 0.339942 0.460403
vt 0.342707 0.397919
vt 0.126341 0.263651
vt 0.206901 0.147896
vt 0.311730 0.477280
vt 0.344205 0.413677
vt 0.142877 0.341285
vt 0.131344 0.250722
vt 0.329857 0.437593
vt 0.331945 0.421901
vt 0.150611 0.341930
vt 0.289825 0.475121
vt 0.300508 0.470894
vt 0.157697 0.162824
vt 0.177180 0.161420
vt 0.189931 0.151066
vt 0.197497 0.144965
vt 0.134804 0.236461
vt 0.147244 0.319245
vt 0.143606 0.307237
vt 0.139254 0.295564
vt 0.134049 0.284825
vt 0.150061 0.330753
vt 0.335408 0.475163
vt 0.322082 0.469529
vt 0.357809 0.171542
vt 0.340998 0.169225
vt 0.325373 0.167439
vt 0.310406 0.166085
vt 0.295736 0.165367
vt 0.281102 0.165136
vt 0.266429 0.165131
vt 0.362341 0.210048
vt 0.368762 0.192688
vt 0.342425 0.377354
vt 0.352270 0.368304
vt 0.360710 0.360048
vt 0.201407 0.473340
vt 0.211161 0.459532
vt 0.145991 0.192675
vt 0.149087 0.205353
vt 0.334677 0.408222
vt 0.162086 0.342650
vt 0.173858 0.360769
vt 0.323123 0.453195
vt 0.310798 0.468352
vt 0.352771 0.188535
vt 0.185839 0.384869
vt 0.199391 0.410096
vt 0.347330 0.205361
vt 0.331746 0.387306
vt 0.153439 0.217354
vt 0.158765 0.178036
vt 0.174427 0.178899
vt 0.247741 0.472535
vt 0.213770 0.165163
vt 0.201056 0.158543
vt 0.251946 0.164851
vt 0.230132 0.456339
vt 0.364855 0.254441
vt 0.366449 0.274472
vt 0.365978 0.292344
vt 0.365094 0.309595
vt 0.364079 0.326698
vt 0.213769 0.435102
vt 0.146210 0.232339
vt 0.356166 0.227554
vt 0.140769 0.246169
vt 0.136423 0.260224
vt 0.366304 0.353565
vt 0.337341 0.185387
vt 0.238577 0.163768
vt 0.193700 0.170283
vt 0.322725 0.182732
vt 0.308761 0.181020
vt 0.294967 0.180452
vt 0.280921 0.180452
vt 0.266364 0.180823
vt 0.228320 0.162890
vt 0.316715 0.431838
vt 0.318058 0.417052
vt 0.161827 0.328733
vt 0.159528 0.315473
vt 0.155734 0.302774
vt 0.150759 0.290450
vt 0.273732 0.465271
vt 0.285159 0.461265
vt 0.261431 0.468941
vt 0.296759 0.458059
vt 0.333548 0.365520
vt 0.344560 0.357346
vt 0.159656 0.191595
vt 0.161089 0.203252
vt 0.176834 0.342466
vt 0.319851 0.399391
vt 0.191161 0.363146
vt 0.308870 0.455707
vt 0.217032 0.413345
vt 0.203882 0.388498
vt 0.332868 0.201056
vt 0.349477 0.244969
vt 0.160483 0.230428
vt 0.207528 0.177431
vt 0.172778 0.192415
vt 0.188952 0.183764
vt 0.341341 0.221806
vt 0.245592 0.454622
vt 0.230812 0.436083
vt 0.149181 0.241616
vt 0.163975 0.213197
vt 0.314864 0.442742
vt 0.322003 0.374561
vt 0.147746 0.255879
vt 0.251246 0.180573
vt 0.319467 0.197521
vt 0.171681 0.203177
vt 0.259000 0.453307
vt 0.237086 0.176955
vt 0.224888 0.172330
vt 0.270326 0.451229
vt 0.306961 0.195375
vt 0.294450 0.194970
vt 0.281239 0.195726
vt 0.266830 0.197207
vt 0.281182 0.446834
vt 0.293536 0.444433
vt 0.304351 0.430030
vt 0.304487 0.415446
vt 0.325204 0.352821
vt 0.337976 0.344728
vt 0.349020 0.326161
vt 0.349860 0.309198
vt 0.351203 0.292292
vt 0.352316 0.276356
vt 0.353073 0.263485
vt 0.168892 0.298327
vt 0.163424 0.284346
vt 0.172783 0.312160
vt 0.175258 0.326702
vt 0.245816 0.437040
vt 0.304810 0.401007
vt 0.233591 0.416445
vt 0.327568 0.216501
vt 0.312699 0.361610
vt 0.334734 0.238311
vt 0.220215 0.184403
vt 0.185237 0.196111
vt 0.202192 0.189868
vt 0.305405 0.443228
vt 0.249586 0.199665
vt 0.233481 0.191243
vt 0.221287 0.392506
vt 0.208608 0.367708
vt 0.195616 0.340772
vt 0.160642 0.246738
vt 0.310588 0.383728
vt 0.342284 0.259540
vt 0.338863 0.274918
vt 0.336659 0.291270
vt 0.334507 0.308220
vt 0.331050 0.327458
vt 0.170285 0.221759
vt 0.171088 0.210423
vt 0.315546 0.211417
vt 0.305224 0.208224
vt 0.294622 0.208551
vt 0.169690 0.262696
vt 0.180775 0.278231
vt 0.183412 0.294424
vt 0.187086 0.309004
vt 0.181770 0.206620
vt 0.258651 0.438437
vt 0.268133 0.439871
vt 0.282755 0.210275
vt 0.270006 0.212861
vt 0.275972 0.430436
vt 0.291292 0.429727
vt 0.189590 0.323450
vt 0.291564 0.414200
vt 0.303037 0.390213
vt 0.177410 0.215018
vt 0.320517 0.231724
vt 0.257045 0.216918
vt 0.197282 0.201597
vt 0.248377 0.419910
vt 0.238142 0.396442
vt 0.226093 0.371738
vt 0.213120 0.348282
vt 0.317336 0.339060
vt 0.305068 0.347823
vt 0.214664 0.196604
vt 0.227036 0.203949
vt 0.238765 0.212574
vt 0.327723 0.254788
vt 0.324323 0.272474
vt 0.322407 0.289319
vt 0.320459 0.304953
vt 0.316963 0.318584
vt 0.292464 0.399459
vt 0.310194 0.223369
vt 0.303842 0.217459
vt 0.261937 0.423979
vt 0.296166 0.220706
vt 0.285117 0.224049
vt 0.273216 0.227205
vt 0.192297 0.212157
vt 0.278014 0.412169
vt 0.298522 0.371235
vt 0.175957 0.243383
vt 0.184091 0.255412
vt 0.171902 0.234075
vt 0.178969 0.228603
vt 0.193213 0.267769
vt 0.196762 0.292419
vt 0.202557 0.305981
vt 0.193552 0.282521
vt 0.199841 0.318649
vt 0.207374 0.326515
vt 0.261786 0.231043
vt 0.246390 0.224169
vt 0.252190 0.402899
vt 0.219164 0.332935
vt 0.309949 0.248759
vt 0.308859 0.270546
vt 0.265075 0.407921
vt 0.293712 0.385904
vt 0.280026 0.396916
vt 0.245439 0.375415
vt 0.228861 0.352457
vt 0.308303 0.288462
vt 0.308219 0.303443
vt 0.308602 0.313524
vt 0.202401 0.277341
vt 0.186497 0.221271
vt 0.308244 0.327973
vt 0.297890 0.335840
vt 0.209215 0.208196
vt 0.220934 0.215369
vt 0.231168 0.222491
vt 0.301175 0.232692
vt 0.203639 0.219139
vt 0.288449 0.237877
vt 0.275791 0.240886
vt 0.293079 0.354582
vt 0.207014 0.287079
vt 0.213626 0.296321
vt 0.214594 0.314402
vt 0.196705 0.248042
vt 0.205587 0.260093
vt 0.187193 0.237306
vt 0.215095 0.226609
vt 0.226040 0.232593
vt 0.291711 0.253881
vt 0.292861 0.272487
vt 0.251237 0.237822
vt 0.268197 0.392998
vt 0.257164 0.387325
vt 0.281960 0.383556
vt 0.245206 0.353448
vt 0.288088 0.341939
vt 0.294012 0.290335
vt 0.296000 0.306457
vt 0.301004 0.318242
vt 0.214711 0.272172
vt 0.224581 0.321573
vt 0.230996 0.336627
vt 0.196865 0.229279
vt 0.238149 0.229350
vt 0.291172 0.325012
vt 0.265538 0.242215
vt 0.222973 0.304427
vt 0.275895 0.256115
vt 0.214894 0.282348
vt 0.221604 0.287892
vt 0.209347 0.239269
vt 0.216684 0.252437
vt 0.283062 0.370278
vt 0.281141 0.357258
vt 0.277044 0.274980
vt 0.258837 0.254662
vt 0.271041 0.381125
vt 0.262858 0.378718
vt 0.260636 0.368665
vt 0.262696 0.350803
vt 0.281496 0.313246
vt 0.279302 0.293561
vt 0.224200 0.262660
vt 0.230618 0.294547
vt 0.243829 0.335118
vt 0.236889 0.241390
vt 0.221009 0.239883
vt 0.284914 0.332249
vt 0.231741 0.326809
vt 0.232626 0.312388
vt 0.276706 0.344930
vt 0.226349 0.247574
vt 0.226474 0.278416
vt 0.271719 0.359241
vt 0.271553 0.369724
vt 0.241408 0.259466
vt 0.259438 0.328442
vt 0.259948 0.277570
vt 0.264821 0.295265
vt 0.265526 0.311406
vt 0.230812 0.256589
vt 0.235001 0.284157
vt 0.242425 0.301583
vt 0.239447 0.322375
vt 0.275639 0.329717
vt 0.232621 0.269216
vt 0.249447 0.315192
vt 0.246218 0.275223
vt 0.237947 0.276199
vt 0.244170 0.287207
vt 0.256387 0.308289
vt 0.254189 0.298270
vt 0.252822 0.287723
vt 0.738537 0.095912
vt 0.748234 0.095622
vt 0.745803 0.104358
vt 0.567135 0.214670
vt 0.579174 0.221155
vt 0.563835 0.226202
vt 0.701320 0.101035
vt 0.705940 0.102639
vt 0.705211 0.108877
vt 0.603408 0.121884
vt 0.587849 0.115081
vt 0.602475 0.109461
vt 0.807972 0.309071
vt 0.822587 0.307379
vt 0.818354 0.318691
vt 0.727020 0.207415
vt 0.721005 0.220235
vt 0.715515 0.206920
vt 0.826745 0.639151
vt 0.817887 0.627552
vt 0.828896 0.619192
vt 0.842611 0.633403
vt 0.805226 0.620376
vt 0.812672 0.605291
vt 0.790829 0.617785
vt 0.792410 0.603828
vt 0.921944 0.604659
vt 0.906078 0.610407
vt 0.900962 0.593112
vt 0.918027 0.588208
vt 0.890211 0.616156
vt 0.885332 0.599848
vt 0.874345 0.621905
vt 0.871358 0.606150
vt 0.964294 0.379232
vt 0.964294 0.395984
vt 0.947911 0.400042
vt 0.940239 0.382680
vt 0.933525 0.408785
vt 0.923196 0.398425
vt 0.922734 0.421702
vt 0.908175 0.414079
vt 0.916174 0.437241
vt 0.903052 0.433364
vt 0.964294 0.060953
vt 0.964294 0.077705
vt 0.947572 0.077587
vt 0.947568 0.060953
vt 0.964294 0.094457
vt 0.947687 0.094308
vt 0.964294 0.111208
vt 0.948121 0.111043
vt 0.529406 0.077705
vt 0.529406 0.060953
vt 0.546132 0.060953
vt 0.546667 0.077973
vt 0.562859 0.060953
vt 0.564000 0.078108
vt 0.579585 0.060953
vt 0.581317 0.077937
vt 0.529406 0.395984
vt 0.529406 0.379233
vt 0.544976 0.381025
vt 0.545789 0.400042
vt 0.529406 0.362481
vt 0.544526 0.362585
vt 0.529406 0.345729
vt 0.544173 0.344934
vt 0.529406 0.328978
vt 0.543874 0.327777
vt 0.529406 0.312226
vt 0.543580 0.310923
vt 0.529406 0.295475
vt 0.543267 0.294284
vt 0.529406 0.278723
vt 0.542877 0.277902
vt 0.529406 0.261972
vt 0.542329 0.261995
vt 0.529406 0.245220
vt 0.541529 0.247292
vt 0.529406 0.228469
vt 0.540542 0.236163
vt 0.571756 0.604659
vt 0.575673 0.588208
vt 0.591917 0.595243
vt 0.587622 0.610407
vt 0.666955 0.639151
vt 0.651089 0.633403
vt 0.661094 0.614411
vt 0.675813 0.627552
vt 0.635222 0.627654
vt 0.640451 0.611091
vt 0.619355 0.621905
vt 0.623612 0.606658
vt 0.603489 0.616156
vt 0.607753 0.601355
vt 0.914689 0.571632
vt 0.894410 0.573983
vt 0.895711 0.555278
vt 0.912104 0.554921
vt 0.910285 0.538110
vt 0.895549 0.538774
vt 0.930741 0.077382
vt 0.930841 0.060953
vt 0.761513 0.617194
vt 0.746850 0.617152
vt 0.747346 0.604810
vt 0.760966 0.604526
vt 0.893286 0.507713
vt 0.908963 0.504326
vt 0.909239 0.521233
vt 0.894839 0.523139
vt 0.912643 0.453766
vt 0.910666 0.470559
vt 0.898575 0.465602
vt 0.900026 0.450303
vt 0.964294 0.278723
vt 0.964294 0.295475
vt 0.946236 0.295935
vt 0.942904 0.276434
vt 0.948588 0.259594
vt 0.964294 0.261972
vt 0.950297 0.229371
vt 0.964294 0.228469
vt 0.964294 0.245220
vt 0.949432 0.244398
vt 0.950202 0.215383
vt 0.964294 0.211717
vt 0.964294 0.178214
vt 0.964294 0.194966
vt 0.948572 0.186321
vt 0.953753 0.177660
vt 0.964294 0.127960
vt 0.964294 0.144711
vt 0.950064 0.142025
vt 0.949099 0.127205
vt 0.897178 0.075607
vt 0.897388 0.060953
vt 0.914115 0.060953
vt 0.913722 0.076910
vt 0.868089 0.073231
vt 0.863935 0.060953
vt 0.880662 0.060953
vt 0.881935 0.074089
vt 0.813756 0.060953
vt 0.830482 0.060953
vt 0.828489 0.078450
vt 0.812186 0.077900
vt 0.797029 0.060953
vt 0.795280 0.077454
vt 0.780303 0.060953
vt 0.778967 0.075466
vt 0.763576 0.060953
vt 0.763403 0.073874
vt 0.748677 0.072522
vt 0.696671 0.060953
vt 0.713397 0.060953
vt 0.707427 0.079841
vt 0.693593 0.076285
vt 0.663218 0.060953
vt 0.679944 0.060953
vt 0.678778 0.075059
vt 0.663276 0.074851
vt 0.647344 0.075246
vt 0.646491 0.060953
vt 0.631130 0.075857
vt 0.629765 0.060953
vt 0.598111 0.077218
vt 0.596312 0.060953
vt 0.613038 0.060953
vt 0.614675 0.076475
vt 0.529406 0.111208
vt 0.529406 0.094457
vt 0.547158 0.095149
vt 0.547331 0.112522
vt 0.529406 0.127960
vt 0.546704 0.129946
vt 0.529406 0.144711
vt 0.545572 0.146912
vt 0.529406 0.178214
vt 0.529406 0.161463
vt 0.544150 0.161834
vt 0.547070 0.178012
vt 0.544320 0.195206
vt 0.529406 0.194966
vt 0.543486 0.210055
vt 0.529406 0.211717
vt 0.586340 0.410785
vt 0.570966 0.421702
vt 0.560175 0.408785
vt 0.579125 0.395779
vt 0.581057 0.453766
vt 0.577526 0.437241
vt 0.590313 0.443698
vt 0.592581 0.454980
vt 0.583034 0.470558
vt 0.594616 0.469742
vt 0.596153 0.485683
vt 0.584254 0.487424
vt 0.597166 0.501997
vt 0.584737 0.504326
vt 0.598067 0.518449
vt 0.584461 0.521233
vt 0.600417 0.535765
vt 0.583415 0.538110
vt 0.700717 0.602592
vt 0.702871 0.617785
vt 0.688474 0.620376
vt 0.680946 0.603430
vt 0.717580 0.602406
vt 0.717524 0.617311
vt 0.732187 0.617194
vt 0.733630 0.602765
vt 0.579010 0.571632
vt 0.596655 0.580894
vt 0.776176 0.617311
vt 0.775863 0.603870
vt 0.909446 0.487424
vt 0.898286 0.477199
vt 0.594105 0.425496
vt 0.842401 0.610524
vt 0.858478 0.627654
vt 0.829644 0.595824
vt 0.560183 0.382239
vt 0.930569 0.094230
vt 0.878781 0.583977
vt 0.944676 0.361880
vt 0.964294 0.362481
vt 0.864942 0.591779
vt 0.930996 0.111530
vt 0.565226 0.095646
vt 0.583592 0.095494
vt 0.891271 0.492316
vt 0.559591 0.361905
vt 0.558940 0.343646
vt 0.558351 0.326286
vt 0.557775 0.309403
vt 0.557194 0.292861
vt 0.964294 0.161463
vt 0.948393 0.168444
vt 0.556497 0.276632
vt 0.555484 0.260858
vt 0.553803 0.245888
vt 0.550692 0.232730
vt 0.947960 0.203483
vt 0.857317 0.072625
vt 0.847209 0.060953
vt 0.544564 0.222741
vt 0.595926 0.553014
vt 0.581595 0.554921
vt 0.946926 0.344632
vt 0.964294 0.345729
vt 0.575999 0.377242
vt 0.600832 0.438874
vt 0.566260 0.113921
vt 0.564635 0.132433
vt 0.562155 0.151191
vt 0.604391 0.452810
vt 0.860799 0.611074
vt 0.626923 0.592171
vt 0.612067 0.587191
vt 0.747970 0.594521
vt 0.759155 0.592103
vt 0.947703 0.312628
vt 0.964294 0.312226
vt 0.964294 0.328978
vt 0.947897 0.328554
vt 0.950692 0.153578
vt 0.869169 0.085256
vt 0.881876 0.086745
vt 0.843830 0.079746
vt 0.731207 0.080480
vt 0.730123 0.060953
vt 0.736761 0.071405
vt 0.719540 0.090195
vt 0.558071 0.170062
vt 0.554736 0.161009
vt 0.592887 0.564637
vt 0.603843 0.569136
vt 0.601233 0.400271
vt 0.594057 0.386379
vt 0.685013 0.585570
vt 0.701591 0.586572
vt 0.718530 0.586730
vt 0.737408 0.586649
vt 0.657269 0.596323
vt 0.641942 0.595354
vt 0.807073 0.587144
vt 0.790231 0.588284
vt 0.881854 0.565889
vt 0.880726 0.553381
vt 0.881360 0.538568
vt 0.900442 0.400238
vt 0.910847 0.388156
vt 0.921175 0.373844
vt 0.559751 0.184867
vt 0.557398 0.197865
vt 0.555652 0.210557
vt 0.600142 0.093506
vt 0.616514 0.092026
vt 0.632780 0.090850
vt 0.648543 0.089523
vt 0.663741 0.088578
vt 0.936172 0.142607
vt 0.933873 0.127776
vt 0.895563 0.090769
vt 0.912853 0.093699
vt 0.891793 0.416637
vt 0.888020 0.431752
vt 0.925310 0.284289
vt 0.929999 0.299220
vt 0.929981 0.263665
vt 0.937724 0.255572
vt 0.608576 0.483570
vt 0.606812 0.467823
vt 0.609868 0.499519
vt 0.610569 0.514734
vt 0.610538 0.526615
vt 0.776884 0.089580
vt 0.792794 0.095319
vt 0.811217 0.094741
vt 0.827555 0.095002
vt 0.762191 0.086390
vt 0.747695 0.083855
vt 0.937298 0.229327
vt 0.934500 0.243528
vt 0.938370 0.217172
vt 0.885328 0.464319
vt 0.885937 0.448398
vt 0.702925 0.091985
vt 0.691495 0.089286
vt 0.937712 0.157207
vt 0.852544 0.599425
vt 0.842033 0.584323
vt 0.773871 0.589641
vt 0.821432 0.583147
vt 0.870409 0.570297
vt 0.927259 0.357735
vt 0.857072 0.577567
vt 0.916899 0.271259
vt 0.922376 0.251430
vt 0.886838 0.478569
vt 0.881166 0.524681
vt 0.563264 0.176633
vt 0.856794 0.083730
vt 0.590098 0.371885
vt 0.911134 0.113204
vt 0.574795 0.359172
vt 0.573738 0.341473
vt 0.572813 0.324315
vt 0.571980 0.307601
vt 0.571199 0.291216
vt 0.570378 0.275024
vt 0.569310 0.258918
vt 0.567472 0.242787
vt 0.554684 0.219833
vt 0.932343 0.313794
vt 0.932666 0.327977
vt 0.937987 0.177495
vt 0.678192 0.088410
vt 0.611752 0.415231
vt 0.711289 0.098004
vt 0.669618 0.594012
vt 0.892055 0.406491
vt 0.938802 0.208264
vt 0.938543 0.195318
vt 0.670753 0.582084
vt 0.930827 0.342359
vt 0.878014 0.510948
vt 0.842828 0.095850
vt 0.614620 0.433782
vt 0.875499 0.495483
vt 0.890344 0.107023
vt 0.686917 0.570018
vt 0.702161 0.571269
vt 0.717540 0.571292
vt 0.733256 0.569377
vt 0.753781 0.579274
vt 0.643126 0.581832
vt 0.656466 0.581351
vt 0.630315 0.578797
vt 0.616936 0.574344
vt 0.803826 0.571711
vt 0.787525 0.572431
vt 0.906457 0.366879
vt 0.898742 0.380175
vt 0.890788 0.392192
vt 0.579241 0.151337
vt 0.583697 0.134891
vt 0.567362 0.164660
vt 0.922974 0.143374
vt 0.918704 0.129804
vt 0.614416 0.542532
vt 0.608894 0.556668
vt 0.620820 0.529251
vt 0.623973 0.514298
vt 0.623436 0.497707
vt 0.621769 0.481292
vt 0.619751 0.465284
vt 0.617367 0.449653
vt 0.571695 0.187180
vt 0.569869 0.200832
vt 0.618502 0.107372
vt 0.634931 0.105996
vt 0.650406 0.103680
vt 0.664941 0.101866
vt 0.867845 0.537254
vt 0.863929 0.553754
vt 0.879131 0.414095
vt 0.871643 0.428396
vt 0.925674 0.237024
vt 0.926112 0.227496
vt 0.927245 0.215812
vt 0.773073 0.100792
vt 0.760461 0.098017
vt 0.783475 0.103279
vt 0.612989 0.389128
vt 0.605857 0.377693
vt 0.870131 0.464480
vt 0.870485 0.447130
vt 0.691170 0.100698
vt 0.797031 0.111425
vt 0.812336 0.110691
vt 0.827732 0.110776
vt 0.870097 0.097541
vt 0.880763 0.097085
vt 0.728182 0.102451
vt 0.916108 0.302860
vt 0.911312 0.290366
vt 0.770137 0.573977
vt 0.748405 0.563645
vt 0.850818 0.563864
vt 0.577559 0.162579
vt 0.903697 0.278704
vt 0.918913 0.315359
vt 0.919540 0.327173
vt 0.916414 0.240150
vt 0.872459 0.480366
vt 0.856963 0.097228
vt 0.927634 0.187262
vt 0.621415 0.399962
vt 0.589853 0.356067
vt 0.588536 0.338797
vt 0.925922 0.153377
vt 0.678671 0.101050
vt 0.716675 0.107248
vt 0.587200 0.321926
vt 0.600628 0.367955
vt 0.784186 0.113550
vt 0.927470 0.168008
vt 0.586127 0.305531
vt 0.843010 0.111385
vt 0.585228 0.289422
vt 0.584475 0.273433
vt 0.583833 0.257253
vt 0.582942 0.240140
vt 0.930188 0.204349
vt 0.572099 0.175054
vt 0.884010 0.402546
vt 0.830969 0.579045
vt 0.912358 0.352859
vt 0.908609 0.258379
vt 0.671915 0.567404
vt 0.817963 0.570546
vt 0.870367 0.525925
vt 0.916472 0.339098
vt 0.914297 0.227921
vt 0.914311 0.214231
vt 0.862091 0.515841
vt 0.860254 0.498301
vt 0.729670 0.555751
vt 0.716483 0.557243
vt 0.702767 0.556986
vt 0.688988 0.555483
vt 0.644048 0.571219
vt 0.655022 0.564600
vt 0.634276 0.566841
vt 0.621991 0.561545
vt 0.603176 0.140919
vt 0.593861 0.157007
vt 0.893614 0.360737
vt 0.886938 0.373485
vt 0.880162 0.385745
vt 0.906510 0.134953
vt 0.911097 0.147709
vt 0.635557 0.478634
vt 0.633084 0.462458
vt 0.630714 0.446853
vt 0.628559 0.431462
vt 0.627409 0.416765
vt 0.638246 0.495672
vt 0.641533 0.515338
vt 0.634545 0.533431
vt 0.900166 0.295668
vt 0.904081 0.306613
vt 0.628039 0.548182
vt 0.758182 0.109184
vt 0.771474 0.112292
vt 0.902771 0.123966
vt 0.890425 0.123880
vt 0.873493 0.110596
vt 0.653268 0.117499
vt 0.667048 0.114909
vt 0.638254 0.122586
vt 0.620239 0.122280
vt 0.849723 0.543872
vt 0.855645 0.530636
vt 0.865500 0.418061
vt 0.869273 0.408639
vt 0.854229 0.447248
vt 0.852360 0.466015
vt 0.585273 0.188211
vt 0.583331 0.203823
vt 0.693150 0.111706
vt 0.737730 0.116291
vt 0.813217 0.125655
vt 0.828027 0.126025
vt 0.798810 0.126140
vt 0.802700 0.556700
vt 0.785858 0.555704
vt 0.623637 0.379108
vt 0.615754 0.367309
vt 0.839860 0.569750
vt 0.858204 0.111785
vt 0.857459 0.482622
vt 0.675301 0.552579
vt 0.917078 0.159535
vt 0.907623 0.317598
vt 0.894743 0.286720
vt 0.910110 0.326259
vt 0.891967 0.266575
vt 0.916544 0.198421
vt 0.741288 0.551581
vt 0.620790 0.137278
vt 0.855437 0.430650
vt 0.586074 0.171741
vt 0.754664 0.121875
vt 0.769842 0.125407
vt 0.784555 0.127158
vt 0.606185 0.354516
vt 0.842378 0.554388
vt 0.917463 0.177815
vt 0.843275 0.127052
vt 0.765296 0.554348
vt 0.631489 0.390225
vt 0.629480 0.405901
vt 0.829442 0.569664
vt 0.817151 0.557662
vt 0.903329 0.244250
vt 0.603423 0.335760
vt 0.601457 0.319132
vt 0.600085 0.303221
vt 0.599092 0.287637
vt 0.598449 0.272116
vt 0.598612 0.256633
vt 0.601284 0.239656
vt 0.598632 0.221379
vt 0.599008 0.205093
vt 0.600006 0.190192
vt 0.680380 0.113228
vt 0.874141 0.397344
vt 0.899243 0.347745
vt 0.641205 0.555219
vt 0.647970 0.540807
vt 0.654998 0.526521
vt 0.875356 0.126092
vt 0.903136 0.333986
vt 0.900494 0.229867
vt 0.899405 0.214888
vt 0.893229 0.138437
vt 0.897826 0.152958
vt 0.855585 0.417149
vt 0.842922 0.525579
vt 0.836879 0.536600
vt 0.716123 0.544495
vt 0.703550 0.543850
vt 0.690965 0.542349
vt 0.727692 0.544470
vt 0.881806 0.354864
vt 0.875268 0.367262
vt 0.868854 0.379899
vt 0.890469 0.299224
vt 0.892350 0.310367
vt 0.858532 0.404885
vt 0.846042 0.513011
vt 0.846016 0.498991
vt 0.656660 0.506303
vt 0.652458 0.491008
vt 0.649242 0.475069
vt 0.646436 0.459301
vt 0.643844 0.443837
vt 0.641470 0.429097
vt 0.639873 0.414852
vt 0.647620 0.130445
vt 0.657365 0.128821
vt 0.669725 0.127361
vt 0.836647 0.460519
vt 0.839046 0.444881
vt 0.614232 0.153870
vt 0.606952 0.164029
vt 0.695805 0.124329
vt 0.708845 0.122168
vt 0.634336 0.370022
vt 0.627672 0.358471
vt 0.803835 0.541571
vt 0.787787 0.539106
vt 0.800045 0.140283
vt 0.813696 0.139765
vt 0.827722 0.140638
vt 0.721976 0.119691
vt 0.661478 0.547808
vt 0.601964 0.176344
vt 0.736272 0.543913
vt 0.750778 0.542618
vt 0.903823 0.169046
vt 0.887853 0.248544
vt 0.897375 0.322150
vt 0.889278 0.291851
vt 0.899625 0.199319
vt 0.863120 0.392445
vt 0.662696 0.516878
vt 0.624414 0.149160
vt 0.831795 0.548604
vt 0.911295 0.187010
vt 0.844921 0.485593
vt 0.679208 0.539271
vt 0.667921 0.532945
vt 0.635407 0.137280
vt 0.737981 0.133112
vt 0.752803 0.136550
vt 0.837045 0.561141
vt 0.682718 0.125950
vt 0.859275 0.128036
vt 0.842599 0.142890
vt 0.641288 0.380854
vt 0.771256 0.535536
vt 0.828858 0.559268
vt 0.887862 0.343398
vt 0.878027 0.142085
vt 0.883205 0.156689
vt 0.885831 0.280656
vt 0.768287 0.140246
vt 0.621337 0.345524
vt 0.617598 0.330652
vt 0.615246 0.315704
vt 0.613748 0.300742
vt 0.612607 0.285788
vt 0.611613 0.271117
vt 0.639616 0.400978
vt 0.610880 0.257508
vt 0.610700 0.247014
vt 0.647278 0.140043
vt 0.659096 0.140545
vt 0.671798 0.139917
vt 0.840968 0.429369
vt 0.818964 0.544045
vt 0.785382 0.143535
vt 0.892433 0.334689
vt 0.885086 0.232307
vt 0.883287 0.216050
vt 0.843494 0.475011
vt 0.833261 0.473318
vt 0.716819 0.532143
vt 0.728740 0.533168
vt 0.704463 0.531311
vt 0.692494 0.530303
vt 0.863446 0.360905
vt 0.870410 0.348148
vt 0.856970 0.374056
vt 0.843009 0.414888
vt 0.846601 0.401019
vt 0.833150 0.511541
vt 0.832938 0.498751
vt 0.670081 0.501872
vt 0.665950 0.486772
vt 0.662650 0.471329
vt 0.659574 0.455839
vt 0.656609 0.440611
vt 0.653603 0.426238
vt 0.650811 0.413557
vt 0.833043 0.521796
vt 0.823058 0.528269
vt 0.698537 0.137761
vt 0.712325 0.136061
vt 0.724608 0.133127
vt 0.622384 0.161373
vt 0.617750 0.169332
vt 0.615604 0.233607
vt 0.615066 0.219866
vt 0.614078 0.205066
vt 0.613816 0.191424
vt 0.644993 0.362606
vt 0.639262 0.351028
vt 0.802146 0.151674
vt 0.813619 0.152489
vt 0.826196 0.154009
vt 0.805829 0.526299
vt 0.790199 0.523612
vt 0.822451 0.457469
vt 0.824341 0.442387
vt 0.880068 0.299069
vt 0.877388 0.313613
vt 0.820703 0.471457
vt 0.648722 0.404362
vt 0.886255 0.326709
vt 0.882669 0.289823
vt 0.682645 0.529210
vt 0.877823 0.336382
vt 0.851264 0.387469
vt 0.832717 0.485749
vt 0.676517 0.517679
vt 0.635344 0.149327
vt 0.887020 0.170102
vt 0.882673 0.199176
vt 0.739837 0.535688
vt 0.860265 0.147216
vt 0.756664 0.528732
vt 0.627156 0.156510
vt 0.684999 0.138987
vt 0.869946 0.161611
vt 0.775222 0.519750
vt 0.614775 0.179511
vt 0.634161 0.338756
vt 0.630544 0.325750
vt 0.628261 0.312364
vt 0.627126 0.298382
vt 0.648418 0.390684
vt 0.650888 0.373073
vt 0.619967 0.244094
vt 0.826584 0.426936
vt 0.839136 0.156653
vt 0.820565 0.512526
vt 0.899878 0.184792
vt 0.626022 0.283837
vt 0.624572 0.269304
vt 0.622682 0.255864
vt 0.646994 0.151978
vt 0.660051 0.153618
vt 0.673532 0.153071
vt 0.793065 0.152004
vt 0.819933 0.498500
vt 0.681436 0.496358
vt 0.678663 0.482619
vt 0.675775 0.467679
vt 0.672596 0.452179
vt 0.669094 0.436886
vt 0.665211 0.422364
vt 0.660831 0.409362
vt 0.868710 0.234767
vt 0.866054 0.217663
vt 0.871443 0.250906
vt 0.861500 0.304647
vt 0.869787 0.293810
vt 0.844498 0.368077
vt 0.851138 0.354259
vt 0.858406 0.340655
vt 0.705058 0.518813
vt 0.691904 0.518343
vt 0.717857 0.519283
vt 0.730611 0.520371
vt 0.626655 0.172695
vt 0.630275 0.165972
vt 0.628406 0.203994
vt 0.631829 0.220132
vt 0.626185 0.191385
vt 0.626115 0.231275
vt 0.780250 0.157919
vt 0.765121 0.155493
vt 0.750021 0.150917
vt 0.736448 0.146556
vt 0.726149 0.143643
vt 0.808283 0.455341
vt 0.810083 0.439759
vt 0.829441 0.411726
vt 0.833597 0.396835
vt 0.806195 0.511369
vt 0.791933 0.509209
vt 0.655485 0.356299
vt 0.650486 0.344947
vt 0.701050 0.151827
vt 0.717217 0.151435
vt 0.801540 0.161813
vt 0.812026 0.164558
vt 0.824310 0.166257
vt 0.645930 0.333261
vt 0.875580 0.287769
vt 0.874011 0.266604
vt 0.874283 0.279674
vt 0.838536 0.382295
vt 0.866647 0.327391
vt 0.885150 0.183764
vt 0.683857 0.506826
vt 0.875999 0.170900
vt 0.743445 0.522722
vt 0.634519 0.159183
vt 0.686944 0.152321
vt 0.625466 0.181029
vt 0.862680 0.197487
vt 0.835910 0.168263
vt 0.761099 0.513839
vt 0.655738 0.398550
vt 0.791667 0.160804
vt 0.778395 0.505714
vt 0.656982 0.382708
vt 0.660328 0.367402
vt 0.807358 0.469861
vt 0.819962 0.484961
vt 0.642347 0.321419
vt 0.640126 0.309621
vt 0.640716 0.296947
vt 0.639782 0.281874
vt 0.638104 0.266912
vt 0.851325 0.161569
vt 0.860177 0.171743
vt 0.635307 0.252550
vt 0.630906 0.240333
vt 0.645249 0.164972
vt 0.660718 0.169104
vt 0.675337 0.166425
vt 0.812485 0.423844
vt 0.852971 0.318913
vt 0.806454 0.497441
vt 0.793158 0.495610
vt 0.693127 0.493657
vt 0.691405 0.479491
vt 0.688917 0.464280
vt 0.685569 0.448369
vt 0.681606 0.432605
vt 0.676974 0.417393
vt 0.671391 0.403239
vt 0.838201 0.347398
vt 0.845358 0.333018
vt 0.831464 0.361924
vt 0.693696 0.506158
vt 0.705895 0.505805
vt 0.718815 0.505735
vt 0.732131 0.506100
vt 0.731639 0.158554
vt 0.745524 0.165142
vt 0.761673 0.172936
vt 0.778563 0.171729
vt 0.714924 0.167089
vt 0.701456 0.165853
vt 0.632791 0.174647
vt 0.637362 0.170768
vt 0.636951 0.189177
vt 0.641120 0.200082
vt 0.849441 0.222325
vt 0.852619 0.238081
vt 0.855364 0.253720
vt 0.822465 0.178137
vt 0.807939 0.177429
vt 0.800322 0.170216
vt 0.666306 0.351087
vt 0.661384 0.339357
vt 0.642234 0.233411
vt 0.815703 0.407938
vt 0.819981 0.392240
vt 0.794055 0.453671
vt 0.795657 0.437180
vt 0.862080 0.283810
vt 0.845944 0.292567
vt 0.806808 0.483769
vt 0.838278 0.311033
vt 0.634107 0.180586
vt 0.688289 0.165601
vt 0.641077 0.177528
vt 0.647069 0.212862
vt 0.871002 0.180974
vt 0.845349 0.170841
vt 0.848211 0.182773
vt 0.834845 0.179302
vt 0.791329 0.171332
vt 0.845127 0.206780
vt 0.780570 0.493200
vt 0.765935 0.500614
vt 0.670996 0.364218
vt 0.663898 0.376362
vt 0.664613 0.391043
vt 0.825429 0.376907
vt 0.798386 0.420329
vt 0.793636 0.468878
vt 0.793676 0.482591
vt 0.656839 0.328043
vt 0.652789 0.317044
vt 0.858351 0.269261
vt 0.746631 0.506066
vt 0.649582 0.308192
vt 0.655831 0.297910
vt 0.654579 0.280420
vt 0.652804 0.264131
vt 0.649591 0.247967
vt 0.727172 0.171183
vt 0.738378 0.178101
vt 0.750973 0.184784
vt 0.705873 0.492289
vt 0.704912 0.477406
vt 0.702669 0.461323
vt 0.699156 0.444411
vt 0.694625 0.427688
vt 0.689255 0.411454
vt 0.682833 0.395629
vt 0.719144 0.491579
vt 0.732428 0.492198
vt 0.656411 0.225948
vt 0.824844 0.340494
vt 0.831692 0.325762
vt 0.818148 0.355649
vt 0.669185 0.181551
vt 0.678903 0.177899
vt 0.701515 0.178841
vt 0.713790 0.179849
vt 0.645831 0.185094
vt 0.651720 0.194645
vt 0.810063 0.191585
vt 0.822766 0.189562
vt 0.834012 0.226890
vt 0.837121 0.241647
vt 0.839821 0.256834
vt 0.794330 0.182249
vt 0.677478 0.345717
vt 0.672196 0.334044
vt 0.767835 0.187117
vt 0.780999 0.184729
vt 0.779632 0.452483
vt 0.780974 0.434429
vt 0.801763 0.403684
vt 0.806430 0.387226
vt 0.719458 0.476092
vt 0.717046 0.458286
vt 0.713365 0.440096
vt 0.708079 0.422129
vt 0.689549 0.177708
vt 0.723608 0.180809
vt 0.729844 0.191296
vt 0.653578 0.179027
vt 0.660739 0.188264
vt 0.831871 0.187786
vt 0.842448 0.273170
vt 0.754719 0.493358
vt 0.758764 0.190776
vt 0.745004 0.196929
vt 0.674221 0.380007
vt 0.683006 0.358750
vt 0.667472 0.322895
vt 0.662876 0.311132
vt 0.812020 0.371225
vt 0.783640 0.416609
vt 0.779842 0.468920
vt 0.781546 0.481436
vt 0.702354 0.405023
vt 0.769705 0.489253
vt 0.668019 0.241776
vt 0.837820 0.194425
vt 0.646653 0.173826
vt 0.695684 0.388690
vt 0.658917 0.205285
vt 0.796662 0.194866
vt 0.830322 0.212833
vt 0.667865 0.216313
vt 0.668948 0.261626
vt 0.670048 0.278147
vt 0.671945 0.293647
vt 0.736391 0.476404
vt 0.681532 0.185770
vt 0.676202 0.190921
vt 0.822270 0.244931
vt 0.824561 0.258969
vt 0.819258 0.230909
vt 0.825905 0.290929
vt 0.812849 0.204340
vt 0.825939 0.200290
vt 0.783146 0.197575
vt 0.769826 0.199693
vt 0.811531 0.333442
vt 0.804548 0.349011
vt 0.787373 0.399033
vt 0.792241 0.381814
vt 0.764438 0.452264
vt 0.764969 0.431444
vt 0.688340 0.339639
vt 0.682550 0.328761
vt 0.701257 0.191752
vt 0.715114 0.192556
vt 0.732693 0.455633
vt 0.728555 0.434519
vt 0.765583 0.471584
vt 0.689491 0.188491
vt 0.816079 0.217300
vt 0.825909 0.274271
vt 0.757494 0.200269
vt 0.798073 0.365118
vt 0.768696 0.412112
vt 0.772097 0.481032
vt 0.760332 0.481933
vt 0.751323 0.473539
vt 0.688718 0.373126
vt 0.721972 0.415706
vt 0.715455 0.397921
vt 0.708618 0.381326
vt 0.694833 0.351936
vt 0.668314 0.197912
vt 0.799106 0.207921
vt 0.677975 0.318359
vt 0.675612 0.307125
vt 0.741702 0.494222
vt 0.678575 0.226939
vt 0.677399 0.207179
vt 0.748661 0.452019
vt 0.746190 0.426639
vt 0.785095 0.211011
vt 0.770844 0.213257
vt 0.810890 0.260482
vt 0.808302 0.248334
vt 0.804999 0.235060
vt 0.741717 0.211209
vt 0.698909 0.207122
vt 0.809502 0.290011
vt 0.798850 0.325980
vt 0.791206 0.342064
vt 0.772817 0.393663
vt 0.778391 0.375700
vt 0.684936 0.262561
vt 0.684917 0.277400
vt 0.686417 0.246903
vt 0.686338 0.291611
vt 0.698316 0.333222
vt 0.691689 0.323003
vt 0.746048 0.484402
vt 0.801841 0.221273
vt 0.756381 0.213676
vt 0.810721 0.274013
vt 0.685500 0.198428
vt 0.687458 0.216267
vt 0.690956 0.233401
vt 0.784241 0.358470
vt 0.701430 0.366129
vt 0.705764 0.344823
vt 0.686477 0.315730
vt 0.689766 0.305827
vt 0.735276 0.407503
vt 0.728689 0.389663
vt 0.720823 0.373368
vt 0.754239 0.406081
vt 0.787409 0.225128
vt 0.772167 0.228480
vt 0.790596 0.239723
vt 0.795546 0.253531
vt 0.801017 0.261777
vt 0.738506 0.226178
vt 0.790944 0.303486
vt 0.794272 0.286974
vt 0.784693 0.319343
vt 0.777676 0.334926
vt 0.707471 0.325425
vt 0.699260 0.315339
vt 0.698724 0.289571
vt 0.698408 0.277597
vt 0.699462 0.264315
vt 0.701527 0.250186
vt 0.758481 0.387239
vt 0.764267 0.368852
vt 0.744140 0.397895
vt 0.755502 0.229711
vt 0.713253 0.358470
vt 0.797070 0.271764
vt 0.704610 0.221797
vt 0.694367 0.223855
vt 0.704159 0.235977
vt 0.770213 0.350953
vt 0.716189 0.336417
vt 0.742872 0.380101
vt 0.732434 0.364355
vt 0.701132 0.300132
vt 0.774933 0.245725
vt 0.782268 0.264291
vt 0.776837 0.298557
vt 0.780026 0.282941
vt 0.771845 0.313116
vt 0.765090 0.327129
vt 0.719271 0.238316
vt 0.735822 0.243461
vt 0.716062 0.253548
vt 0.712984 0.267176
vt 0.710539 0.279374
vt 0.708930 0.289778
vt 0.750614 0.361356
vt 0.715952 0.317133
vt 0.707676 0.308517
vt 0.754890 0.341421
vt 0.754954 0.250508
vt 0.764425 0.267998
vt 0.730466 0.258513
vt 0.725422 0.327303
vt 0.724992 0.349562
vt 0.708196 0.296958
vt 0.725671 0.271591
vt 0.740390 0.354944
vt 0.721741 0.283153
vt 0.718263 0.293210
vt 0.761064 0.307061
vt 0.765152 0.294654
vt 0.755940 0.318736
vt 0.767073 0.282100
vt 0.722585 0.308305
vt 0.714180 0.301747
vt 0.750902 0.328090
vt 0.744167 0.265452
vt 0.753663 0.275216
vt 0.737568 0.339441
vt 0.731756 0.316342
vt 0.737364 0.277577
vt 0.732328 0.288600
vt 0.727579 0.298941
vt 0.746640 0.312532
vt 0.751338 0.301398
vt 0.758789 0.282738
vt 0.755632 0.290899
vt 0.741716 0.324101
vt 0.747203 0.284691
vt 0.737141 0.305649
vt 0.742017 0.295103
s 0
usemtl Material.001
f 363/1/1 221/2/1 220/3/1
f 1/4/2 55/5/2 265/6/2
f 1/4/3 265/6/3 2/7/3
f 10/8/4 9/9/4 8/10/4
f 10/8/5 8/10/5 79/11/5
f 79/11/6 8/10/6 7/12/6
f 79/11/7 7/12/7 78/13/7
f 8/14/8 9/15/8 36/16/8
f 8/14/9 36/16/9 86/17/9
f 86/17/10 36/16/10 35/18/10
f 86/17/11 35/18/11 84/19/11
f 35/18/12 34/20/12 266/21/12
f 35/18/13 266/21/13 84/19/13
f 1/22/14 2/23/14 72/24/14
f 1/22/15 72/24/15 37/25/15
f 2/23/16 3/26/16 267/27/16
f 2/23/17 267/27/17 72/24/17
f 55/5/18 54/28/18 268/29/18
f 55/5/19 268/29/19 265/6/19
f 11/30/20 10/8/20 79/11/20
f 11/30/21 79/11/21 76/31/21
f 269/32/22 12/33/22 11/30/22
f 269/32/23 11/30/23 76/31/23
f 7/34/24 8/14/24 86/17/24
f 7/34/25 86/17/25 61/35/25
f 6/36/26 7/34/26 61/35/26
f 6/36/27 61/35/27 270/37/27
f 5/38/28 4/39/28 271/40/28
f 5/38/29 271/40/29 80/41/29
f 272/42/30 6/43/30 5/38/30
f 272/42/31 5/38/31 80/41/31
f 135/44/32 14/45/32 13/46/32
f 135/44/33 13/46/33 136/47/33
f 137/48/34 15/49/34 14/45/34
f 137/48/35 14/45/35 135/44/35
f 273/50/36 17/51/36 16/52/36
f 273/50/37 16/52/37 134/53/37
f 274/54/38 18/55/38 17/51/38
f 274/54/39 17/51/39 273/50/39
f 157/56/40 19/57/40 18/55/40
f 157/56/41 18/55/41 274/54/41
f 20/58/42 19/57/42 157/56/42
f 20/58/43 157/56/43 156/59/43
f 21/60/44 20/58/44 156/59/44
f 21/60/45 156/59/45 163/61/45
f 22/62/46 21/60/46 163/61/46
f 22/62/47 163/61/47 275/63/47
f 23/64/48 22/62/48 275/63/48
f 23/64/49 275/63/49 162/65/49
f 276/66/50 24/67/50 23/64/50
f 276/66/51 23/64/51 162/65/51
f 26/68/52 25/69/52 278/70/52
f 26/68/53 278/70/53 277/71/53
f 28/72/54 27/73/54 165/74/54
f 28/72/55 165/74/55 279/75/55
f 29/76/56 28/72/56 279/75/56
f 29/76/57 279/75/57 280/77/57
f 281/78/58 31/79/58 30/80/58
f 281/78/59 30/80/59 282/81/59
f 33/82/60 32/83/60 283/84/60
f 33/82/61 283/84/61 87/85/61
f 4/86/62 5/87/62 284/88/62
f 4/86/63 284/88/63 94/89/63
f 40/90/64 39/91/64 285/92/64
f 40/90/65 285/92/65 70/93/65
f 68/94/66 42/95/66 41/96/66
f 68/94/67 41/96/67 286/97/67
f 69/98/68 44/99/68 43/100/68
f 69/98/69 43/100/69 287/101/69
f 48/102/70 47/103/70 288/104/70
f 48/102/71 288/104/71 65/105/71
f 64/106/72 49/107/72 48/102/72
f 64/106/73 48/102/73 65/105/73
f 66/108/74 50/109/74 49/107/74
f 66/108/75 49/107/75 64/106/75
f 289/110/76 51/111/76 50/109/76
f 289/110/77 50/109/77 66/108/77
f 290/112/78 52/113/78 51/111/78
f 290/112/79 51/111/79 289/110/79
f 134/53/80 16/52/80 15/49/80
f 134/53/81 15/49/81 137/48/81
f 27/73/82 26/68/82 277/71/82
f 27/73/83 277/71/83 165/74/83
f 34/20/84 33/82/84 87/85/84
f 34/20/85 87/85/85 266/21/85
f 5/87/86 6/36/86 270/37/86
f 5/87/87 270/37/87 284/88/87
f 3/26/88 4/86/88 94/89/88
f 3/26/89 94/89/89 267/27/89
f 268/29/90 54/28/90 53/114/90
f 268/29/91 53/114/91 63/115/91
f 53/114/92 52/113/92 290/112/92
f 53/114/93 290/112/93 63/115/93
f 79/11/94 78/13/94 77/116/94
f 79/11/95 77/116/95 76/31/95
f 86/17/96 84/19/96 85/117/96
f 86/17/97 85/117/97 61/35/97
f 42/95/98 68/94/98 287/101/98
f 42/95/99 287/101/99 43/100/99
f 37/25/100 72/24/100 291/118/100
f 37/25/101 291/118/101 38/119/101
f 40/90/102 70/93/102 286/97/102
f 40/90/103 286/97/103 41/96/103
f 44/99/104 69/98/104 292/120/104
f 44/99/105 292/120/105 45/121/105
f 2/7/106 265/6/106 90/122/106
f 2/7/107 90/122/107 3/123/107
f 265/6/108 268/29/108 95/124/108
f 265/6/109 95/124/109 90/122/109
f 12/33/110 269/32/110 136/47/110
f 12/33/111 136/47/111 13/46/111
f 30/80/112 29/76/112 280/77/112
f 30/80/113 280/77/113 282/81/113
f 24/67/114 276/66/114 160/125/114
f 24/67/115 160/125/115 25/69/115
f 72/24/116 267/27/116 293/126/116
f 72/24/117 293/126/117 291/118/117
f 6/43/118 272/42/118 78/13/118
f 6/43/119 78/13/119 7/12/119
f 31/79/120 281/78/120 111/127/120
f 31/79/121 111/127/121 32/83/121
f 270/37/122 61/35/122 85/117/122
f 270/37/123 85/117/123 60/128/123
f 138/129/124 135/44/124 136/47/124
f 138/129/125 136/47/125 294/130/125
f 89/131/126 271/40/126 4/39/126
f 89/131/127 4/39/127 3/123/127
f 278/70/128 25/69/128 160/125/128
f 278/70/129 160/125/129 295/132/129
f 281/78/130 282/81/130 296/133/130
f 281/78/131 296/133/131 297/134/131
f 283/84/132 32/83/132 111/127/132
f 283/84/133 111/127/133 298/135/133
f 299/136/134 87/85/134 283/84/134
f 299/136/135 283/84/135 298/135/135
f 300/137/136 285/92/136 39/91/136
f 300/137/137 39/91/137 38/119/137
f 68/94/138 286/97/138 301/138/138
f 68/94/139 301/138/139 129/139/139
f 69/98/140 287/101/140 302/140/140
f 69/98/141 302/140/141 130/141/141
f 67/142/142 288/104/142 47/103/142
f 67/142/143 47/103/143 46/143/143
f 94/89/144 284/88/144 92/144/144
f 94/89/145 92/144/145 303/145/145
f 80/41/146 271/40/146 114/146/146
f 80/41/147 114/146/147 304/147/147
f 272/42/148 80/41/148 304/147/148
f 272/42/149 304/147/149 105/148/149
f 71/149/150 290/112/150 289/110/150
f 71/149/151 289/110/151 119/150/151
f 289/110/152 66/108/152 305/151/152
f 289/110/153 305/151/153 119/150/153
f 305/151/154 66/108/154 64/106/154
f 305/151/155 64/106/155 127/152/155
f 127/152/156 64/106/156 65/105/156
f 127/152/157 65/105/157 96/153/157
f 65/105/158 288/104/158 97/154/158
f 65/105/159 97/154/159 96/153/159
f 269/32/160 76/31/160 158/155/160
f 269/32/161 158/155/161 75/156/161
f 83/157/162 84/19/162 266/21/162
f 83/157/163 266/21/163 306/158/163
f 104/159/164 273/50/164 134/53/164
f 104/159/165 134/53/165 250/160/165
f 133/161/166 274/54/166 273/50/166
f 133/161/167 273/50/167 104/159/167
f 154/162/168 157/56/168 274/54/168
f 154/162/169 274/54/169 133/161/169
f 156/59/170 157/56/170 154/162/170
f 156/59/171 154/162/171 153/163/171
f 163/61/172 156/59/172 153/163/172
f 163/61/173 153/163/173 307/164/173
f 275/63/174 163/61/174 307/164/174
f 275/63/175 307/164/175 142/165/175
f 162/65/176 275/63/176 142/165/176
f 162/65/177 142/165/177 182/166/177
f 141/167/178 276/66/178 162/65/178
f 141/167/179 162/65/179 182/166/179
f 280/77/180 279/75/180 144/168/180
f 280/77/181 144/168/181 143/169/181
f 144/168/182 279/75/182 165/74/182
f 144/168/183 165/74/183 308/170/183
f 132/171/184 70/93/184 285/92/184
f 132/171/185 285/92/185 300/137/185
f 267/27/186 94/89/186 303/145/186
f 267/27/187 303/145/187 293/126/187
f 284/88/188 270/37/188 60/128/188
f 284/88/189 60/128/189 92/144/189
f 302/140/190 287/101/190 68/94/190
f 302/140/191 68/94/191 129/139/191
f 306/158/192 266/21/192 87/85/192
f 306/158/193 87/85/193 299/136/193
f 308/170/194 165/74/194 277/71/194
f 308/170/195 277/71/195 278/70/195
f 136/47/196 269/32/196 75/156/196
f 136/47/197 75/156/197 294/130/197
f 77/116/198 78/13/198 272/42/198
f 77/116/199 272/42/199 105/148/199
f 296/133/200 282/81/200 280/77/200
f 296/133/201 280/77/201 143/169/201
f 89/131/202 3/123/202 90/122/202
f 89/131/203 90/122/203 113/172/203
f 271/40/204 89/131/204 113/172/204
f 271/40/205 113/172/205 114/146/205
f 69/98/206 130/141/206 309/173/206
f 69/98/207 309/173/207 292/120/207
f 300/137/208 38/119/208 291/118/208
f 300/137/209 291/118/209 103/174/209
f 103/174/210 291/118/210 293/126/210
f 103/174/211 293/126/211 310/175/211
f 268/29/212 63/115/212 115/176/212
f 268/29/213 115/176/213 95/124/213
f 97/154/214 288/104/214 67/142/214
f 97/154/215 67/142/215 128/177/215
f 45/121/216 292/120/216 101/178/216
f 45/121/217 101/178/217 46/143/217
f 158/155/218 76/31/218 77/116/218
f 158/155/219 77/116/219 311/179/219
f 85/117/220 84/19/220 83/157/220
f 85/117/221 83/157/221 312/180/221
f 113/172/222 90/122/222 95/124/222
f 113/172/223 95/124/223 145/181/223
f 135/44/224 138/129/224 313/182/224
f 135/44/225 313/182/225 137/48/225
f 250/160/226 134/53/226 137/48/226
f 250/160/227 137/48/227 313/182/227
f 276/66/228 141/167/228 161/183/228
f 276/66/229 161/183/229 160/125/229
f 290/112/230 71/149/230 314/184/230
f 290/112/231 314/184/231 63/115/231
f 286/97/232 70/93/232 131/185/232
f 286/97/233 131/185/233 301/138/233
f 131/185/234 70/93/234 132/171/234
f 131/185/235 132/171/235 315/186/235
f 281/78/236 297/134/236 316/187/236
f 281/78/237 316/187/237 111/127/237
f 60/128/238 85/117/238 312/180/238
f 60/128/239 312/180/239 205/188/239
f 164/189/240 297/134/240 296/133/240
f 164/189/241 296/133/241 143/169/241
f 67/142/242 46/143/242 101/178/242
f 67/142/243 101/178/243 317/190/243
f 295/132/244 160/125/244 161/183/244
f 295/132/245 161/183/245 140/191/245
f 278/70/246 295/132/246 140/191/246
f 278/70/247 140/191/247 308/170/247
f 298/135/248 111/127/248 316/187/248
f 298/135/249 316/187/249 318/192/249
f 88/193/250 299/136/250 298/135/250
f 88/193/251 298/135/251 318/192/251
f 132/171/252 300/137/252 103/174/252
f 132/171/253 103/174/253 102/194/253
f 319/195/254 304/147/254 114/146/254
f 319/195/255 114/146/255 320/196/255
f 105/148/256 304/147/256 319/195/256
f 105/148/257 319/195/257 57/197/257
f 321/198/258 305/151/258 127/152/258
f 321/198/259 127/152/259 322/199/259
f 322/199/260 127/152/260 96/153/260
f 322/199/261 96/153/261 98/200/261
f 98/200/262 96/153/262 97/154/262
f 98/200/263 97/154/263 128/177/263
f 118/201/264 119/150/264 305/151/264
f 118/201/265 305/151/265 321/198/265
f 71/149/266 119/150/266 323/202/266
f 71/149/267 323/202/267 314/184/267
f 75/156/268 158/155/268 324/203/268
f 75/156/269 324/203/269 325/204/269
f 198/205/270 83/157/270 306/158/270
f 198/205/271 306/158/271 326/206/271
f 327/207/272 303/145/272 92/144/272
f 327/207/273 92/144/273 91/208/273
f 155/209/274 133/161/274 104/159/274
f 155/209/275 104/159/275 193/210/275
f 193/210/276 104/159/276 250/160/276
f 193/210/277 250/160/277 328/211/277
f 172/212/278 154/162/278 133/161/278
f 172/212/279 133/161/279 155/209/279
f 170/213/280 153/163/280 154/162/280
f 170/213/281 154/162/281 172/212/281
f 307/164/282 153/163/282 170/213/282
f 307/164/283 170/213/283 329/214/283
f 173/215/284 142/165/284 307/164/284
f 173/215/285 307/164/285 329/214/285
f 182/166/286 142/165/286 173/215/286
f 182/166/287 173/215/287 174/216/287
f 188/217/288 141/167/288 182/166/288
f 188/217/289 182/166/289 174/216/289
f 168/218/290 138/129/290 294/130/290
f 168/218/291 294/130/291 169/219/291
f 106/220/292 143/169/292 144/168/292
f 106/220/293 144/168/293 190/221/293
f 144/168/294 308/170/294 330/222/294
f 144/168/295 330/222/295 190/221/295
f 129/139/296 301/138/296 62/223/296
f 129/139/297 62/223/297 331/224/297
f 332/225/298 130/141/298 302/140/298
f 332/225/299 302/140/299 99/226/299
f 310/175/300 293/126/300 303/145/300
f 310/175/301 303/145/301 327/207/301
f 91/208/302 92/144/302 60/128/302
f 91/208/303 60/128/303 205/188/303
f 311/179/304 77/116/304 105/148/304
f 311/179/305 105/148/305 57/197/305
f 326/206/306 306/158/306 299/136/306
f 326/206/307 299/136/307 88/193/307
f 320/196/308 114/146/308 113/172/308
f 320/196/309 113/172/309 145/181/309
f 99/226/310 302/140/310 129/139/310
f 99/226/311 129/139/311 331/224/311
f 316/187/312 297/134/312 164/189/312
f 316/187/313 164/189/313 318/192/313
f 294/130/314 75/156/314 325/204/314
f 294/130/315 325/204/315 169/219/315
f 317/190/316 101/178/316 292/120/316
f 317/190/317 292/120/317 309/173/317
f 63/115/318 314/184/318 333/227/318
f 63/115/319 333/227/319 115/176/319
f 62/223/320 301/138/320 131/185/320
f 62/223/321 131/185/321 334/228/321
f 102/194/322 103/174/322 310/175/322
f 102/194/323 310/175/323 335/229/323
f 312/180/324 83/157/324 198/205/324
f 312/180/325 198/205/325 206/230/325
f 145/181/326 95/124/326 115/176/326
f 145/181/327 115/176/327 123/231/327
f 315/186/328 132/171/328 102/194/328
f 315/186/329 102/194/329 204/232/329
f 143/169/330 106/220/330 336/233/330
f 143/169/331 336/233/331 164/189/331
f 323/202/332 119/150/332 118/201/332
f 323/202/333 118/201/333 120/234/333
f 333/227/334 314/184/334 323/202/334
f 333/227/335 323/202/335 337/235/335
f 138/129/336 168/218/336 338/236/336
f 138/129/337 338/236/337 313/182/337
f 328/211/338 250/160/338 313/182/338
f 328/211/339 313/182/339 338/236/339
f 141/167/340 188/217/340 109/237/340
f 141/167/341 109/237/341 161/183/341
f 330/222/342 308/170/342 140/191/342
f 330/222/343 140/191/343 339/238/343
f 140/191/344 161/183/344 109/237/344
f 140/191/345 109/237/345 339/238/345
f 324/203/346 158/155/346 311/179/346
f 324/203/347 311/179/347 139/239/347
f 334/228/348 131/185/348 315/186/348
f 334/228/349 315/186/349 210/240/349
f 128/177/350 67/142/350 317/190/350
f 128/177/351 317/190/351 340/241/351
f 208/242/352 205/188/352 312/180/352
f 208/242/353 312/180/353 206/230/353
f 200/243/354 331/224/354 62/223/354
f 200/243/355 62/223/355 334/228/355
f 81/244/356 319/195/356 320/196/356
f 81/244/357 320/196/357 341/245/357
f 57/197/358 319/195/358 81/244/358
f 57/197/359 81/244/359 342/246/359
f 197/247/360 343/248/360 208/242/360
f 93/249/361 327/207/361 91/208/361
f 93/249/362 91/208/362 343/248/362
f 152/250/363 322/199/363 98/200/363
f 152/250/364 98/200/364 344/251/364
f 98/200/365 128/177/365 345/252/365
f 98/200/366 345/252/366 344/251/366
f 117/253/367 321/198/367 322/199/367
f 117/253/368 322/199/368 152/250/368
f 121/254/369 118/201/369 321/198/369
f 121/254/370 321/198/370 117/253/370
f 325/204/371 324/203/371 346/255/371
f 325/204/372 346/255/372 159/256/372
f 347/257/373 106/220/373 190/221/373
f 347/257/374 190/221/374 189/258/374
f 189/258/375 190/221/375 330/222/375
f 189/258/376 330/222/376 348/259/376
f 349/260/377 332/225/377 99/226/377
f 349/260/378 99/226/378 213/261/378
f 350/262/379 172/212/379 155/209/379
f 350/262/380 155/209/380 184/263/380
f 184/263/381 155/209/381 193/210/381
f 184/263/382 193/210/382 192/264/382
f 192/264/383 193/210/383 328/211/383
f 192/264/384 328/211/384 73/265/384
f 351/266/385 170/213/385 172/212/385
f 351/266/386 172/212/386 350/262/386
f 329/214/387 170/213/387 351/266/387
f 329/214/388 351/266/388 110/267/388
f 173/215/389 329/214/389 110/267/389
f 173/215/390 110/267/390 174/216/390
f 167/268/391 168/218/391 169/219/391
f 167/268/392 169/219/392 74/269/392
f 188/217/393 174/216/393 176/270/393
f 188/217/394 176/270/394 352/271/394
f 209/272/395 198/205/395 326/206/395
f 209/272/396 326/206/396 199/273/396
f 88/193/397 318/192/397 112/274/397
f 88/193/398 112/274/398 82/275/398
f 309/173/399 130/141/399 100/276/399
f 309/173/400 100/276/400 219/277/400
f 100/276/401 130/141/401 332/225/401
f 100/276/402 332/225/402 353/278/402
f 139/239/403 311/179/403 57/197/403
f 139/239/404 57/197/404 342/246/404
f 335/229/405 310/175/405 327/207/405
f 335/229/406 327/207/406 93/249/406
f 326/206/407 88/193/407 82/275/407
f 326/206/408 82/275/408 199/273/408
f 343/248/409 91/208/409 205/188/409
f 343/248/410 205/188/410 208/242/410
f 340/241/411 317/190/411 309/173/411
f 340/241/412 309/173/412 219/277/412
f 109/237/413 188/217/413 352/271/413
f 109/237/414 352/271/414 339/238/414
f 169/219/415 325/204/415 159/256/415
f 169/219/416 159/256/416 74/269/416
f 341/245/417 320/196/417 145/181/417
f 341/245/418 145/181/418 123/231/418
f 348/259/419 330/222/419 339/238/419
f 348/259/420 339/238/420 352/271/420
f 213/261/421 99/226/421 331/224/421
f 213/261/422 331/224/422 200/243/422
f 81/244/423 341/245/423 146/279/423
f 81/244/424 146/279/424 342/246/424
f 353/278/425 332/225/425 349/260/425
f 353/278/426 349/260/426 217/280/426
f 210/240/427 315/186/427 204/232/427
f 210/240/428 204/232/428 211/281/428
f 176/270/429 174/216/429 110/267/429
f 176/270/430 110/267/430 178/282/430
f 118/201/431 121/254/431 354/283/431
f 118/201/432 354/283/432 120/234/432
f 345/252/433 128/177/433 340/241/433
f 345/252/434 340/241/434 221/2/434
f 73/265/435 328/211/435 338/236/435
f 73/265/436 338/236/436 196/284/436
f 196/284/437 338/236/437 168/218/437
f 196/284/438 168/218/438 167/268/438
f 324/203/439 139/239/439 166/285/439
f 324/203/440 166/285/440 346/255/440
f 348/259/441 352/271/441 176/270/441
f 348/259/442 176/270/442 355/286/442
f 206/230/443 198/205/443 209/272/443
f 206/230/444 209/272/444 207/287/444
f 318/192/445 164/189/445 107/288/445
f 318/192/446 107/288/446 112/274/446
f 107/288/447 164/189/447 336/233/447
f 107/288/448 336/233/448 356/289/448
f 336/233/449 106/220/449 347/257/449
f 336/233/450 347/257/450 356/289/450
f 323/202/451 120/234/451 357/290/451
f 323/202/452 357/290/452 337/235/452
f 123/231/453 115/176/453 333/227/453
f 123/231/454 333/227/454 337/235/454
f 200/243/455 334/228/455 210/240/455
f 200/243/456 210/240/456 211/281/456
f 204/232/457 102/194/457 335/229/457
f 204/232/458 335/229/458 58/291/458
f 178/282/459 110/267/459 351/266/459
f 178/282/460 351/266/460 358/292/460
f 358/292/461 351/266/461 350/262/461
f 358/292/462 350/262/462 171/293/462
f 171/293/463 350/262/463 184/263/463
f 171/293/464 184/263/464 191/294/464
f 191/294/465 184/263/465 192/264/465
f 191/294/466 192/264/466 183/295/466
f 183/295/467 192/264/467 73/265/467
f 183/295/468 73/265/468 194/296/468
f 255/297/469 189/258/469 348/259/469
f 255/297/470 348/259/470 355/286/470
f 261/298/471 347/257/471 189/258/471
f 261/298/472 189/258/472 255/297/472
f 197/247/473 208/242/473 206/230/473
f 197/247/474 206/230/474 207/287/474
f 124/299/475 121/254/475 117/253/475
f 124/299/476 117/253/476 59/300/476
f 59/300/477 117/253/477 152/250/477
f 59/300/478 152/250/478 125/301/478
f 125/301/479 152/250/479 344/251/479
f 125/301/480 344/251/480 359/302/480
f 359/302/481 344/251/481 345/252/481
f 359/302/482 345/252/482 233/303/482
f 82/275/483 112/274/483 108/304/483
f 82/275/484 108/304/484 253/305/484
f 360/306/485 219/277/485 100/276/485
f 360/306/486 100/276/486 218/307/486
f 218/307/487 100/276/487 353/278/487
f 218/307/488 353/278/488 217/280/488
f 181/308/489 167/268/489 74/269/489
f 181/308/490 74/269/490 374/309/490
f 159/256/491 346/255/491 151/310/491
f 159/256/492 151/310/492 179/311/492
f 361/312/493 93/249/493 343/248/493
f 361/312/494 343/248/494 197/247/494
f 212/313/495 349/260/495 213/261/495
f 212/313/496 213/261/496 214/314/496
f 58/291/497 335/229/497 93/249/497
f 58/291/498 93/249/498 361/312/498
f 74/269/499 159/256/499 179/311/499
f 74/269/500 179/311/500 374/309/500
f 199/273/501 82/275/501 253/305/501
f 199/273/502 253/305/502 222/315/502
f 166/285/503 139/239/503 342/246/503
f 166/285/504 342/246/504 149/316/504
f 204/232/505 58/291/505 362/317/505
f 204/232/506 362/317/506 211/281/506
f 214/314/507 213/261/507 200/243/507
f 214/314/508 200/243/508 211/281/508
f 345/252/509 221/2/509 363/1/509
f 345/252/510 363/1/510 233/303/510
f 341/245/511 123/231/511 122/318/511
f 341/245/512 122/318/512 146/279/512
f 122/318/513 123/231/513 337/235/513
f 122/318/514 337/235/514 357/290/514
f 340/241/515 219/277/515 220/3/515
f 340/241/516 220/3/516 221/2/516
f 108/304/517 112/274/517 107/288/517
f 108/304/518 107/288/518 254/319/518
f 149/316/519 342/246/519 146/279/519
f 149/316/520 146/279/520 364/320/520
f 121/254/521 124/299/521 126/321/521
f 121/254/522 126/321/522 354/283/522
f 176/270/523 178/282/523 365/322/523
f 176/270/524 365/322/524 355/286/524
f 167/268/525 181/308/525 366/323/525
f 167/268/526 366/323/526 196/284/526
f 194/296/527 73/265/527 196/284/527
f 194/296/528 196/284/528 366/323/528
f 254/319/529 107/288/529 356/289/529
f 254/319/530 356/289/530 367/324/530
f 367/324/531 356/289/531 347/257/531
f 367/324/532 347/257/532 261/298/532
f 151/310/533 346/255/533 166/285/533
f 151/310/534 166/285/534 149/316/534
f 349/260/535 212/313/535 368/325/535
f 349/260/536 368/325/536 217/280/536
f 178/282/537 358/292/537 175/326/537
f 178/282/538 175/326/538 365/322/538
f 175/326/539 358/292/539 171/293/539
f 175/326/540 171/293/540 186/327/540
f 186/327/541 171/293/541 191/294/541
f 186/327/542 191/294/542 369/328/542
f 191/294/543 183/295/543 195/329/543
f 191/294/544 195/329/544 369/328/544
f 195/329/545 183/295/545 194/296/545
f 195/329/546 194/296/546 177/330/546
f 120/234/547 354/283/547 116/331/547
f 120/234/548 116/331/548 357/290/548
f 220/3/549 219/277/549 360/306/549
f 220/3/550 360/306/550 363/1/550
f 209/272/551 199/273/551 222/315/551
f 209/272/552 222/315/552 207/287/552
f 370/332/553 124/299/553 59/300/553
f 370/332/554 59/300/554 241/333/554
f 241/333/555 59/300/555 125/301/555
f 241/333/556 125/301/556 240/334/556
f 240/334/557 125/301/557 359/302/557
f 240/334/558 359/302/558 232/335/558
f 359/302/559 233/303/559 230/336/559
f 359/302/560 230/336/560 232/335/560
f 372/337/561 253/305/561 108/304/561
f 372/337/562 108/304/562 371/338/562
f 255/297/563 355/286/563 246/339/563
f 255/297/564 246/339/564 373/340/564
f 261/298/565 255/297/565 373/340/565
f 261/298/566 373/340/566 257/341/566
f 179/311/567 151/310/567 148/342/567
f 179/311/568 148/342/568 180/343/568
f 375/344/569 361/312/569 197/247/569
f 375/344/570 197/247/570 202/345/570
f 202/345/571 197/247/571 207/287/571
f 202/345/572 207/287/572 201/346/572
f 212/313/573 214/314/573 376/347/573
f 212/313/574 376/347/574 203/348/574
f 218/307/575 217/280/575 238/349/575
f 218/307/576 238/349/576 225/350/576
f 226/351/577 360/306/577 218/307/577
f 226/351/578 218/307/578 225/350/578
f 150/352/579 374/309/579 179/311/579
f 150/352/580 179/311/580 180/343/580
f 214/314/581 211/281/581 362/317/581
f 214/314/582 362/317/582 376/347/582
f 58/291/583 361/312/583 375/344/583
f 58/291/584 375/344/584 362/317/584
f 371/338/585 108/304/585 254/319/585
f 371/338/586 254/319/586 260/353/586
f 354/283/587 126/321/587 150/352/587
f 354/283/588 150/352/588 116/331/588
f 357/290/589 116/331/589 147/354/589
f 357/290/590 147/354/590 122/318/590
f 364/320/591 146/279/591 122/318/591
f 364/320/592 122/318/592 147/354/592
f 148/342/593 151/310/593 149/316/593
f 148/342/594 149/316/594 364/320/594
f 195/329/595 177/330/595 264/355/595
f 195/329/596 264/355/596 369/328/596
f 194/296/597 366/323/597 377/356/597
f 194/296/598 377/356/598 177/330/598
f 201/346/599 207/287/599 222/315/599
f 201/346/600 222/315/600 252/357/600
f 252/357/601 222/315/601 253/305/601
f 252/357/602 253/305/602 372/337/602
f 212/313/603 203/348/603 216/358/603
f 212/313/604 216/358/604 368/325/604
f 246/339/605 355/286/605 365/322/605
f 246/339/606 365/322/606 245/359/606
f 261/298/607 257/341/607 378/360/607
f 261/298/608 378/360/608 367/324/608
f 254/319/609 367/324/609 378/360/609
f 254/319/610 378/360/610 260/353/610
f 363/1/611 360/306/611 226/351/611
f 363/1/612 226/351/612 233/303/612
f 245/359/613 365/322/613 175/326/613
f 245/359/614 175/326/614 185/361/614
f 175/326/615 186/327/615 379/362/615
f 175/326/616 379/362/616 185/361/616
f 379/362/617 186/327/617 369/328/617
f 379/362/618 369/328/618 264/355/618
f 366/323/619 181/308/619 56/363/619
f 366/323/620 56/363/620 377/356/620
f 181/308/621 374/309/621 380/364/621
f 181/308/622 380/364/622 56/363/622
f 217/280/623 368/325/623 215/365/623
f 217/280/624 215/365/624 238/349/624
f 126/321/625 124/299/625 370/332/625
f 126/321/626 370/332/626 380/364/626
f 380/364/627 374/309/627 150/352/627
f 380/364/628 150/352/628 126/321/628
f 230/336/629 233/303/629 226/351/629
f 230/336/630 226/351/630 381/366/630
f 381/366/631 226/351/631 225/350/631
f 381/366/632 225/350/632 224/367/632
f 224/367/633 225/350/633 238/349/633
f 224/367/634 238/349/634 392/368/634
f 382/369/635 370/332/635 241/333/635
f 382/369/636 241/333/636 237/370/636
f 241/333/637 240/334/637 383/371/637
f 241/333/638 383/371/638 237/370/638
f 383/371/639 240/334/639 232/335/639
f 383/371/640 232/335/640 229/372/640
f 229/372/641 232/335/641 230/336/641
f 229/372/642 230/336/642 231/373/642
f 147/354/643 180/343/643 148/342/643
f 147/354/644 148/342/644 364/320/644
f 375/344/645 202/345/645 376/347/645
f 375/344/646 376/347/646 362/317/646
f 376/347/647 202/345/647 201/346/647
f 376/347/648 201/346/648 203/348/648
f 257/341/649 373/340/649 256/374/649
f 257/341/650 256/374/650 258/375/650
f 373/340/651 246/339/651 243/376/651
f 373/340/652 243/376/652 256/374/652
f 384/377/653 372/337/653 371/338/653
f 384/377/654 371/338/654 259/378/654
f 116/331/655 150/352/655 180/343/655
f 116/331/656 180/343/656 147/354/656
f 56/363/657 380/364/657 370/332/657
f 56/363/658 370/332/658 382/369/658
f 201/346/659 252/357/659 251/379/659
f 201/346/660 251/379/660 203/348/660
f 251/379/661 252/357/661 372/337/661
f 251/379/662 372/337/662 384/377/662
f 215/365/663 368/325/663 216/358/663
f 215/365/664 216/358/664 227/380/664
f 392/368/665 238/349/665 215/365/665
f 392/368/666 215/365/666 227/380/666
f 243/376/667 246/339/667 245/359/667
f 243/376/668 245/359/668 249/381/668
f 245/359/669 185/361/669 385/382/669
f 245/359/670 385/382/670 249/381/670
f 378/360/671 257/341/671 258/375/671
f 378/360/672 258/375/672 260/353/672
f 259/378/673 371/338/673 260/353/673
f 259/378/674 260/353/674 258/375/674
f 185/361/675 379/362/675 386/383/675
f 185/361/676 386/383/676 385/382/676
f 386/383/677 379/362/677 264/355/677
f 386/383/678 264/355/678 262/384/678
f 264/355/679 177/330/679 187/385/679
f 264/355/680 187/385/680 262/384/680
f 187/385/681 177/330/681 377/356/681
f 187/385/682 377/356/682 236/386/682
f 377/356/683 56/363/683 382/369/683
f 377/356/684 382/369/684 236/386/684
f 236/386/685 382/369/685 237/370/685
f 236/386/686 237/370/686 235/387/686
f 231/373/687 230/336/687 381/366/687
f 231/373/688 381/366/688 228/388/688
f 228/388/689 381/366/689 224/367/689
f 228/388/690 224/367/690 387/389/690
f 387/389/691 224/367/691 392/368/691
f 387/389/692 392/368/692 247/390/692
f 235/387/693 237/370/693 383/371/693
f 235/387/694 383/371/694 229/372/694
f 235/387/695 229/372/695 231/373/695
f 235/387/696 231/373/696 234/391/696
f 388/392/697 216/358/697 203/348/697
f 388/392/698 203/348/698 251/379/698
f 244/393/699 256/374/699 243/376/699
f 244/393/700 243/376/700 248/394/700
f 258/375/701 256/374/701 244/393/701
f 258/375/702 244/393/702 242/395/702
f 259/378/703 258/375/703 242/395/703
f 259/378/704 242/395/704 389/396/704
f 388/392/705 251/379/705 384/377/705
f 388/392/706 384/377/706 390/397/706
f 390/397/707 384/377/707 259/378/707
f 390/397/708 259/378/708 389/396/708
f 227/380/709 216/358/709 388/392/709
f 227/380/710 388/392/710 390/397/710
f 231/373/711 228/388/711 223/398/711
f 231/373/712 223/398/712 234/391/712
f 187/385/713 236/386/713 235/387/713
f 187/385/714 235/387/714 234/391/714
f 243/376/715 249/381/715 391/399/715
f 243/376/716 391/399/716 248/394/716
f 391/399/717 249/381/717 385/382/717
f 391/399/718 385/382/718 263/400/718
f 263/400/719 385/382/719 386/383/719
f 263/400/720 386/383/720 262/384/720
f 263/400/721 262/384/721 187/385/721
f 263/400/722 187/385/722 234/391/722
f 228/388/723 387/389/723 239/401/723
f 228/388/724 239/401/724 223/398/724
f 239/401/725 387/389/725 247/390/725
f 239/401/726 247/390/726 248/394/726
f 247/390/727 242/395/727 244/393/727
f 247/390/728 244/393/728 248/394/728
f 263/400/729 234/391/729 223/398/729
f 263/400/730 223/398/730 391/399/730
f 391/399/731 223/398/731 239/401/731
f 391/399/732 239/401/732 248/394/732
f 389/396/733 242/395/733 247/390/733
f 389/396/734 247/390/734 392/368/734
f 227/380/735 390/397/735 389/396/735
f 227/380/736 389/396/736 392/368/736
f 631/402/737 504/403/737 628/404/737
f 393/405/738 394/406/738 637/407/738
f 393/405/739 637/407/739 447/408/739
f 400/409/740 401/410/740 402/411/740
f 400/409/741 402/411/741 451/412/741
f 402/411/742 403/413/742 534/414/742
f 402/411/743 534/414/743 451/412/743
f 403/413/744 404/415/744 556/416/744
f 403/413/745 556/416/745 534/414/745
f 404/415/746 405/417/746 638/418/746
f 404/415/747 638/418/747 556/416/747
f 405/417/748 406/419/748 554/420/748
f 405/417/749 554/420/749 638/418/749
f 406/419/750 407/421/750 639/422/750
f 406/419/751 639/422/751 554/420/751
f 428/423/752 401/424/752 400/425/752
f 428/423/753 400/425/753 472/426/753
f 400/425/754 399/427/754 471/428/754
f 400/425/755 471/428/755 472/426/755
f 393/429/756 429/430/756 640/431/756
f 393/429/757 640/431/757 394/432/757
f 429/430/758 430/433/758 641/434/758
f 429/430/759 641/434/759 640/431/759
f 642/435/760 399/436/760 400/409/760
f 642/435/761 400/409/761 451/412/761
f 427/437/762 428/423/762 472/426/762
f 427/437/763 472/426/763 470/438/763
f 530/439/764 426/440/764 427/437/764
f 530/439/765 427/437/765 470/438/765
f 643/441/766 425/442/766 426/440/766
f 643/441/767 426/440/767 530/439/767
f 645/443/768 396/444/768 397/445/768
f 645/443/769 397/445/769 644/446/769
f 644/446/770 397/445/770 398/447/770
f 644/446/771 398/447/771 646/448/771
f 647/449/772 409/450/772 410/451/772
f 647/449/773 410/451/773 553/452/773
f 553/452/774 410/451/774 411/453/774
f 553/452/775 411/453/775 648/454/775
f 648/454/776 411/453/776 412/455/776
f 648/454/777 412/455/777 572/456/777
f 572/456/778 412/455/778 413/457/778
f 572/456/779 413/457/779 582/458/779
f 582/458/780 413/457/780 414/459/780
f 582/458/781 414/459/781 649/460/781
f 415/461/782 416/462/782 650/463/782
f 415/461/783 650/463/783 651/464/783
f 417/465/784 418/466/784 551/467/784
f 417/465/785 551/467/785 570/468/785
f 418/466/786 419/469/786 652/470/786
f 418/466/787 652/470/787 551/467/787
f 549/471/788 420/472/788 421/473/788
f 549/471/789 421/473/789 653/474/789
f 675/475/790 421/473/790 422/476/790
f 675/475/791 422/476/791 567/477/791
f 654/478/792 423/479/792 424/480/792
f 654/478/793 424/480/793 566/481/793
f 655/482/794 398/483/794 397/484/794
f 655/482/795 397/484/795 473/485/795
f 397/484/796 396/486/796 656/487/796
f 397/484/797 656/487/797 473/485/797
f 431/488/798 432/489/798 657/490/798
f 431/488/799 657/490/799 460/491/799
f 432/489/800 433/492/800 658/493/800
f 432/489/801 658/493/801 657/490/801
f 660/494/802 434/495/802 435/496/802
f 660/494/803 435/496/803 659/497/803
f 467/498/804 436/499/804 437/500/804
f 467/498/805 437/500/805 466/501/805
f 662/502/806 438/503/806 439/504/806
f 662/502/807 439/504/807 661/505/807
f 486/506/808 440/507/808 441/508/808
f 486/506/809 441/508/809 663/509/809
f 663/509/810 441/508/810 442/510/810
f 663/509/811 442/510/811 664/511/811
f 459/512/812 443/513/812 444/514/812
f 459/512/813 444/514/813 665/515/813
f 454/516/814 445/517/814 446/518/814
f 454/516/815 446/518/815 666/519/815
f 416/462/816 417/465/816 570/468/816
f 416/462/817 570/468/817 650/463/817
f 419/469/818 420/472/818 549/471/818
f 419/469/819 549/471/819 652/470/819
f 430/433/820 431/488/820 460/491/820
f 430/433/821 460/491/821 641/434/821
f 659/497/822 435/496/822 436/499/822
f 659/497/823 436/499/823 467/498/823
f 661/505/824 439/504/824 440/507/824
f 661/505/825 440/507/825 486/506/825
f 664/511/826 442/510/826 443/513/826
f 664/511/827 443/513/827 459/512/827
f 665/515/828 444/514/828 445/517/828
f 665/515/829 445/517/829 454/516/829
f 472/426/830 471/428/830 667/520/830
f 472/426/831 667/520/831 470/438/831
f 399/436/832 642/435/832 646/448/832
f 399/436/833 646/448/833 398/447/833
f 447/408/834 637/407/834 666/519/834
f 447/408/835 666/519/835 446/518/835
f 642/435/836 451/412/836 534/414/836
f 642/435/837 534/414/837 475/521/837
f 534/414/838 556/416/838 668/522/838
f 534/414/839 668/522/839 475/521/839
f 394/432/840 640/431/840 477/523/840
f 394/432/841 477/523/841 395/524/841
f 640/431/842 641/434/842 482/525/842
f 640/431/843 482/525/843 477/523/843
f 425/442/844 643/441/844 566/481/844
f 425/442/845 566/481/845 424/480/845
f 396/444/846 645/443/846 478/526/846
f 396/444/847 478/526/847 395/527/847
f 408/528/848 409/450/848 647/449/848
f 408/528/849 647/449/849 584/529/849
f 415/461/850 651/464/850 649/460/850
f 415/461/851 649/460/851 414/459/851
f 423/479/852 654/478/852 567/477/852
f 423/479/853 567/477/853 422/476/853
f 399/427/854 398/483/854 655/482/854
f 399/427/855 655/482/855 471/428/855
f 434/495/856 660/494/856 461/530/856
f 434/495/857 461/530/857 433/492/857
f 438/503/858 662/502/858 466/501/858
f 438/503/859 466/501/859 437/500/859
f 455/531/860 637/407/860 394/406/860
f 455/531/861 394/406/861 395/527/861
f 584/529/862 639/422/862 407/421/862
f 584/529/863 407/421/863 408/528/863
f 670/532/864 644/446/864 646/448/864
f 670/532/865 646/448/865 669/533/865
f 456/534/866 645/443/866 644/446/866
f 456/534/867 644/446/867 670/532/867
f 582/458/868 649/460/868 671/535/868
f 582/458/869 671/535/869 552/536/869
f 583/537/870 572/456/870 582/458/870
f 583/537/871 582/458/871 552/536/871
f 595/538/872 648/454/872 572/456/872
f 595/538/873 572/456/873 583/537/873
f 672/539/874 553/452/874 648/454/874
f 672/539/875 648/454/875 595/538/875
f 673/540/876 647/449/876 553/452/876
f 673/540/877 553/452/877 672/539/877
f 675/475/878 674/541/878 653/474/878
f 675/475/879 653/474/879 421/473/879
f 476/542/880 656/487/880 396/486/880
f 476/542/881 396/486/881 395/524/881
f 658/493/882 433/492/882 461/530/882
f 658/493/883 461/530/883 676/543/883
f 657/490/884 658/493/884 676/543/884
f 657/490/885 676/543/885 677/544/885
f 460/491/886 657/490/886 677/544/886
f 460/491/887 677/544/887 538/545/887
f 679/546/888 454/516/888 666/519/888
f 679/546/889 666/519/889 678/547/889
f 680/548/890 473/485/890 656/487/890
f 680/548/891 656/487/891 536/549/891
f 525/550/892 459/512/892 665/515/892
f 525/550/893 665/515/893 468/551/893
f 484/552/894 663/509/894 664/511/894
f 484/552/895 664/511/895 539/553/895
f 681/554/896 486/506/896 663/509/896
f 681/554/897 663/509/897 484/552/897
f 465/555/898 660/494/898 659/497/898
f 465/555/899 659/497/899 457/556/899
f 469/557/900 662/502/900 661/505/900
f 469/557/901 661/505/901 682/558/901
f 530/439/902 470/438/902 542/559/902
f 530/439/903 542/559/903 544/560/903
f 643/441/904 530/439/904 544/560/904
f 643/441/905 544/560/905 579/561/905
f 655/482/906 473/485/906 474/562/906
f 655/482/907 474/562/907 533/563/907
f 638/418/908 554/420/908 559/564/908
f 638/418/909 559/564/909 683/565/909
f 556/416/910 638/418/910 683/565/910
f 556/416/911 683/565/911 668/522/911
f 554/420/912 639/422/912 560/566/912
f 554/420/913 560/566/913 559/564/913
f 531/567/914 549/471/914 653/474/914
f 531/567/915 653/474/915 550/568/915
f 551/467/916 652/470/916 636/569/916
f 551/467/917 636/569/917 569/570/917
f 570/468/918 551/467/918 569/570/918
f 570/468/919 569/570/919 568/571/919
f 651/464/920 650/463/920 571/572/920
f 651/464/921 571/572/921 594/573/921
f 665/515/922 454/516/922 679/546/922
f 665/515/923 679/546/923 468/551/923
f 539/553/924 664/511/924 459/512/924
f 539/553/925 459/512/925 525/550/925
f 641/434/926 460/491/926 538/545/926
f 641/434/927 538/545/927 482/525/927
f 678/547/928 666/519/928 637/407/928
f 678/547/929 637/407/929 455/531/929
f 669/533/930 646/448/930 642/435/930
f 669/533/931 642/435/931 475/521/931
f 650/463/932 570/468/932 568/571/932
f 650/463/933 568/571/933 571/572/933
f 636/569/934 652/470/934 549/471/934
f 636/569/935 549/471/935 531/567/935
f 471/428/936 655/482/936 533/563/936
f 471/428/937 533/563/937 667/520/937
f 671/535/938 649/460/938 651/464/938
f 671/535/939 651/464/939 594/573/939
f 476/542/940 395/524/940 477/523/940
f 476/542/941 477/523/941 535/574/941
f 656/487/942 476/542/942 535/574/942
f 656/487/943 535/574/943 536/549/943
f 470/438/944 667/520/944 684/575/944
f 470/438/945 684/575/945 542/559/945
f 457/556/946 659/497/946 467/498/946
f 457/556/947 467/498/947 685/576/947
f 661/505/948 486/506/948 497/577/948
f 661/505/949 497/577/949 682/558/949
f 535/574/950 477/523/950 482/525/950
f 535/574/951 482/525/951 481/578/951
f 478/526/952 645/443/952 456/534/952
f 478/526/953 456/534/953 562/579/953
f 497/577/954 486/506/954 681/554/954
f 497/577/955 681/554/955 686/580/955
f 639/422/956 584/529/956 574/581/956
f 639/422/957 574/581/957 560/566/957
f 566/481/958 643/441/958 579/561/958
f 566/481/959 579/561/959 580/582/959
f 654/478/960 548/583/960 581/584/960
f 654/478/961 581/584/961 567/477/961
f 674/541/962 675/475/962 567/477/962
f 674/541/963 567/477/963 581/584/963
f 660/494/964 465/555/964 687/585/964
f 660/494/965 687/585/965 461/530/965
f 662/502/966 469/557/966 462/586/966
f 662/502/967 462/586/967 466/501/967
f 685/576/968 467/498/968 466/501/968
f 685/576/969 466/501/969 462/586/969
f 455/531/970 395/527/970 478/526/970
f 455/531/971 478/526/971 688/587/971
f 584/529/972 647/449/972 673/540/972
f 584/529/973 673/540/973 574/581/973
f 474/562/974 473/485/974 680/548/974
f 474/562/975 680/548/975 689/588/975
f 689/588/976 680/548/976 536/549/976
f 689/588/977 536/549/977 520/589/977
f 681/554/978 484/552/978 488/590/978
f 681/554/979 488/590/979 686/580/979
f 488/590/980 484/552/980 539/553/980
f 488/590/981 539/553/981 483/591/981
f 550/568/982 653/474/982 674/541/982
f 550/568/983 674/541/983 590/592/983
f 548/583/984 654/478/984 566/481/984
f 548/583/985 566/481/985 580/582/985
f 676/543/986 461/530/986 687/585/986
f 676/543/987 687/585/987 690/593/987
f 677/544/988 676/543/988 690/593/988
f 677/544/989 690/593/989 517/594/989
f 691/595/990 538/545/990 677/544/990
f 691/595/991 677/544/991 517/594/991
f 515/596/992 465/555/992 457/556/992
f 515/596/993 457/556/993 505/597/993
f 679/546/994 678/547/994 450/598/994
f 679/546/995 450/598/995 464/599/995
f 453/600/996 525/550/996 468/551/996
f 453/600/997 468/551/997 706/601/997
f 544/560/998 542/559/998 692/602/998
f 544/560/999 692/602/999 545/603/999
f 693/604/1000 579/561/1000 544/560/1000
f 693/604/1001 544/560/1001 545/603/1001
f 448/605/1002 533/563/1002 474/562/1002
f 448/605/1003 474/562/1003 694/606/1003
f 480/607/1004 456/534/1004 670/532/1004
f 480/607/1005 670/532/1005 479/608/1005
f 479/608/1006 670/532/1006 669/533/1006
f 479/608/1007 669/533/1007 475/521/1007
f 479/608/1008 475/521/1008 668/522/1008
f 479/608/1009 668/522/1009 561/609/1009
f 668/522/1010 683/565/1010 555/610/1010
f 668/522/1011 555/610/1011 561/609/1011
f 683/565/1012 559/564/1012 695/611/1012
f 683/565/1013 695/611/1013 555/610/1013
f 602/612/1014 673/540/1014 672/539/1014
f 602/612/1015 672/539/1015 696/613/1015
f 696/613/1016 672/539/1016 595/538/1016
f 696/613/1017 595/538/1017 622/614/1017
f 622/614/1018 595/538/1018 583/537/1018
f 622/614/1019 583/537/1019 606/615/1019
f 606/615/1020 583/537/1020 552/536/1020
f 606/615/1021 552/536/1021 697/616/1021
f 697/616/1022 552/536/1022 671/535/1022
f 697/616/1023 671/535/1023 594/573/1023
f 585/617/1024 559/564/1024 560/566/1024
f 585/617/1025 560/566/1025 698/618/1025
f 699/619/1026 623/620/1026 624/621/1026
f 699/619/1027 568/571/1027 569/570/1027
f 699/619/1028 569/570/1028 634/622/1028
f 634/622/1029 569/570/1029 636/569/1029
f 634/622/1030 636/569/1030 635/623/1030
f 532/624/1031 594/573/1031 571/572/1031
f 532/624/1032 571/572/1032 624/621/1032
f 495/625/1033 469/557/1033 682/558/1033
f 495/625/1034 682/558/1034 494/626/1034
f 591/627/1035 531/567/1035 550/568/1035
f 591/627/1036 550/568/1036 589/628/1036
f 684/575/1037 667/520/1037 533/563/1037
f 684/575/1038 533/563/1038 448/605/1038
f 678/547/1039 455/531/1039 688/587/1039
f 678/547/1040 688/587/1040 450/598/1040
f 481/578/1041 482/525/1041 538/545/1041
f 481/578/1042 538/545/1042 691/595/1042
f 483/591/1043 539/553/1043 525/550/1043
f 483/591/1044 525/550/1044 453/600/1044
f 635/623/1045 636/569/1045 531/567/1045
f 635/623/1046 531/567/1046 591/627/1046
f 624/621/1047 571/572/1047 568/571/1047
f 624/621/1048 568/571/1048 699/619/1048
f 536/549/1049 535/574/1049 481/578/1049
f 536/549/1050 481/578/1050 520/589/1050
f 456/534/1051 480/607/1051 700/629/1051
f 456/534/1052 700/629/1052 562/579/1052
f 494/626/1053 682/558/1053 497/577/1053
f 494/626/1054 497/577/1054 489/630/1054
f 687/585/1055 465/555/1055 515/596/1055
f 687/585/1056 515/596/1056 516/631/1056
f 469/557/1057 495/625/1057 506/632/1057
f 469/557/1058 506/632/1058 462/586/1058
f 688/587/1059 478/526/1059 562/579/1059
f 688/587/1060 562/579/1060 450/598/1060
f 480/607/1061 479/608/1061 561/609/1061
f 480/607/1062 561/609/1062 526/633/1062
f 697/616/1063 594/573/1063 532/624/1063
f 697/616/1064 532/624/1064 701/634/1064
f 673/540/1065 602/612/1065 573/635/1065
f 673/540/1066 573/635/1066 574/581/1066
f 561/609/1067 555/610/1067 558/636/1067
f 561/609/1068 558/636/1068 526/633/1068
f 555/610/1069 695/611/1069 702/637/1069
f 555/610/1070 702/637/1070 558/636/1070
f 695/611/1071 559/564/1071 585/617/1071
f 695/611/1072 585/617/1072 703/638/1072
f 585/617/1073 698/618/1073 704/639/1073
f 585/617/1074 704/639/1074 703/638/1074
f 590/592/1075 674/541/1075 581/584/1075
f 590/592/1076 581/584/1076 529/640/1076
f 548/583/1077 580/582/1077 529/640/1077
f 548/583/1078 529/640/1078 581/584/1078
f 589/628/1079 550/568/1079 590/592/1079
f 589/628/1080 590/592/1080 705/641/1080
f 468/551/1081 679/546/1081 464/599/1081
f 468/551/1082 464/599/1082 706/601/1082
f 692/602/1083 542/559/1083 684/575/1083
f 692/602/1084 684/575/1084 448/605/1084
f 448/605/1085 694/606/1085 543/642/1085
f 448/605/1086 543/642/1086 692/602/1086
f 505/597/1087 457/556/1087 685/576/1087
f 505/597/1088 685/576/1088 707/643/1088
f 707/643/1089 685/576/1089 462/586/1089
f 707/643/1090 462/586/1090 506/632/1090
f 489/630/1091 497/577/1091 686/580/1091
f 489/630/1092 686/580/1092 487/644/1092
f 487/644/1093 686/580/1093 488/590/1093
f 487/644/1094 488/590/1094 708/645/1094
f 708/645/1095 488/590/1095 483/591/1095
f 708/645/1096 483/591/1096 491/646/1096
f 694/606/1097 474/562/1097 689/588/1097
f 694/606/1098 689/588/1098 546/647/1098
f 689/588/1099 520/589/1099 521/648/1099
f 689/588/1100 521/648/1100 546/647/1100
f 579/561/1101 693/604/1101 709/649/1101
f 579/561/1102 709/649/1102 580/582/1102
f 537/650/1103 464/599/1103 450/598/1103
f 537/650/1104 450/598/1104 562/579/1104
f 545/603/1105 692/602/1105 543/642/1105
f 545/603/1106 543/642/1106 541/651/1106
f 693/604/1107 545/603/1107 541/651/1107
f 693/604/1108 541/651/1108 592/652/1108
f 690/593/1109 687/585/1109 516/631/1109
f 690/593/1110 516/631/1110 517/594/1110
f 710/653/1111 606/615/1111 697/616/1111
f 710/653/1112 697/616/1112 701/634/1112
f 711/654/1113 622/614/1113 606/615/1113
f 711/654/1114 606/615/1114 710/653/1114
f 601/655/1115 696/613/1115 622/614/1115
f 601/655/1116 622/614/1116 711/654/1116
f 602/612/1117 696/613/1117 601/655/1117
f 602/612/1118 601/655/1118 712/656/1118
f 698/618/1119 560/566/1119 574/581/1119
f 698/618/1120 574/581/1120 573/635/1120
f 498/657/1121 495/625/1121 494/626/1121
f 498/657/1122 494/626/1122 458/658/1122
f 511/659/1123 515/596/1123 505/597/1123
f 511/659/1124 505/597/1124 452/660/1124
f 453/600/1125 706/601/1125 524/661/1125
f 453/600/1126 524/661/1126 713/662/1126
f 532/624/1127 624/621/1127 623/620/1127
f 532/624/1128 623/620/1128 612/663/1128
f 699/619/1129 634/622/1129 714/664/1129
f 699/619/1130 714/664/1130 623/620/1130
f 714/664/1131 634/622/1131 635/623/1131
f 714/664/1132 635/623/1132 616/665/1132
f 715/666/1133 591/627/1133 589/628/1133
f 715/666/1134 589/628/1134 587/667/1134
f 691/595/1135 517/594/1135 514/668/1135
f 691/595/1136 514/668/1136 716/669/1136
f 483/591/1137 453/600/1137 713/662/1137
f 483/591/1138 713/662/1138 491/646/1138
f 481/578/1139 691/595/1139 716/669/1139
f 481/578/1140 716/669/1140 520/589/1140
f 635/623/1141 591/627/1141 715/666/1141
f 635/623/1142 715/666/1142 616/665/1142
f 452/660/1143 505/597/1143 707/643/1143
f 452/660/1144 707/643/1144 499/670/1144
f 464/599/1145 537/650/1145 463/671/1145
f 464/599/1146 463/671/1146 706/601/1146
f 693/604/1147 592/652/1147 593/672/1147
f 693/604/1148 593/672/1148 709/649/1148
f 537/650/1149 562/579/1149 700/629/1149
f 537/650/1150 700/629/1150 463/671/1150
f 700/629/1151 480/607/1151 526/633/1151
f 700/629/1152 526/633/1152 527/673/1152
f 526/633/1153 558/636/1153 717/674/1153
f 526/633/1154 717/674/1154 527/673/1154
f 458/658/1155 494/626/1155 489/630/1155
f 458/658/1156 489/630/1156 540/675/1156
f 540/675/1157 489/630/1157 487/644/1157
f 540/675/1158 487/644/1158 485/676/1158
f 485/676/1159 487/644/1159 708/645/1159
f 485/676/1160 708/645/1160 718/677/1160
f 495/625/1161 498/657/1161 496/678/1161
f 495/625/1162 496/678/1162 506/632/1162
f 499/670/1163 707/643/1163 506/632/1163
f 499/670/1164 506/632/1164 496/678/1164
f 516/631/1165 515/596/1165 511/659/1165
f 516/631/1166 511/659/1166 719/679/1166
f 514/668/1167 517/594/1167 516/631/1167
f 514/668/1168 516/631/1168 719/679/1168
f 532/624/1169 612/663/1169 615/680/1169
f 532/624/1170 615/680/1170 701/634/1170
f 558/636/1171 702/637/1171 720/681/1171
f 558/636/1172 720/681/1172 717/674/1172
f 612/663/1173 623/620/1173 714/664/1173
f 612/663/1174 714/664/1174 616/665/1174
f 524/661/1175 706/601/1175 463/671/1175
f 524/661/1176 463/671/1176 547/682/1176
f 580/582/1177 709/649/1177 721/683/1177
f 580/582/1178 721/683/1178 529/640/1178
f 543/642/1179 694/606/1179 546/647/1179
f 543/642/1180 546/647/1180 522/684/1180
f 522/684/1181 546/647/1181 521/648/1181
f 522/684/1182 521/648/1182 518/685/1182
f 702/637/1183 695/611/1183 703/638/1183
f 702/637/1184 703/638/1184 557/686/1184
f 557/686/1185 703/638/1185 704/639/1185
f 557/686/1186 704/639/1186 596/687/1186
f 704/639/1187 698/618/1187 573/635/1187
f 704/639/1188 573/635/1188 600/688/1188
f 573/635/1189 602/612/1189 712/656/1189
f 573/635/1190 712/656/1190 600/688/1190
f 587/667/1191 589/628/1191 705/641/1191
f 587/667/1192 705/641/1192 722/689/1192
f 718/677/1193 708/645/1193 491/646/1193
f 718/677/1194 491/646/1194 490/690/1194
f 521/648/1195 520/589/1195 716/669/1195
f 521/648/1196 716/669/1196 519/691/1196
f 519/691/1197 716/669/1197 514/668/1197
f 519/691/1198 514/668/1198 723/692/1198
f 565/693/1199 541/651/1199 543/642/1199
f 565/693/1200 543/642/1200 522/684/1200
f 592/652/1201 541/651/1201 565/693/1201
f 592/652/1202 565/693/1202 724/694/1202
f 725/695/1203 705/641/1203 590/592/1203
f 725/695/1204 590/592/1204 529/640/1204
f 493/696/1205 713/662/1205 524/661/1205
f 493/696/1206 524/661/1206 492/697/1206
f 504/403/1207 498/657/1207 458/658/1207
f 504/403/1208 458/658/1208 509/698/1208
f 512/699/1209 511/659/1209 452/660/1209
f 512/699/1210 452/660/1210 503/700/1210
f 604/701/1211 715/666/1211 587/667/1211
f 604/701/1212 587/667/1212 605/702/1212
f 607/703/1213 711/654/1213 710/653/1213
f 607/703/1214 710/653/1214 610/704/1214
f 610/704/1215 710/653/1215 701/634/1215
f 610/704/1216 701/634/1216 615/680/1216
f 726/705/1217 601/655/1217 711/654/1217
f 726/705/1218 711/654/1218 607/703/1218
f 712/656/1219 601/655/1219 726/705/1219
f 712/656/1220 726/705/1220 598/706/1220
f 547/682/1221 463/671/1221 700/629/1221
f 547/682/1222 700/629/1222 527/673/1222
f 492/697/1223 524/661/1223 547/682/1223
f 492/697/1224 547/682/1224 527/673/1224
f 491/646/1225 713/662/1225 493/696/1225
f 491/646/1226 493/696/1226 490/690/1226
f 503/700/1227 452/660/1227 499/670/1227
f 503/700/1228 499/670/1228 501/707/1228
f 600/688/1229 712/656/1229 598/706/1229
f 600/688/1230 598/706/1230 599/708/1230
f 509/698/1231 458/658/1231 540/675/1231
f 509/698/1232 540/675/1232 508/709/1232
f 508/709/1233 540/675/1233 485/676/1233
f 508/709/1234 485/676/1234 510/710/1234
f 510/710/1235 485/676/1235 718/677/1235
f 510/710/1236 718/677/1236 727/711/1236
f 501/707/1237 499/670/1237 496/678/1237
f 501/707/1238 496/678/1238 631/402/1238
f 631/402/1239 496/678/1239 498/657/1239
f 631/402/1240 498/657/1240 504/403/1240
f 727/711/1241 718/677/1241 490/690/1241
f 727/711/1242 490/690/1242 507/712/1242
f 511/659/1243 512/699/1243 513/713/1243
f 511/659/1244 513/713/1244 719/679/1244
f 514/668/1245 719/679/1245 632/714/1245
f 514/668/1246 632/714/1246 723/692/1246
f 565/693/1247 522/684/1247 518/685/1247
f 565/693/1248 518/685/1248 724/694/1248
f 521/648/1249 519/691/1249 728/715/1249
f 521/648/1250 728/715/1250 518/685/1250
f 592/652/1251 724/694/1251 633/716/1251
f 592/652/1252 633/716/1252 593/672/1252
f 721/683/1253 709/649/1253 593/672/1253
f 721/683/1254 593/672/1254 729/717/1254
f 722/689/1255 705/641/1255 725/695/1255
f 722/689/1256 725/695/1256 588/718/1256
f 587/667/1257 722/689/1257 578/719/1257
f 587/667/1258 578/719/1258 605/702/1258
f 725/695/1259 529/640/1259 721/683/1259
f 725/695/1260 721/683/1260 588/718/1260
f 715/666/1261 604/701/1261 730/720/1261
f 715/666/1262 730/720/1262 616/665/1262
f 720/681/1263 702/637/1263 557/686/1263
f 720/681/1264 557/686/1264 597/721/1264
f 557/686/1265 596/687/1265 731/722/1265
f 557/686/1266 731/722/1266 597/721/1266
f 596/687/1267 704/639/1267 600/688/1267
f 596/687/1268 600/688/1268 599/708/1268
f 728/715/1269 519/691/1269 723/692/1269
f 728/715/1270 723/692/1270 523/723/1270
f 732/724/1271 612/663/1271 616/665/1271
f 732/724/1272 616/665/1272 730/720/1272
f 615/680/1273 612/663/1273 732/724/1273
f 615/680/1274 732/724/1274 733/725/1274
f 610/704/1275 615/680/1275 733/725/1275
f 610/704/1276 733/725/1276 609/726/1276
f 607/703/1277 610/704/1277 609/726/1277
f 607/703/1278 609/726/1278 608/727/1278
f 726/705/1279 607/703/1279 608/727/1279
f 726/705/1280 608/727/1280 598/706/1280
f 734/728/1281 493/696/1281 492/697/1281
f 734/728/1282 492/697/1282 528/729/1282
f 492/697/1283 527/673/1283 717/674/1283
f 492/697/1284 717/674/1284 528/729/1284
f 528/729/1285 717/674/1285 720/681/1285
f 528/729/1286 720/681/1286 597/721/1286
f 504/403/1287 509/698/1287 626/730/1287
f 504/403/1288 626/730/1288 628/404/1288
f 564/731/1289 512/699/1289 503/700/1289
f 564/731/1290 503/700/1290 735/732/1290
f 603/733/1291 604/701/1291 605/702/1291
f 603/733/1292 605/702/1292 576/734/1292
f 490/690/1293 493/696/1293 734/728/1293
f 490/690/1294 734/728/1294 507/712/1294
f 724/694/1295 518/685/1295 728/715/1295
f 724/694/1296 728/715/1296 523/723/1296
f 735/732/1297 503/700/1297 501/707/1297
f 735/732/1298 501/707/1298 502/735/1298
f 502/735/1299 501/707/1299 631/402/1299
f 502/735/1300 631/402/1300 628/404/1300
f 626/730/1301 509/698/1301 508/709/1301
f 626/730/1302 508/709/1302 736/736/1302
f 508/709/1303 510/710/1303 500/737/1303
f 508/709/1304 500/737/1304 736/736/1304
f 523/723/1305 723/692/1305 632/714/1305
f 523/723/1306 632/714/1306 737/738/1306
f 632/714/1307 719/679/1307 513/713/1307
f 632/714/1308 513/713/1308 737/738/1308
f 734/728/1309 528/729/1309 618/739/1309
f 734/728/1310 618/739/1310 507/712/1310
f 721/683/1311 729/717/1311 586/740/1311
f 721/683/1312 586/740/1312 588/718/1312
f 578/719/1313 722/689/1313 588/718/1313
f 578/719/1314 588/718/1314 586/740/1314
f 576/734/1315 605/702/1315 578/719/1315
f 576/734/1316 578/719/1316 586/740/1316
f 730/720/1317 604/701/1317 603/733/1317
f 730/720/1318 603/733/1318 613/741/1318
f 733/725/1319 732/724/1319 730/720/1319
f 733/725/1320 730/720/1320 613/741/1320
f 500/737/1321 510/710/1321 727/711/1321
f 500/737/1322 727/711/1322 738/742/1322
f 727/711/1323 507/712/1323 618/739/1323
f 727/711/1324 618/739/1324 738/742/1324
f 618/739/1325 528/729/1325 597/721/1325
f 618/739/1326 597/721/1326 731/722/1326
f 596/687/1327 599/708/1327 619/743/1327
f 596/687/1328 619/743/1328 731/722/1328
f 598/706/1329 608/727/1329 625/744/1329
f 598/706/1330 625/744/1330 599/708/1330
f 608/727/1331 609/726/1331 611/745/1331
f 608/727/1332 611/745/1332 625/744/1332
f 611/745/1333 609/726/1333 733/725/1333
f 611/745/1334 733/725/1334 613/741/1334
f 512/699/1335 564/731/1335 577/746/1335
f 512/699/1336 577/746/1336 513/713/1336
f 633/716/1337 724/694/1337 523/723/1337
f 633/716/1338 523/723/1338 737/738/1338
f 593/672/1339 633/716/1339 577/746/1339
f 593/672/1340 577/746/1340 729/717/1340
f 564/731/1341 735/732/1341 563/747/1341
f 564/731/1342 563/747/1342 739/748/1342
f 449/749/1343 603/733/1343 576/734/1343
f 449/749/1344 576/734/1344 739/748/1344
f 627/750/1345 628/404/1345 626/730/1345
f 627/750/1346 626/730/1346 630/751/1346
f 737/738/1347 513/713/1347 577/746/1347
f 737/738/1348 577/746/1348 633/716/1348
f 577/746/1349 564/731/1349 739/748/1349
f 577/746/1350 739/748/1350 729/717/1350
f 739/748/1351 576/734/1351 586/740/1351
f 739/748/1352 586/740/1352 729/717/1352
f 618/739/1353 731/722/1353 619/743/1353
f 618/739/1354 619/743/1354 738/742/1354
f 563/747/1355 735/732/1355 502/735/1355
f 563/747/1356 502/735/1356 740/752/1356
f 502/735/1357 628/404/1357 627/750/1357
f 502/735/1358 627/750/1358 740/752/1358
f 603/733/1359 449/749/1359 617/753/1359
f 603/733/1360 617/753/1360 613/741/1360
f 619/743/1361 599/708/1361 625/744/1361
f 619/743/1362 625/744/1362 620/754/1362
f 625/744/1363 611/745/1363 614/755/1363
f 625/744/1364 614/755/1364 620/754/1364
f 611/745/1365 613/741/1365 617/753/1365
f 611/745/1366 617/753/1366 614/755/1366
f 630/751/1367 626/730/1367 736/736/1367
f 630/751/1368 736/736/1368 629/756/1368
f 629/756/1369 736/736/1369 500/737/1369
f 629/756/1370 500/737/1370 738/742/1370
f 575/757/1371 449/749/1371 739/748/1371
f 575/757/1372 739/748/1372 563/747/1372
f 741/758/1373 627/750/1373 630/751/1373
f 741/758/1374 630/751/1374 621/759/1374
f 629/756/1375 738/742/1375 619/743/1375
f 629/756/1376 619/743/1376 620/754/1376
f 621/759/1377 630/751/1377 629/756/1377
f 621/759/1378 629/756/1378 620/754/1378
f 617/753/1379 449/749/1379 575/757/1379
f 617/753/1380 575/757/1380 742/760/1380
f 621/759/1381 620/754/1381 614/755/1381
f 621/759/1382 614/755/1382 741/758/1382
f 741/758/1383 614/755/1383 617/753/1383
f 741/758/1384 617/753/1384 742/760/1384
f 627/750/1385 741/758/1385 742/760/1385
f 627/750/1386 742/760/1386 740/752/1386
f 575/757/1387 563/747/1387 740/752/1387
f 575/757/1388 740/752/1388 742/760/1388
f 1082/761/1389 906/762/1389 1036/763/1389
f 989/764/1390 994/765/1390 1558/766/1390
f 1646/767/1391 1011/768/1391 1398/769/1391
f 1208/770/1392 1067/771/1392 1538/772/1392
f 1123/773/1393 1126/774/1393 1582/775/1393
f 1618/776/1394 1032/777/1394 1157/778/1394
f 1118/779/1395 1382/780/1395 1383/781/1395
f 1678/782/1396 1673/783/1396 1687/784/1396
f 751/785/1397 750/786/1397 749/787/1397
f 751/785/1398 749/787/1398 1435/788/1398
f 1435/788/1399 749/787/1399 748/789/1399
f 1435/788/1400 748/789/1400 857/790/1400
f 857/790/1401 748/789/1401 747/791/1401
f 857/790/1402 747/791/1402 1436/792/1402
f 1436/792/1403 747/791/1403 746/793/1403
f 1436/792/1404 746/793/1404 901/794/1404
f 901/794/1405 746/793/1405 745/795/1405
f 901/794/1406 745/795/1406 1437/796/1406
f 745/795/1407 744/797/1407 899/798/1407
f 745/795/1408 899/798/1408 1437/796/1408
f 23/799/1409 755/800/1409 1438/801/1409
f 23/799/1410 1438/801/1410 22/802/1410
f 775/803/1411 774/804/1411 1439/805/1411
f 775/803/1412 1439/805/1412 776/806/1412
f 774/804/1413 773/807/1413 1440/808/1413
f 774/804/1414 1440/808/1414 1439/805/1414
f 802/809/1415 801/810/1415 800/811/1415
f 802/809/1416 800/811/1416 1441/812/1416
f 1441/812/1417 800/811/1417 799/813/1417
f 1441/812/1418 799/813/1418 864/814/1418
f 864/814/1419 799/813/1419 798/815/1419
f 864/814/1420 798/815/1420 866/816/1420
f 415/817/1421 414/818/1421 872/819/1421
f 415/817/1422 872/819/1422 821/820/1422
f 872/819/1423 414/818/1423 413/821/1423
f 872/819/1424 413/821/1424 1442/822/1424
f 1442/822/1425 413/821/1425 412/823/1425
f 1442/822/1426 412/823/1426 1443/824/1426
f 1443/824/1427 412/823/1427 411/825/1427
f 1443/824/1428 411/825/1428 1042/826/1428
f 1042/826/1429 411/825/1429 410/827/1429
f 1042/826/1430 410/827/1430 1444/828/1430
f 826/829/1431 825/830/1431 1445/831/1431
f 826/829/1432 1445/831/1432 827/832/1432
f 825/830/1433 824/833/1433 873/834/1433
f 825/830/1434 873/834/1434 1445/831/1434
f 824/833/1435 823/835/1435 1446/836/1435
f 824/833/1436 1446/836/1436 873/834/1436
f 752/837/1437 751/785/1437 1435/788/1437
f 752/837/1438 1435/788/1438 882/838/1438
f 859/839/1439 753/840/1439 752/837/1439
f 859/839/1440 752/837/1440 882/838/1440
f 754/841/1441 753/840/1441 859/839/1441
f 754/841/1442 859/839/1442 1447/842/1442
f 840/843/1443 21/844/1443 22/802/1443
f 840/843/1444 22/802/1444 1438/801/1444
f 20/845/1445 21/844/1445 840/843/1445
f 20/845/1446 840/843/1446 1448/846/1446
f 19/847/1447 20/845/1447 1448/846/1447
f 19/847/1448 1448/846/1448 1449/848/1448
f 1450/849/1449 756/850/1449 9/851/1449
f 1450/849/1450 9/851/1450 10/852/1450
f 1451/853/1451 822/854/1451 821/820/1451
f 1451/853/1452 821/820/1452 872/819/1452
f 848/855/1453 828/856/1453 827/832/1453
f 848/855/1454 827/832/1454 1445/831/1454
f 1452/857/1455 829/858/1455 828/856/1455
f 1452/857/1456 828/856/1456 848/855/1456
f 17/859/1457 18/860/1457 1453/861/1457
f 17/859/1458 1453/861/1458 938/862/1458
f 1454/863/1459 16/864/1459 17/859/1459
f 1454/863/1460 17/859/1460 938/862/1460
f 13/865/1461 14/866/1461 1455/867/1461
f 13/865/1462 1455/867/1462 982/868/1462
f 12/869/1463 13/865/1463 982/868/1463
f 12/869/1464 982/868/1464 985/870/1464
f 1456/871/1465 11/872/1465 12/869/1465
f 1456/871/1466 12/869/1466 985/870/1466
f 1457/873/1467 758/874/1467 757/875/1467
f 1457/873/1468 757/875/1468 943/876/1468
f 935/877/1469 759/878/1469 758/874/1469
f 935/877/1470 758/874/1470 1457/873/1470
f 1458/879/1471 760/880/1471 759/878/1471
f 1458/879/1472 759/878/1472 935/877/1472
f 936/881/1473 761/882/1473 760/880/1473
f 936/881/1474 760/880/1474 1458/879/1474
f 934/883/1475 762/884/1475 761/882/1475
f 934/883/1476 761/882/1476 936/881/1476
f 1459/885/1477 763/886/1477 762/884/1477
f 1459/885/1478 762/884/1478 934/883/1478
f 1460/887/1479 764/888/1479 763/886/1479
f 1460/887/1480 763/886/1480 1459/885/1480
f 1461/889/1481 766/890/1481 765/891/1481
f 1461/889/1482 765/891/1482 1056/892/1482
f 914/893/1483 767/894/1483 766/890/1483
f 914/893/1484 766/890/1484 1461/889/1484
f 1462/895/1485 768/896/1485 767/894/1485
f 1462/895/1486 767/894/1486 914/893/1486
f 771/897/1487 770/898/1487 1463/899/1487
f 771/897/1488 1463/899/1488 1464/900/1488
f 778/901/1489 777/902/1489 1465/903/1489
f 778/901/1490 1465/903/1490 1466/904/1490
f 876/905/1491 780/906/1491 779/907/1491
f 876/905/1492 779/907/1492 874/908/1492
f 782/909/1493 781/910/1493 979/911/1493
f 782/909/1494 979/911/1494 912/912/1494
f 783/913/1495 782/909/1495 912/912/1495
f 783/913/1496 912/912/1496 913/914/1496
f 784/915/1497 783/913/1497 913/914/1497
f 784/915/1498 913/914/1498 911/916/1498
f 785/917/1499 784/915/1499 911/916/1499
f 785/917/1500 911/916/1500 1467/918/1500
f 786/919/1501 785/917/1501 1467/918/1501
f 786/919/1502 1467/918/1502 1468/920/1502
f 955/921/1503 787/922/1503 786/919/1503
f 955/921/1504 786/919/1504 1468/920/1504
f 1469/923/1505 788/924/1505 787/922/1505
f 1469/923/1506 787/922/1506 955/921/1506
f 1006/925/1507 790/926/1507 789/927/1507
f 1006/925/1508 789/927/1508 953/928/1508
f 952/929/1509 791/930/1509 790/926/1509
f 952/929/1510 790/926/1510 1006/925/1510
f 793/931/1511 792/932/1511 1470/933/1511
f 793/931/1512 1470/933/1512 885/934/1512
f 794/935/1513 793/931/1513 885/934/1513
f 794/935/1514 885/934/1514 951/936/1514
f 795/937/1515 794/935/1515 951/936/1515
f 795/937/1516 951/936/1516 1471/938/1516
f 1472/939/1517 797/940/1517 796/941/1517
f 1472/939/1518 796/941/1518 863/942/1518
f 804/943/1519 803/944/1519 1473/945/1519
f 804/943/1520 1473/945/1520 1001/946/1520
f 805/947/1521 804/943/1521 1001/946/1521
f 805/947/1522 1001/946/1522 1474/948/1522
f 806/949/1523 805/947/1523 1474/948/1523
f 806/949/1524 1474/948/1524 1475/950/1524
f 808/951/1525 807/952/1525 1476/953/1525
f 808/951/1526 1476/953/1526 1531/954/1526
f 809/955/1527 808/951/1527 1531/954/1527
f 809/955/1528 1531/954/1528 1477/956/1528
f 810/957/1529 809/955/1529 1477/956/1529
f 810/957/1530 1477/956/1530 1478/958/1530
f 811/959/1531 810/957/1531 1478/958/1531
f 811/959/1532 1478/958/1532 946/960/1532
f 812/961/1533 811/959/1533 946/960/1533
f 812/961/1534 946/960/1534 945/962/1534
f 813/963/1535 812/961/1535 945/962/1535
f 813/963/1536 945/962/1536 1479/964/1536
f 1480/965/1537 814/966/1537 813/963/1537
f 1480/965/1538 813/963/1538 1479/964/1538
f 1481/967/1539 815/968/1539 814/966/1539
f 1481/967/1540 814/966/1540 1480/965/1540
f 1008/969/1541 816/970/1541 815/968/1541
f 1008/969/1542 815/968/1542 1481/967/1542
f 1482/971/1543 817/972/1543 816/970/1543
f 1482/971/1544 816/970/1544 1008/969/1544
f 1483/973/1545 818/974/1545 817/972/1545
f 1483/973/1546 817/972/1546 1482/971/1546
f 889/975/1547 819/976/1547 818/974/1547
f 889/975/1548 818/974/1548 1483/973/1548
f 846/977/1549 403/978/1549 402/979/1549
f 846/977/1550 402/979/1550 835/980/1550
f 1484/981/1551 404/982/1551 403/978/1551
f 1484/981/1552 403/978/1552 846/977/1552
f 1485/983/1553 407/984/1553 406/985/1553
f 1485/983/1554 406/985/1554 964/986/1554
f 409/987/1555 408/988/1555 1486/989/1555
f 409/987/1556 1486/989/1556 903/990/1556
f 1487/991/1557 832/992/1557 831/993/1557
f 1487/991/1558 831/993/1558 962/994/1558
f 943/876/1559 757/875/1559 756/850/1559
f 943/876/1560 756/850/1560 1450/849/1560
f 1056/892/1561 765/891/1561 764/888/1561
f 1056/892/1562 764/888/1562 1460/887/1562
f 796/941/1563 795/937/1563 1471/938/1563
f 796/941/1564 1471/938/1564 863/942/1564
f 866/816/1565 798/815/1565 797/940/1565
f 866/816/1566 797/940/1566 1472/939/1566
f 803/944/1567 802/809/1567 1441/812/1567
f 803/944/1568 1441/812/1568 1473/945/1568
f 402/979/1569 401/995/1569 820/996/1569
f 402/979/1570 820/996/1570 835/980/1570
f 820/996/1571 819/976/1571 889/975/1571
f 820/996/1572 889/975/1572 835/980/1572
f 410/827/1573 409/987/1573 903/990/1573
f 410/827/1574 903/990/1574 1444/828/1574
f 773/807/1575 772/997/1575 1488/998/1575
f 773/807/1576 1488/998/1576 1440/808/1576
f 1445/831/1577 873/834/1577 909/999/1577
f 1445/831/1578 909/999/1578 848/855/1578
f 776/806/1579 1439/805/1579 879/1000/1579
f 776/806/1580 879/1000/1580 777/902/1580
f 882/838/1581 1435/788/1581 857/790/1581
f 882/838/1582 857/790/1582 1125/1001/1582
f 909/999/1583 873/834/1583 1446/836/1583
f 909/999/1584 1446/836/1584 910/1002/1584
f 1439/805/1585 1440/808/1585 1489/1003/1585
f 1439/805/1586 1489/1003/1586 879/1000/1586
f 829/858/1587 1452/857/1587 1490/1004/1587
f 829/858/1588 1490/1004/1588 830/1005/1588
f 857/790/1589 1436/792/1589 856/1006/1589
f 857/790/1590 856/1006/1590 1125/1001/1590
f 1436/792/1591 901/794/1591 1491/1007/1591
f 1436/792/1592 1491/1007/1592 856/1006/1592
f 1473/945/1593 1441/812/1593 864/814/1593
f 1473/945/1594 864/814/1594 1066/1008/1594
f 1066/1008/1595 864/814/1595 866/816/1595
f 1066/1008/1596 866/816/1596 843/1009/1596
f 780/906/1597 876/905/1597 1492/1010/1597
f 780/906/1598 1492/1010/1598 781/910/1598
f 16/864/1599 1454/863/1599 937/1011/1599
f 16/864/1600 937/1011/1600 15/1012/1600
f 791/930/1601 952/929/1601 886/1013/1601
f 791/930/1602 886/1013/1602 792/932/1602
f 754/841/1603 1447/842/1603 1438/801/1603
f 754/841/1604 1438/801/1604 755/800/1604
f 18/860/1605 19/847/1605 1449/848/1605
f 18/860/1606 1449/848/1606 1453/861/1606
f 822/854/1607 1451/853/1607 1446/836/1607
f 822/854/1608 1446/836/1608 823/835/1608
f 1451/853/1609 872/819/1609 1442/822/1609
f 1451/853/1610 1442/822/1610 847/1014/1610
f 1442/822/1611 1443/824/1611 1493/1015/1611
f 1442/822/1612 1493/1015/1612 847/1014/1612
f 1493/1015/1613 1443/824/1613 1042/826/1613
f 1493/1015/1614 1042/826/1614 975/1016/1614
f 975/1016/1615 1042/826/1615 1444/828/1615
f 975/1016/1616 1444/828/1616 1494/1017/1616
f 771/897/1617 1464/900/1617 877/1018/1617
f 771/897/1618 877/1018/1618 772/997/1618
f 779/907/1619 778/901/1619 1466/904/1619
f 779/907/1620 1466/904/1620 874/908/1620
f 788/924/1621 1469/923/1621 953/928/1621
f 788/924/1622 953/928/1622 789/927/1622
f 807/952/1623 806/949/1623 1475/950/1623
f 807/952/1624 1475/950/1624 1476/953/1624
f 404/982/1625 1484/981/1625 1495/1019/1625
f 404/982/1626 1495/1019/1626 405/1020/1626
f 407/984/1627 1485/983/1627 902/1021/1627
f 407/984/1628 902/1021/1628 408/988/1628
f 832/992/1629 1487/991/1629 1496/1022/1629
f 832/992/1630 1496/1022/1630 743/1023/1630
f 916/1024/1631 769/1025/1631 768/896/1631
f 916/1024/1632 768/896/1632 1462/895/1632
f 890/1026/1633 964/986/1633 406/985/1633
f 890/1026/1634 406/985/1634 405/1020/1634
f 908/1027/1635 1452/857/1635 848/855/1635
f 908/1027/1636 848/855/1636 909/999/1636
f 1132/1028/1637 859/839/1637 882/838/1637
f 1132/1028/1638 882/838/1638 1125/1001/1638
f 1130/1029/1639 1447/842/1639 859/839/1639
f 1130/1029/1640 859/839/1640 1132/1028/1640
f 1001/946/1641 1473/945/1641 1066/1008/1641
f 1001/946/1642 1066/1008/1642 1497/1030/1642
f 948/1031/1643 1474/948/1643 1001/946/1643
f 948/1031/1644 1001/946/1644 1497/1030/1644
f 842/1032/1645 1475/950/1645 1474/948/1645
f 842/1032/1646 1474/948/1646 948/1031/1646
f 897/1033/1647 744/797/1647 743/1023/1647
f 897/1033/1648 743/1023/1648 1496/1022/1648
f 1060/1034/1649 938/862/1649 1453/861/1649
f 1060/1034/1650 1453/861/1650 1498/1035/1650
f 939/1036/1651 1455/867/1651 14/866/1651
f 939/1036/1652 14/866/1652 15/1012/1652
f 915/1037/1653 1463/899/1653 770/898/1653
f 915/1037/1654 770/898/1654 769/1025/1654
f 1465/903/1655 777/902/1655 879/1000/1655
f 1465/903/1656 879/1000/1656 1499/1038/1656
f 875/1039/1657 1466/904/1657 1465/903/1657
f 875/1039/1658 1465/903/1658 1499/1038/1658
f 1470/933/1659 792/932/1659 886/1013/1659
f 1470/933/1660 886/1013/1660 1500/1040/1660
f 885/934/1661 1470/933/1661 1500/1040/1661
f 885/934/1662 1500/1040/1662 1003/1041/1662
f 951/936/1663 885/934/1663 1003/1041/1663
f 951/936/1664 1003/1041/1664 1501/1042/1664
f 1471/938/1665 951/936/1665 1501/1042/1665
f 1471/938/1666 1501/1042/1666 949/1043/1666
f 1505/1044/1667 1531/954/1667 1476/953/1667
f 1505/1044/1668 1476/953/1668 1502/1045/1668
f 1486/989/1669 408/988/1669 902/1021/1669
f 1486/989/1670 902/1021/1670 1527/1046/1670
f 871/1047/1671 831/993/1671 830/1005/1671
f 871/1047/1672 830/1005/1672 1490/1004/1672
f 962/994/1673 831/993/1673 871/1047/1673
f 962/994/1674 871/1047/1674 961/1048/1674
f 846/977/1675 835/980/1675 834/1049/1675
f 846/977/1676 834/1049/1676 893/1050/1676
f 1448/846/1677 840/843/1677 1128/1051/1677
f 1448/846/1678 1128/1051/1678 944/1052/1678
f 1449/848/1679 1448/846/1679 944/1052/1679
f 1449/848/1680 944/1052/1680 860/1053/1680
f 1478/958/1681 1477/956/1681 1504/1054/1681
f 1478/958/1682 1504/1054/1682 1506/1055/1682
f 946/960/1683 1478/958/1683 1506/1055/1683
f 946/960/1684 1506/1055/1684 1062/1056/1684
f 945/962/1685 946/960/1685 1062/1056/1685
f 945/962/1686 1062/1056/1686 884/1057/1686
f 1479/964/1687 945/962/1687 884/1057/1687
f 1479/964/1688 884/1057/1688 1010/1058/1688
f 1507/1059/1689 1480/965/1689 1479/964/1689
f 1507/1059/1690 1479/964/1690 1010/1058/1690
f 1472/939/1691 863/942/1691 1002/1060/1691
f 1472/939/1692 1002/1060/1692 865/1061/1692
f 844/1062/1693 1483/973/1693 1482/971/1693
f 844/1062/1694 1482/971/1694 1508/1063/1694
f 1508/1063/1695 1482/971/1695 1008/969/1695
f 1508/1063/1696 1008/969/1696 959/1064/1696
f 959/1064/1697 1008/969/1697 1481/967/1697
f 959/1064/1698 1481/967/1698 1009/1065/1698
f 888/1066/1699 889/975/1699 1483/973/1699
f 888/1066/1700 1483/973/1700 844/1062/1700
f 1484/981/1701 846/977/1701 845/1067/1701
f 1484/981/1702 845/1067/1702 1509/1068/1702
f 913/914/1703 912/912/1703 1511/1069/1703
f 913/914/1704 1511/1069/1704 1510/1070/1704
f 911/916/1705 913/914/1705 1510/1070/1705
f 911/916/1706 1510/1070/1706 1312/1071/1706
f 1467/918/1707 911/916/1707 1312/1071/1707
f 1467/918/1708 1312/1071/1708 1311/1072/1708
f 1468/920/1709 1467/918/1709 1311/1072/1709
f 1468/920/1710 1311/1072/1710 956/1073/1710
f 954/1074/1711 955/921/1711 1468/920/1711
f 954/1074/1712 1468/920/1712 956/1073/1712
f 1138/1075/1713 1469/923/1713 955/921/1713
f 1138/1075/1714 955/921/1714 954/1074/1714
f 998/1076/1715 936/881/1715 1458/879/1715
f 998/1076/1716 1458/879/1716 1512/1077/1716
f 1512/1077/1717 1458/879/1717 935/877/1717
f 1512/1077/1718 935/877/1718 858/1078/1718
f 858/1078/1719 935/877/1719 1457/873/1719
f 858/1078/1720 1457/873/1720 942/1079/1720
f 942/1079/1721 1457/873/1721 943/876/1721
f 942/1079/1722 943/876/1722 926/1080/1722
f 997/1081/1723 934/883/1723 936/881/1723
f 997/1081/1724 936/881/1724 998/1076/1724
f 1513/1082/1725 1459/885/1725 934/883/1725
f 1513/1082/1726 934/883/1726 997/1081/1726
f 1514/1083/1727 1460/887/1727 1459/885/1727
f 1514/1083/1728 1459/885/1728 1513/1082/1728
f 1515/1084/1729 1437/796/1729 899/798/1729
f 1515/1084/1730 899/798/1730 1193/1085/1730
f 899/798/1731 744/797/1731 897/1033/1731
f 899/798/1732 897/1033/1732 898/1086/1732
f 900/1087/1733 901/794/1733 1437/796/1733
f 900/1087/1734 1437/796/1734 1515/1084/1734
f 1516/1088/1735 1487/991/1735 962/994/1735
f 1516/1088/1736 962/994/1736 1041/1089/1736
f 904/1090/1737 1485/983/1737 964/986/1737
f 904/1090/1738 964/986/1738 1034/1091/1738
f 1517/1092/1739 1462/895/1739 914/893/1739
f 1517/1092/1740 914/893/1740 1104/1093/1740
f 1104/1093/1741 914/893/1741 1461/889/1741
f 1104/1093/1742 1461/889/1742 1057/1094/1742
f 1461/889/1743 1056/892/1743 933/1095/1743
f 1461/889/1744 933/1095/1744 1057/1094/1744
f 1456/871/1745 985/870/1745 983/1096/1745
f 1456/871/1746 983/1096/1746 919/1097/1746
f 985/870/1747 982/868/1747 984/1098/1747
f 985/870/1748 984/1098/1748 983/1096/1748
f 982/868/1749 1455/867/1749 932/1099/1749
f 982/868/1750 932/1099/1750 984/1098/1750
f 1454/863/1751 938/862/1751 1059/1100/1751
f 1454/863/1752 1059/1100/1752 940/1101/1752
f 1518/1102/1753 952/929/1753 1006/925/1753
f 1518/1102/1754 1006/925/1754 1519/1103/1754
f 1464/900/1755 1463/899/1755 981/1104/1755
f 1464/900/1756 981/1104/1756 918/1105/1756
f 834/1049/1757 835/980/1757 889/975/1757
f 834/1049/1758 889/975/1758 888/1066/1758
f 1128/1051/1759 840/843/1759 1438/801/1759
f 1128/1051/1760 1438/801/1760 1447/842/1760
f 866/816/1761 1472/939/1761 865/1061/1761
f 866/816/1762 865/1061/1762 843/1009/1762
f 1498/1035/1763 1453/861/1763 1449/848/1763
f 1498/1035/1764 1449/848/1764 860/1053/1764
f 863/942/1765 1471/938/1765 949/1043/1765
f 863/942/1766 949/1043/1766 1002/1060/1766
f 1009/1065/1767 1481/967/1767 1480/965/1767
f 1009/1065/1768 1480/965/1768 1507/1059/1768
f 1444/828/1769 903/990/1769 1503/1106/1769
f 1444/828/1770 1503/1106/1770 1494/1017/1770
f 910/1002/1771 1446/836/1771 1451/853/1771
f 910/1002/1772 1451/853/1772 847/1014/1772
f 1502/1045/1773 1476/953/1773 1475/950/1773
f 1502/1045/1774 1475/950/1774 842/1032/1774
f 939/1036/1775 15/1012/1775 937/1011/1775
f 939/1036/1776 937/1011/1776 1520/1107/1776
f 937/1011/1777 1454/863/1777 940/1101/1777
f 937/1011/1778 940/1101/1778 1520/1107/1778
f 915/1037/1779 769/1025/1779 916/1024/1779
f 915/1037/1780 916/1024/1780 1521/1108/1780
f 1521/1108/1781 916/1024/1781 1462/895/1781
f 1521/1108/1782 1462/895/1782 1517/1092/1782
f 1488/998/1783 772/997/1783 877/1018/1783
f 1488/998/1784 877/1018/1784 852/1109/1784
f 1440/808/1785 1488/998/1785 852/1109/1785
f 1440/808/1786 852/1109/1786 1489/1003/1786
f 926/1080/1787 943/876/1787 1450/849/1787
f 926/1080/1788 1450/849/1788 1522/1110/1788
f 1522/1110/1789 1450/849/1789 10/852/1789
f 1522/1110/1790 10/852/1790 11/872/1790
f 1128/1051/1791 1447/842/1791 1130/1029/1791
f 1128/1051/1792 1130/1029/1792 1523/1111/1792
f 1497/1030/1793 1066/1008/1793 843/1009/1793
f 1497/1030/1794 843/1009/1794 1067/771/1794
f 845/1067/1795 846/977/1795 893/1050/1795
f 845/1067/1796 893/1050/1796 1524/1112/1796
f 1452/857/1797 908/1027/1797 968/1113/1797
f 1452/857/1798 968/1113/1798 1490/1004/1798
f 1499/1038/1799 879/1000/1799 1489/1003/1799
f 1499/1038/1800 1489/1003/1800 878/1114/1800
f 1484/981/1801 1509/1068/1801 896/1115/1801
f 1484/981/1802 896/1115/1802 1495/1019/1802
f 874/908/1803 1466/904/1803 875/1039/1803
f 874/908/1804 875/1039/1804 851/1116/1804
f 877/1018/1805 1464/900/1805 918/1105/1805
f 877/1018/1806 918/1105/1806 1525/1117/1806
f 1522/1110/1807 11/872/1807 1456/871/1807
f 1522/1110/1808 1456/871/1808 881/1118/1808
f 881/1118/1809 1456/871/1809 919/1097/1809
f 881/1118/1810 919/1097/1810 921/1119/1810
f 1034/1091/1811 964/986/1811 890/1026/1811
f 1034/1091/1812 890/1026/1812 868/1120/1812
f 1193/1085/1813 899/798/1813 898/1086/1813
f 1193/1085/1814 898/1086/1814 1191/1121/1814
f 1491/1007/1815 901/794/1815 900/1087/1815
f 1491/1007/1816 900/1087/1816 1134/1122/1816
f 909/999/1817 910/1002/1817 966/1123/1817
f 909/999/1818 966/1123/1818 908/1027/1818
f 1511/1069/1819 912/912/1819 979/911/1819
f 1511/1069/1820 979/911/1820 980/1124/1820
f 1455/867/1821 939/1036/1821 994/765/1821
f 1455/867/1822 994/765/1822 932/1099/1822
f 1059/1100/1823 938/862/1823 1060/1034/1823
f 1059/1100/1824 1060/1034/1824 1526/1125/1824
f 1469/923/1825 1138/1075/1825 887/1126/1825
f 1469/923/1826 887/1126/1826 953/928/1826
f 1041/1089/1827 962/994/1827 961/1048/1827
f 1041/1089/1828 961/1048/1828 1040/1127/1828
f 1130/1029/1829 1132/1028/1829 1129/1128/1829
f 1130/1029/1830 1129/1128/1830 1523/1111/1830
f 1132/1028/1831 1125/1001/1831 1131/1129/1831
f 1132/1028/1832 1131/1129/1832 1129/1128/1832
f 1131/1129/1833 1125/1001/1833 856/1006/1833
f 1131/1129/1834 856/1006/1834 1133/1130/1834
f 1133/1130/1835 856/1006/1835 1491/1007/1835
f 1133/1130/1836 1491/1007/1836 1134/1122/1836
f 1463/899/1837 915/1037/1837 1106/1131/1837
f 1463/899/1838 1106/1131/1838 981/1104/1838
f 890/1026/1839 405/1020/1839 1495/1019/1839
f 890/1026/1840 1495/1019/1840 894/1132/1840
f 902/1021/1841 1485/983/1841 904/1090/1841
f 902/1021/1842 904/1090/1842 1527/1046/1842
f 1460/887/1843 1514/1083/1843 1528/1133/1843
f 1460/887/1844 1528/1133/1844 1056/892/1844
f 1487/991/1845 1516/1088/1845 1529/1134/1845
f 1487/991/1846 1529/1134/1846 1496/1022/1846
f 952/929/1847 1518/1102/1847 1070/1135/1847
f 952/929/1848 1070/1135/1848 886/1013/1848
f 1505/1044/1849 862/1136/1849 1530/1137/1849
f 1505/1044/1850 1530/1137/1850 1531/954/1850
f 1530/1137/1851 1504/1054/1851 1477/956/1851
f 1530/1137/1852 1477/956/1852 1531/954/1852
f 977/1138/1853 876/905/1853 874/908/1853
f 977/1138/1854 874/908/1854 851/1116/1854
f 1016/1139/1855 1509/1068/1855 845/1067/1855
f 1016/1139/1856 845/1067/1856 1524/1112/1856
f 869/1140/1857 897/1033/1857 1496/1022/1857
f 869/1140/1858 1496/1022/1858 1529/1134/1858
f 898/1086/1859 897/1033/1859 869/1140/1859
f 898/1086/1860 869/1140/1860 1087/1141/1860
f 933/1095/1861 1056/892/1861 1528/1133/1861
f 933/1095/1862 1528/1133/1862 1055/1142/1862
f 1514/1083/1863 1513/1082/1863 1198/1143/1863
f 1514/1083/1864 1198/1143/1864 1528/1133/1864
f 1198/1143/1865 1513/1082/1865 997/1081/1865
f 1198/1143/1866 997/1081/1866 1228/1144/1866
f 1228/1144/1867 997/1081/1867 998/1076/1867
f 1228/1144/1868 998/1076/1868 1229/1145/1868
f 1229/1145/1869 998/1076/1869 1512/1077/1869
f 1229/1145/1870 1512/1077/1870 1532/1146/1870
f 1532/1146/1871 1512/1077/1871 858/1078/1871
f 1532/1146/1872 858/1078/1872 929/1147/1872
f 929/1147/1873 858/1078/1873 942/1079/1873
f 929/1147/1874 942/1079/1874 927/1148/1874
f 927/1148/1875 942/1079/1875 926/1080/1875
f 927/1148/1876 926/1080/1876 1533/1149/1876
f 1519/1103/1877 1006/925/1877 953/928/1877
f 1519/1103/1878 953/928/1878 887/1126/1878
f 974/1150/1879 871/1047/1879 1490/1004/1879
f 974/1150/1880 1490/1004/1880 968/1113/1880
f 961/1048/1881 871/1047/1881 974/1150/1881
f 961/1048/1882 974/1150/1882 970/1151/1882
f 978/1152/1883 1492/1010/1883 876/905/1883
f 978/1152/1884 876/905/1884 977/1138/1884
f 979/911/1885 781/910/1885 1492/1010/1885
f 979/911/1886 1492/1010/1886 978/1152/1886
f 875/1039/1887 1499/1038/1887 878/1114/1887
f 875/1039/1888 878/1114/1888 1534/1153/1888
f 1500/1040/1889 886/1013/1889 1070/1135/1889
f 1500/1040/1890 1070/1135/1890 1069/1154/1890
f 1003/1041/1891 1500/1040/1891 1069/1154/1891
f 1003/1041/1892 1069/1154/1892 1535/1155/1892
f 1501/1042/1893 1003/1041/1893 1535/1155/1893
f 1501/1042/1894 1535/1155/1894 1536/1156/1894
f 949/1043/1895 1501/1042/1895 1536/1156/1895
f 949/1043/1896 1536/1156/1896 1068/1157/1896
f 1537/1158/1897 1503/1106/1897 903/990/1897
f 1537/1158/1898 903/990/1898 1486/989/1898
f 1063/1159/1899 842/1032/1899 948/1031/1899
f 1063/1159/1900 948/1031/1900 1064/1160/1900
f 1064/1160/1901 948/1031/1901 1497/1030/1901
f 1064/1160/1902 1497/1030/1902 1067/771/1902
f 860/1053/1903 944/1052/1903 883/1161/1903
f 860/1053/1904 883/1161/1904 941/1162/1904
f 944/1052/1905 1128/1051/1905 1523/1111/1905
f 944/1052/1906 1523/1111/1906 883/1161/1906
f 865/1061/1907 1002/1060/1907 950/1163/1907
f 865/1061/1908 950/1163/1908 1538/772/1908
f 1539/1164/1909 893/1050/1909 834/1049/1909
f 1539/1164/1910 834/1049/1910 891/1165/1910
f 1540/1166/1911 975/1016/1911 1494/1017/1911
f 1540/1166/1912 1494/1017/1912 1037/1167/1912
f 967/1168/1913 1493/1015/1913 975/1016/1913
f 967/1168/1914 975/1016/1914 1540/1166/1914
f 1541/1169/1915 847/1014/1915 1493/1015/1915
f 1541/1169/1916 1493/1015/1916 967/1168/1916
f 1510/1070/1917 1511/1069/1917 1542/1170/1917
f 1510/1070/1918 1542/1170/1918 1223/1171/1918
f 1312/1071/1919 1510/1070/1919 1223/1171/1919
f 1312/1071/1920 1223/1171/1920 1224/1172/1920
f 1311/1072/1921 1312/1071/1921 1224/1172/1921
f 1311/1072/1922 1224/1172/1922 1313/1173/1922
f 956/1073/1923 1311/1072/1923 1313/1173/1923
f 956/1073/1924 1313/1173/1924 1263/1174/1924
f 1005/1175/1925 954/1074/1925 956/1073/1925
f 1005/1175/1926 956/1073/1926 1263/1174/1926
f 1543/1176/1927 1138/1075/1927 954/1074/1927
f 1543/1176/1928 954/1074/1928 1005/1175/1928
f 1544/1177/1929 1515/1084/1929 1193/1085/1929
f 1544/1177/1930 1193/1085/1930 1192/1178/1930
f 1545/1179/1931 900/1087/1931 1515/1084/1931
f 1545/1179/1932 1515/1084/1932 1544/1177/1932
f 1010/1058/1933 884/1057/1933 1546/1180/1933
f 1010/1058/1934 1546/1180/1934 1420/1181/1934
f 1014/1182/1935 1507/1059/1935 1010/1058/1935
f 1014/1182/1936 1010/1058/1936 1420/1181/1936
f 1062/1056/1937 1506/1055/1937 1597/1183/1937
f 1062/1056/1938 1597/1183/1938 1547/1184/1938
f 884/1057/1939 1062/1056/1939 1547/1184/1939
f 884/1057/1940 1547/1184/1940 1546/1180/1940
f 1506/1055/1941 1504/1054/1941 1000/1185/1941
f 1506/1055/1942 1000/1185/1942 1597/1183/1942
f 1548/1186/1943 888/1066/1943 844/1062/1943
f 1548/1186/1944 844/1062/1944 1007/1187/1944
f 1007/1187/1945 844/1062/1945 1508/1063/1945
f 1007/1187/1946 1508/1063/1946 957/1188/1946
f 957/1188/1947 1508/1063/1947 959/1064/1947
f 957/1188/1948 959/1064/1948 1549/1189/1948
f 1549/1189/1949 959/1064/1949 1009/1065/1949
f 1549/1189/1950 1009/1065/1950 1013/1190/1950
f 1550/1191/1951 1516/1088/1951 1041/1089/1951
f 1550/1191/1952 1041/1089/1952 1038/1192/1952
f 870/1193/1953 904/1090/1953 1034/1091/1953
f 870/1193/1954 1034/1091/1954 965/1194/1954
f 1105/1195/1955 1517/1092/1955 1104/1093/1955
f 1105/1195/1956 1104/1093/1956 1551/1196/1956
f 1551/1196/1957 1104/1093/1957 1057/1094/1957
f 1551/1196/1958 1057/1094/1958 1153/1197/1958
f 1153/1197/1959 1057/1094/1959 933/1095/1959
f 1153/1197/1960 933/1095/1960 1552/1198/1960
f 918/1105/1961 981/1104/1961 1553/1199/1961
f 918/1105/1962 1553/1199/1962 1048/1200/1962
f 919/1097/1963 983/1096/1963 920/1201/1963
f 919/1097/1964 920/1201/1964 880/1202/1964
f 983/1096/1965 984/1098/1965 1554/1203/1965
f 983/1096/1966 1554/1203/1966 920/1201/1966
f 984/1098/1967 932/1099/1967 990/1204/1967
f 984/1098/1968 990/1204/1968 1554/1203/1968
f 940/1101/1969 1059/1100/1969 1555/1205/1969
f 940/1101/1970 1555/1205/1970 1061/1206/1970
f 1004/1207/1971 1518/1102/1971 1519/1103/1971
f 1004/1207/1972 1519/1103/1972 1139/1208/1972
f 1556/1209/1973 1060/1034/1973 1498/1035/1973
f 1556/1209/1974 1498/1035/1974 855/1210/1974
f 1505/1044/1975 1502/1045/1975 947/1211/1975
f 1505/1044/1976 947/1211/1976 999/1212/1976
f 834/1049/1977 888/1066/1977 1548/1186/1977
f 834/1049/1978 1548/1186/1978 891/1165/1978
f 843/1009/1979 865/1061/1979 1538/772/1979
f 843/1009/1980 1538/772/1980 1067/771/1980
f 1498/1035/1981 860/1053/1981 941/1162/1981
f 1498/1035/1982 941/1162/1982 855/1210/1982
f 1002/1060/1983 949/1043/1983 1068/1157/1983
f 1002/1060/1984 1068/1157/1984 950/1163/1984
f 910/1002/1985 847/1014/1985 1541/1169/1985
f 910/1002/1986 1541/1169/1986 966/1123/1986
f 1009/1065/1987 1507/1059/1987 1014/1182/1987
f 1009/1065/1988 1014/1182/1988 1013/1190/1988
f 947/1211/1989 1502/1045/1989 842/1032/1989
f 947/1211/1990 842/1032/1990 1063/1159/1990
f 1524/1112/1991 893/1050/1991 1539/1164/1991
f 1524/1112/1992 1539/1164/1992 892/1213/1992
f 1527/1046/1993 904/1090/1993 870/1193/1993
f 1527/1046/1994 870/1193/1994 905/1214/1994
f 968/1113/1995 908/1027/1995 966/1123/1995
f 968/1113/1996 966/1123/1996 972/1215/1996
f 1542/1170/1997 1511/1069/1997 980/1124/1997
f 1542/1170/1998 980/1124/1998 849/1216/1998
f 1517/1092/1999 1105/1195/1999 1557/1217/1999
f 1517/1092/2000 1557/1217/2000 1521/1108/2000
f 1106/1131/2001 915/1037/2001 1521/1108/2001
f 1106/1131/2002 1521/1108/2002 1557/1217/2002
f 921/1119/2003 919/1097/2003 880/1202/2003
f 921/1119/2004 880/1202/2004 922/1218/2004
f 1055/1142/2005 1528/1133/2005 1198/1143/2005
f 1055/1142/2006 1198/1143/2006 1197/1219/2006
f 1520/1107/2007 940/1101/2007 1061/1206/2007
f 1520/1107/2008 1061/1206/2008 1558/766/2008
f 939/1036/2009 1520/1107/2009 1558/766/2009
f 939/1036/2010 1558/766/2010 994/765/2010
f 1191/1121/2011 898/1086/2011 1087/1141/2011
f 1191/1121/2012 1087/1141/2012 1086/1220/2012
f 1037/1167/2013 1494/1017/2013 1503/1106/2013
f 1037/1167/2014 1503/1106/2014 907/1221/2014
f 1553/1199/2015 981/1104/2015 1106/1131/2015
f 1553/1199/2016 1106/1131/2016 1559/1222/2016
f 1525/1117/2017 918/1105/2017 1048/1200/2017
f 1525/1117/2018 1048/1200/2018 836/1223/2018
f 932/1099/2019 994/765/2019 989/764/2019
f 932/1099/2020 989/764/2020 990/1204/2020
f 1139/1208/2021 1519/1103/2021 887/1126/2021
f 1139/1208/2022 887/1126/2022 1560/1224/2022
f 1560/1224/2023 887/1126/2023 1138/1075/2023
f 1560/1224/2024 1138/1075/2024 1543/1176/2024
f 1040/1127/2025 961/1048/2025 970/1151/2025
f 1040/1127/2026 970/1151/2026 1039/1225/2026
f 900/1087/2027 1545/1179/2027 1136/1226/2027
f 900/1087/2028 1136/1226/2028 1134/1122/2028
f 965/1194/2029 1034/1091/2029 868/1120/2029
f 965/1194/2030 868/1120/2030 1077/1227/2030
f 980/1124/2031 979/911/2031 978/1152/2031
f 980/1124/2032 978/1152/2032 1561/1228/2032
f 1038/1192/2033 1041/1089/2033 1040/1127/2033
f 1038/1192/2034 1040/1127/2034 1039/1225/2034
f 1552/1198/2035 933/1095/2035 1055/1142/2035
f 1552/1198/2036 1055/1142/2036 1195/1229/2036
f 1192/1178/2037 1193/1085/2037 1191/1121/2037
f 1192/1178/2038 1191/1121/2038 1148/1230/2038
f 1197/1219/2039 1198/1143/2039 1228/1144/2039
f 1197/1219/2040 1228/1144/2040 1196/1231/2040
f 1196/1231/2041 1228/1144/2041 1229/1145/2041
f 1196/1231/2042 1229/1145/2042 1562/1232/2042
f 1562/1232/2043 1229/1145/2043 1532/1146/2043
f 1562/1232/2044 1532/1146/2044 931/1233/2044
f 931/1233/2045 1532/1146/2045 929/1147/2045
f 931/1233/2046 929/1147/2046 928/1234/2046
f 929/1147/2047 927/1148/2047 1563/1235/2047
f 929/1147/2048 1563/1235/2048 928/1234/2048
f 927/1148/2049 1533/1149/2049 1564/1236/2049
f 927/1148/2050 1564/1236/2050 1563/1235/2050
f 926/1080/2051 1522/1110/2051 881/1118/2051
f 926/1080/2052 881/1118/2052 1533/1149/2052
f 881/1118/2053 921/1119/2053 925/1237/2053
f 881/1118/2054 925/1237/2054 1533/1149/2054
f 1489/1003/2055 852/1109/2055 1565/1238/2055
f 1489/1003/2056 1565/1238/2056 878/1114/2056
f 852/1109/2057 877/1018/2057 1525/1117/2057
f 852/1109/2058 1525/1117/2058 1565/1238/2058
f 894/1132/2059 1495/1019/2059 896/1115/2059
f 894/1132/2060 896/1115/2060 895/1239/2060
f 862/1136/2061 1505/1044/2061 999/1212/2061
f 862/1136/2062 999/1212/2062 1566/1240/2062
f 1509/1068/2063 1016/1139/2063 1078/1241/2063
f 1509/1068/2064 1078/1241/2064 896/1115/2064
f 1070/1135/2065 1518/1102/2065 1004/1207/2065
f 1070/1135/2066 1004/1207/2066 867/1242/2066
f 868/1120/2067 890/1026/2067 894/1132/2067
f 868/1120/2068 894/1132/2068 895/1239/2068
f 1555/1205/2069 1059/1100/2069 1526/1125/2069
f 1555/1205/2070 1526/1125/2070 1429/1243/2070
f 851/1116/2071 875/1039/2071 1534/1153/2071
f 851/1116/2072 1534/1153/2072 1043/1244/2072
f 1516/1088/2073 1550/1191/2073 1146/1245/2073
f 1516/1088/2074 1146/1245/2074 1529/1134/2074
f 1526/1125/2075 1060/1034/2075 1556/1209/2075
f 1526/1125/2076 1556/1209/2076 1058/1246/2076
f 960/1247/2077 1016/1139/2077 1524/1112/2077
f 960/1247/2078 1524/1112/2078 892/1213/2078
f 973/1248/2079 974/1150/2079 968/1113/2079
f 973/1248/2080 968/1113/2080 972/1215/2080
f 970/1151/2081 974/1150/2081 973/1248/2081
f 970/1151/2082 973/1248/2082 1567/1249/2082
f 976/1250/2083 977/1138/2083 851/1116/2083
f 976/1250/2084 851/1116/2084 1043/1244/2084
f 1561/1228/2085 978/1152/2085 977/1138/2085
f 1561/1228/2086 977/1138/2086 976/1250/2086
f 1069/1154/2087 1070/1135/2087 867/1242/2087
f 1069/1154/2088 867/1242/2088 1073/1251/2088
f 1535/1155/2089 1069/1154/2089 1073/1251/2089
f 1535/1155/2090 1073/1251/2090 1071/1252/2090
f 1536/1156/2091 1535/1155/2091 1071/1252/2091
f 1536/1156/2092 1071/1252/2092 1072/1253/2092
f 1068/1157/2093 1536/1156/2093 1072/1253/2093
f 1068/1157/2094 1072/1253/2094 1568/1254/2094
f 862/1136/2095 1000/1185/2095 1504/1054/2095
f 862/1136/2096 1504/1054/2096 1530/1137/2096
f 1085/1255/2097 869/1140/2097 1529/1134/2097
f 1085/1255/2098 1529/1134/2098 1146/1245/2098
f 1087/1141/2099 869/1140/2099 1085/1255/2099
f 1087/1141/2100 1085/1255/2100 1088/1256/2100
f 1569/1257/2101 1534/1153/2101 878/1114/2101
f 1569/1257/2102 878/1114/2102 1565/1238/2102
f 1537/1158/2103 1486/989/2103 1527/1046/2103
f 1537/1158/2104 1527/1046/2104 905/1214/2104
f 1064/1160/2105 1067/771/2105 1208/770/2105
f 1064/1160/2106 1208/770/2106 1207/1258/2106
f 1570/1259/2107 1063/1159/2107 1064/1160/2107
f 1570/1259/2108 1064/1160/2108 1207/1258/2108
f 833/1260/2109 1539/1164/2109 891/1165/2109
f 833/1260/2110 891/1165/2110 958/1261/2110
f 1048/1200/2111 1553/1199/2111 1107/1262/2111
f 1048/1200/2112 1107/1262/2112 1044/1263/2112
f 1028/1264/2113 1544/1177/2113 1192/1178/2113
f 1028/1264/2114 1192/1178/2114 1090/1265/2114
f 1571/1266/2115 1545/1179/2115 1544/1177/2115
f 1571/1266/2116 1544/1177/2116 1028/1264/2116
f 1549/1189/2117 1013/1190/2117 1572/1267/2117
f 1549/1189/2118 1572/1267/2118 1021/1268/2118
f 1079/1269/2119 957/1188/2119 1549/1189/2119
f 1079/1269/2120 1549/1189/2120 1021/1268/2120
f 1007/1187/2121 957/1188/2121 1079/1269/2121
f 1007/1187/2122 1079/1269/2122 958/1261/2122
f 1548/1186/2123 1007/1187/2123 958/1261/2123
f 1548/1186/2124 958/1261/2124 891/1165/2124
f 1554/1203/2125 990/1204/2125 1573/1270/2125
f 1554/1203/2126 1573/1270/2126 987/1271/2126
f 923/1272/2127 920/1201/2127 1554/1203/2127
f 923/1272/2128 1554/1203/2128 987/1271/2128
f 880/1202/2129 920/1201/2129 923/1272/2129
f 880/1202/2130 923/1272/2130 924/1273/2130
f 941/1162/2131 883/1161/2131 1124/1274/2131
f 941/1162/2132 1124/1274/2132 1123/773/2132
f 883/1161/2133 1523/1111/2133 1129/1128/2133
f 883/1161/2134 1129/1128/2134 1124/1274/2134
f 1124/1274/2135 1129/1128/2135 1131/1129/2135
f 1124/1274/2136 1131/1129/2136 1127/1275/2136
f 1127/1275/2137 1131/1129/2137 1133/1130/2137
f 1127/1275/2138 1133/1130/2138 839/1276/2138
f 839/1276/2139 1133/1130/2139 1134/1122/2139
f 839/1276/2140 1134/1122/2140 1136/1226/2140
f 1546/1180/2141 1547/1184/2141 1423/1277/2141
f 1546/1180/2142 1423/1277/2142 1419/1278/2142
f 1422/1279/2143 1420/1181/2143 1546/1180/2143
f 1422/1279/2144 1546/1180/2144 1419/1278/2144
f 1012/1280/2145 1014/1182/2145 1420/1181/2145
f 1012/1280/2146 1420/1181/2146 1422/1279/2146
f 999/1212/2147 947/1211/2147 1065/1281/2147
f 999/1212/2148 1065/1281/2148 841/1282/2148
f 1538/772/2149 950/1163/2149 1575/1283/2149
f 1538/772/2150 1575/1283/2150 1208/770/2150
f 967/1168/2151 1540/1166/2151 971/1284/2151
f 967/1168/2152 971/1284/2152 972/1215/2152
f 971/1284/2153 1540/1166/2153 1037/1167/2153
f 971/1284/2154 1037/1167/2154 1576/1285/2154
f 1577/1286/2155 1223/1171/2155 1542/1170/2155
f 1577/1286/2156 1542/1170/2156 849/1216/2156
f 1194/1287/2157 1224/1172/2157 1223/1171/2157
f 1194/1287/2158 1223/1171/2158 1577/1286/2158
f 1578/1288/2159 1313/1173/2159 1224/1172/2159
f 1578/1288/2160 1224/1172/2160 1194/1287/2160
f 1250/1289/2161 1263/1174/2161 1313/1173/2161
f 1250/1289/2162 1313/1173/2162 1578/1288/2162
f 1249/1290/2163 1005/1175/2163 1263/1174/2163
f 1249/1290/2164 1263/1174/2164 1250/1289/2164
f 1187/1291/2165 1543/1176/2165 1005/1175/2165
f 1187/1291/2166 1005/1175/2166 1249/1290/2166
f 1574/1292/2167 1597/1183/2167 1000/1185/2167
f 1574/1292/2168 1000/1185/2168 1579/1293/2168
f 1035/1294/2169 870/1193/2169 965/1194/2169
f 1035/1294/2170 965/1194/2170 1258/1295/2170
f 1550/1191/2171 1038/1192/2171 1580/1296/2171
f 1550/1191/2172 1580/1296/2172 1145/1297/2172
f 1105/1195/2173 1551/1196/2173 1155/1298/2173
f 1105/1195/2174 1155/1298/2174 850/1299/2174
f 1155/1298/2175 1551/1196/2175 1153/1197/2175
f 1155/1298/2176 1153/1197/2176 1154/1300/2176
f 1154/1300/2177 1153/1197/2177 1552/1198/2177
f 1154/1300/2178 1552/1198/2178 1156/1301/2178
f 1140/1302/2179 1004/1207/2179 1139/1208/2179
f 1140/1302/2180 1139/1208/2180 1581/1303/2180
f 1556/1209/2181 855/1210/2181 1582/775/2181
f 1556/1209/2182 1582/775/2182 1164/1304/2182
f 1061/1206/2183 1555/1205/2183 854/1305/2183
f 1061/1206/2184 854/1305/2184 993/1306/2184
f 966/1123/2185 1541/1169/2185 967/1168/2185
f 966/1123/2186 967/1168/2186 972/1215/2186
f 855/1210/2187 941/1162/2187 1123/773/2187
f 855/1210/2188 1123/773/2188 1582/775/2188
f 947/1211/2189 1063/1159/2189 1570/1259/2189
f 947/1211/2190 1570/1259/2190 1065/1281/2190
f 950/1163/2191 1068/1157/2191 1568/1254/2191
f 950/1163/2192 1568/1254/2192 1575/1283/2192
f 1569/1257/2193 1565/1238/2193 1525/1117/2193
f 1569/1257/2194 1525/1117/2194 836/1223/2194
f 1566/1240/2195 999/1212/2195 841/1282/2195
f 1566/1240/2196 841/1282/2196 1172/1307/2196
f 1105/1195/2197 850/1299/2197 1583/1308/2197
f 1105/1195/2198 1583/1308/2198 1557/1217/2198
f 1559/1222/2199 1106/1131/2199 1557/1217/2199
f 1559/1222/2200 1557/1217/2200 1583/1308/2200
f 1558/766/2201 1061/1206/2201 993/1306/2201
f 1558/766/2202 993/1306/2202 989/764/2202
f 1543/1176/2203 1187/1291/2203 1186/1309/2203
f 1543/1176/2204 1186/1309/2204 1560/1224/2204
f 1581/1303/2205 1139/1208/2205 1560/1224/2205
f 1581/1303/2206 1560/1224/2206 1186/1309/2206
f 1077/1227/2207 868/1120/2207 895/1239/2207
f 1077/1227/2208 895/1239/2208 1076/1310/2208
f 1076/1310/2209 895/1239/2209 896/1115/2209
f 1076/1310/2210 896/1115/2210 1078/1241/2210
f 922/1218/2211 880/1202/2211 924/1273/2211
f 922/1218/2212 924/1273/2212 1584/1311/2212
f 1195/1229/2213 1055/1142/2213 1197/1219/2213
f 1195/1229/2214 1197/1219/2214 1199/1312/2214
f 1576/1285/2215 1037/1167/2215 907/1221/2215
f 1576/1285/2216 907/1221/2216 1082/761/2216
f 921/1119/2217 922/1218/2217 1585/1313/2217
f 921/1119/2218 1585/1313/2218 925/1237/2218
f 1208/770/2219 1575/1283/2219 1166/1314/2219
f 1208/770/2220 1166/1314/2220 1207/1258/2220
f 1016/1139/2221 960/1247/2221 1075/1315/2221
f 1016/1139/2222 1075/1315/2222 1078/1241/2222
f 1258/1295/2223 965/1194/2223 1077/1227/2223
f 1258/1295/2224 1077/1227/2224 1282/1316/2224
f 990/1204/2225 989/764/2225 1586/1317/2225
f 990/1204/2226 1586/1317/2226 1573/1270/2226
f 1014/1182/2227 1012/1280/2227 1587/1318/2227
f 1014/1182/2228 1587/1318/2228 1013/1190/2228
f 870/1193/2229 1035/1294/2229 906/762/2229
f 870/1193/2230 906/762/2230 905/1214/2230
f 1038/1192/2231 1039/1225/2231 1083/1319/2231
f 1038/1192/2232 1083/1319/2232 1580/1296/2232
f 1039/1225/2233 970/1151/2233 1567/1249/2233
f 1039/1225/2234 1567/1249/2234 1083/1319/2234
f 1146/1245/2235 1550/1191/2235 1145/1297/2235
f 1146/1245/2236 1145/1297/2236 1588/1320/2236
f 1048/1200/2237 1044/1263/2237 1589/1321/2237
f 1048/1200/2238 1589/1321/2238 836/1223/2238
f 1156/1301/2239 1552/1198/2239 1195/1229/2239
f 1156/1301/2240 1195/1229/2240 1200/1322/2240
f 1555/1205/2241 1429/1243/2241 1158/1323/2241
f 1555/1205/2242 1158/1323/2242 854/1305/2242
f 1148/1230/2243 1191/1121/2243 1086/1220/2243
f 1148/1230/2244 1086/1220/2244 1590/1324/2244
f 1086/1220/2245 1087/1141/2245 1088/1256/2245
f 1086/1220/2246 1088/1256/2246 1591/1325/2246
f 1107/1262/2247 1553/1199/2247 1559/1222/2247
f 1107/1262/2248 1559/1222/2248 1047/1326/2248
f 1123/773/2249 1124/1274/2249 1127/1275/2249
f 1123/773/2250 1127/1275/2250 1126/774/2250
f 1126/774/2251 1127/1275/2251 839/1276/2251
f 1126/774/2252 839/1276/2252 1163/1327/2252
f 1163/1327/2253 839/1276/2253 1136/1226/2253
f 1163/1327/2254 1136/1226/2254 1135/1328/2254
f 1135/1328/2255 1136/1226/2255 1545/1179/2255
f 1135/1328/2256 1545/1179/2256 1571/1266/2256
f 1090/1265/2257 1192/1178/2257 1148/1230/2257
f 1090/1265/2258 1148/1230/2258 1590/1324/2258
f 1004/1207/2259 1140/1302/2259 1210/1329/2259
f 1004/1207/2260 1210/1329/2260 867/1242/2260
f 1199/1312/2261 1197/1219/2261 1196/1231/2261
f 1199/1312/2262 1196/1231/2262 1230/1330/2262
f 1230/1330/2263 1196/1231/2263 1562/1232/2263
f 1230/1330/2264 1562/1232/2264 1206/1331/2264
f 1206/1331/2265 1562/1232/2265 931/1233/2265
f 1206/1331/2266 931/1233/2266 1054/1332/2266
f 1054/1332/2267 931/1233/2267 928/1234/2267
f 1054/1332/2268 928/1234/2268 1592/1333/2268
f 1592/1333/2269 928/1234/2269 1563/1235/2269
f 1592/1333/2270 1563/1235/2270 930/1334/2270
f 930/1334/2271 1563/1235/2271 1564/1236/2271
f 930/1334/2272 1564/1236/2272 1593/1335/2272
f 1564/1236/2273 1533/1149/2273 925/1237/2273
f 1564/1236/2274 925/1237/2274 1593/1335/2274
f 1537/1158/2275 905/1214/2275 907/1221/2275
f 1537/1158/2276 907/1221/2276 1503/1106/2276
f 1526/1125/2277 1058/1246/2277 1430/1336/2277
f 1526/1125/2278 1430/1336/2278 1429/1243/2278
f 1539/1164/2279 833/1260/2279 1594/1337/2279
f 1539/1164/2280 1594/1337/2280 892/1213/2280
f 980/1124/2281 1561/1228/2281 1046/1338/2281
f 980/1124/2282 1046/1338/2282 849/1216/2282
f 1058/1246/2283 1556/1209/2283 1164/1304/2283
f 1058/1246/2284 1164/1304/2284 1165/1339/2284
f 1561/1228/2285 976/1250/2285 917/1340/2285
f 1561/1228/2286 917/1340/2286 1046/1338/2286
f 976/1250/2287 1043/1244/2287 1595/1341/2287
f 976/1250/2288 1595/1341/2288 917/1340/2288
f 1000/1185/2289 862/1136/2289 1566/1240/2289
f 1000/1185/2290 1566/1240/2290 1579/1293/2290
f 1043/1244/2291 1534/1153/2291 1569/1257/2291
f 1043/1244/2292 1569/1257/2292 836/1223/2292
f 1574/1292/2293 861/1342/2293 1596/1343/2293
f 1574/1292/2294 1596/1343/2294 1597/1183/2294
f 1596/1343/2295 1423/1277/2295 1547/1184/2295
f 1596/1343/2296 1547/1184/2296 1597/1183/2296
f 1073/1251/2297 867/1242/2297 1210/1329/2297
f 1073/1251/2298 1210/1329/2298 1428/1344/2298
f 973/1248/2299 972/1215/2299 971/1284/2299
f 973/1248/2300 971/1284/2300 1598/1345/2300
f 1598/1345/2301 971/1284/2301 1576/1285/2301
f 1598/1345/2302 1576/1285/2302 1599/1346/2302
f 1027/1347/2303 960/1247/2303 892/1213/2303
f 1027/1347/2304 892/1213/2304 1594/1337/2304
f 1572/1267/2305 1013/1190/2305 1587/1318/2305
f 1572/1267/2306 1587/1318/2306 1600/1348/2306
f 1045/1349/2307 1044/1263/2307 1107/1262/2307
f 1045/1349/2308 1107/1262/2308 1047/1326/2308
f 1071/1252/2309 1073/1251/2309 1428/1344/2309
f 1071/1252/2310 1428/1344/2310 1074/1350/2310
f 1072/1253/2311 1071/1252/2311 1074/1350/2311
f 1072/1253/2312 1074/1350/2312 1601/1351/2312
f 1602/1352/2313 1085/1255/2313 1146/1245/2313
f 1602/1352/2314 1146/1245/2314 1588/1320/2314
f 1088/1256/2315 1085/1255/2315 1602/1352/2315
f 1088/1256/2316 1602/1352/2316 1650/1353/2316
f 1567/1249/2317 973/1248/2317 1598/1345/2317
f 1567/1249/2318 1598/1345/2318 969/1354/2318
f 1181/1355/2319 1568/1254/2319 1072/1253/2319
f 1181/1355/2320 1072/1253/2320 1601/1351/2320
f 833/1260/2321 958/1261/2321 1019/1356/2321
f 833/1260/2322 1019/1356/2322 1018/1357/2322
f 1019/1356/2323 958/1261/2323 1079/1269/2323
f 1019/1356/2324 1079/1269/2324 1603/1358/2324
f 1603/1358/2325 1079/1269/2325 1021/1268/2325
f 1603/1358/2326 1021/1268/2326 1604/1359/2326
f 1604/1359/2327 1021/1268/2327 1572/1267/2327
f 1604/1359/2328 1572/1267/2328 1080/1360/2328
f 1171/1361/2329 841/1282/2329 1065/1281/2329
f 1171/1361/2330 1065/1281/2330 1167/1362/2330
f 1257/1363/2331 1035/1294/2331 1258/1295/2331
f 1257/1363/2332 1258/1295/2332 1605/1364/2332
f 850/1299/2333 1155/1298/2333 1152/1365/2333
f 850/1299/2334 1152/1365/2334 1103/1366/2334
f 1152/1365/2335 1155/1298/2335 1154/1300/2335
f 1152/1365/2336 1154/1300/2336 1227/1367/2336
f 1227/1367/2337 1154/1300/2337 1156/1301/2337
f 1227/1367/2338 1156/1301/2338 1201/1368/2338
f 991/1369/2339 993/1306/2339 854/1305/2339
f 991/1369/2340 854/1305/2340 1606/1370/2340
f 1212/1371/2341 1187/1291/2341 1249/1290/2341
f 1212/1371/2342 1249/1290/2342 1317/1372/2342
f 1249/1290/2343 1250/1289/2343 1316/1373/2343
f 1249/1290/2344 1316/1373/2344 1317/1372/2344
f 1250/1289/2345 1578/1288/2345 1314/1374/2345
f 1250/1289/2346 1314/1374/2346 1316/1373/2346
f 1578/1288/2347 1194/1287/2347 1315/1375/2347
f 1578/1288/2348 1315/1375/2348 1314/1374/2348
f 1194/1287/2349 1577/1286/2349 1096/1376/2349
f 1194/1287/2350 1096/1376/2350 1315/1375/2350
f 1577/1286/2351 849/1216/2351 1607/1377/2351
f 1577/1286/2352 1607/1377/2352 1096/1376/2352
f 1033/1378/2353 1571/1266/2353 1028/1264/2353
f 1033/1378/2354 1028/1264/2354 963/1379/2354
f 1028/1264/2355 1090/1265/2355 1149/1380/2355
f 1028/1264/2356 1149/1380/2356 963/1379/2356
f 924/1273/2357 923/1272/2357 1608/1381/2357
f 924/1273/2358 1608/1381/2358 1160/1382/2358
f 923/1272/2359 987/1271/2359 1609/1383/2359
f 923/1272/2360 1609/1383/2360 1608/1381/2360
f 986/1384/2361 987/1271/2361 1573/1270/2361
f 986/1384/2362 1573/1270/2362 995/1385/2362
f 1570/1259/2363 1207/1258/2363 1167/1362/2363
f 1570/1259/2364 1167/1362/2364 1065/1281/2364
f 1012/1280/2365 1422/1279/2365 1610/1386/2365
f 1012/1280/2366 1610/1386/2366 1141/1387/2366
f 1422/1279/2367 1419/1278/2367 1611/1388/2367
f 1422/1279/2368 1611/1388/2368 1610/1386/2368
f 1145/1297/2369 1580/1296/2369 1144/1389/2369
f 1145/1297/2370 1144/1389/2370 1221/1390/2370
f 1163/1327/2371 1164/1304/2371 1582/775/2371
f 1163/1327/2372 1582/775/2372 1126/774/2372
f 1612/1391/2373 1140/1302/2373 1581/1303/2373
f 1612/1391/2374 1581/1303/2374 1613/1392/2374
f 1418/1393/2375 1419/1278/2375 1423/1277/2375
f 1418/1393/2376 1423/1277/2376 1421/1394/2376
f 1574/1292/2377 1579/1293/2377 1614/1395/2377
f 1574/1292/2378 1614/1395/2378 1173/1396/2378
f 1043/1244/2379 836/1223/2379 1589/1321/2379
f 1043/1244/2380 1589/1321/2380 1595/1341/2380
f 907/1221/2381 905/1214/2381 906/762/2381
f 907/1221/2382 906/762/2382 1082/761/2382
f 1586/1317/2383 989/764/2383 993/1306/2383
f 1586/1317/2384 993/1306/2384 991/1369/2384
f 1579/1293/2385 1566/1240/2385 1172/1307/2385
f 1579/1293/2386 1172/1307/2386 1614/1395/2386
f 1575/1283/2387 1568/1254/2387 1181/1355/2387
f 1575/1283/2388 1181/1355/2388 1166/1314/2388
f 1587/1318/2389 1012/1280/2389 1141/1387/2389
f 1587/1318/2390 1141/1387/2390 1600/1348/2390
f 1589/1321/2391 1044/1263/2391 1045/1349/2391
f 1589/1321/2392 1045/1349/2392 1595/1341/2392
f 1172/1307/2393 841/1282/2393 1171/1361/2393
f 1172/1307/2394 1171/1361/2394 1170/1397/2394
f 1076/1310/2395 1078/1241/2395 1075/1315/2395
f 1076/1310/2396 1075/1315/2396 1081/1398/2396
f 1282/1316/2397 1077/1227/2397 1076/1310/2397
f 1282/1316/2398 1076/1310/2398 1081/1398/2398
f 906/762/2399 1035/1294/2399 1257/1363/2399
f 906/762/2400 1257/1363/2400 1036/763/2400
f 1607/1377/2401 849/1216/2401 1046/1338/2401
f 1607/1377/2402 1046/1338/2402 1615/1399/2402
f 854/1305/2403 1158/1323/2403 1108/1400/2403
f 854/1305/2404 1108/1400/2404 1606/1370/2404
f 1135/1328/2405 1571/1266/2405 1033/1378/2405
f 1135/1328/2406 1033/1378/2406 1165/1339/2406
f 1135/1328/2407 1165/1339/2407 1164/1304/2407
f 1135/1328/2408 1164/1304/2408 1163/1327/2408
f 1599/1346/2409 1576/1285/2409 1082/761/2409
f 1599/1346/2410 1082/761/2410 1036/763/2410
f 1584/1311/2411 924/1273/2411 1160/1382/2411
f 1584/1311/2412 1160/1382/2412 1119/1401/2412
f 861/1342/2413 1574/1292/2413 1173/1396/2413
f 861/1342/2414 1173/1396/2414 1415/1402/2414
f 1167/1362/2415 1207/1258/2415 1166/1314/2415
f 1167/1362/2416 1166/1314/2416 1616/1403/2416
f 960/1247/2417 1027/1347/2417 1026/1404/2417
f 960/1247/2418 1026/1404/2418 1075/1315/2418
f 1083/1319/2419 1567/1249/2419 969/1354/2419
f 1083/1319/2420 969/1354/2420 1617/1405/2420
f 1580/1296/2421 1083/1319/2421 1617/1405/2421
f 1580/1296/2422 1617/1405/2422 1144/1389/2422
f 1609/1383/2423 987/1271/2423 986/1384/2423
f 1609/1383/2424 986/1384/2424 988/1406/2424
f 995/1385/2425 1573/1270/2425 1586/1317/2425
f 995/1385/2426 1586/1317/2426 991/1369/2426
f 833/1260/2427 1018/1357/2427 1015/1407/2427
f 833/1260/2428 1015/1407/2428 1594/1337/2428
f 1588/1320/2429 1145/1297/2429 1221/1390/2429
f 1588/1320/2430 1221/1390/2430 1219/1408/2430
f 1046/1338/2431 917/1340/2431 1049/1409/2431
f 1046/1338/2432 1049/1409/2432 1615/1399/2432
f 917/1340/2433 1595/1341/2433 1045/1349/2433
f 917/1340/2434 1045/1349/2434 1049/1409/2434
f 1045/1349/2435 1047/1326/2435 1151/1410/2435
f 1045/1349/2436 1151/1410/2436 1049/1409/2436
f 1047/1326/2437 1559/1222/2437 1583/1308/2437
f 1047/1326/2438 1583/1308/2438 1151/1410/2438
f 1151/1410/2439 1583/1308/2439 850/1299/2439
f 1151/1410/2440 850/1299/2440 1103/1366/2440
f 1058/1246/2441 1165/1339/2441 1618/776/2441
f 1058/1246/2442 1618/776/2442 1430/1336/2442
f 1613/1392/2443 1581/1303/2443 1186/1309/2443
f 1613/1392/2444 1186/1309/2444 1619/1411/2444
f 1619/1411/2445 1186/1309/2445 1187/1291/2445
f 1619/1411/2446 1187/1291/2446 1212/1371/2446
f 1591/1325/2447 1088/1256/2447 1650/1353/2447
f 1591/1325/2448 1650/1353/2448 1089/1412/2448
f 1201/1368/2449 1156/1301/2449 1200/1322/2449
f 1201/1368/2450 1200/1322/2450 1620/1413/2450
f 1200/1322/2451 1195/1229/2451 1199/1312/2451
f 1200/1322/2452 1199/1312/2452 853/1414/2452
f 853/1414/2453 1199/1312/2453 1230/1330/2453
f 853/1414/2454 1230/1330/2454 1205/1415/2454
f 1611/1388/2455 1419/1278/2455 1418/1393/2455
f 1611/1388/2456 1418/1393/2456 1621/1416/2456
f 1429/1243/2457 1430/1336/2457 1622/1417/2457
f 1429/1243/2458 1622/1417/2458 1158/1323/2458
f 1585/1313/2459 922/1218/2459 1584/1311/2459
f 1585/1313/2460 1584/1311/2460 1623/1418/2460
f 1593/1335/2461 925/1237/2461 1585/1313/2461
f 1593/1335/2462 1585/1313/2462 1623/1418/2462
f 1590/1324/2463 1086/1220/2463 1591/1325/2463
f 1590/1324/2464 1591/1325/2464 1624/1419/2464
f 1205/1415/2465 1230/1330/2465 1206/1331/2465
f 1205/1415/2466 1206/1331/2466 1162/1420/2466
f 1162/1420/2467 1206/1331/2467 1054/1332/2467
f 1162/1420/2468 1054/1332/2468 1161/1421/2468
f 1161/1421/2469 1054/1332/2469 1592/1333/2469
f 1161/1421/2470 1592/1333/2470 996/1422/2470
f 996/1422/2471 1592/1333/2471 930/1334/2471
f 996/1422/2472 930/1334/2472 1052/1423/2472
f 930/1334/2473 1593/1335/2473 1623/1418/2473
f 930/1334/2474 1623/1418/2474 1052/1423/2474
f 969/1354/2475 1598/1345/2475 1599/1346/2475
f 969/1354/2476 1599/1346/2476 1625/1424/2476
f 1080/1360/2477 1572/1267/2477 1600/1348/2477
f 1080/1360/2478 1600/1348/2478 1626/1425/2478
f 1140/1302/2479 1612/1391/2479 1627/1426/2479
f 1140/1302/2480 1627/1426/2480 1210/1329/2480
f 1602/1352/2481 1588/1320/2481 1219/1408/2481
f 1602/1352/2482 1219/1408/2482 1650/1353/2482
f 1027/1347/2483 1594/1337/2483 1015/1407/2483
f 1027/1347/2484 1015/1407/2484 1023/1427/2484
f 1421/1394/2485 1423/1277/2485 1596/1343/2485
f 1421/1394/2486 1596/1343/2486 861/1342/2486
f 1147/1428/2487 1090/1265/2487 1590/1324/2487
f 1147/1428/2488 1590/1324/2488 1624/1419/2488
f 1149/1380/2489 1090/1265/2489 1147/1428/2489
f 1149/1380/2490 1147/1428/2490 1628/1429/2490
f 1608/1381/2491 1609/1383/2491 1113/1430/2491
f 1608/1381/2492 1113/1430/2492 1115/1431/2492
f 1160/1382/2493 1608/1381/2493 1115/1431/2493
f 1160/1382/2494 1115/1431/2494 1117/1432/2494
f 1629/1433/2495 963/1379/2495 1149/1380/2495
f 1629/1433/2496 1149/1380/2496 1031/1434/2496
f 1032/777/2497 1033/1378/2497 963/1379/2497
f 1032/777/2498 963/1379/2498 1629/1433/2498
f 1630/1435/2499 986/1384/2499 995/1385/2499
f 1630/1435/2500 995/1385/2500 1631/1436/2500
f 995/1385/2501 991/1369/2501 1606/1370/2501
f 995/1385/2502 1606/1370/2502 1631/1436/2502
f 1632/1437/2503 1018/1357/2503 1019/1356/2503
f 1632/1437/2504 1019/1356/2504 1017/1438/2504
f 1017/1438/2505 1019/1356/2505 1603/1358/2505
f 1017/1438/2506 1603/1358/2506 1142/1439/2506
f 1142/1439/2507 1603/1358/2507 1604/1359/2507
f 1142/1439/2508 1604/1359/2508 1188/1440/2508
f 1188/1440/2509 1604/1359/2509 1080/1360/2509
f 1188/1440/2510 1080/1360/2510 1189/1441/2510
f 1221/1390/2511 1144/1389/2511 1633/1442/2511
f 1221/1390/2512 1633/1442/2512 1220/1443/2512
f 1178/1444/2513 1181/1355/2513 1601/1351/2513
f 1178/1444/2514 1601/1351/2514 1176/1445/2514
f 1601/1351/2515 1074/1350/2515 1634/1446/2515
f 1601/1351/2516 1634/1446/2516 1176/1445/2516
f 1074/1350/2517 1428/1344/2517 1137/1447/2517
f 1074/1350/2518 1137/1447/2518 1634/1446/2518
f 1137/1447/2519 1428/1344/2519 1210/1329/2519
f 1137/1447/2520 1210/1329/2520 1627/1426/2520
f 1612/1391/2521 1613/1392/2521 1213/1448/2521
f 1612/1391/2522 1213/1448/2522 1659/1449/2522
f 1226/1450/2523 1152/1365/2523 1227/1367/2523
f 1226/1450/2524 1227/1367/2524 1202/1451/2524
f 1202/1451/2525 1227/1367/2525 1201/1368/2525
f 1202/1451/2526 1201/1368/2526 1099/1452/2526
f 1103/1366/2527 1152/1365/2527 1226/1450/2527
f 1103/1366/2528 1226/1450/2528 1050/1453/2528
f 1171/1361/2529 1167/1362/2529 1616/1403/2529
f 1171/1361/2530 1616/1403/2530 1169/1454/2530
f 1212/1371/2531 1317/1372/2531 1635/1455/2531
f 1212/1371/2532 1635/1455/2532 1636/1456/2532
f 1317/1372/2533 1316/1373/2533 1637/1457/2533
f 1317/1372/2534 1637/1457/2534 1635/1455/2534
f 1316/1373/2535 1314/1374/2535 1638/1458/2535
f 1316/1373/2536 1638/1458/2536 1637/1457/2536
f 1314/1374/2537 1315/1375/2537 1269/1459/2537
f 1314/1374/2538 1269/1459/2538 1638/1458/2538
f 1315/1375/2539 1096/1376/2539 1091/1460/2539
f 1315/1375/2540 1091/1460/2540 1269/1459/2540
f 1096/1376/2541 1607/1377/2541 1094/1461/2541
f 1096/1376/2542 1094/1461/2542 1091/1460/2542
f 1256/1462/2543 1257/1363/2543 1605/1364/2543
f 1256/1462/2544 1605/1364/2544 1238/1463/2544
f 1605/1364/2545 1258/1295/2545 1282/1316/2545
f 1605/1364/2546 1282/1316/2546 1259/1464/2546
f 1610/1386/2547 1611/1388/2547 1640/1465/2547
f 1610/1386/2548 1640/1465/2548 1639/1466/2548
f 1641/1467/2549 1141/1387/2549 1610/1386/2549
f 1641/1467/2550 1610/1386/2550 1639/1466/2550
f 1418/1393/2551 1421/1394/2551 1643/1468/2551
f 1418/1393/2552 1643/1468/2552 1642/1469/2552
f 1173/1396/2553 1614/1395/2553 1426/1470/2553
f 1173/1396/2554 1426/1470/2554 1425/1471/2554
f 1643/1468/2555 1421/1394/2555 861/1342/2555
f 1643/1468/2556 861/1342/2556 1415/1402/2556
f 1618/776/2557 1165/1339/2557 1033/1378/2557
f 1618/776/2558 1033/1378/2558 1032/777/2558
f 1049/1409/2559 1151/1410/2559 1103/1366/2559
f 1049/1409/2560 1103/1366/2560 1615/1399/2560
f 1616/1403/2561 1166/1314/2561 1181/1355/2561
f 1616/1403/2562 1181/1355/2562 1178/1444/2562
f 1626/1425/2563 1600/1348/2563 1141/1387/2563
f 1626/1425/2564 1141/1387/2564 1641/1467/2564
f 1614/1395/2565 1172/1307/2565 1170/1397/2565
f 1614/1395/2566 1170/1397/2566 1426/1470/2566
f 1623/1418/2567 1584/1311/2567 1119/1401/2567
f 1623/1418/2568 1119/1401/2568 1052/1423/2568
f 1027/1347/2569 1023/1427/2569 1644/1472/2569
f 1027/1347/2570 1644/1472/2570 1026/1404/2570
f 1075/1315/2571 1026/1404/2571 1025/1473/2571
f 1075/1315/2572 1025/1473/2572 1081/1398/2572
f 1625/1424/2573 1599/1346/2573 1036/763/2573
f 1625/1424/2574 1036/763/2574 1084/1474/2574
f 1084/1474/2575 1036/763/2575 1257/1363/2575
f 1084/1474/2576 1257/1363/2576 1256/1462/2576
f 1607/1377/2577 1615/1399/2577 1092/1475/2577
f 1607/1377/2578 1092/1475/2578 1094/1461/2578
f 1213/1448/2579 1613/1392/2579 1619/1411/2579
f 1213/1448/2580 1619/1411/2580 1645/1476/2580
f 1645/1476/2581 1619/1411/2581 1212/1371/2581
f 1645/1476/2582 1212/1371/2582 1636/1456/2582
f 1189/1441/2583 1080/1360/2583 1626/1425/2583
f 1189/1441/2584 1626/1425/2584 1646/767/2584
f 1282/1316/2585 1081/1398/2585 1647/1477/2585
f 1282/1316/2586 1647/1477/2586 1259/1464/2586
f 1633/1442/2587 1144/1389/2587 1617/1405/2587
f 1633/1442/2588 1617/1405/2588 1084/1474/2588
f 1617/1405/2589 969/1354/2589 1625/1424/2589
f 1617/1405/2590 1625/1424/2590 1084/1474/2590
f 1624/1419/2591 1591/1325/2591 1089/1412/2591
f 1624/1419/2592 1089/1412/2592 1029/1478/2592
f 1119/1401/2593 1160/1382/2593 1117/1432/2593
f 1119/1401/2594 1117/1432/2594 1648/1479/2594
f 1099/1452/2595 1201/1368/2595 1620/1413/2595
f 1099/1452/2596 1620/1413/2596 1247/1480/2596
f 1170/1397/2597 1171/1361/2597 1169/1454/2597
f 1170/1397/2598 1169/1454/2598 1168/1481/2598
f 1415/1402/2599 1173/1396/2599 1425/1471/2599
f 1415/1402/2600 1425/1471/2600 1413/1482/2600
f 1620/1413/2601 1200/1322/2601 853/1414/2601
f 1620/1413/2602 853/1414/2602 1232/1483/2602
f 1219/1408/2603 1221/1390/2603 1220/1443/2603
f 1219/1408/2604 1220/1443/2604 1649/1484/2604
f 1232/1483/2605 853/1414/2605 1205/1415/2605
f 1232/1483/2606 1205/1415/2606 1389/1485/2606
f 1389/1485/2607 1205/1415/2607 1162/1420/2607
f 1389/1485/2608 1162/1420/2608 1053/1486/2608
f 1053/1486/2609 1162/1420/2609 1161/1421/2609
f 1053/1486/2610 1161/1421/2610 1122/1487/2610
f 1161/1421/2611 996/1422/2611 837/1488/2611
f 1161/1421/2612 837/1488/2612 1122/1487/2612
f 996/1422/2613 1052/1423/2613 1427/1489/2613
f 996/1422/2614 1427/1489/2614 837/1488/2614
f 1605/1364/2615 1259/1464/2615 1299/1490/2615
f 1605/1364/2616 1299/1490/2616 1238/1463/2616
f 1606/1370/2617 1108/1400/2617 1051/1491/2617
f 1606/1370/2618 1051/1491/2618 1631/1436/2618
f 1113/1430/2619 1609/1383/2619 988/1406/2619
f 1113/1430/2620 988/1406/2620 1111/1492/2620
f 1640/1465/2621 1611/1388/2621 1621/1416/2621
f 1640/1465/2622 1621/1416/2622 1417/1493/2622
f 1612/1391/2623 1659/1449/2623 1211/1494/2623
f 1612/1391/2624 1211/1494/2624 1627/1426/2624
f 1622/1417/2625 1430/1336/2625 1618/776/2625
f 1622/1417/2626 1618/776/2626 1157/778/2626
f 1108/1400/2627 1158/1323/2627 1622/1417/2627
f 1108/1400/2628 1622/1417/2628 1157/778/2628
f 1149/1380/2629 1628/1429/2629 1030/1495/2629
f 1149/1380/2630 1030/1495/2630 1031/1434/2630
f 986/1384/2631 1630/1435/2631 1110/1496/2631
f 986/1384/2632 1110/1496/2632 988/1406/2632
f 1018/1357/2633 1632/1437/2633 1022/1497/2633
f 1018/1357/2634 1022/1497/2634 1015/1407/2634
f 1621/1416/2635 1418/1393/2635 1642/1469/2635
f 1621/1416/2636 1642/1469/2636 1416/1498/2636
f 1630/1435/2637 1631/1436/2637 1121/1499/2637
f 1630/1435/2638 1121/1499/2638 992/1500/2638
f 1023/1427/2639 1015/1407/2639 1022/1497/2639
f 1023/1427/2640 1022/1497/2640 1024/1501/2640
f 1651/1502/2641 1147/1428/2641 1624/1419/2641
f 1651/1502/2642 1624/1419/2642 1029/1478/2642
f 1628/1429/2643 1147/1428/2643 1651/1502/2643
f 1628/1429/2644 1651/1502/2644 1244/1503/2644
f 1169/1454/2645 1616/1403/2645 1178/1444/2645
f 1169/1454/2646 1178/1444/2646 1652/1504/2646
f 1652/1504/2647 1178/1444/2647 1176/1445/2647
f 1652/1504/2648 1176/1445/2648 1179/1505/2648
f 1176/1445/2649 1634/1446/2649 1653/1506/2649
f 1176/1445/2650 1653/1506/2650 1179/1505/2650
f 1634/1446/2651 1137/1447/2651 1654/1507/2651
f 1634/1446/2652 1654/1507/2652 1653/1506/2652
f 1654/1507/2653 1137/1447/2653 1627/1426/2653
f 1654/1507/2654 1627/1426/2654 1211/1494/2654
f 1414/1508/2655 1642/1469/2655 1643/1468/2655
f 1414/1508/2656 1643/1468/2656 1415/1402/2656
f 1218/1509/2657 1017/1438/2657 1142/1439/2657
f 1218/1509/2658 1142/1439/2658 1217/1510/2658
f 1217/1510/2659 1142/1439/2659 1188/1440/2659
f 1217/1510/2660 1188/1440/2660 1215/1511/2660
f 1215/1511/2661 1188/1440/2661 1189/1441/2661
f 1215/1511/2662 1189/1441/2662 1655/1512/2662
f 1020/1513/2663 1632/1437/2663 1017/1438/2663
f 1020/1513/2664 1017/1438/2664 1218/1509/2664
f 1157/778/2665 1032/777/2665 1629/1433/2665
f 1157/778/2666 1629/1433/2666 1656/1514/2666
f 1656/1514/2667 1629/1433/2667 1031/1434/2667
f 1656/1514/2668 1031/1434/2668 838/1515/2668
f 1091/1460/2669 1094/1461/2669 1093/1516/2669
f 1091/1460/2670 1093/1516/2670 1097/1517/2670
f 1269/1459/2671 1091/1460/2671 1097/1517/2671
f 1269/1459/2672 1097/1517/2672 1657/1518/2672
f 1638/1458/2673 1269/1459/2673 1657/1518/2673
f 1638/1458/2674 1657/1518/2674 1268/1519/2674
f 1637/1457/2675 1638/1458/2675 1268/1519/2675
f 1637/1457/2676 1268/1519/2676 1252/1520/2676
f 1635/1455/2677 1637/1457/2677 1252/1520/2677
f 1635/1455/2678 1252/1520/2678 1236/1521/2678
f 1636/1456/2679 1635/1455/2679 1236/1521/2679
f 1636/1456/2680 1236/1521/2680 1234/1522/2680
f 1202/1451/2681 1099/1452/2681 1150/1523/2681
f 1202/1451/2682 1150/1523/2682 1101/1524/2682
f 1226/1450/2683 1202/1451/2683 1101/1524/2683
f 1226/1450/2684 1101/1524/2684 1050/1453/2684
f 1115/1431/2685 1113/1430/2685 1114/1525/2685
f 1115/1431/2686 1114/1525/2686 1112/1526/2686
f 1117/1432/2687 1115/1431/2687 1112/1526/2687
f 1117/1432/2688 1112/1526/2688 1658/1527/2688
f 1220/1443/2689 1633/1442/2689 1660/1528/2689
f 1220/1443/2690 1660/1528/2690 1255/1529/2690
f 1425/1471/2691 1426/1470/2691 1183/1530/2691
f 1425/1471/2692 1183/1530/2692 1661/1531/2692
f 1011/768/2693 1641/1467/2693 1639/1466/2693
f 1011/768/2694 1639/1466/2694 1398/769/2694
f 1639/1466/2695 1640/1465/2695 1417/1493/2695
f 1639/1466/2696 1417/1493/2696 1398/769/2696
f 1427/1489/2697 1052/1423/2697 1119/1401/2697
f 1427/1489/2698 1119/1401/2698 1648/1479/2698
f 1633/1442/2699 1084/1474/2699 1256/1462/2699
f 1633/1442/2700 1256/1462/2700 1660/1528/2700
f 1108/1400/2701 1157/778/2701 1656/1514/2701
f 1108/1400/2702 1656/1514/2702 1051/1491/2702
f 1426/1470/2703 1170/1397/2703 1168/1481/2703
f 1426/1470/2704 1168/1481/2704 1183/1530/2704
f 1646/767/2705 1626/1425/2705 1641/1467/2705
f 1646/767/2706 1641/1467/2706 1011/768/2706
f 1111/1492/2707 988/1406/2707 1110/1496/2707
f 1111/1492/2708 1110/1496/2708 1662/1532/2708
f 1655/1512/2709 1189/1441/2709 1646/767/2709
f 1655/1512/2710 1646/767/2710 1398/769/2710
f 1644/1472/2711 1023/1427/2711 1024/1501/2711
f 1644/1472/2712 1024/1501/2712 1663/1533/2712
f 1026/1404/2713 1644/1472/2713 1289/1534/2713
f 1026/1404/2714 1289/1534/2714 1025/1473/2714
f 1051/1491/2715 1656/1514/2715 838/1515/2715
f 1051/1491/2716 838/1515/2716 1664/1535/2716
f 1121/1499/2717 1631/1436/2717 1051/1491/2717
f 1121/1499/2718 1051/1491/2718 1664/1535/2718
f 838/1515/2719 1031/1434/2719 1030/1495/2719
f 838/1515/2720 1030/1495/2720 1665/1536/2720
f 1092/1475/2721 1615/1399/2721 1103/1366/2721
f 1092/1475/2722 1103/1366/2722 1050/1453/2722
f 1093/1516/2723 1094/1461/2723 1092/1475/2723
f 1093/1516/2724 1092/1475/2724 1050/1453/2724
f 1093/1516/2725 1050/1453/2725 1101/1524/2725
f 1093/1516/2726 1101/1524/2726 1098/1537/2726
f 1647/1477/2727 1081/1398/2727 1025/1473/2727
f 1647/1477/2728 1025/1473/2728 1288/1538/2728
f 1299/1490/2729 1259/1464/2729 1647/1477/2729
f 1299/1490/2730 1647/1477/2730 1143/1539/2730
f 1098/1537/2731 1101/1524/2731 1150/1523/2731
f 1098/1537/2732 1150/1523/2732 1666/1540/2732
f 1114/1525/2733 1113/1430/2733 1111/1492/2733
f 1114/1525/2734 1111/1492/2734 1667/1541/2734
f 1413/1482/2735 1425/1471/2735 1661/1531/2735
f 1413/1482/2736 1661/1531/2736 1407/1542/2736
f 1168/1481/2737 1169/1454/2737 1652/1504/2737
f 1168/1481/2738 1652/1504/2738 1177/1543/2738
f 1652/1504/2739 1179/1505/2739 1184/1544/2739
f 1652/1504/2740 1184/1544/2740 1177/1543/2740
f 1219/1408/2741 1649/1484/2741 1190/1545/2741
f 1219/1408/2742 1190/1545/2742 1650/1353/2742
f 1211/1494/2743 1659/1449/2743 1174/1546/2743
f 1211/1494/2744 1174/1546/2744 1175/1547/2744
f 1636/1456/2745 1234/1522/2745 1233/1548/2745
f 1636/1456/2746 1233/1548/2746 1645/1476/2746
f 1220/1443/2747 1255/1529/2747 1668/1549/2747
f 1220/1443/2748 1668/1549/2748 1649/1484/2748
f 1247/1480/2749 1620/1413/2749 1232/1483/2749
f 1247/1480/2750 1232/1483/2750 1231/1550/2750
f 1232/1483/2751 1389/1485/2751 1669/1551/2751
f 1232/1483/2752 1669/1551/2752 1231/1550/2752
f 1669/1551/2753 1389/1485/2753 1053/1486/2753
f 1669/1551/2754 1053/1486/2754 1379/1552/2754
f 1379/1552/2755 1053/1486/2755 1122/1487/2755
f 1379/1552/2756 1122/1487/2756 1433/1553/2756
f 1433/1553/2757 1122/1487/2757 837/1488/2757
f 1433/1553/2758 837/1488/2758 1432/1554/2758
f 1432/1554/2759 837/1488/2759 1427/1489/2759
f 1432/1554/2760 1427/1489/2760 1118/779/2760
f 1660/1528/2761 1256/1462/2761 1238/1463/2761
f 1660/1528/2762 1238/1463/2762 1255/1529/2762
f 1238/1463/2763 1299/1490/2763 1283/1555/2763
f 1238/1463/2764 1283/1555/2764 1255/1529/2764
f 1414/1508/2765 1415/1402/2765 1413/1482/2765
f 1414/1508/2766 1413/1482/2766 1670/1556/2766
f 1030/1495/2767 1628/1429/2767 1244/1503/2767
f 1030/1495/2768 1244/1503/2768 1665/1536/2768
f 1110/1496/2769 1630/1435/2769 992/1500/2769
f 1110/1496/2770 992/1500/2770 1662/1532/2770
f 1022/1497/2771 1632/1437/2771 1020/1513/2771
f 1022/1497/2772 1020/1513/2772 1024/1501/2772
f 1099/1452/2773 1247/1480/2773 1248/1557/2773
f 1099/1452/2774 1248/1557/2774 1150/1523/2774
f 1416/1498/2775 1642/1469/2775 1414/1508/2775
f 1416/1498/2776 1414/1508/2776 1671/1558/2776
f 1417/1493/2777 1621/1416/2777 1416/1498/2777
f 1417/1493/2778 1416/1498/2778 1388/1559/2778
f 1117/1432/2779 1658/1527/2779 1120/1560/2779
f 1117/1432/2780 1120/1560/2780 1648/1479/2780
f 1097/1517/2781 1093/1516/2781 1098/1537/2781
f 1097/1517/2782 1098/1537/2782 1672/1561/2782
f 1673/783/2783 1398/769/2783 1417/1493/2783
f 1673/783/2784 1417/1493/2784 1388/1559/2784
f 1214/1562/2785 1213/1448/2785 1645/1476/2785
f 1214/1562/2786 1645/1476/2786 1233/1548/2786
f 1654/1507/2787 1211/1494/2787 1175/1547/2787
f 1654/1507/2788 1175/1547/2788 1653/1506/2788
f 1209/1563/2789 1179/1505/2789 1653/1506/2789
f 1209/1563/2790 1653/1506/2790 1175/1547/2790
f 1657/1518/2791 1097/1517/2791 1672/1561/2791
f 1657/1518/2792 1672/1561/2792 1267/1564/2792
f 1268/1519/2793 1657/1518/2793 1267/1564/2793
f 1268/1519/2794 1267/1564/2794 1251/1565/2794
f 1252/1520/2795 1268/1519/2795 1251/1565/2795
f 1252/1520/2796 1251/1565/2796 1674/1566/2796
f 1236/1521/2797 1252/1520/2797 1674/1566/2797
f 1236/1521/2798 1674/1566/2798 1270/1567/2798
f 1234/1522/2799 1236/1521/2799 1270/1567/2799
f 1234/1522/2800 1270/1567/2800 1675/1568/2800
f 1676/1569/2801 1659/1449/2801 1213/1448/2801
f 1676/1569/2802 1213/1448/2802 1214/1562/2802
f 992/1500/2803 1121/1499/2803 1242/1570/2803
f 992/1500/2804 1242/1570/2804 1109/1571/2804
f 1391/1572/2805 1020/1513/2805 1218/1509/2805
f 1391/1572/2806 1218/1509/2806 1216/1573/2806
f 1216/1573/2807 1218/1509/2807 1217/1510/2807
f 1216/1573/2808 1217/1510/2808 1392/1574/2808
f 1392/1574/2809 1217/1510/2809 1215/1511/2809
f 1392/1574/2810 1215/1511/2810 1677/1575/2810
f 1215/1511/2811 1655/1512/2811 1678/782/2811
f 1215/1511/2812 1678/782/2812 1677/1575/2812
f 1651/1502/2813 1029/1478/2813 1679/1576/2813
f 1651/1502/2814 1679/1576/2814 1245/1577/2814
f 1029/1478/2815 1089/1412/2815 1261/1578/2815
f 1029/1478/2816 1261/1578/2816 1679/1576/2816
f 1089/1412/2817 1650/1353/2817 1190/1545/2817
f 1089/1412/2818 1190/1545/2818 1261/1578/2818
f 1244/1503/2819 1651/1502/2819 1245/1577/2819
f 1244/1503/2820 1245/1577/2820 1243/1579/2820
f 1112/1526/2821 1114/1525/2821 1680/1580/2821
f 1112/1526/2822 1680/1580/2822 1384/1581/2822
f 1658/1527/2823 1112/1526/2823 1384/1581/2823
f 1658/1527/2824 1384/1581/2824 1382/780/2824
f 1661/1531/2825 1183/1530/2825 1681/1582/2825
f 1661/1531/2826 1681/1582/2826 1180/1583/2826
f 1663/1533/2827 1024/1501/2827 1020/1513/2827
f 1663/1533/2828 1020/1513/2828 1391/1572/2828
f 1427/1489/2829 1648/1479/2829 1120/1560/2829
f 1427/1489/2830 1120/1560/2830 1118/779/2830
f 1183/1530/2831 1168/1481/2831 1177/1543/2831
f 1183/1530/2832 1177/1543/2832 1681/1582/2832
f 1655/1512/2833 1398/769/2833 1673/783/2833
f 1655/1512/2834 1673/783/2834 1678/782/2834
f 1289/1534/2835 1644/1472/2835 1663/1533/2835
f 1289/1534/2836 1663/1533/2836 1290/1584/2836
f 1662/1532/2837 992/1500/2837 1109/1571/2837
f 1662/1532/2838 1109/1571/2838 1203/1585/2838
f 1667/1541/2839 1111/1492/2839 1662/1532/2839
f 1667/1541/2840 1662/1532/2840 1203/1585/2840
f 1288/1538/2841 1025/1473/2841 1289/1534/2841
f 1288/1538/2842 1289/1534/2842 1287/1586/2842
f 1664/1535/2843 838/1515/2843 1665/1536/2843
f 1664/1535/2844 1665/1536/2844 1246/1587/2844
f 1246/1587/2845 1665/1536/2845 1244/1503/2845
f 1246/1587/2846 1244/1503/2846 1243/1579/2846
f 1299/1490/2847 1143/1539/2847 1291/1588/2847
f 1299/1490/2848 1291/1588/2848 1283/1555/2848
f 1143/1539/2849 1647/1477/2849 1288/1538/2849
f 1143/1539/2850 1288/1538/2850 1286/1589/2850
f 1672/1561/2851 1098/1537/2851 1666/1540/2851
f 1672/1561/2852 1666/1540/2852 1100/1590/2852
f 1247/1480/2853 1231/1550/2853 1309/1591/2853
f 1247/1480/2854 1309/1591/2854 1248/1557/2854
f 1670/1556/2855 1413/1482/2855 1407/1542/2855
f 1670/1556/2856 1407/1542/2856 1411/1592/2856
f 1175/1547/2857 1174/1546/2857 1254/1593/2857
f 1175/1547/2858 1254/1593/2858 1209/1563/2858
f 1681/1582/2859 1177/1543/2859 1184/1544/2859
f 1681/1582/2860 1184/1544/2860 1185/1594/2860
f 1184/1544/2861 1179/1505/2861 1209/1563/2861
f 1184/1544/2862 1209/1563/2862 1182/1595/2862
f 1666/1540/2863 1150/1523/2863 1248/1557/2863
f 1666/1540/2864 1248/1557/2864 1225/1596/2864
f 1190/1545/2865 1649/1484/2865 1668/1549/2865
f 1190/1545/2866 1668/1549/2866 1239/1597/2866
f 1668/1549/2867 1255/1529/2867 1283/1555/2867
f 1668/1549/2868 1283/1555/2868 1284/1598/2868
f 1671/1558/2869 1414/1508/2869 1670/1556/2869
f 1671/1558/2870 1670/1556/2870 1408/1599/2870
f 1120/1560/2871 1658/1527/2871 1382/780/2871
f 1120/1560/2872 1382/780/2872 1118/779/2872
f 1407/1542/2873 1661/1531/2873 1180/1583/2873
f 1407/1542/2874 1180/1583/2874 1682/1600/2874
f 1121/1499/2875 1664/1535/2875 1241/1601/2875
f 1121/1499/2876 1241/1601/2876 1242/1570/2876
f 1114/1525/2877 1667/1541/2877 1204/1602/2877
f 1114/1525/2878 1204/1602/2878 1680/1580/2878
f 1388/1559/2879 1416/1498/2879 1671/1558/2879
f 1388/1559/2880 1671/1558/2880 1410/1603/2880
f 1233/1548/2881 1234/1522/2881 1675/1568/2881
f 1233/1548/2882 1675/1568/2882 1683/1604/2882
f 1267/1564/2883 1672/1561/2883 1100/1590/2883
f 1267/1564/2884 1100/1590/2884 1095/1605/2884
f 1180/1583/2885 1681/1582/2885 1185/1594/2885
f 1180/1583/2886 1185/1594/2886 1684/1606/2886
f 1261/1578/2887 1190/1545/2887 1239/1597/2887
f 1261/1578/2888 1239/1597/2888 1685/1607/2888
f 1277/1608/2889 1214/1562/2889 1233/1548/2889
f 1277/1608/2890 1233/1548/2890 1683/1604/2890
f 1676/1569/2891 1214/1562/2891 1277/1608/2891
f 1676/1569/2892 1277/1608/2892 1253/1609/2892
f 1679/1576/2893 1261/1578/2893 1685/1607/2893
f 1679/1576/2894 1685/1607/2894 1292/1610/2894
f 1251/1565/2895 1267/1564/2895 1095/1605/2895
f 1251/1565/2896 1095/1605/2896 1235/1611/2896
f 1674/1566/2897 1251/1565/2897 1235/1611/2897
f 1674/1566/2898 1235/1611/2898 1297/1612/2898
f 1270/1567/2899 1674/1566/2899 1297/1612/2899
f 1270/1567/2900 1297/1612/2900 1686/1613/2900
f 1675/1568/2901 1270/1567/2901 1686/1613/2901
f 1675/1568/2902 1686/1613/2902 1275/1614/2902
f 1673/783/2903 1388/1559/2903 1410/1603/2903
f 1673/783/2904 1410/1603/2904 1687/784/2904
f 1174/1546/2905 1659/1449/2905 1676/1569/2905
f 1174/1546/2906 1676/1569/2906 1253/1609/2906
f 1245/1577/2907 1679/1576/2907 1292/1610/2907
f 1245/1577/2908 1292/1610/2908 1688/1615/2908
f 1689/1616/2909 1243/1579/2909 1245/1577/2909
f 1689/1616/2910 1245/1577/2910 1688/1615/2910
f 1109/1571/2911 1242/1570/2911 1306/1617/2911
f 1109/1571/2912 1306/1617/2912 1303/1618/2912
f 1384/1581/2913 1680/1580/2913 1116/1619/2913
f 1384/1581/2914 1116/1619/2914 1690/1620/2914
f 1383/781/2915 1382/780/2915 1384/1581/2915
f 1383/781/2916 1384/1581/2916 1690/1620/2916
f 1432/1554/2917 1118/779/2917 1383/781/2917
f 1432/1554/2918 1383/781/2918 1691/1621/2918
f 1380/1622/2919 1433/1553/2919 1432/1554/2919
f 1380/1622/2920 1432/1554/2920 1691/1621/2920
f 1385/1623/2921 1379/1552/2921 1433/1553/2921
f 1385/1623/2922 1433/1553/2922 1380/1622/2922
f 1364/1624/2923 1669/1551/2923 1379/1552/2923
f 1364/1624/2924 1379/1552/2924 1385/1623/2924
f 1310/1625/2925 1231/1550/2925 1669/1551/2925
f 1310/1625/2926 1669/1551/2926 1364/1624/2926
f 1393/1626/2927 1392/1574/2927 1677/1575/2927
f 1393/1626/2928 1677/1575/2928 1400/1627/2928
f 1400/1627/2929 1677/1575/2929 1678/782/2929
f 1400/1627/2930 1678/782/2930 1687/784/2930
f 1386/1628/2931 1216/1573/2931 1392/1574/2931
f 1386/1628/2932 1392/1574/2932 1393/1626/2932
f 1692/1629/2933 1391/1572/2933 1216/1573/2933
f 1692/1629/2934 1216/1573/2934 1386/1628/2934
f 1290/1584/2935 1663/1533/2935 1391/1572/2935
f 1290/1584/2936 1391/1572/2936 1692/1629/2936
f 1239/1597/2937 1668/1549/2937 1284/1598/2937
f 1239/1597/2938 1284/1598/2938 1240/1630/2938
f 1109/1571/2939 1303/1618/2939 1307/1631/2939
f 1109/1571/2940 1307/1631/2940 1203/1585/2940
f 1284/1598/2941 1283/1555/2941 1291/1588/2941
f 1284/1598/2942 1291/1588/2942 1693/1632/2942
f 1100/1590/2943 1666/1540/2943 1225/1596/2943
f 1100/1590/2944 1225/1596/2944 1694/1633/2944
f 1680/1580/2945 1204/1602/2945 1695/1634/2945
f 1680/1580/2946 1695/1634/2946 1116/1619/2946
f 1248/1557/2947 1309/1591/2947 1308/1635/2947
f 1248/1557/2948 1308/1635/2948 1225/1596/2948
f 1254/1593/2949 1174/1546/2949 1253/1609/2949
f 1254/1593/2950 1253/1609/2950 1696/1636/2950
f 1185/1594/2951 1184/1544/2951 1182/1595/2951
f 1185/1594/2952 1182/1595/2952 1697/1637/2952
f 1182/1595/2953 1209/1563/2953 1254/1593/2953
f 1182/1595/2954 1254/1593/2954 1279/1638/2954
f 1241/1601/2955 1664/1535/2955 1246/1587/2955
f 1241/1601/2956 1246/1587/2956 1698/1639/2956
f 1242/1570/2957 1241/1601/2957 1698/1639/2957
f 1242/1570/2958 1698/1639/2958 1306/1617/2958
f 1698/1639/2959 1246/1587/2959 1243/1579/2959
f 1698/1639/2960 1243/1579/2960 1689/1616/2960
f 1683/1604/2961 1675/1568/2961 1275/1614/2961
f 1683/1604/2962 1275/1614/2962 1276/1640/2962
f 1696/1636/2963 1253/1609/2963 1277/1608/2963
f 1696/1636/2964 1277/1608/2964 1699/1641/2964
f 1699/1641/2965 1277/1608/2965 1683/1604/2965
f 1699/1641/2966 1683/1604/2966 1276/1640/2966
f 1143/1539/2967 1286/1589/2967 1700/1642/2967
f 1143/1539/2968 1700/1642/2968 1291/1588/2968
f 1286/1589/2969 1288/1538/2969 1287/1586/2969
f 1286/1589/2970 1287/1586/2970 1327/1643/2970
f 1287/1586/2971 1289/1534/2971 1290/1584/2971
f 1287/1586/2972 1290/1584/2972 1711/1644/2972
f 1408/1599/2973 1670/1556/2973 1411/1592/2973
f 1408/1599/2974 1411/1592/2974 1409/1645/2974
f 1410/1603/2975 1671/1558/2975 1408/1599/2975
f 1410/1603/2976 1408/1599/2976 1409/1645/2976
f 1667/1541/2977 1203/1585/2977 1159/1646/2977
f 1667/1541/2978 1159/1646/2978 1204/1602/2978
f 1309/1591/2979 1231/1550/2979 1310/1625/2979
f 1309/1591/2980 1310/1625/2980 1701/1647/2980
f 1310/1625/2981 1364/1624/2981 1368/1648/2981
f 1310/1625/2982 1368/1648/2982 1701/1647/2982
f 1368/1648/2983 1364/1624/2983 1385/1623/2983
f 1368/1648/2984 1385/1623/2984 1367/1649/2984
f 1367/1649/2985 1385/1623/2985 1380/1622/2985
f 1367/1649/2986 1380/1622/2986 1381/1650/2986
f 1381/1650/2987 1380/1622/2987 1691/1621/2987
f 1381/1650/2988 1691/1621/2988 1365/1651/2988
f 1691/1621/2989 1383/781/2989 1690/1620/2989
f 1691/1621/2990 1690/1620/2990 1365/1651/2990
f 1411/1592/2991 1407/1542/2991 1682/1600/2991
f 1411/1592/2992 1682/1600/2992 1402/1652/2992
f 1180/1583/2993 1684/1606/2993 1406/1653/2993
f 1180/1583/2994 1406/1653/2994 1682/1600/2994
f 1102/1654/2995 1095/1605/2995 1100/1590/2995
f 1102/1654/2996 1100/1590/2996 1694/1633/2996
f 1265/1655/2997 1235/1611/2997 1095/1605/2997
f 1265/1655/2998 1095/1605/2998 1102/1654/2998
f 1297/1612/2999 1235/1611/2999 1265/1655/2999
f 1297/1612/3000 1265/1655/3000 1264/1656/3000
f 1399/1657/3001 1687/784/3001 1410/1603/3001
f 1399/1657/3002 1410/1603/3002 1409/1645/3002
f 1400/1627/3003 1687/784/3003 1399/1657/3003
f 1400/1627/3004 1399/1657/3004 1394/1658/3004
f 1702/1659/3005 1393/1626/3005 1400/1627/3005
f 1702/1659/3006 1400/1627/3006 1394/1658/3006
f 1386/1628/3007 1393/1626/3007 1702/1659/3007
f 1386/1628/3008 1702/1659/3008 1703/1660/3008
f 1684/1606/3009 1185/1594/3009 1697/1637/3009
f 1684/1606/3010 1697/1637/3010 1403/1661/3010
f 1260/1662/3011 1685/1607/3011 1239/1597/3011
f 1260/1662/3012 1239/1597/3012 1240/1630/3012
f 1222/1663/3013 1292/1610/3013 1685/1607/3013
f 1222/1663/3014 1685/1607/3014 1260/1662/3014
f 1686/1613/3015 1297/1612/3015 1264/1656/3015
f 1686/1613/3016 1264/1656/3016 1271/1664/3016
f 1274/1665/3017 1275/1614/3017 1686/1613/3017
f 1274/1665/3018 1686/1613/3018 1271/1664/3018
f 1688/1615/3019 1292/1610/3019 1222/1663/3019
f 1688/1615/3020 1222/1663/3020 1302/1666/3020
f 1704/1667/3021 1689/1616/3021 1688/1615/3021
f 1704/1667/3022 1688/1615/3022 1302/1666/3022
f 1390/1668/3023 1692/1629/3023 1386/1628/3023
f 1390/1668/3024 1386/1628/3024 1703/1660/3024
f 1303/1618/3025 1306/1617/3025 1704/1667/3025
f 1303/1618/3026 1704/1667/3026 1705/1669/3026
f 1306/1617/3027 1698/1639/3027 1689/1616/3027
f 1306/1617/3028 1689/1616/3028 1704/1667/3028
f 1203/1585/3029 1307/1631/3029 1706/1670/3029
f 1203/1585/3030 1706/1670/3030 1159/1646/3030
f 1406/1653/3031 1684/1606/3031 1403/1661/3031
f 1406/1653/3032 1403/1661/3032 1707/1671/3032
f 1694/1633/3033 1225/1596/3033 1308/1635/3033
f 1694/1633/3034 1308/1635/3034 1294/1672/3034
f 1275/1614/3035 1274/1665/3035 1708/1673/3035
f 1275/1614/3036 1708/1673/3036 1276/1640/3036
f 1697/1637/3037 1182/1595/3037 1279/1638/3037
f 1697/1637/3038 1279/1638/3038 1709/1674/3038
f 1284/1598/3039 1693/1632/3039 1318/1675/3039
f 1284/1598/3040 1318/1675/3040 1240/1630/3040
f 1693/1632/3041 1291/1588/3041 1700/1642/3041
f 1693/1632/3042 1700/1642/3042 1285/1676/3042
f 1286/1589/3043 1327/1643/3043 1336/1677/3043
f 1286/1589/3044 1336/1677/3044 1700/1642/3044
f 1287/1586/3045 1711/1644/3045 1378/1678/3045
f 1287/1586/3046 1378/1678/3046 1327/1643/3046
f 1690/1620/3047 1116/1619/3047 1710/1679/3047
f 1690/1620/3048 1710/1679/3048 1365/1651/3048
f 1116/1619/3049 1695/1634/3049 1339/1680/3049
f 1116/1619/3050 1339/1680/3050 1710/1679/3050
f 1402/1652/3051 1682/1600/3051 1406/1653/3051
f 1402/1652/3052 1406/1653/3052 1707/1671/3052
f 1290/1584/3053 1692/1629/3053 1390/1668/3053
f 1290/1584/3054 1390/1668/3054 1711/1644/3054
f 1279/1638/3055 1254/1593/3055 1696/1636/3055
f 1279/1638/3056 1696/1636/3056 1712/1681/3056
f 1712/1681/3057 1696/1636/3057 1699/1641/3057
f 1712/1681/3058 1699/1641/3058 1431/1682/3058
f 1699/1641/3059 1276/1640/3059 1278/1683/3059
f 1699/1641/3060 1278/1683/3060 1431/1682/3060
f 1308/1635/3061 1309/1591/3061 1701/1647/3061
f 1308/1635/3062 1701/1647/3062 1293/1684/3062
f 1701/1647/3063 1368/1648/3063 1262/1685/3063
f 1701/1647/3064 1262/1685/3064 1293/1684/3064
f 1368/1648/3065 1367/1649/3065 1366/1686/3065
f 1368/1648/3066 1366/1686/3066 1262/1685/3066
f 1367/1649/3067 1381/1650/3067 1358/1687/3067
f 1367/1649/3068 1358/1687/3068 1366/1686/3068
f 1381/1650/3069 1365/1651/3069 1357/1688/3069
f 1381/1650/3070 1357/1688/3070 1358/1687/3070
f 1307/1631/3071 1303/1618/3071 1705/1669/3071
f 1307/1631/3072 1705/1669/3072 1333/1689/3072
f 1266/1690/3073 1102/1654/3073 1694/1633/3073
f 1266/1690/3074 1694/1633/3074 1294/1672/3074
f 1713/1691/3075 1265/1655/3075 1102/1654/3075
f 1713/1691/3076 1102/1654/3076 1266/1690/3076
f 1301/1692/3077 1260/1662/3077 1240/1630/3077
f 1301/1692/3078 1240/1630/3078 1318/1675/3078
f 1222/1663/3079 1260/1662/3079 1301/1692/3079
f 1222/1663/3080 1301/1692/3080 1302/1666/3080
f 1264/1656/3081 1265/1655/3081 1713/1691/3081
f 1264/1656/3082 1713/1691/3082 1723/1693/3082
f 1271/1664/3083 1264/1656/3083 1723/1693/3083
f 1271/1664/3084 1723/1693/3084 1273/1694/3084
f 1274/1665/3085 1271/1664/3085 1273/1694/3085
f 1274/1665/3086 1273/1694/3086 1272/1695/3086
f 1403/1661/3087 1697/1637/3087 1709/1674/3087
f 1403/1661/3088 1709/1674/3088 1714/1696/3088
f 1304/1697/3089 1705/1669/3089 1704/1667/3089
f 1304/1697/3090 1704/1667/3090 1302/1666/3090
f 1695/1634/3091 1204/1602/3091 1159/1646/3091
f 1695/1634/3092 1159/1646/3092 1335/1698/3092
f 1399/1657/3093 1409/1645/3093 1412/1699/3093
f 1399/1657/3094 1412/1699/3094 1387/1700/3094
f 1409/1645/3095 1411/1592/3095 1396/1701/3095
f 1409/1645/3096 1396/1701/3096 1412/1699/3096
f 1396/1701/3097 1411/1592/3097 1402/1652/3097
f 1396/1701/3098 1402/1652/3098 1715/1702/3098
f 1394/1658/3099 1399/1657/3099 1387/1700/3099
f 1394/1658/3100 1387/1700/3100 1395/1703/3100
f 1703/1660/3101 1702/1659/3101 1375/1704/3101
f 1703/1660/3102 1375/1704/3102 1374/1705/3102
f 1702/1659/3103 1394/1658/3103 1353/1706/3103
f 1702/1659/3104 1353/1706/3104 1375/1704/3104
f 1716/1707/3105 1390/1668/3105 1703/1660/3105
f 1716/1707/3106 1703/1660/3106 1374/1705/3106
f 1377/1708/3107 1711/1644/3107 1390/1668/3107
f 1377/1708/3108 1390/1668/3108 1716/1707/3108
f 1708/1673/3109 1274/1665/3109 1272/1695/3109
f 1708/1673/3110 1272/1695/3110 1717/1709/3110
f 1278/1683/3111 1276/1640/3111 1708/1673/3111
f 1278/1683/3112 1708/1673/3112 1718/1710/3112
f 1693/1632/3113 1285/1676/3113 1719/1711/3113
f 1693/1632/3114 1719/1711/3114 1318/1675/3114
f 1378/1678/3115 1711/1644/3115 1377/1708/3115
f 1378/1678/3116 1377/1708/3116 1371/1712/3116
f 1294/1672/3117 1308/1635/3117 1293/1684/3117
f 1294/1672/3118 1293/1684/3118 1296/1713/3118
f 1293/1684/3119 1262/1685/3119 1720/1714/3119
f 1293/1684/3120 1720/1714/3120 1296/1713/3120
f 1304/1697/3121 1302/1666/3121 1301/1692/3121
f 1304/1697/3122 1301/1692/3122 1305/1715/3122
f 1305/1715/3123 1301/1692/3123 1318/1675/3123
f 1305/1715/3124 1318/1675/3124 1719/1711/3124
f 1706/1670/3125 1307/1631/3125 1333/1689/3125
f 1706/1670/3126 1333/1689/3126 1323/1716/3126
f 1333/1689/3127 1705/1669/3127 1304/1697/3127
f 1333/1689/3128 1304/1697/3128 1325/1717/3128
f 1285/1676/3129 1700/1642/3129 1336/1677/3129
f 1285/1676/3130 1336/1677/3130 1721/1718/3130
f 1327/1643/3131 1378/1678/3131 1434/1719/3131
f 1327/1643/3132 1434/1719/3132 1336/1677/3132
f 1262/1685/3133 1366/1686/3133 1348/1720/3133
f 1262/1685/3134 1348/1720/3134 1720/1714/3134
f 1366/1686/3135 1358/1687/3135 1347/1721/3135
f 1366/1686/3136 1347/1721/3136 1348/1720/3136
f 1358/1687/3137 1357/1688/3137 1350/1722/3137
f 1358/1687/3138 1350/1722/3138 1347/1721/3138
f 1353/1706/3139 1394/1658/3139 1395/1703/3139
f 1353/1706/3140 1395/1703/3140 1370/1723/3140
f 1715/1702/3141 1402/1652/3141 1707/1671/3141
f 1715/1702/3142 1707/1671/3142 1404/1724/3142
f 1707/1671/3143 1403/1661/3143 1714/1696/3143
f 1707/1671/3144 1714/1696/3144 1404/1724/3144
f 1357/1688/3145 1365/1651/3145 1710/1679/3145
f 1357/1688/3146 1710/1679/3146 1722/1725/3146
f 1710/1679/3147 1339/1680/3147 1337/1726/3147
f 1710/1679/3148 1337/1726/3148 1722/1725/3148
f 1709/1674/3149 1279/1638/3149 1712/1681/3149
f 1709/1674/3150 1712/1681/3150 1281/1727/3150
f 1281/1727/3151 1712/1681/3151 1431/1682/3151
f 1281/1727/3152 1431/1682/3152 1237/1728/3152
f 1237/1728/3153 1431/1682/3153 1278/1683/3153
f 1237/1728/3154 1278/1683/3154 1326/1729/3154
f 1724/1730/3155 1266/1690/3155 1294/1672/3155
f 1724/1730/3156 1294/1672/3156 1296/1713/3156
f 1714/1696/3157 1709/1674/3157 1281/1727/3157
f 1714/1696/3158 1281/1727/3158 1280/1731/3158
f 1713/1691/3159 1266/1690/3159 1724/1730/3159
f 1713/1691/3160 1724/1730/3160 1723/1693/3160
f 1272/1695/3161 1273/1694/3161 1726/1732/3161
f 1272/1695/3162 1726/1732/3162 1725/1733/3162
f 1340/1734/3163 1339/1680/3163 1695/1634/3163
f 1340/1734/3164 1695/1634/3164 1335/1698/3164
f 1727/1735/3165 1375/1704/3165 1353/1706/3165
f 1727/1735/3166 1353/1706/3166 1370/1723/3166
f 1728/1736/3167 1374/1705/3167 1375/1704/3167
f 1728/1736/3168 1375/1704/3168 1727/1735/3168
f 1716/1707/3169 1374/1705/3169 1373/1737/3169
f 1716/1707/3170 1373/1737/3170 1377/1708/3170
f 1395/1703/3171 1387/1700/3171 1401/1738/3171
f 1395/1703/3172 1401/1738/3172 1360/1739/3172
f 1387/1700/3173 1412/1699/3173 1405/1740/3173
f 1387/1700/3174 1405/1740/3174 1401/1738/3174
f 1412/1699/3175 1396/1701/3175 1715/1702/3175
f 1412/1699/3176 1715/1702/3176 1405/1740/3176
f 1273/1694/3177 1723/1693/3177 1724/1730/3177
f 1273/1694/3178 1724/1730/3178 1726/1732/3178
f 1280/1731/3179 1281/1727/3179 1237/1728/3179
f 1280/1731/3180 1237/1728/3180 1729/1741/3180
f 1729/1741/3181 1237/1728/3181 1326/1729/3181
f 1729/1741/3182 1326/1729/3182 1730/1742/3182
f 1724/1730/3183 1296/1713/3183 1295/1743/3183
f 1724/1730/3184 1295/1743/3184 1726/1732/3184
f 1295/1743/3185 1296/1713/3185 1720/1714/3185
f 1295/1743/3186 1720/1714/3186 1345/1744/3186
f 1718/1710/3187 1708/1673/3187 1717/1709/3187
f 1718/1710/3188 1717/1709/3188 1298/1745/3188
f 1325/1717/3189 1304/1697/3189 1305/1715/3189
f 1325/1717/3190 1305/1715/3190 1300/1746/3190
f 1300/1746/3191 1305/1715/3191 1719/1711/3191
f 1300/1746/3192 1719/1711/3192 1320/1747/3192
f 1320/1747/3193 1719/1711/3193 1285/1676/3193
f 1320/1747/3194 1285/1676/3194 1721/1718/3194
f 1159/1646/3195 1706/1670/3195 1323/1716/3195
f 1159/1646/3196 1323/1716/3196 1335/1698/3196
f 1323/1716/3197 1333/1689/3197 1325/1717/3197
f 1323/1716/3198 1325/1717/3198 1334/1748/3198
f 1336/1677/3199 1434/1719/3199 1731/1749/3199
f 1336/1677/3200 1731/1749/3200 1721/1718/3200
f 1339/1680/3201 1340/1734/3201 1732/1750/3201
f 1339/1680/3202 1732/1750/3202 1337/1726/3202
f 1345/1744/3203 1720/1714/3203 1348/1720/3203
f 1345/1744/3204 1348/1720/3204 1343/1751/3204
f 1343/1751/3205 1348/1720/3205 1347/1721/3205
f 1343/1751/3206 1347/1721/3206 1341/1752/3206
f 1341/1752/3207 1347/1721/3207 1350/1722/3207
f 1341/1752/3208 1350/1722/3208 1733/1753/3208
f 1370/1723/3209 1395/1703/3209 1360/1739/3209
f 1370/1723/3210 1360/1739/3210 1745/1754/3210
f 1377/1708/3211 1373/1737/3211 1734/1755/3211
f 1377/1708/3212 1734/1755/3212 1371/1712/3212
f 1378/1678/3213 1371/1712/3213 1372/1756/3213
f 1378/1678/3214 1372/1756/3214 1434/1719/3214
f 1404/1724/3215 1714/1696/3215 1280/1731/3215
f 1404/1724/3216 1280/1731/3216 1397/1757/3216
f 1405/1740/3217 1715/1702/3217 1404/1724/3217
f 1405/1740/3218 1404/1724/3218 1397/1757/3218
f 1326/1729/3219 1278/1683/3219 1718/1710/3219
f 1326/1729/3220 1718/1710/3220 1735/1758/3220
f 1350/1722/3221 1357/1688/3221 1722/1725/3221
f 1350/1722/3222 1722/1725/3222 1733/1753/3222
f 1722/1725/3223 1337/1726/3223 1342/1759/3223
f 1722/1725/3224 1342/1759/3224 1733/1753/3224
f 1272/1695/3225 1725/1733/3225 1736/1760/3225
f 1272/1695/3226 1736/1760/3226 1717/1709/3226
f 1373/1737/3227 1374/1705/3227 1728/1736/3227
f 1373/1737/3228 1728/1736/3228 1737/1761/3228
f 1725/1733/3229 1726/1732/3229 1295/1743/3229
f 1725/1733/3230 1295/1743/3230 1738/1762/3230
f 1728/1736/3231 1727/1735/3231 1362/1763/3231
f 1728/1736/3232 1362/1763/3232 1363/1764/3232
f 1401/1738/3233 1405/1740/3233 1397/1757/3233
f 1401/1738/3234 1397/1757/3234 1424/1765/3234
f 1355/1766/3235 1360/1739/3235 1401/1738/3235
f 1355/1766/3236 1401/1738/3236 1424/1765/3236
f 1340/1734/3237 1335/1698/3237 1322/1767/3237
f 1340/1734/3238 1322/1767/3238 1739/1768/3238
f 1397/1757/3239 1280/1731/3239 1729/1741/3239
f 1397/1757/3240 1729/1741/3240 1424/1765/3240
f 1738/1762/3241 1295/1743/3241 1345/1744/3241
f 1738/1762/3242 1345/1744/3242 1346/1769/3242
f 1298/1745/3243 1717/1709/3243 1736/1760/3243
f 1298/1745/3244 1736/1760/3244 1740/1770/3244
f 1736/1760/3245 1725/1733/3245 1738/1762/3245
f 1736/1760/3246 1738/1762/3246 1740/1770/3246
f 1334/1748/3247 1325/1717/3247 1300/1746/3247
f 1334/1748/3248 1300/1746/3248 1321/1771/3248
f 1300/1746/3249 1320/1747/3249 1319/1772/3249
f 1300/1746/3250 1319/1772/3250 1321/1771/3250
f 1319/1772/3251 1320/1747/3251 1721/1718/3251
f 1319/1772/3252 1721/1718/3252 1741/1773/3252
f 1741/1773/3253 1721/1718/3253 1731/1749/3253
f 1741/1773/3254 1731/1749/3254 1329/1774/3254
f 1323/1716/3255 1334/1748/3255 1322/1767/3255
f 1323/1716/3256 1322/1767/3256 1335/1698/3256
f 1341/1752/3257 1733/1753/3257 1342/1759/3257
f 1341/1752/3258 1342/1759/3258 1747/1775/3258
f 1346/1769/3259 1345/1744/3259 1343/1751/3259
f 1346/1769/3260 1343/1751/3260 1344/1776/3260
f 1344/1776/3261 1343/1751/3261 1341/1752/3261
f 1344/1776/3262 1341/1752/3262 1747/1775/3262
f 1360/1739/3263 1355/1766/3263 1354/1777/3263
f 1360/1739/3264 1354/1777/3264 1745/1754/3264
f 1737/1761/3265 1728/1736/3265 1363/1764/3265
f 1737/1761/3266 1363/1764/3266 1742/1778/3266
f 1731/1749/3267 1434/1719/3267 1372/1756/3267
f 1731/1749/3268 1372/1756/3268 1376/1779/3268
f 1735/1758/3269 1718/1710/3269 1298/1745/3269
f 1735/1758/3270 1298/1745/3270 1359/1780/3270
f 1730/1742/3271 1326/1729/3271 1735/1758/3271
f 1730/1742/3272 1735/1758/3272 1359/1780/3272
f 1729/1741/3273 1730/1742/3273 1352/1781/3273
f 1729/1741/3274 1352/1781/3274 1424/1765/3274
f 1337/1726/3275 1732/1750/3275 1743/1782/3275
f 1337/1726/3276 1743/1782/3276 1342/1759/3276
f 1370/1723/3277 1745/1754/3277 1362/1763/3277
f 1370/1723/3278 1362/1763/3278 1727/1735/3278
f 1371/1712/3279 1734/1755/3279 1744/1783/3279
f 1371/1712/3280 1744/1783/3280 1372/1756/3280
f 1734/1755/3281 1373/1737/3281 1737/1761/3281
f 1734/1755/3282 1737/1761/3282 1330/1784/3282
f 1732/1750/3283 1340/1734/3283 1739/1768/3283
f 1732/1750/3284 1739/1768/3284 1328/1785/3284
f 1355/1766/3285 1424/1765/3285 1352/1781/3285
f 1355/1766/3286 1352/1781/3286 1752/1786/3286
f 1361/1787/3287 1363/1764/3287 1362/1763/3287
f 1361/1787/3288 1362/1763/3288 1745/1754/3288
f 1331/1788/3289 1739/1768/3289 1322/1767/3289
f 1331/1788/3290 1322/1767/3290 1324/1789/3290
f 1322/1767/3291 1334/1748/3291 1321/1771/3291
f 1322/1767/3292 1321/1771/3292 1324/1789/3292
f 1352/1781/3293 1730/1742/3293 1359/1780/3293
f 1352/1781/3294 1359/1780/3294 1752/1786/3294
f 1351/1790/3295 1359/1780/3295 1298/1745/3295
f 1351/1790/3296 1298/1745/3296 1740/1770/3296
f 1324/1789/3297 1321/1771/3297 1319/1772/3297
f 1324/1789/3298 1319/1772/3298 1741/1773/3298
f 1329/1774/3299 1731/1749/3299 1376/1779/3299
f 1329/1774/3300 1376/1779/3300 1332/1791/3300
f 1738/1762/3301 1346/1769/3301 1759/1792/3301
f 1738/1762/3302 1759/1792/3302 1740/1770/3302
f 1346/1769/3303 1344/1776/3303 1746/1793/3303
f 1346/1769/3304 1746/1793/3304 1759/1792/3304
f 1344/1776/3305 1747/1775/3305 1338/1794/3305
f 1344/1776/3306 1338/1794/3306 1746/1793/3306
f 1355/1766/3307 1752/1786/3307 1751/1795/3307
f 1355/1766/3308 1751/1795/3308 1354/1777/3308
f 1363/1764/3309 1361/1787/3309 1748/1796/3309
f 1363/1764/3310 1748/1796/3310 1742/1778/3310
f 1330/1784/3311 1737/1761/3311 1742/1778/3311
f 1330/1784/3312 1742/1778/3312 1356/1797/3312
f 1328/1785/3313 1739/1768/3313 1331/1788/3313
f 1328/1785/3314 1331/1788/3314 1329/1774/3314
f 1741/1773/3315 1329/1774/3315 1331/1788/3315
f 1741/1773/3316 1331/1788/3316 1324/1789/3316
f 1376/1779/3317 1372/1756/3317 1744/1783/3317
f 1376/1779/3318 1744/1783/3318 1749/1798/3318
f 1342/1759/3319 1743/1782/3319 1750/1799/3319
f 1342/1759/3320 1750/1799/3320 1747/1775/3320
f 1743/1782/3321 1732/1750/3321 1328/1785/3321
f 1743/1782/3322 1328/1785/3322 1750/1799/3322
f 1744/1783/3323 1734/1755/3323 1330/1784/3323
f 1744/1783/3324 1330/1784/3324 1749/1798/3324
f 1361/1787/3325 1745/1754/3325 1354/1777/3325
f 1361/1787/3326 1354/1777/3326 1369/1800/3326
f 1751/1795/3327 1752/1786/3327 1359/1780/3327
f 1751/1795/3328 1359/1780/3328 1351/1790/3328
f 1328/1785/3329 1329/1774/3329 1332/1791/3329
f 1328/1785/3330 1332/1791/3330 1750/1799/3330
f 1330/1784/3331 1356/1797/3331 1753/1801/3331
f 1330/1784/3332 1753/1801/3332 1749/1798/3332
f 1332/1791/3333 1376/1779/3333 1749/1798/3333
f 1332/1791/3334 1749/1798/3334 1753/1801/3334
f 1740/1770/3335 1759/1792/3335 1349/1802/3335
f 1740/1770/3336 1349/1802/3336 1351/1790/3336
f 1361/1787/3337 1369/1800/3337 1755/1803/3337
f 1361/1787/3338 1755/1803/3338 1748/1796/3338
f 1369/1800/3339 1354/1777/3339 1751/1795/3339
f 1369/1800/3340 1751/1795/3340 1351/1790/3340
f 1742/1778/3341 1748/1796/3341 1756/1804/3341
f 1742/1778/3342 1756/1804/3342 1356/1797/3342
f 1746/1793/3343 1338/1794/3343 1757/1805/3343
f 1746/1793/3344 1757/1805/3344 1754/1806/3344
f 1338/1794/3345 1747/1775/3345 1750/1799/3345
f 1338/1794/3346 1750/1799/3346 1332/1791/3346
f 1369/1800/3347 1351/1790/3347 1349/1802/3347
f 1369/1800/3348 1349/1802/3348 1755/1803/3348
f 1338/1794/3349 1332/1791/3349 1753/1801/3349
f 1338/1794/3350 1753/1801/3350 1757/1805/3350
f 1756/1804/3351 1748/1796/3351 1755/1803/3351
f 1756/1804/3352 1755/1803/3352 1349/1802/3352
f 1349/1802/3353 1759/1792/3353 1758/1807/3353
f 1349/1802/3354 1758/1807/3354 1756/1804/3354
f 1758/1807/3355 1759/1792/3355 1746/1793/3355
f 1758/1807/3356 1746/1793/3356 1754/1806/3356
f 1757/1805/3357 1753/1801/3357 1356/1797/3357
f 1757/1805/3358 1356/1797/3358 1754/1806/3358
f 1754/1806/3359 1356/1797/3359 1756/1804/3359
f 1754/1806/3360 1756/1804/3360 1758/1807/3360
f 2025/1808/3361 2027/1809/3361 2026/1810/3361
f 2015/1811/3362 1840/1812/3362 2016/1813/3362
f 2559/1814/3363 2566/1815/3363 2023/1816/3363
f 2165/1817/3364 2070/1818/3364 2548/1819/3364
f 2266/1820/3365 2265/1821/3365 2264/1822/3365
f 2758/1823/3366 2288/1824/3366 2247/1825/3366
f 826/1826/3367 1765/1827/3367 2435/1828/3367
f 826/1826/3368 2435/1828/3368 825/1829/3368
f 1765/1827/3369 1764/1830/3369 1803/1831/3369
f 1765/1827/3370 1803/1831/3370 2435/1828/3370
f 1764/1830/3371 1763/1832/3371 2436/1833/3371
f 1764/1830/3372 2436/1833/3372 1803/1831/3372
f 415/1834/3373 821/1835/3373 2437/1836/3373
f 415/1834/3374 2437/1836/3374 416/1837/3374
f 821/1835/3375 822/1838/3375 1816/1839/3375
f 821/1835/3376 1816/1839/3376 2437/1836/3376
f 822/1838/3377 823/1840/3377 2438/1841/3377
f 822/1838/3378 2438/1841/3378 1816/1839/3378
f 820/1842/3379 401/1843/3379 428/1844/3379
f 820/1842/3380 428/1844/3380 1812/1845/3380
f 428/1844/3381 427/1846/3381 2439/1847/3381
f 428/1844/3382 2439/1847/3382 1812/1845/3382
f 2439/1847/3383 427/1846/3383 426/1848/3383
f 2439/1847/3384 426/1848/3384 1856/1849/3384
f 426/1848/3385 425/1850/3385 1919/1851/3385
f 426/1848/3386 1919/1851/3386 1856/1849/3386
f 801/1852/3387 802/1853/3387 2440/1854/3387
f 801/1852/3388 2440/1854/3388 1766/1855/3388
f 802/1853/3389 803/1856/3389 1851/1857/3389
f 802/1853/3390 1851/1857/3390 2440/1854/3390
f 803/1856/3391 804/1858/3391 1829/1859/3391
f 803/1856/3392 1829/1859/3392 1851/1857/3392
f 774/1860/3393 775/1861/3393 1789/1862/3393
f 774/1860/3394 1789/1862/3394 2441/1863/3394
f 2441/1863/3395 1789/1862/3395 1788/1864/3395
f 2441/1863/3396 1788/1864/3396 1843/1865/3396
f 1843/1865/3397 1788/1864/3397 1787/1866/3397
f 1843/1865/3398 1787/1866/3398 1845/1867/3398
f 9/1868/3399 756/1869/3399 2442/1870/3399
f 9/1868/3400 2442/1870/3400 36/1871/3400
f 756/1869/3401 757/1872/3401 1911/1873/3401
f 756/1869/3402 1911/1873/3402 2442/1870/3402
f 1911/1873/3403 757/1872/3403 758/1874/3403
f 1911/1873/3404 758/1874/3404 1910/1875/3404
f 1910/1875/3405 758/1874/3405 759/1876/3405
f 1910/1875/3406 759/1876/3406 2443/1877/3406
f 2443/1877/3407 759/1876/3407 760/1878/3407
f 2443/1877/3408 760/1878/3408 2444/1879/3408
f 2444/1879/3409 760/1878/3409 761/1880/3409
f 2444/1879/3410 761/1880/3410 2040/1881/3410
f 2040/1881/3411 761/1880/3411 762/1882/3411
f 2040/1881/3412 762/1882/3412 2080/1883/3412
f 2080/1883/3413 762/1882/3413 763/1884/3413
f 2080/1883/3414 763/1884/3414 2445/1885/3414
f 763/1884/3415 764/1886/3415 1948/1887/3415
f 763/1884/3416 1948/1887/3416 2445/1885/3416
f 764/1886/3417 765/1888/3417 2446/1889/3417
f 764/1886/3418 2446/1889/3418 1948/1887/3418
f 23/1890/3419 24/1891/3419 1898/1892/3419
f 23/1890/3420 1898/1892/3420 755/1893/3420
f 750/1894/3421 751/1895/3421 1800/1896/3421
f 750/1894/3422 1800/1896/3422 1790/1897/3422
f 751/1895/3423 752/1898/3423 2447/1899/3423
f 751/1895/3424 2447/1899/3424 1800/1896/3424
f 2447/1899/3425 752/1898/3425 753/1900/3425
f 2447/1899/3426 753/1900/3426 2448/1901/3426
f 2448/1901/3427 753/1900/3427 754/1902/3427
f 2448/1901/3428 754/1902/3428 2449/1903/3428
f 417/1904/3429 416/1837/3429 2437/1836/3429
f 417/1904/3430 2437/1836/3430 1830/1905/3430
f 1852/1906/3431 418/1907/3431 417/1904/3431
f 1852/1906/3432 417/1904/3432 1830/1905/3432
f 419/1908/3433 418/1907/3433 1852/1906/3433
f 419/1908/3434 1852/1906/3434 2450/1909/3434
f 1828/1910/3435 1767/1911/3435 1766/1855/3435
f 1828/1910/3436 1766/1855/3436 2440/1854/3436
f 1761/1912/3437 1760/1913/3437 2452/1914/3437
f 1761/1912/3438 2452/1914/3438 2451/1915/3438
f 1891/1916/3439 421/1917/3439 420/1918/3439
f 1891/1916/3440 420/1918/3440 1890/1919/3440
f 424/1920/3441 423/1921/3441 2453/1922/3441
f 424/1920/3442 2453/1922/3442 1937/1923/3442
f 814/1924/3443 815/1925/3443 2454/1926/3443
f 814/1924/3444 2454/1926/3444 1863/1927/3444
f 2455/1928/3445 813/1929/3445 814/1924/3445
f 2455/1928/3446 814/1924/3446 1863/1927/3446
f 2456/1930/3447 811/1931/3447 812/1932/3447
f 2456/1930/3448 812/1932/3448 1882/1933/3448
f 2457/1934/3449 810/1935/3449 811/1931/3449
f 2457/1934/3450 811/1931/3450 2456/1930/3450
f 808/1936/3451 809/1937/3451 1916/1938/3451
f 808/1936/3452 1916/1938/3452 2458/1939/3452
f 805/1940/3453 806/1941/3453 2460/1942/3453
f 805/1940/3454 2460/1942/3454 2459/1943/3454
f 2461/1944/3455 1769/1945/3455 1768/1946/3455
f 2461/1944/3456 1768/1946/3456 2462/1947/3456
f 2464/1948/3457 1771/1949/3457 1770/1950/3457
f 2464/1948/3458 1770/1950/3458 2463/1951/3458
f 1774/1952/3459 1773/1953/3459 1914/1954/3459
f 1774/1952/3460 1914/1954/3460 2465/1955/3460
f 1775/1956/3461 1774/1952/3461 2465/1955/3461
f 1775/1956/3462 2465/1955/3462 1959/1957/3462
f 1776/1958/3463 1775/1956/3463 1959/1957/3463
f 1776/1958/3464 1959/1957/3464 2466/1959/3464
f 1777/1960/3465 1776/1958/3465 2466/1959/3465
f 1777/1960/3466 2466/1959/3466 2078/1961/3466
f 2467/1962/3467 1777/1960/3467 2078/1961/3467
f 1780/1963/3468 1779/1964/3468 1953/1965/3468
f 1780/1963/3469 1953/1965/3469 2468/1966/3469
f 1782/1967/3470 1781/1968/3470 1952/1969/3470
f 1782/1967/3471 1952/1969/3471 1908/1970/3471
f 1951/1971/3472 1783/1972/3472 1782/1967/3472
f 1951/1971/3473 1782/1967/3473 1908/1970/3473
f 2469/1973/3474 1784/1974/3474 1783/1972/3474
f 2469/1973/3475 1783/1972/3475 1951/1971/3475
f 2470/1975/3476 1786/1976/3476 1785/1977/3476
f 2470/1975/3477 1785/1977/3477 1842/1978/3477
f 772/1979/3478 773/1980/3478 2471/1981/3478
f 772/1979/3479 2471/1981/3479 2017/1982/3479
f 771/1983/3480 772/1979/3480 2017/1982/3480
f 771/1983/3481 2017/1982/3481 2472/1984/3481
f 770/1985/3482 771/1983/3482 2472/1984/3482
f 770/1985/3483 2472/1984/3483 2473/1986/3483
f 768/1987/3484 769/1988/3484 2474/1989/3484
f 768/1987/3485 2474/1989/3485 1907/1990/3485
f 2475/1991/3486 767/1992/3486 768/1987/3486
f 2475/1991/3487 768/1987/3487 1907/1990/3487
f 2476/1993/3488 766/1994/3488 767/1992/3488
f 2476/1993/3489 767/1992/3489 2475/1991/3489
f 2032/1995/3490 34/1996/3490 35/1997/3490
f 2032/1995/3491 35/1997/3491 2038/1998/3491
f 32/1999/3492 33/2000/3492 2056/2001/3492
f 32/1999/3493 2056/2001/3493 2055/2002/3493
f 31/2003/3494 32/1999/3494 2055/2002/3494
f 31/2003/3495 2055/2002/3495 1938/2004/3495
f 2477/2005/3496 30/2006/3496 31/2003/3496
f 2477/2005/3497 31/2003/3497 1938/2004/3497
f 1904/2007/3498 29/2008/3498 30/2006/3498
f 1904/2007/3499 30/2006/3499 2477/2005/3499
f 1903/2009/3500 28/2010/3500 29/2008/3500
f 1903/2009/3501 29/2008/3501 1904/2007/3501
f 2478/2011/3502 27/2012/3502 28/2010/3502
f 2478/2011/3503 28/2010/3503 1903/2009/3503
f 2479/2013/3504 1792/2014/3504 1791/2015/3504
f 2479/2013/3505 1791/2015/3505 1801/2016/3505
f 2480/2017/3506 1793/2018/3506 1792/2014/3506
f 2480/2017/3507 1792/2014/3507 2479/2013/3507
f 1794/2019/3508 1793/2018/3508 2480/2017/3508
f 1794/2019/3509 2480/2017/3509 2481/2020/3509
f 425/1850/3510 424/1920/3510 1937/1923/3510
f 425/1850/3511 1937/1923/3511 1919/1851/3511
f 812/1932/3512 813/1929/3512 2455/1928/3512
f 812/1932/3513 2455/1928/3513 1882/1933/3513
f 1842/1978/3514 1785/1977/3514 1784/1974/3514
f 1842/1978/3515 1784/1974/3515 2469/1973/3515
f 1845/1867/3516 1787/1866/3516 1786/1976/3516
f 1845/1867/3517 1786/1976/3517 2470/1975/3517
f 773/1980/3518 774/1860/3518 2441/1863/3518
f 773/1980/3519 2441/1863/3519 2471/1981/3519
f 24/1891/3520 25/2021/3520 1819/2022/3520
f 24/1891/3521 1819/2022/3521 1898/1892/3521
f 1801/2016/3522 1791/2015/3522 1790/1897/3522
f 1801/2016/3523 1790/1897/3523 1800/1896/3523
f 1763/1832/3524 1762/2023/3524 1804/2024/3524
f 1763/1832/3525 1804/2024/3525 2436/1833/3525
f 1804/2024/3526 1762/2023/3526 1761/1912/3526
f 1804/2024/3527 1761/1912/3527 2451/1915/3527
f 423/1921/3528 422/2025/3528 2482/2026/3528
f 423/1921/3529 2482/2026/3529 2453/1922/3529
f 1768/1946/3530 1767/1911/3530 1828/1910/3530
f 1768/1946/3531 1828/1910/3531 2462/1947/3531
f 34/1996/3532 2032/1995/3532 2483/2027/3532
f 34/1996/3533 2483/2027/3533 33/2000/3533
f 755/1893/3534 1898/1892/3534 2449/1903/3534
f 755/1893/3535 2449/1903/3535 754/1902/3535
f 825/1829/3536 2435/1828/3536 2484/2028/3536
f 825/1829/3537 2484/2028/3537 824/2029/3537
f 2435/1828/3538 1803/1831/3538 2485/2030/3538
f 2435/1828/3539 2485/2030/3539 2484/2028/3539
f 36/1871/3540 2442/1870/3540 2037/2031/3540
f 36/1871/3541 2037/2031/3541 35/1997/3541
f 2440/1854/3542 1851/1857/3542 2048/2032/3542
f 2440/1854/3543 2048/2032/3543 1828/1910/3543
f 2437/1836/3544 1816/1839/3544 2051/2033/3544
f 2437/1836/3545 2051/2033/3545 1830/1905/3545
f 820/1842/3546 1812/1845/3546 2486/2034/3546
f 820/1842/3547 2486/2034/3547 819/2035/3547
f 1816/1839/3548 2438/1841/3548 2487/2036/3548
f 1816/1839/3549 2487/2036/3549 2051/2033/3549
f 1851/1857/3550 1829/1859/3550 2047/2037/3550
f 1851/1857/3551 2047/2037/3551 2048/2032/3551
f 2471/1981/3552 2441/1863/3552 1843/1865/3552
f 2471/1981/3553 1843/1865/3553 2069/2038/3553
f 2069/2038/3554 1843/1865/3554 1845/1867/3554
f 2069/2038/3555 1845/1867/3555 1823/2039/3555
f 421/1917/3556 1891/1916/3556 2488/2040/3556
f 421/1917/3557 2488/2040/3557 422/2025/3557
f 1781/1968/3558 1780/1963/3558 2468/1966/3558
f 1781/1968/3559 2468/1966/3559 1952/1969/3559
f 2442/1870/3560 1911/1873/3560 2035/2041/3560
f 2442/1870/3561 2035/2041/3561 2037/2031/3561
f 2035/2041/3562 1911/1873/3562 1910/1875/3562
f 2035/2041/3563 1910/1875/3563 2033/2042/3563
f 2033/2042/3564 1910/1875/3564 2443/1877/3564
f 2033/2042/3565 2443/1877/3565 2489/2043/3565
f 2489/2043/3566 2443/1877/3566 2444/1879/3566
f 2489/2043/3567 2444/1879/3567 1847/2044/3567
f 1847/2044/3568 2444/1879/3568 2040/1881/3568
f 1847/2044/3569 2040/1881/3569 1956/2045/3569
f 807/2046/3570 808/1936/3570 2458/1939/3570
f 807/2046/3571 2458/1939/3571 2044/2047/3571
f 1956/2045/3572 2040/1881/3572 2080/1883/3572
f 1956/2045/3573 2080/1883/3573 2041/2048/3573
f 2041/2048/3574 2080/1883/3574 2445/1885/3574
f 2041/2048/3575 2445/1885/3575 2490/2049/3575
f 2490/2049/3576 2445/1885/3576 1948/1887/3576
f 2490/2049/3577 1948/1887/3577 2066/2050/3577
f 2066/2050/3578 1948/1887/3578 2446/1889/3578
f 2066/2050/3579 2446/1889/3579 2064/2051/3579
f 419/1908/3580 2450/1909/3580 1890/1919/3580
f 419/1908/3581 1890/1919/3581 420/1918/3581
f 810/1935/3582 2457/1934/3582 2491/2052/3582
f 810/1935/3583 2491/2052/3583 809/1937/3583
f 804/1858/3584 805/1940/3584 2459/1943/3584
f 804/1858/3585 2459/1943/3585 1829/1859/3585
f 1769/1945/3586 2461/1944/3586 2463/1951/3586
f 1769/1945/3587 2463/1951/3587 1770/1950/3587
f 1771/1949/3588 2464/1948/3588 1913/2053/3588
f 1771/1949/3589 1913/2053/3589 1772/2054/3589
f 769/1988/3590 770/1985/3590 2473/1986/3590
f 769/1988/3591 2473/1986/3591 2474/1989/3591
f 766/1994/3592 2476/1993/3592 1947/2055/3592
f 766/1994/3593 1947/2055/3593 765/1888/3593
f 27/2012/3594 2478/2011/3594 2492/2056/3594
f 27/2012/3595 2492/2056/3595 26/2057/3595
f 1794/2019/3596 2481/2020/3596 2452/1914/3596
f 1794/2019/3597 2452/1914/3597 1760/1913/3597
f 2493/2058/3598 818/2059/3598 819/2035/3598
f 2493/2058/3599 819/2035/3599 2486/2034/3599
f 2038/1998/3600 35/1997/3600 2037/2031/3600
f 2038/1998/3601 2037/2031/3601 1955/2060/3601
f 2056/2001/3602 33/2000/3602 2483/2027/3602
f 2056/2001/3603 2483/2027/3603 1909/2061/3603
f 2017/1982/3604 2471/1981/3604 2069/2038/3604
f 2017/1982/3605 2069/2038/3605 2494/2062/3605
f 2472/1984/3606 2017/1982/3606 2494/2062/3606
f 2472/1984/3607 2494/2062/3607 1949/2063/3607
f 2473/1986/3608 2472/1984/3608 1949/2063/3608
f 2473/1986/3609 1949/2063/3609 1822/2064/3609
f 2495/2065/3610 2055/2002/3610 2056/2001/3610
f 2495/2065/3611 2056/2001/3611 1909/2061/3611
f 1815/2066/3612 2438/1841/3612 823/1840/3612
f 1815/2066/3613 823/1840/3613 824/2029/3613
f 2446/1889/3614 765/1888/3614 1947/2055/3614
f 2446/1889/3615 1947/2055/3615 2064/2051/3615
f 1818/2067/3616 2448/1901/3616 2449/1903/3616
f 1818/2067/3617 2449/1903/3617 2496/2068/3617
f 2451/1915/3618 2452/1914/3618 2497/2069/3618
f 2451/1915/3619 2497/2069/3619 1798/2070/3619
f 1859/2071/3620 2454/1926/3620 815/1925/3620
f 1859/2071/3621 815/1925/3621 816/2072/3621
f 816/2072/3622 817/2073/3622 2498/2074/3622
f 816/2072/3623 2498/2074/3623 1859/2071/3623
f 1915/2075/3624 2460/1942/3624 806/1941/3624
f 1915/2075/3625 806/1941/3625 807/2046/3625
f 1849/2076/3626 2464/1948/3626 2463/1951/3626
f 1849/2076/3627 2463/1951/3627 2499/2077/3627
f 2500/2078/3628 1914/1954/3628 1773/1953/3628
f 2500/2078/3629 1773/1953/3629 1772/2054/3629
f 2501/2079/3630 1779/1964/3630 1778/2080/3630
f 2501/2079/3631 1778/2080/3631 2022/2081/3631
f 1953/1965/3632 1779/1964/3632 2501/2079/3632
f 1953/1965/3633 2501/2079/3633 2502/2082/3633
f 2504/2083/3634 1907/1990/3634 2474/1989/3634
f 2504/2083/3635 2474/1989/3635 2503/2084/3635
f 2505/2085/3636 25/2021/3636 26/2057/3636
f 2505/2085/3637 26/2057/3637 2492/2056/3637
f 2505/2085/3638 2563/2086/3638 1819/2022/3638
f 2505/2085/3639 1819/2022/3639 25/2021/3639
f 1954/2087/3640 2032/1995/3640 2038/1998/3640
f 1954/2087/3641 2038/1998/3641 2079/2088/3641
f 2479/2013/3642 1801/2016/3642 1834/2089/3642
f 2479/2013/3643 1834/2089/3643 2506/2090/3643
f 2480/2017/3644 2479/2013/3644 2506/2090/3644
f 2480/2017/3645 2506/2090/3645 2507/2091/3645
f 2481/2020/3646 2480/2017/3646 2507/2091/3646
f 2481/2020/3647 2507/2091/3647 1799/2092/3647
f 2508/2093/3648 1800/1896/3648 2447/1899/3648
f 2508/2093/3649 2447/1899/3649 2509/2094/3649
f 2509/2094/3650 2447/1899/3650 2448/1901/3650
f 2509/2094/3651 2448/1901/3651 1818/2067/3651
f 2365/2095/3652 1803/1831/3652 2436/1833/3652
f 2365/2095/3653 2436/1833/3653 2510/2096/3653
f 1852/1906/3654 1830/1905/3654 1966/2097/3654
f 1852/1906/3655 1966/2097/3655 1965/2098/3655
f 2450/1909/3656 1852/1906/3656 1965/2098/3656
f 2450/1909/3657 1965/2098/3657 1853/2099/3657
f 2439/1847/3658 1856/1849/3658 2511/2100/3658
f 2439/1847/3659 2511/2100/3659 1854/2101/3659
f 1811/2102/3660 1812/1845/3660 2439/1847/3660
f 1811/2102/3661 2439/1847/3661 1854/2101/3661
f 2475/1991/3662 1907/1990/3662 1841/2103/3662
f 2475/1991/3663 1841/2103/3663 2512/2104/3663
f 2476/1993/3664 2475/1991/3664 2512/2104/3664
f 2476/1993/3665 2512/2104/3665 1906/2105/3665
f 1844/2106/3666 2470/1975/3666 1842/1978/3666
f 1844/2106/3667 1842/1978/3667 2018/2107/3667
f 2514/2108/3668 2469/1973/3668 1951/1971/3668
f 2514/2108/3669 1951/1971/3669 2513/2109/3669
f 2513/2109/3670 1951/1971/3670 1908/1970/3670
f 2513/2109/3671 1908/1970/3671 2021/2110/3671
f 2459/1943/3672 2460/1942/3672 1960/2111/3672
f 2459/1943/3673 1960/2111/3673 1917/2112/3673
f 2515/2113/3674 2461/1944/3674 2462/1947/3674
f 2515/2113/3675 2462/1947/3675 1963/2114/3675
f 2516/2115/3676 1856/1849/3676 1919/1851/3676
f 2516/2115/3677 1919/1851/3677 1972/2116/3677
f 1858/2117/3678 1863/1927/3678 2454/1926/3678
f 1858/2117/3679 2454/1926/3679 2517/2118/3679
f 2455/1928/3680 1863/1927/3680 1872/2119/3680
f 2455/1928/3681 1872/2119/3681 1861/2120/3681
f 1889/2121/3682 2477/2005/3682 1938/2004/3682
f 1889/2121/3683 1938/2004/3683 1982/2122/3683
f 1982/2122/3684 1938/2004/3684 2055/2002/3684
f 1982/2122/3685 2055/2002/3685 2495/2065/3685
f 1905/2123/3686 1904/2007/3686 2477/2005/3686
f 1905/2123/3687 2477/2005/3687 1889/2121/3687
f 2518/2124/3688 1903/2009/3688 1904/2007/3688
f 2518/2124/3689 1904/2007/3689 1905/2123/3689
f 2519/2125/3690 2478/2011/3690 1903/2009/3690
f 2519/2125/3691 1903/2009/3691 2518/2124/3691
f 1912/2126/3692 2466/1959/3692 1959/1957/3692
f 1912/2126/3693 1959/1957/3693 2043/2127/3693
f 1959/1957/3694 2465/1955/3694 2084/2128/3694
f 1959/1957/3695 2084/2128/3695 2043/2127/3695
f 2465/1955/3696 1914/1954/3696 2081/2129/3696
f 2465/1955/3697 2081/2129/3697 2084/2128/3697
f 2031/2130/3698 2078/1961/3698 2466/1959/3698
f 2031/2130/3699 2466/1959/3699 1912/2126/3699
f 2028/2131/3700 2467/1962/3700 2078/1961/3700
f 2028/2131/3701 2078/1961/3701 2031/2130/3701
f 1935/2132/3702 2456/1930/3702 1882/1933/3702
f 1935/2132/3703 1882/1933/3703 1885/2133/3703
f 2520/2134/3704 2457/1934/3704 2456/1930/3704
f 2520/2134/3705 2456/1930/3705 1935/2132/3705
f 1937/1923/3706 2453/1922/3706 1980/2135/3706
f 1937/1923/3707 1980/2135/3707 1981/2136/3707
f 2468/1966/3708 1953/1965/3708 2024/2137/3708
f 2468/1966/3709 2024/2137/3709 2076/2138/3709
f 817/2073/3710 818/2059/3710 2493/2058/3710
f 817/2073/3711 2493/2058/3711 2498/2074/3711
f 2462/1947/3712 1828/1910/3712 2048/2032/3712
f 2462/1947/3713 2048/2032/3713 1963/2114/3713
f 2496/2068/3714 2449/1903/3714 1898/1892/3714
f 2496/2068/3715 1898/1892/3715 1819/2022/3715
f 1823/2039/3716 1845/1867/3716 2470/1975/3716
f 1823/2039/3717 2470/1975/3717 1844/2106/3717
f 1882/1933/3718 2455/1928/3718 1861/2120/3718
f 1882/1933/3719 1861/2120/3719 1885/2133/3719
f 2018/2107/3720 1842/1978/3720 2469/1973/3720
f 2018/2107/3721 2469/1973/3721 2514/2108/3721
f 1972/2116/3722 1919/1851/3722 1937/1923/3722
f 1972/2116/3723 1937/1923/3723 1981/2136/3723
f 2022/2081/3724 2467/1962/3724 2028/2131/3724
f 2022/2081/3725 2028/2131/3725 2501/2079/3725
f 2499/2077/3726 2463/1951/3726 2461/1944/3726
f 2499/2077/3727 2461/1944/3727 2515/2113/3727
f 2503/2084/3728 2474/1989/3728 2473/1986/3728
f 2503/2084/3729 2473/1986/3729 1822/2064/3729
f 2497/2069/3730 2452/1914/3730 2481/2020/3730
f 2497/2069/3731 2481/2020/3731 1799/2092/3731
f 1915/2075/3732 807/2046/3732 2044/2047/3732
f 1915/2075/3733 2044/2047/3733 1961/2139/3733
f 1815/2066/3734 824/2029/3734 2484/2028/3734
f 1815/2066/3735 2484/2028/3735 2521/2140/3735
f 2487/2036/3736 2438/1841/3736 1815/2066/3736
f 2487/2036/3737 1815/2066/3737 2521/2140/3737
f 2521/2140/3738 2484/2028/3738 2485/2030/3738
f 2521/2140/3739 2485/2030/3739 2374/2141/3739
f 2510/2096/3740 2436/1833/3740 1804/2024/3740
f 2510/2096/3741 1804/2024/3741 1802/2142/3741
f 1802/2142/3742 1804/2024/3742 2451/1915/3742
f 1802/2142/3743 2451/1915/3743 1798/2070/3743
f 1803/1831/3744 2365/2095/3744 2522/2143/3744
f 1803/1831/3745 2522/2143/3745 2485/2030/3745
f 1966/2097/3746 1830/1905/3746 2051/2033/3746
f 1966/2097/3747 2051/2033/3747 2523/2144/3747
f 2486/2034/3748 1812/1845/3748 1811/2102/3748
f 2486/2034/3749 1811/2102/3749 2524/2145/3749
f 2523/2144/3750 2051/2033/3750 2487/2036/3750
f 2523/2144/3751 2487/2036/3751 1814/2146/3751
f 2494/2062/3752 2069/2038/3752 1823/2039/3752
f 2494/2062/3753 1823/2039/3753 2070/1818/3753
f 1829/1859/3754 2459/1943/3754 1917/2112/3754
f 1829/1859/3755 1917/2112/3755 2047/2037/3755
f 1872/2119/3756 1863/1927/3756 1858/2117/3756
f 1872/2119/3757 1858/2117/3757 2525/2147/3757
f 1861/2120/3758 1872/2119/3758 2526/2148/3758
f 1861/2120/3759 2526/2148/3759 1885/2133/3759
f 2453/1922/3760 2482/2026/3760 2057/2149/3760
f 2453/1922/3761 2057/2149/3761 1980/2135/3761
f 2482/2026/3762 422/2025/3762 2488/2040/3762
f 2482/2026/3763 2488/2040/3763 2057/2149/3763
f 2450/1909/3764 1853/2099/3764 1994/2150/3764
f 2450/1909/3765 1994/2150/3765 1890/1919/3765
f 1907/1990/3766 2504/2083/3766 2527/2151/3766
f 1907/1990/3767 2527/2151/3767 1841/2103/3767
f 2464/1948/3768 1849/2076/3768 1957/2152/3768
f 2464/1948/3769 1957/2152/3769 1913/2053/3769
f 2500/2078/3770 1772/2054/3770 1913/2053/3770
f 2500/2078/3771 1913/2053/3771 1957/2152/3771
f 2079/2088/3772 2038/1998/3772 1955/2060/3772
f 2079/2088/3773 1955/2060/3773 2039/2153/3773
f 1963/2114/3774 2048/2032/3774 2047/2037/3774
f 1963/2114/3775 2047/2037/3775 2528/2154/3775
f 1955/2060/3776 2037/2031/3776 2035/2041/3776
f 1955/2060/3777 2035/2041/3777 2529/2155/3777
f 2529/2155/3778 2035/2041/3778 2033/2042/3778
f 2529/2155/3779 2033/2042/3779 2034/2156/3779
f 2034/2156/3780 2033/2042/3780 2489/2043/3780
f 2034/2156/3781 2489/2043/3781 2151/2157/3781
f 2151/2157/3782 2489/2043/3782 1847/2044/3782
f 2151/2157/3783 1847/2044/3783 2530/2158/3783
f 2530/2158/3784 1847/2044/3784 1956/2045/3784
f 2530/2158/3785 1956/2045/3785 2531/2159/3785
f 2531/2159/3786 1956/2045/3786 2041/2048/3786
f 2531/2159/3787 2041/2048/3787 2128/2160/3787
f 2128/2160/3788 2041/2048/3788 2490/2049/3788
f 2128/2160/3789 2490/2049/3789 2105/2161/3789
f 2105/2161/3790 2490/2049/3790 2066/2050/3790
f 2105/2161/3791 2066/2050/3791 2124/2162/3791
f 2124/2162/3792 2066/2050/3792 2064/2051/3792
f 2124/2162/3793 2064/2051/3793 2016/1813/3793
f 2064/2051/3794 1947/2055/3794 2532/2163/3794
f 2064/2051/3795 2532/2163/3795 2016/1813/3795
f 2532/2163/3796 1947/2055/3796 2476/1993/3796
f 2532/2163/3797 2476/1993/3797 1906/2105/3797
f 2517/2118/3798 2454/1926/3798 1859/2071/3798
f 2517/2118/3799 1859/2071/3799 1832/2164/3799
f 1832/2164/3800 1859/2071/3800 2498/2074/3800
f 1832/2164/3801 2498/2074/3801 1831/2165/3801
f 2458/1939/3802 1916/1938/3802 2085/2166/3802
f 2458/1939/3803 2085/2166/3803 2044/2047/3803
f 1960/2111/3804 2460/1942/3804 1915/2075/3804
f 1960/2111/3805 1915/2075/3805 1961/2139/3805
f 1952/1969/3806 2468/1966/3806 2076/2138/3806
f 1952/1969/3807 2076/2138/3807 2072/2167/3807
f 2032/1995/3808 1954/2087/3808 2533/2168/3808
f 2032/1995/3809 2533/2168/3809 2483/2027/3809
f 2024/2137/3810 1953/1965/3810 2502/2082/3810
f 2024/2137/3811 2502/2082/3811 2534/2169/3811
f 1800/1896/3812 2508/2093/3812 1836/2170/3812
f 1800/1896/3813 1836/2170/3813 1801/2016/3813
f 1856/1849/3814 2516/2115/3814 2535/2171/3814
f 1856/1849/3815 2535/2171/3815 2511/2100/3815
f 2457/1934/3816 2520/2134/3816 1978/2172/3816
f 2457/1934/3817 1978/2172/3817 2491/2052/3817
f 1916/1938/3818 809/1937/3818 2491/2052/3818
f 1916/1938/3819 2491/2052/3819 2045/2173/3819
f 1834/2089/3820 1801/2016/3820 1836/2170/3820
f 1834/2089/3821 1836/2170/3821 2536/2174/3821
f 2493/2058/3822 2486/2034/3822 2524/2145/3822
f 2493/2058/3823 2524/2145/3823 1920/2175/3823
f 1891/1916/3824 1890/1919/3824 1994/2150/3824
f 1891/1916/3825 1994/2150/3825 2537/2176/3825
f 2072/2167/3826 2021/2110/3826 1908/1970/3826
f 2072/2167/3827 1908/1970/3827 1952/1969/3827
f 2081/2129/3828 1914/1954/3828 2500/2078/3828
f 2081/2129/3829 2500/2078/3829 2083/2177/3829
f 2538/2178/3830 1909/2061/3830 2483/2027/3830
f 2538/2178/3831 2483/2027/3831 2533/2168/3831
f 2539/2179/3832 2488/2040/3832 1891/1916/3832
f 2539/2179/3833 1891/1916/3833 2537/2176/3833
f 2046/2180/3834 2515/2113/3834 1963/2114/3834
f 2046/2180/3835 1963/2114/3835 2528/2154/3835
f 2506/2090/3836 1834/2089/3836 1833/2181/3836
f 2506/2090/3837 1833/2181/3837 1835/2182/3837
f 1817/2183/3838 2507/2091/3838 2506/2090/3838
f 1817/2183/3839 2506/2090/3839 1835/2182/3839
f 1897/2184/3840 1799/2092/3840 2507/2091/3840
f 1897/2184/3841 2507/2091/3841 1817/2183/3841
f 1797/2185/3842 1798/2070/3842 2497/2069/3842
f 1797/2185/3843 2497/2069/3843 1799/2092/3843
f 2508/2093/3844 2509/2094/3844 1807/2186/3844
f 2508/2093/3845 1807/2186/3845 1805/2187/3845
f 1807/2186/3846 2509/2094/3846 1818/2067/3846
f 1807/2186/3847 1818/2067/3847 2540/2188/3847
f 2540/2188/3848 1818/2067/3848 2496/2068/3848
f 2540/2188/3849 2496/2068/3849 1806/2189/3849
f 2542/2190/3850 2365/2095/3850 2510/2096/3850
f 2542/2190/3851 2510/2096/3851 2541/2191/3851
f 1810/2192/3852 1811/2102/3852 1854/2101/3852
f 1810/2192/3853 1854/2101/3853 1855/2193/3853
f 1855/2193/3854 1854/2101/3854 2511/2100/3854
f 1855/2193/3855 2511/2100/3855 1924/2194/3855
f 2067/2195/3856 1822/2064/3856 1949/2063/3856
f 2067/2195/3857 1949/2063/3857 2068/2196/3857
f 2068/2196/3858 1949/2063/3858 2494/2062/3858
f 2068/2196/3859 2494/2062/3859 2070/1818/3859
f 2012/2197/3860 2504/2083/3860 2503/2084/3860
f 2012/2197/3861 2503/2084/3861 1822/2064/3861
f 1917/2112/3862 1960/2111/3862 2543/2198/3862
f 1917/2112/3863 2543/2198/3863 1918/2199/3863
f 2492/2056/3864 2478/2011/3864 1900/2200/3864
f 2492/2056/3865 1900/2200/3865 1899/2201/3865
f 1900/2200/3866 2478/2011/3866 2519/2125/3866
f 1900/2200/3867 2519/2125/3867 2544/2202/3867
f 2519/2125/3868 2518/2124/3868 1946/2203/3868
f 2519/2125/3869 1946/2203/3869 2544/2202/3869
f 1946/2203/3870 2518/2124/3870 1905/2123/3870
f 1946/2203/3871 1905/2123/3871 2545/2204/3871
f 2545/2204/3872 1905/2123/3872 1889/2121/3872
f 2545/2204/3873 1889/2121/3873 1941/2205/3873
f 1941/2205/3874 1889/2121/3874 1982/2122/3874
f 1941/2205/3875 1982/2122/3875 2546/2206/3875
f 2546/2206/3876 1982/2122/3876 2495/2065/3876
f 2546/2206/3877 2495/2065/3877 2547/2207/3877
f 2547/2207/3878 2495/2065/3878 1909/2061/3878
f 2547/2207/3879 1909/2061/3879 2538/2178/3879
f 2505/2085/3880 2492/2056/3880 1899/2201/3880
f 2505/2085/3881 1899/2201/3881 2563/2086/3881
f 2512/2104/3882 1841/2103/3882 2013/2208/3882
f 2512/2104/3883 2013/2208/3883 2014/2209/3883
f 1906/2105/3884 2512/2104/3884 2014/2209/3884
f 1906/2105/3885 2014/2209/3885 2015/1811/3885
f 2548/1819/3886 1844/2106/3886 2018/2107/3886
f 2548/1819/3887 2018/2107/3887 1950/2210/3887
f 1824/2211/3888 2514/2108/3888 2513/2109/3888
f 1824/2211/3889 2513/2109/3889 2549/2212/3889
f 2549/2212/3890 2513/2109/3890 2021/2110/3890
f 2549/2212/3891 2021/2110/3891 2020/2213/3891
f 1969/2214/3892 1853/2099/3892 1965/2098/3892
f 1969/2214/3893 1965/2098/3893 1967/2215/3893
f 1965/2098/3894 1966/2097/3894 2523/2144/3894
f 1965/2098/3895 2523/2144/3895 1967/2215/3895
f 2550/2216/3896 2516/2115/3896 1972/2116/3896
f 2550/2216/3897 1972/2116/3897 1973/2217/3897
f 1935/2132/3898 1885/2133/3898 1878/2218/3898
f 1935/2132/3899 1878/2218/3899 2551/2219/3899
f 2520/2134/3900 1935/2132/3900 2551/2219/3900
f 2520/2134/3901 2551/2219/3901 2552/2220/3901
f 2031/2130/3902 1912/2126/3902 2554/2221/3902
f 2031/2130/3903 2554/2221/3903 2553/2222/3903
f 1912/2126/3904 2043/2127/3904 1848/2223/3904
f 1912/2126/3905 1848/2223/3905 2554/2221/3905
f 2027/1809/3906 2028/2131/3906 2031/2130/3906
f 2027/1809/3907 2031/2130/3907 2553/2222/3907
f 2175/2224/3908 1954/2087/3908 2079/2088/3908
f 2175/2224/3909 2079/2088/3909 2555/2225/3909
f 1981/2136/3910 1980/2135/3910 2556/2226/3910
f 1981/2136/3911 2556/2226/3911 2557/2227/3911
f 2558/2228/3912 2076/2138/3912 2024/2137/3912
f 2558/2228/3913 2024/2137/3913 2559/1814/3913
f 2434/2229/3914 2043/2127/3914 2084/2128/3914
f 2434/2229/3915 2084/2128/3915 2042/2230/3915
f 2042/2230/3916 2084/2128/3916 2081/2129/3916
f 2042/2230/3917 2081/2129/3917 2394/2231/3917
f 2561/2232/3918 1849/2076/3918 2499/2077/3918
f 2561/2232/3919 2499/2077/3919 2560/2233/3919
f 2502/2082/3920 2501/2079/3920 2025/1808/3920
f 2502/2082/3921 2025/1808/3921 2110/2234/3921
f 1858/2117/3922 2517/2118/3922 1860/2235/3922
f 1858/2117/3923 1860/2235/3923 1864/2236/3923
f 1814/2146/3924 2487/2036/3924 2521/2140/3924
f 1814/2146/3925 2521/2140/3925 2374/2141/3925
f 1823/2039/3926 1844/2106/3926 2548/1819/3926
f 1823/2039/3927 2548/1819/3927 2070/1818/3927
f 1831/2165/3928 2498/2074/3928 2493/2058/3928
f 1831/2165/3929 2493/2058/3929 1920/2175/3929
f 1950/2210/3930 2018/2107/3930 2514/2108/3930
f 1950/2210/3931 2514/2108/3931 1824/2211/3931
f 2047/2037/3932 1917/2112/3932 1918/2199/3932
f 2047/2037/3933 1918/2199/3933 2528/2154/3933
f 1972/2116/3934 1981/2136/3934 2557/2227/3934
f 1972/2116/3935 2557/2227/3935 1973/2217/3935
f 2025/1808/3936 2501/2079/3936 2028/2131/3936
f 2025/1808/3937 2028/2131/3937 2027/1809/3937
f 2560/2233/3938 2499/2077/3938 2515/2113/3938
f 2560/2233/3939 2515/2113/3939 2046/2180/3939
f 1798/2070/3940 1797/2185/3940 2123/2237/3940
f 1798/2070/3941 2123/2237/3941 1802/2142/3941
f 2541/2191/3942 2510/2096/3942 1802/2142/3942
f 2541/2191/3943 1802/2142/3943 2123/2237/3943
f 1797/2185/3944 1799/2092/3944 1897/2184/3944
f 1797/2185/3945 1897/2184/3945 2562/2238/3945
f 2523/2144/3946 1814/2146/3946 2050/2239/3946
f 2523/2144/3947 2050/2239/3947 1967/2215/3947
f 2496/2068/3948 1819/2022/3948 2563/2086/3948
f 2496/2068/3949 2563/2086/3949 1806/2189/3949
f 2012/2197/3950 1822/2064/3950 2067/2195/3950
f 2012/2197/3951 2067/2195/3951 2564/2240/3951
f 2525/2147/3952 1858/2117/3952 1864/2236/3952
f 2525/2147/3953 1864/2236/3953 1871/2241/3953
f 2517/2118/3954 1832/2164/3954 1867/2242/3954
f 2517/2118/3955 1867/2242/3955 1860/2235/3955
f 1832/2164/3956 1831/2165/3956 1879/2243/3956
f 1832/2164/3957 1879/2243/3957 1867/2242/3957
f 1878/2218/3958 1885/2133/3958 2526/2148/3958
f 1878/2218/3959 2526/2148/3959 1883/2244/3959
f 1980/2135/3960 2057/2149/3960 1995/2245/3960
f 1980/2135/3961 1995/2245/3961 2556/2226/3961
f 2057/2149/3962 2488/2040/3962 2539/2179/3962
f 2057/2149/3963 2539/2179/3963 1995/2245/3963
f 2532/2163/3964 1906/2105/3964 2015/1811/3964
f 2532/2163/3965 2015/1811/3965 2016/1813/3965
f 2083/2177/3966 2500/2078/3966 1957/2152/3966
f 2083/2177/3967 1957/2152/3967 1958/2246/3967
f 1958/2246/3968 1957/2152/3968 1849/2076/3968
f 1958/2246/3969 1849/2076/3969 2561/2232/3969
f 2085/2166/3970 1916/1938/3970 2045/2173/3970
f 2085/2166/3971 2045/2173/3971 2091/2247/3971
f 1954/2087/3972 2175/2224/3972 2177/2248/3972
f 1954/2087/3973 2177/2248/3973 2533/2168/3973
f 2039/2153/3974 1955/2060/3974 2529/2155/3974
f 2039/2153/3975 2529/2155/3975 2172/2249/3975
f 2172/2249/3976 2529/2155/3976 2034/2156/3976
f 2172/2249/3977 2034/2156/3977 2173/2250/3977
f 1960/2111/3978 1961/2139/3978 1962/2251/3978
f 1960/2111/3979 1962/2251/3979 2543/2198/3979
f 2020/2213/3980 2021/2110/3980 2072/2167/3980
f 2020/2213/3981 2072/2167/3981 2565/2252/3981
f 2565/2252/3982 2072/2167/3982 2076/2138/3982
f 2565/2252/3983 2076/2138/3983 2558/2228/3983
f 2024/2137/3984 2534/2169/3984 2566/1815/3984
f 2024/2137/3985 2566/1815/3985 2559/1814/3985
f 2534/2169/3986 2502/2082/3986 2110/2234/3986
f 2534/2169/3987 2110/2234/3987 2567/2253/3987
f 2173/2250/3988 2034/2156/3988 2151/2157/3988
f 2173/2250/3989 2151/2157/3989 2117/2254/3989
f 2555/2225/3990 2079/2088/3990 2039/2153/3990
f 2555/2225/3991 2039/2153/3991 2036/2255/3991
f 1848/2223/3992 2043/2127/3992 2434/2229/3992
f 1848/2223/3993 2434/2229/3993 2433/2256/3993
f 1961/2139/3994 2044/2047/3994 2085/2166/3994
f 1961/2139/3995 2085/2166/3995 1850/2257/3995
f 2117/2254/3996 2151/2157/3996 2530/2158/3996
f 2117/2254/3997 2530/2158/3997 2568/2258/3997
f 2394/2231/3998 2081/2129/3998 2083/2177/3998
f 2394/2231/3999 2083/2177/3999 2082/2259/3999
f 2568/2258/4000 2530/2158/4000 2531/2159/4000
f 2568/2258/4001 2531/2159/4001 2569/2260/4001
f 2569/2260/4002 2531/2159/4002 2128/2160/4002
f 2569/2260/4003 2128/2160/4003 2570/2261/4003
f 2570/2261/4004 2128/2160/4004 2105/2161/4004
f 2570/2261/4005 2105/2161/4005 2571/2262/4005
f 2571/2262/4006 2105/2161/4006 2124/2162/4006
f 2571/2262/4007 2124/2162/4007 2106/2263/4007
f 2106/2263/4008 2124/2162/4008 2016/1813/4008
f 2106/2263/4009 2016/1813/4009 1840/1812/4009
f 2045/2173/4010 2491/2052/4010 1978/2172/4010
f 2045/2173/4011 1978/2172/4011 1887/2264/4011
f 2527/2151/4012 2504/2083/4012 2012/2197/4012
f 2527/2151/4013 2012/2197/4013 2572/2265/4013
f 1836/2170/4014 2508/2093/4014 1805/2187/4014
f 1836/2170/4015 1805/2187/4015 2536/2174/4015
f 1924/2194/4016 2511/2100/4016 2535/2171/4016
f 1924/2194/4017 2535/2171/4017 2576/2266/4017
f 2485/2030/4018 2522/2143/4018 2573/2267/4018
f 2485/2030/4019 2573/2267/4019 2374/2141/4019
f 1811/2102/4020 1810/2192/4020 1921/2268/4020
f 1811/2102/4021 1921/2268/4021 2524/2145/4021
f 2526/2148/4022 1872/2119/4022 2525/2147/4022
f 2526/2148/4023 2525/2147/4023 1865/2269/4023
f 2013/2208/4024 1841/2103/4024 2527/2151/4024
f 2013/2208/4025 2527/2151/4025 2572/2265/4025
f 1833/2181/4026 1834/2089/4026 2536/2174/4026
f 1833/2181/4027 2536/2174/4027 1892/2270/4027
f 2365/2095/4028 2542/2190/4028 2574/2271/4028
f 2365/2095/4029 2574/2271/4029 2522/2143/4029
f 1853/2099/4030 1969/2214/4030 2575/2272/4030
f 1853/2099/4031 2575/2272/4031 1994/2150/4031
f 2535/2171/4032 2516/2115/4032 2550/2216/4032
f 2535/2171/4033 2550/2216/4033 2576/2266/4033
f 1978/2172/4034 2520/2134/4034 2552/2220/4034
f 1978/2172/4035 2552/2220/4035 1887/2264/4035
f 1920/2175/4036 2524/2145/4036 1921/2268/4036
f 1920/2175/4037 1921/2268/4037 1857/2273/4037
f 1884/2274/4038 2551/2219/4038 1878/2218/4038
f 1884/2274/4039 1878/2218/4039 1883/2244/4039
f 1888/2275/4040 2552/2220/4040 2551/2219/4040
f 1888/2275/4041 2551/2219/4041 1884/2274/4041
f 2537/2176/4042 1994/2150/4042 2575/2272/4042
f 2537/2176/4043 2575/2272/4043 1939/2276/4043
f 1996/2277/4044 2539/2179/4044 2537/2176/4044
f 1996/2277/4045 2537/2176/4045 1939/2276/4045
f 1896/2278/4046 1897/2184/4046 1817/2183/4046
f 1896/2278/4047 1817/2183/4047 1838/2279/4047
f 1838/2279/4048 1817/2183/4048 1835/2182/4048
f 1838/2279/4049 1835/2182/4049 2059/2280/4049
f 2059/2280/4050 1835/2182/4050 1833/2181/4050
f 2059/2280/4051 1833/2181/4051 2577/2281/4051
f 1805/2187/4052 1807/2186/4052 1820/2282/4052
f 1805/2187/4053 1820/2282/4053 2578/2283/4053
f 1820/2282/4054 1807/2186/4054 2540/2188/4054
f 1820/2282/4055 2540/2188/4055 1839/2284/4055
f 1839/2284/4056 2540/2188/4056 1806/2189/4056
f 1839/2284/4057 1806/2189/4057 1901/2285/4057
f 2068/2196/4058 2070/1818/4058 2165/1817/4058
f 2068/2196/4059 2165/1817/4059 2164/2286/4059
f 2579/2287/4060 2067/2195/4060 2068/2196/4060
f 2579/2287/4061 2068/2196/4061 2164/2286/4061
f 2580/2288/4062 1810/2192/4062 1855/2193/4062
f 2580/2288/4063 1855/2193/4063 2581/2289/4063
f 2581/2289/4064 1855/2193/4064 1924/2194/4064
f 2581/2289/4065 1924/2194/4065 2582/2290/4065
f 1964/2291/4066 1918/2199/4066 2543/2198/4066
f 1964/2291/4067 2543/2198/4067 2086/2292/4067
f 1984/2293/4068 1941/2205/4068 2546/2206/4068
f 1984/2293/4069 2546/2206/4069 1983/2294/4069
f 1983/2294/4070 2546/2206/4070 2547/2207/4070
f 1983/2294/4071 2547/2207/4071 2583/2295/4071
f 2583/2295/4072 2547/2207/4072 2538/2178/4072
f 2583/2295/4073 2538/2178/4073 1987/2296/4073
f 2538/2178/4074 2533/2168/4074 2176/2297/4074
f 2538/2178/4075 2176/2297/4075 1987/2296/4075
f 2584/2298/4076 2545/2204/4076 1941/2205/4076
f 2584/2298/4077 1941/2205/4077 1984/2293/4077
f 1946/2203/4078 2545/2204/4078 2584/2298/4078
f 1946/2203/4079 2584/2298/4079 1945/2299/4079
f 2585/2300/4080 2544/2202/4080 1946/2203/4080
f 2585/2300/4081 1946/2203/4081 1945/2299/4081
f 1862/2301/4082 1864/2236/4082 1860/2235/4082
f 1862/2301/4083 1860/2235/4083 1866/2302/4083
f 1901/2285/4084 1899/2201/4084 1900/2200/4084
f 1901/2285/4085 1900/2200/4085 2586/2303/4085
f 2586/2303/4086 1900/2200/4086 2544/2202/4086
f 2586/2303/4087 2544/2202/4087 2585/2300/4087
f 2030/2304/4088 2553/2222/4088 2554/2221/4088
f 2030/2304/4089 2554/2221/4089 2029/2305/4089
f 2029/2305/4090 2554/2221/4090 1848/2223/4090
f 2029/2305/4091 1848/2223/4091 2433/2256/4091
f 2026/1810/4092 2027/1809/4092 2553/2222/4092
f 2026/1810/4093 2553/2222/4093 2030/2304/4093
f 2046/2180/4094 2528/2154/4094 2088/2306/4094
f 2046/2180/4095 2088/2306/4095 2587/2307/4095
f 2386/2308/4096 2561/2232/4096 2560/2233/4096
f 2386/2308/4097 2560/2233/4097 2046/2180/4097
f 2588/2309/4098 2549/2212/4098 2020/2213/4098
f 2588/2309/4099 2020/2213/4099 2073/2310/4099
f 1824/2211/4100 2549/2212/4100 2588/2309/4100
f 1824/2211/4101 2588/2309/4101 2141/2311/4101
f 2165/1817/4102 2548/1819/4102 1950/2210/4102
f 2165/1817/4103 1950/2210/4103 2589/2312/4103
f 1969/2214/4104 1967/2215/4104 1970/2313/4104
f 1969/2214/4105 1970/2313/4105 2590/2314/4105
f 2550/2216/4106 1973/2217/4106 2592/2315/4106
f 2550/2216/4107 2592/2315/4107 2591/2316/4107
f 2054/2317/4108 2557/2227/4108 2556/2226/4108
f 2054/2317/4109 2556/2226/4109 2331/2318/4109
f 2014/2209/4110 2013/2208/4110 2134/2319/4110
f 2014/2209/4111 2134/2319/4111 2593/2320/4111
f 2015/1811/4112 2014/2209/4112 2593/2320/4112
f 2015/1811/4113 2593/2320/4113 1840/1812/4113
f 2109/2321/4114 2558/2228/4114 2559/1814/4114
f 2109/2321/4115 2559/1814/4115 2023/1816/4115
f 2110/2234/4116 2025/1808/4116 2026/1810/4116
f 2110/2234/4117 2026/1810/4117 2617/2322/4117
f 2594/2323/4118 2042/2230/4118 2394/2231/4118
f 2594/2323/4119 2394/2231/4119 2393/2324/4119
f 2432/2325/4120 2434/2229/4120 2042/2230/4120
f 2432/2325/4121 2042/2230/4121 2594/2323/4121
f 2366/2326/4122 2542/2190/4122 2541/2191/4122
f 2366/2326/4123 2541/2191/4123 2364/2327/4123
f 2207/2328/4124 2175/2224/4124 2555/2225/4124
f 2207/2328/4125 2555/2225/4125 2174/2329/4125
f 1892/2270/4126 2536/2174/4126 1805/2187/4126
f 1892/2270/4127 1805/2187/4127 2578/2283/4127
f 1899/2201/4128 1901/2285/4128 1806/2189/4128
f 1899/2201/4129 1806/2189/4129 2563/2086/4129
f 1879/2243/4130 1831/2165/4130 1920/2175/4130
f 1879/2243/4131 1920/2175/4131 1857/2273/4131
f 2589/2312/4132 1950/2210/4132 1824/2211/4132
f 2589/2312/4133 1824/2211/4133 2141/2311/4133
f 2088/2306/4134 2528/2154/4134 1918/2199/4134
f 2088/2306/4135 1918/2199/4135 1964/2291/4135
f 1814/2146/4136 2374/2141/4136 2367/2330/4136
f 1814/2146/4137 2367/2330/4137 2050/2239/4137
f 2561/2232/4138 2386/2308/4138 2152/2331/4138
f 2561/2232/4139 2152/2331/4139 1958/2246/4139
f 2082/2259/4140 2083/2177/4140 1958/2246/4140
f 2082/2259/4141 1958/2246/4141 2152/2331/4141
f 2556/2226/4142 1995/2245/4142 1998/2332/4142
f 2556/2226/4143 1998/2332/4143 2331/2318/4143
f 1995/2245/4144 2539/2179/4144 1996/2277/4144
f 1995/2245/4145 1996/2277/4145 1998/2332/4145
f 2577/2281/4146 1833/2181/4146 1892/2270/4146
f 2577/2281/4147 1892/2270/4147 1894/2333/4147
f 1962/2251/4148 1961/2139/4148 1850/2257/4148
f 1962/2251/4149 1850/2257/4149 2120/2334/4149
f 1860/2235/4150 1867/2242/4150 1870/2335/4150
f 1860/2235/4151 1870/2335/4151 1866/2302/4151
f 1864/2236/4152 1862/2301/4152 2595/2336/4152
f 1864/2236/4153 2595/2336/4153 1871/2241/4153
f 1867/2242/4154 1879/2243/4154 1873/2337/4154
f 1867/2242/4155 1873/2337/4155 1870/2335/4155
f 1865/2269/4156 2525/2147/4156 1871/2241/4156
f 1865/2269/4157 1871/2241/4157 2653/2338/4157
f 2091/2247/4158 2045/2173/4158 1887/2264/4158
f 2091/2247/4159 1887/2264/4159 1979/2339/4159
f 1887/2264/4160 2552/2220/4160 1888/2275/4160
f 1887/2264/4161 1888/2275/4161 1979/2339/4161
f 1897/2184/4162 1896/2278/4162 2121/2340/4162
f 1897/2184/4163 2121/2340/4163 2562/2238/4163
f 2165/1817/4164 2589/2312/4164 2019/2341/4164
f 2165/1817/4165 2019/2341/4165 2164/2286/4165
f 2086/2292/4166 2543/2198/4166 1962/2251/4166
f 2086/2292/4167 1962/2251/4167 2120/2334/4167
f 2557/2227/4168 2054/2317/4168 1929/2342/4168
f 2557/2227/4169 1929/2342/4169 1973/2217/4169
f 2564/2240/4170 2067/2195/4170 2579/2287/4170
f 2564/2240/4171 2579/2287/4171 1821/2343/4171
f 2134/2319/4172 2013/2208/4172 2572/2265/4172
f 2134/2319/4173 2572/2265/4173 1821/2343/4173
f 2572/2265/4174 2012/2197/4174 2564/2240/4174
f 2572/2265/4175 2564/2240/4175 1821/2343/4175
f 2566/1815/4176 2534/2169/4176 2567/2253/4176
f 2566/1815/4177 2567/2253/4177 2023/1816/4177
f 2026/1810/4178 2030/2304/4178 2596/2344/4178
f 2026/1810/4179 2596/2344/4179 2617/2322/4179
f 2596/2344/4180 2030/2304/4180 2029/2305/4180
f 2596/2344/4181 2029/2305/4181 2388/2345/4181
f 2388/2345/4182 2029/2305/4182 2433/2256/4182
f 2388/2345/4183 2433/2256/4183 2597/2346/4183
f 2433/2256/4184 2434/2229/4184 2432/2325/4184
f 2433/2256/4185 2432/2325/4185 2597/2346/4185
f 2036/2255/4186 2039/2153/4186 2172/2249/4186
f 2036/2255/4187 2172/2249/4187 2598/2347/4187
f 1970/2313/4188 1967/2215/4188 2050/2239/4188
f 1970/2313/4189 2050/2239/4189 1968/2348/4189
f 1850/2257/4190 2085/2166/4190 2091/2247/4190
f 1850/2257/4191 2091/2247/4191 2053/2349/4191
f 2393/2324/4192 2394/2231/4192 2082/2259/4192
f 2393/2324/4193 2082/2259/4193 2162/2350/4193
f 2364/2327/4194 2541/2191/4194 2123/2237/4194
f 2364/2327/4195 2123/2237/4195 2203/2351/4195
f 2123/2237/4196 1797/2185/4196 2562/2238/4196
f 2123/2237/4197 2562/2238/4197 2203/2351/4197
f 2175/2224/4198 2207/2328/4198 2599/2352/4198
f 2175/2224/4199 2599/2352/4199 2177/2248/4199
f 2176/2297/4200 2533/2168/4200 2177/2248/4200
f 2176/2297/4201 2177/2248/4201 2600/2353/4201
f 2573/2267/4202 2522/2143/4202 2574/2271/4202
f 2573/2267/4203 2574/2271/4203 2368/2354/4203
f 2367/2330/4204 2374/2141/4204 2573/2267/4204
f 2367/2330/4205 2573/2267/4205 2368/2354/4205
f 2542/2190/4206 2366/2326/4206 2370/2355/4206
f 2542/2190/4207 2370/2355/4207 2574/2271/4207
f 1883/2244/4208 2526/2148/4208 1865/2269/4208
f 1883/2244/4209 1865/2269/4209 1881/2356/4209
f 2174/2329/4210 2555/2225/4210 2036/2255/4210
f 2174/2329/4211 2036/2255/4211 2598/2347/4211
f 2598/2347/4212 2172/2249/4212 2173/2250/4212
f 2598/2347/4213 2173/2250/4213 2601/2357/4213
f 2601/2357/4214 2173/2250/4214 2117/2254/4214
f 2601/2357/4215 2117/2254/4215 2150/2358/4215
f 2150/2358/4216 2117/2254/4216 2568/2258/4216
f 2150/2358/4217 2568/2258/4217 2149/2359/4217
f 2149/2359/4218 2568/2258/4218 2569/2260/4218
f 2149/2359/4219 2569/2260/4219 2602/2360/4219
f 2602/2360/4220 2569/2260/4220 2570/2261/4220
f 2602/2360/4221 2570/2261/4221 2125/2361/4221
f 2125/2361/4222 2570/2261/4222 2571/2262/4222
f 2125/2361/4223 2571/2262/4223 2603/2362/4223
f 2603/2362/4224 2571/2262/4224 2106/2263/4224
f 2603/2362/4225 2106/2263/4225 2205/2363/4225
f 2106/2263/4226 1840/1812/4226 2204/2364/4226
f 2106/2263/4227 2204/2364/4227 2205/2363/4227
f 2204/2364/4228 1840/1812/4228 2593/2320/4228
f 2204/2364/4229 2593/2320/4229 2391/2365/4229
f 2593/2320/4230 2134/2319/4230 2133/2366/4230
f 2593/2320/4231 2133/2366/4231 2391/2365/4231
f 2558/2228/4232 2109/2321/4232 1846/2367/4232
f 2558/2228/4233 1846/2367/4233 2565/2252/4233
f 2073/2310/4234 2020/2213/4234 2565/2252/4234
f 2073/2310/4235 2565/2252/4235 1846/2367/4235
f 2582/2290/4236 1924/2194/4236 2576/2266/4236
f 2582/2290/4237 2576/2266/4237 2604/2368/4237
f 1921/2268/4238 1810/2192/4238 2580/2288/4238
f 1921/2268/4239 2580/2288/4239 2605/2369/4239
f 1839/2284/4240 1901/2285/4240 2586/2303/4240
f 1839/2284/4241 2586/2303/4241 1902/2370/4241
f 1820/2282/4242 1839/2284/4242 1902/2370/4242
f 1820/2282/4243 1902/2370/4243 2578/2283/4243
f 2586/2303/4244 2585/2300/4244 2004/2371/4244
f 2586/2303/4245 2004/2371/4245 1902/2370/4245
f 2585/2300/4246 1945/2299/4246 2005/2372/4246
f 2585/2300/4247 2005/2372/4247 2004/2371/4247
f 2386/2308/4248 2046/2180/4248 2587/2307/4248
f 2386/2308/4249 2587/2307/4249 2089/2373/4249
f 2575/2272/4250 1969/2214/4250 2590/2314/4250
f 2575/2272/4251 2590/2314/4251 1939/2276/4251
f 2576/2266/4252 2550/2216/4252 2591/2316/4252
f 2576/2266/4253 2591/2316/4253 2604/2368/4253
f 1857/2273/4254 1921/2268/4254 2605/2369/4254
f 1857/2273/4255 2605/2369/4255 1875/2374/4255
f 1886/2375/4256 1884/2274/4256 1883/2244/4256
f 1886/2375/4257 1883/2244/4257 1881/2356/4257
f 2052/2376/4258 1888/2275/4258 1884/2274/4258
f 2052/2376/4259 1884/2274/4259 1886/2375/4259
f 2119/2377/4260 2587/2307/4260 2088/2306/4260
f 2119/2377/4261 2088/2306/4261 1964/2291/4261
f 1964/2291/4262 2086/2292/4262 2049/2378/4262
f 1964/2291/4263 2049/2378/4263 2119/2377/4263
f 2592/2315/4264 1973/2217/4264 1929/2342/4264
f 2592/2315/4265 1929/2342/4265 2430/2379/4265
f 1971/2380/4266 2590/2314/4266 1970/2313/4266
f 1971/2380/4267 1970/2313/4267 2606/2381/4267
f 1940/2382/4268 1838/2279/4268 2059/2280/4268
f 1940/2382/4269 2059/2280/4269 2058/2383/4269
f 2058/2383/4270 2059/2280/4270 2577/2281/4270
f 2058/2383/4271 2577/2281/4271 2000/2384/4271
f 1837/2385/4272 1896/2278/4272 1838/2279/4272
f 1837/2385/4273 1838/2279/4273 1940/2382/4273
f 1923/2386/4274 2580/2288/4274 2581/2289/4274
f 1923/2386/4275 2581/2289/4275 1922/2387/4275
f 1922/2387/4276 2581/2289/4276 2582/2290/4276
f 1922/2387/4277 2582/2290/4277 1926/2388/4277
f 2607/2389/4278 1862/2301/4278 1866/2302/4278
f 2607/2389/4279 1866/2302/4279 1869/2390/4279
f 1932/2391/4280 2591/2316/4280 2592/2315/4280
f 1932/2391/4281 2592/2315/4281 2430/2379/4281
f 1996/2277/4282 1939/2276/4282 2608/2392/4282
f 1996/2277/4283 2608/2392/4283 1999/2393/4283
f 2006/2394/4284 1945/2299/4284 2584/2298/4284
f 2006/2394/4285 2584/2298/4285 1943/2395/4285
f 1943/2395/4286 2584/2298/4286 1984/2293/4286
f 1943/2395/4287 1984/2293/4287 1942/2396/4287
f 1942/2396/4288 1984/2293/4288 1983/2294/4288
f 1942/2396/4289 1983/2294/4289 2609/2397/4289
f 2609/2397/4290 1983/2294/4290 2583/2295/4290
f 2609/2397/4291 2583/2295/4291 1985/2398/4291
f 1985/2398/4292 2583/2295/4292 1987/2296/4292
f 1985/2398/4293 1987/2296/4293 2610/2399/4293
f 2610/2399/4294 1987/2296/4294 2176/2297/4294
f 2610/2399/4295 2176/2297/4295 1825/2400/4295
f 2611/2401/4296 2141/2311/4296 2588/2309/4296
f 2611/2401/4297 2588/2309/4297 2074/2402/4297
f 2074/2402/4298 2588/2309/4298 2073/2310/4298
f 2074/2402/4299 2073/2310/4299 2612/2403/4299
f 2054/2317/4300 2331/2318/4300 2330/2404/4300
f 2054/2317/4301 2330/2404/4301 2613/2405/4301
f 2579/2287/4302 2164/2286/4302 2166/2406/4302
f 2579/2287/4303 2166/2406/4303 2129/2407/4303
f 2116/2408/4304 2109/2321/4304 2023/1816/4304
f 2116/2408/4305 2023/1816/4305 2077/2409/4305
f 2179/2410/4306 2207/2328/4306 2174/2329/4306
f 2179/2410/4307 2174/2329/4307 2614/2411/4307
f 2373/2412/4308 2366/2326/4308 2364/2327/4308
f 2373/2412/4309 2364/2327/4309 2615/2413/4309
f 2616/2414/4310 2432/2325/4310 2594/2323/4310
f 2616/2414/4311 2594/2323/4311 2431/2415/4311
f 2431/2415/4312 2594/2323/4312 2393/2324/4312
f 2431/2415/4313 2393/2324/4313 2396/2416/4313
f 2618/2417/4314 2567/2253/4314 2110/2234/4314
f 2618/2417/4315 2110/2234/4315 2617/2322/4315
f 1873/2337/4316 1879/2243/4316 1857/2273/4316
f 1873/2337/4317 1857/2273/4317 1875/2374/4317
f 2077/2409/4318 2023/1816/4318 2567/2253/4318
f 2077/2409/4319 2567/2253/4319 2618/2417/4319
f 2608/2392/4320 1939/2276/4320 2590/2314/4320
f 2608/2392/4321 2590/2314/4321 1971/2380/4321
f 1892/2270/4322 2578/2283/4322 1895/2418/4322
f 1892/2270/4323 1895/2418/4323 1894/2333/4323
f 1895/2418/4324 2578/2283/4324 1902/2370/4324
f 1895/2418/4325 1902/2370/4325 2004/2371/4325
f 2134/2319/4326 1821/2343/4326 2619/2419/4326
f 2134/2319/4327 2619/2419/4327 2133/2366/4327
f 2619/2419/4328 1821/2343/4328 2579/2287/4328
f 2619/2419/4329 2579/2287/4329 2129/2407/4329
f 1896/2278/4330 1837/2385/4330 2620/2420/4330
f 1896/2278/4331 2620/2420/4331 2121/2340/4331
f 2562/2238/4332 2121/2340/4332 2122/2421/4332
f 2562/2238/4333 2122/2421/4333 2203/2351/4333
f 2120/2334/4334 1850/2257/4334 2053/2349/4334
f 2120/2334/4335 2053/2349/4335 2090/2422/4335
f 2049/2378/4336 2086/2292/4336 2120/2334/4336
f 2049/2378/4337 2120/2334/4337 2090/2422/4337
f 1865/2269/4338 2653/2338/4338 1877/2423/4338
f 1865/2269/4339 1877/2423/4339 1881/2356/4339
f 1869/2390/4340 1866/2302/4340 1870/2335/4340
f 1869/2390/4341 1870/2335/4341 1868/2424/4341
f 1862/2301/4342 2607/2389/4342 1876/2425/4342
f 1862/2301/4343 1876/2425/4343 2595/2336/4343
f 1868/2424/4344 1870/2335/4344 1873/2337/4344
f 1868/2424/4345 1873/2337/4345 1875/2374/4345
f 1888/2275/4346 2052/2376/4346 2621/2426/4346
f 1888/2275/4347 2621/2426/4347 1979/2339/4347
f 2591/2316/4348 1932/2391/4348 1927/2427/4348
f 2591/2316/4349 1927/2427/4349 2604/2368/4349
f 1926/2388/4350 2582/2290/4350 2604/2368/4350
f 1926/2388/4351 2604/2368/4351 1927/2427/4351
f 1945/2299/4352 2006/2394/4352 2007/2428/4352
f 1945/2299/4353 2007/2428/4353 2005/2372/4353
f 2166/2406/4354 2164/2286/4354 2019/2341/4354
f 2166/2406/4355 2019/2341/4355 2107/2429/4355
f 1970/2313/4356 1968/2348/4356 2369/2430/4356
f 1970/2313/4357 2369/2430/4357 2606/2381/4357
f 2091/2247/4358 1979/2339/4358 2622/2431/4358
f 2091/2247/4359 2622/2431/4359 2053/2349/4359
f 1996/2277/4360 1999/2393/4360 2623/2432/4360
f 1996/2277/4361 2623/2432/4361 1998/2332/4361
f 2000/2384/4362 2577/2281/4362 1894/2333/4362
f 2000/2384/4363 1894/2333/4363 2624/2433/4363
f 2004/2371/4364 2005/2372/4364 1893/2434/4364
f 2004/2371/4365 1893/2434/4365 1895/2418/4365
f 2589/2312/4366 2141/2311/4366 2146/2435/4366
f 2589/2312/4367 2146/2435/4367 2019/2341/4367
f 2115/2436/4368 2617/2322/4368 2596/2344/4368
f 2115/2436/4369 2596/2344/4369 2387/2437/4369
f 2050/2239/4370 2367/2330/4370 2625/2438/4370
f 2050/2239/4371 2625/2438/4371 1968/2348/4371
f 2612/2403/4372 2073/2310/4372 1846/2367/4372
f 2612/2403/4373 1846/2367/4373 2626/2439/4373
f 2626/2439/4374 1846/2367/4374 2109/2321/4374
f 2626/2439/4375 2109/2321/4375 2116/2408/4375
f 2152/2331/4376 2386/2308/4376 2089/2373/4376
f 2152/2331/4377 2089/2373/4377 2627/2440/4377
f 2396/2416/4378 2393/2324/4378 2162/2350/4378
f 2396/2416/4379 2162/2350/4379 2397/2441/4379
f 2207/2328/4380 2179/2410/4380 2216/2442/4380
f 2207/2328/4381 2216/2442/4381 2599/2352/4381
f 2364/2327/4382 2203/2351/4382 2202/2443/4382
f 2364/2327/4383 2202/2443/4383 2615/2413/4383
f 2574/2271/4384 2370/2355/4384 2628/2444/4384
f 2574/2271/4385 2628/2444/4385 2368/2354/4385
f 2625/2438/4386 2367/2330/4386 2368/2354/4386
f 2625/2438/4387 2368/2354/4387 2628/2444/4387
f 2580/2288/4388 1923/2386/4388 1874/2445/4388
f 2580/2288/4389 1874/2445/4389 2605/2369/4389
f 2089/2373/4390 2587/2307/4390 2119/2377/4390
f 2089/2373/4391 2119/2377/4391 2153/2446/4391
f 2119/2377/4392 2049/2378/4392 2629/2447/4392
f 2119/2377/4393 2629/2447/4393 2153/2446/4393
f 1871/2241/4394 2595/2336/4394 1880/2448/4394
f 1871/2241/4395 1880/2448/4395 2653/2338/4395
f 2387/2437/4396 2596/2344/4396 2388/2345/4396
f 2387/2437/4397 2388/2345/4397 2630/2449/4397
f 2614/2411/4398 2174/2329/4398 2598/2347/4398
f 2614/2411/4399 2598/2347/4399 2171/2450/4399
f 2171/2450/4400 2598/2347/4400 2601/2357/4400
f 2171/2450/4401 2601/2357/4401 2631/2451/4401
f 2631/2451/4402 2601/2357/4402 2150/2358/4402
f 2631/2451/4403 2150/2358/4403 2632/2452/4403
f 2632/2452/4404 2150/2358/4404 2149/2359/4404
f 2632/2452/4405 2149/2359/4405 2170/2453/4405
f 2170/2453/4406 2149/2359/4406 2602/2360/4406
f 2170/2453/4407 2602/2360/4407 2389/2454/4407
f 2389/2454/4408 2602/2360/4408 2125/2361/4408
f 2389/2454/4409 2125/2361/4409 2127/2455/4409
f 2600/2353/4410 2177/2248/4410 2599/2352/4410
f 2600/2353/4411 2599/2352/4411 2178/2456/4411
f 1825/2400/4412 2176/2297/4412 2600/2353/4412
f 1825/2400/4413 2600/2353/4413 2178/2456/4413
f 2125/2361/4414 2603/2362/4414 2065/2457/4414
f 2125/2361/4415 2065/2457/4415 2127/2455/4415
f 2603/2362/4416 2205/2363/4416 2633/2458/4416
f 2603/2362/4417 2633/2458/4417 2065/2457/4417
f 2146/2435/4418 2141/2311/4418 2611/2401/4418
f 2146/2435/4419 2611/2401/4419 2634/2459/4419
f 2611/2401/4420 2074/2402/4420 2075/2460/4420
f 2611/2401/4421 2075/2460/4421 2634/2459/4421
f 2075/2460/4422 2074/2402/4422 2612/2403/4422
f 2075/2460/4423 2612/2403/4423 2108/2461/4423
f 1929/2342/4424 2054/2317/4424 2613/2405/4424
f 1929/2342/4425 2613/2405/4425 2351/2462/4425
f 2366/2326/4426 2373/2412/4426 2635/2463/4426
f 2366/2326/4427 2635/2463/4427 2370/2355/4427
f 2597/2346/4428 2432/2325/4428 2616/2414/4428
f 2597/2346/4429 2616/2414/4429 1826/2464/4429
f 2630/2449/4430 2388/2345/4430 2597/2346/4430
f 2630/2449/4431 2597/2346/4431 1826/2464/4431
f 1975/2465/4432 1875/2374/4432 2605/2369/4432
f 1975/2465/4433 2605/2369/4433 1874/2445/4433
f 2636/2466/4434 1886/2375/4434 1881/2356/4434
f 2636/2466/4435 1881/2356/4435 1877/2423/4435
f 2156/2467/4436 2052/2376/4436 1886/2375/4436
f 2156/2467/4437 1886/2375/4437 2636/2466/4437
f 2162/2350/4438 2082/2259/4438 2152/2331/4438
f 2162/2350/4439 2152/2331/4439 2627/2440/4439
f 2332/2468/4440 2331/2318/4440 1998/2332/4440
f 2332/2468/4441 1998/2332/4441 2623/2432/4441
f 2330/2404/4442 2331/2318/4442 2332/2468/4442
f 2330/2404/4443 2332/2468/4443 1813/2469/4443
f 1837/2385/4444 1940/2382/4444 2062/2470/4444
f 1837/2385/4445 2062/2470/4445 2637/2471/4445
f 1940/2382/4446 2058/2383/4446 2638/2472/4446
f 1940/2382/4447 2638/2472/4447 2062/2470/4447
f 2638/2472/4448 2058/2383/4448 2000/2384/4448
f 2638/2472/4449 2000/2384/4449 2639/2473/4449
f 1923/2386/4450 1922/2387/4450 1934/2474/4450
f 1923/2386/4451 1934/2474/4451 1931/2475/4451
f 1922/2387/4452 1926/2388/4452 1925/2476/4452
f 1922/2387/4453 1925/2476/4453 1934/2474/4453
f 1932/2391/4454 2430/2379/4454 2329/2477/4454
f 1932/2391/4455 2329/2477/4455 2424/2478/4455
f 1999/2393/4456 2608/2392/4456 2640/2479/4456
f 1999/2393/4457 2640/2479/4457 2375/2480/4457
f 2003/2481/4458 2006/2394/4458 1943/2395/4458
f 2003/2481/4459 1943/2395/4459 1944/2482/4459
f 1944/2482/4460 1943/2395/4460 1942/2396/4460
f 1944/2482/4461 1942/2396/4461 1988/2483/4461
f 1988/2483/4462 1942/2396/4462 2609/2397/4462
f 1988/2483/4463 2609/2397/4463 1991/2484/4463
f 1991/2484/4464 2609/2397/4464 1985/2398/4464
f 1991/2484/4465 1985/2398/4465 1989/2485/4465
f 1989/2485/4466 1985/2398/4466 2610/2399/4466
f 1989/2485/4467 2610/2399/4467 1992/2486/4467
f 1992/2486/4468 2610/2399/4468 1825/2400/4468
f 1992/2486/4469 1825/2400/4469 2221/2487/4469
f 2642/2488/4470 1971/2380/4470 2606/2381/4470
f 2642/2488/4471 2606/2381/4471 2641/2489/4471
f 2643/2490/4472 2116/2408/4472 2077/2409/4472
f 2643/2490/4473 2077/2409/4473 2112/2491/4473
f 2618/2417/4474 2617/2322/4474 2115/2436/4474
f 2618/2417/4475 2115/2436/4475 2644/2492/4475
f 2129/2407/4476 2166/2406/4476 2163/2493/4476
f 2129/2407/4477 2163/2493/4477 2132/2494/4477
f 2399/2495/4478 2205/2363/4478 2204/2364/4478
f 2399/2495/4479 2204/2364/4479 2167/2496/4479
f 2167/2496/4480 2204/2364/4480 2391/2365/4480
f 2167/2496/4481 2391/2365/4481 2390/2497/4481
f 2391/2365/4482 2133/2366/4482 2131/2498/4482
f 2391/2365/4483 2131/2498/4483 2390/2497/4483
f 2238/2499/4484 2179/2410/4484 2614/2411/4484
f 2238/2499/4485 2614/2411/4485 2208/2500/4485
f 2645/2501/4486 2616/2414/4486 2431/2415/4486
f 2645/2501/4487 2431/2415/4487 2395/2502/4487
f 2395/2502/4488 2431/2415/4488 2396/2416/4488
f 2395/2502/4489 2396/2416/4489 2646/2503/4489
f 2372/2504/4490 2373/2412/4490 2615/2413/4490
f 2372/2504/4491 2615/2413/4491 2383/2505/4491
f 2613/2405/4492 2330/2404/4492 2647/2506/4492
f 2613/2405/4493 2647/2506/4493 2352/2507/4493
f 2648/2508/4494 2607/2389/4494 1869/2390/4494
f 2648/2508/4495 1869/2390/4495 2649/2509/4495
f 2624/2433/4496 1894/2333/4496 1895/2418/4496
f 2624/2433/4497 1895/2418/4497 1893/2434/4497
f 2430/2379/4498 1929/2342/4498 2351/2462/4498
f 2430/2379/4499 2351/2462/4499 2329/2477/4499
f 2608/2392/4500 1971/2380/4500 2642/2488/4500
f 2608/2392/4501 2642/2488/4501 2640/2479/4501
f 2112/2491/4502 2077/2409/4502 2618/2417/4502
f 2112/2491/4503 2618/2417/4503 2644/2492/4503
f 2647/2506/4504 2330/2404/4504 1813/2469/4504
f 2647/2506/4505 1813/2469/4505 2650/2510/4505
f 1825/2400/4506 2178/2456/4506 2651/2511/4506
f 1825/2400/4507 2651/2511/4507 2221/2487/4507
f 1869/2390/4508 1868/2424/4508 2652/2512/4508
f 1869/2390/4509 2652/2512/4509 2649/2509/4509
f 1868/2424/4510 1875/2374/4510 1975/2465/4510
f 1868/2424/4511 1975/2465/4511 2652/2512/4511
f 1880/2448/4512 2595/2336/4512 1876/2425/4512
f 1880/2448/4513 1876/2425/4513 2665/2513/4513
f 2000/2384/4514 2624/2433/4514 2009/2514/4514
f 2000/2384/4515 2009/2514/4515 2639/2473/4515
f 1874/2445/4516 1923/2386/4516 1931/2475/4516
f 1874/2445/4517 1931/2475/4517 1976/2515/4517
f 1926/2388/4518 1927/2427/4518 2272/2516/4518
f 1926/2388/4519 2272/2516/4519 1925/2476/4519
f 1927/2427/4520 1932/2391/4520 2424/2478/4520
f 1927/2427/4521 2424/2478/4521 2272/2516/4521
f 2332/2468/4522 2623/2432/4522 1997/2517/4522
f 2332/2468/4523 1997/2517/4523 1813/2469/4523
f 2623/2432/4524 1999/2393/4524 2375/2480/4524
f 2623/2432/4525 2375/2480/4525 1997/2517/4525
f 2007/2428/4526 2006/2394/4526 2003/2481/4526
f 2007/2428/4527 2003/2481/4527 2654/2518/4527
f 1893/2434/4528 2005/2372/4528 2007/2428/4528
f 1893/2434/4529 2007/2428/4529 2654/2518/4529
f 2107/2429/4530 2019/2341/4530 2146/2435/4530
f 2107/2429/4531 2146/2435/4531 2145/2519/4531
f 2049/2378/4532 2090/2422/4532 2154/2520/4532
f 2049/2378/4533 2154/2520/4533 2629/2447/4533
f 2052/2376/4534 2156/2467/4534 2180/2521/4534
f 2052/2376/4535 2180/2521/4535 2621/2426/4535
f 2620/2420/4536 1837/2385/4536 2637/2471/4536
f 2620/2420/4537 2637/2471/4537 2092/2522/4537
f 2627/2440/4538 2089/2373/4538 2153/2446/4538
f 2627/2440/4539 2153/2446/4539 2159/2523/4539
f 2202/2443/4540 2203/2351/4540 2122/2421/4540
f 2202/2443/4541 2122/2421/4541 1796/2524/4541
f 2166/2406/4542 2107/2429/4542 2147/2525/4542
f 2166/2406/4543 2147/2525/4543 2163/2493/4543
f 2108/2461/4544 2612/2403/4544 2626/2439/4544
f 2108/2461/4545 2626/2439/4545 2655/2526/4545
f 2655/2526/4546 2626/2439/4546 2116/2408/4546
f 2655/2526/4547 2116/2408/4547 2643/2490/4547
f 2153/2446/4548 2629/2447/4548 2118/2527/4548
f 2153/2446/4549 2118/2527/4549 2159/2523/4549
f 2383/2505/4550 2615/2413/4550 2202/2443/4550
f 2383/2505/4551 2202/2443/4551 2201/2528/4551
f 2619/2419/4552 2129/2407/4552 2132/2494/4552
f 2619/2419/4553 2132/2494/4553 2656/2529/4553
f 2133/2366/4554 2619/2419/4554 2656/2529/4554
f 2133/2366/4555 2656/2529/4555 2131/2498/4555
f 2208/2500/4556 2614/2411/4556 2171/2450/4556
f 2208/2500/4557 2171/2450/4557 1808/2530/4557
f 1808/2530/4558 2171/2450/4558 2631/2451/4558
f 1808/2530/4559 2631/2451/4559 2657/2531/4559
f 2657/2531/4560 2631/2451/4560 2632/2452/4560
f 2657/2531/4561 2632/2452/4561 2658/2532/4561
f 2658/2532/4562 2632/2452/4562 2170/2453/4562
f 2658/2532/4563 2170/2453/4563 2169/2533/4563
f 2599/2352/4564 2216/2442/4564 2218/2534/4564
f 2599/2352/4565 2218/2534/4565 2178/2456/4565
f 2179/2410/4566 2238/2499/4566 2215/2535/4566
f 2179/2410/4567 2215/2535/4567 2216/2442/4567
f 2633/2458/4568 2205/2363/4568 2399/2495/4568
f 2633/2458/4569 2399/2495/4569 2659/2536/4569
f 2351/2462/4570 2613/2405/4570 2352/2507/4570
f 2351/2462/4571 2352/2507/4571 2350/2537/4571
f 2370/2355/4572 2635/2463/4572 2369/2430/4572
f 2370/2355/4573 2369/2430/4573 2628/2444/4573
f 2369/2430/4574 1968/2348/4574 2625/2438/4574
f 2369/2430/4575 2625/2438/4575 2628/2444/4575
f 2606/2381/4576 2369/2430/4576 2635/2463/4576
f 2606/2381/4577 2635/2463/4577 2641/2489/4577
f 2635/2463/4578 2373/2412/4578 2372/2504/4578
f 2635/2463/4579 2372/2504/4579 2641/2489/4579
f 2396/2416/4580 2397/2441/4580 2160/2538/4580
f 2396/2416/4581 2160/2538/4581 2646/2503/4581
f 2397/2441/4582 2162/2350/4582 2627/2440/4582
f 2397/2441/4583 2627/2440/4583 2159/2523/4583
f 2642/2488/4584 2641/2489/4584 2371/2539/4584
f 2642/2488/4585 2371/2539/4585 2640/2479/4585
f 2122/2421/4586 2121/2340/4586 2620/2420/4586
f 2122/2421/4587 2620/2420/4587 2092/2522/4587
f 2622/2431/4588 1979/2339/4588 2621/2426/4588
f 2622/2431/4589 2621/2426/4589 1936/2540/4589
f 2090/2422/4590 2053/2349/4590 2622/2431/4590
f 2090/2422/4591 2622/2431/4591 1936/2540/4591
f 2169/2533/4592 2170/2453/4592 2389/2454/4592
f 2169/2533/4593 2389/2454/4593 2660/2541/4593
f 2660/2541/4594 2389/2454/4594 2127/2455/4594
f 2660/2541/4595 2127/2455/4595 2404/2542/4595
f 2404/2542/4596 2127/2455/4596 2065/2457/4596
f 2404/2542/4597 2065/2457/4597 2661/2543/4597
f 2661/2543/4598 2065/2457/4598 2633/2458/4598
f 2661/2543/4599 2633/2458/4599 2659/2536/4599
f 2145/2519/4600 2146/2435/4600 2634/2459/4600
f 2145/2519/4601 2634/2459/4601 2662/2544/4601
f 2662/2544/4602 2634/2459/4602 2075/2460/4602
f 2662/2544/4603 2075/2460/4603 2071/2545/4603
f 2071/2545/4604 2075/2460/4604 2108/2461/4604
f 2071/2545/4605 2108/2461/4605 2663/2546/4605
f 2616/2414/4606 2645/2501/4606 2664/2547/4606
f 2616/2414/4607 2664/2547/4607 1826/2464/4607
f 1876/2425/4608 2607/2389/4608 2648/2508/4608
f 1876/2425/4609 2648/2508/4609 2665/2513/4609
f 1975/2465/4610 1874/2445/4610 1976/2515/4610
f 1975/2465/4611 1976/2515/4611 2652/2512/4611
f 2375/2480/4612 2640/2479/4612 2371/2539/4612
f 2375/2480/4613 2371/2539/4613 2376/2548/4613
f 2008/2549/4614 2003/2481/4614 1944/2482/4614
f 2008/2549/4615 1944/2482/4615 2666/2550/4615
f 2666/2550/4616 1944/2482/4616 1988/2483/4616
f 2666/2550/4617 1988/2483/4617 1986/2551/4617
f 1986/2551/4618 1988/2483/4618 1991/2484/4618
f 1986/2551/4619 1991/2484/4619 1990/2552/4619
f 1990/2552/4620 1991/2484/4620 1989/2485/4620
f 1990/2552/4621 1989/2485/4621 1993/2553/4621
f 1993/2553/4622 1989/2485/4622 1992/2486/4622
f 1993/2553/4623 1992/2486/4623 2334/2554/4623
f 2334/2554/4624 1992/2486/4624 2221/2487/4624
f 2334/2554/4625 2221/2487/4625 2335/2555/4625
f 2156/2467/4626 2636/2466/4626 1827/2556/4626
f 2156/2467/4627 1827/2556/4627 2183/2557/4627
f 2636/2466/4628 1877/2423/4628 2187/2558/4628
f 2636/2466/4629 2187/2558/4629 1827/2556/4629
f 2648/2508/4630 2649/2509/4630 1933/2559/4630
f 2648/2508/4631 1933/2559/4631 2667/2560/4631
f 1934/2474/4632 1925/2476/4632 2273/2561/4632
f 1934/2474/4633 2273/2561/4633 2668/2562/4633
f 1931/2475/4634 1934/2474/4634 2668/2562/4634
f 1931/2475/4635 2668/2562/4635 1974/2563/4635
f 2060/2564/4636 2638/2472/4636 2639/2473/4636
f 2060/2564/4637 2639/2473/4637 2061/2565/4637
f 2062/2470/4638 2638/2472/4638 2060/2564/4638
f 2062/2470/4639 2060/2564/4639 2669/2566/4639
f 2637/2471/4640 2062/2470/4640 2669/2566/4640
f 2637/2471/4641 2669/2566/4641 2002/2567/4641
f 2143/2568/4642 2132/2494/4642 2163/2493/4642
f 2143/2568/4643 2163/2493/4643 2392/2569/4643
f 2167/2496/4644 2390/2497/4644 2130/2570/4644
f 2167/2496/4645 2130/2570/4645 2401/2571/4645
f 2390/2497/4646 2131/2498/4646 2148/2572/4646
f 2390/2497/4647 2148/2572/4647 2130/2570/4647
f 2670/2573/4648 2399/2495/4648 2167/2496/4648
f 2670/2573/4649 2167/2496/4649 2401/2571/4649
f 2630/2449/4650 1826/2464/4650 2235/2574/4650
f 2630/2449/4651 2235/2574/4651 2236/2575/4651
f 2237/2576/4652 2387/2437/4652 2630/2449/4652
f 2237/2576/4653 2630/2449/4653 2236/2575/4653
f 2671/2577/4654 2115/2436/4654 2387/2437/4654
f 2671/2577/4655 2387/2437/4655 2237/2576/4655
f 2113/2578/4656 2644/2492/4656 2115/2436/4656
f 2113/2578/4657 2115/2436/4657 2671/2577/4657
f 2352/2507/4658 2647/2506/4658 2358/2579/4658
f 2352/2507/4659 2358/2579/4659 2672/2580/4659
f 2424/2478/4660 2329/2477/4660 2328/2581/4660
f 2424/2478/4661 2328/2581/4661 2423/2582/4661
f 2673/2583/4662 2372/2504/4662 2383/2505/4662
f 2673/2583/4663 2383/2505/4663 2380/2584/4663
f 2223/2585/4664 2238/2499/4664 2208/2500/4664
f 2223/2585/4665 2208/2500/4665 2224/2586/4665
f 2674/2587/4666 2643/2490/4666 2112/2491/4666
f 2674/2587/4667 2112/2491/4667 2675/2588/4667
f 2676/2589/4668 2645/2501/4668 2395/2502/4668
f 2676/2589/4669 2395/2502/4669 2158/2590/4669
f 2395/2502/4670 2646/2503/4670 2161/2591/4670
f 2395/2502/4671 2161/2591/4671 2158/2590/4671
f 2112/2491/4672 2644/2492/4672 2113/2578/4672
f 2112/2491/4673 2113/2578/4673 2675/2588/4673
f 2329/2477/4674 2351/2462/4674 2350/2537/4674
f 2329/2477/4675 2350/2537/4675 2328/2581/4675
f 2371/2539/4676 2641/2489/4676 2372/2504/4676
f 2371/2539/4677 2372/2504/4677 2673/2583/4677
f 2009/2514/4678 2624/2433/4678 1893/2434/4678
f 2009/2514/4679 1893/2434/4679 2654/2518/4679
f 2224/2586/4680 2208/2500/4680 1808/2530/4680
f 2224/2586/4681 1808/2530/4681 2677/2592/4681
f 2648/2508/4682 2667/2560/4682 2690/2593/4682
f 2648/2508/4683 2690/2593/4683 2665/2513/4683
f 1877/2423/4684 2653/2338/4684 2678/2594/4684
f 1877/2423/4685 2678/2594/4685 2187/2558/4685
f 2678/2594/4686 2653/2338/4686 1880/2448/4686
f 2678/2594/4687 1880/2448/4687 1977/2595/4687
f 1925/2476/4688 2272/2516/4688 2271/2596/4688
f 1925/2476/4689 2271/2596/4689 2273/2561/4689
f 2272/2516/4690 2424/2478/4690 2423/2582/4690
f 2272/2516/4691 2423/2582/4691 2271/2596/4691
f 1976/2515/4692 1931/2475/4692 1974/2563/4692
f 1976/2515/4693 1974/2563/4693 2679/2597/4693
f 2652/2512/4694 1976/2515/4694 2679/2597/4694
f 2652/2512/4695 2679/2597/4695 2649/2509/4695
f 2154/2520/4696 2090/2422/4696 1936/2540/4696
f 2154/2520/4697 1936/2540/4697 2680/2598/4697
f 2680/2598/4698 1936/2540/4698 2621/2426/4698
f 2680/2598/4699 2621/2426/4699 2180/2521/4699
f 2003/2481/4700 2008/2549/4700 2011/2599/4700
f 2003/2481/4701 2011/2599/4701 2654/2518/4701
f 2629/2447/4702 2154/2520/4702 2155/2600/4702
f 2629/2447/4703 2155/2600/4703 2118/2527/4703
f 1796/2524/4704 2122/2421/4704 2092/2522/4704
f 1796/2524/4705 2092/2522/4705 2681/2601/4705
f 2147/2525/4706 2107/2429/4706 2145/2519/4706
f 2147/2525/4707 2145/2519/4707 2682/2602/4707
f 2663/2546/4708 2108/2461/4708 2655/2526/4708
f 2663/2546/4709 2655/2526/4709 2137/2603/4709
f 2137/2603/4710 2655/2526/4710 2643/2490/4710
f 2137/2603/4711 2643/2490/4711 2674/2587/4711
f 2131/2498/4712 2656/2529/4712 2683/2604/4712
f 2131/2498/4713 2683/2604/4713 2148/2572/4713
f 2656/2529/4714 2132/2494/4714 2143/2568/4714
f 2656/2529/4715 2143/2568/4715 2683/2604/4715
f 2392/2569/4716 2163/2493/4716 2147/2525/4716
f 2392/2569/4717 2147/2525/4717 2682/2602/4717
f 2180/2521/4718 2156/2467/4718 2183/2557/4718
f 2180/2521/4719 2183/2557/4719 2684/2605/4719
f 2646/2503/4720 2160/2538/4720 2685/2606/4720
f 2646/2503/4721 2685/2606/4721 2161/2591/4721
f 2201/2528/4722 2202/2443/4722 1796/2524/4722
f 2201/2528/4723 1796/2524/4723 2200/2607/4723
f 2651/2511/4724 2178/2456/4724 2218/2534/4724
f 2651/2511/4725 2218/2534/4725 2217/2608/4725
f 2335/2555/4726 2221/2487/4726 2651/2511/4726
f 2335/2555/4727 2651/2511/4727 2217/2608/4727
f 2664/2547/4728 2645/2501/4728 2676/2589/4728
f 2664/2547/4729 2676/2589/4729 2198/2609/4729
f 2380/2584/4730 2383/2505/4730 2201/2528/4730
f 2380/2584/4731 2201/2528/4731 2384/2610/4731
f 2216/2442/4732 2215/2535/4732 2337/2611/4732
f 2216/2442/4733 2337/2611/4733 2218/2534/4733
f 2238/2499/4734 2223/2585/4734 2344/2612/4734
f 2238/2499/4735 2344/2612/4735 2215/2535/4735
f 2647/2506/4736 2650/2510/4736 2686/2613/4736
f 2647/2506/4737 2686/2613/4737 2358/2579/4737
f 1813/2469/4738 1997/2517/4738 2377/2614/4738
f 1813/2469/4739 2377/2614/4739 2650/2510/4739
f 1997/2517/4740 2375/2480/4740 2376/2548/4740
f 1997/2517/4741 2376/2548/4741 2377/2614/4741
f 2092/2522/4742 2637/2471/4742 2002/2567/4742
f 2092/2522/4743 2002/2567/4743 2681/2601/4743
f 2061/2565/4744 2639/2473/4744 2009/2514/4744
f 2061/2565/4745 2009/2514/4745 2654/2518/4745
f 2235/2574/4746 1826/2464/4746 2664/2547/4746
f 2235/2574/4747 2664/2547/4747 2198/2609/4747
f 2677/2592/4748 1808/2530/4748 2657/2531/4748
f 2677/2592/4749 2657/2531/4749 2687/2615/4749
f 2687/2615/4750 2657/2531/4750 2658/2532/4750
f 2687/2615/4751 2658/2532/4751 2220/2616/4751
f 2220/2616/4752 2658/2532/4752 2169/2533/4752
f 2220/2616/4753 2169/2533/4753 2410/2617/4753
f 2410/2617/4754 2169/2533/4754 2660/2541/4754
f 2410/2617/4755 2660/2541/4755 2126/2618/4755
f 2126/2618/4756 2660/2541/4756 2404/2542/4756
f 2126/2618/4757 2404/2542/4757 2408/2619/4757
f 2397/2441/4758 2159/2523/4758 2157/2620/4758
f 2397/2441/4759 2157/2620/4759 2160/2538/4759
f 2157/2620/4760 2159/2523/4760 2118/2527/4760
f 2157/2620/4761 2118/2527/4761 2688/2621/4761
f 2408/2619/4762 2404/2542/4762 2661/2543/4762
f 2408/2619/4763 2661/2543/4763 2398/2622/4763
f 2398/2622/4764 2661/2543/4764 2659/2536/4764
f 2398/2622/4765 2659/2536/4765 2689/2623/4765
f 2659/2536/4766 2399/2495/4766 2670/2573/4766
f 2659/2536/4767 2670/2573/4767 2689/2623/4767
f 2682/2602/4768 2145/2519/4768 2662/2544/4768
f 2682/2602/4769 2662/2544/4769 2738/2624/4769
f 2738/2624/4770 2662/2544/4770 2071/2545/4770
f 2738/2624/4771 2071/2545/4771 2144/2625/4771
f 2071/2545/4772 2663/2546/4772 2136/2626/4772
f 2071/2545/4773 2136/2626/4773 2144/2625/4773
f 2690/2593/4774 1977/2595/4774 1880/2448/4774
f 2690/2593/4775 1880/2448/4775 2665/2513/4775
f 2350/2537/4776 2352/2507/4776 2672/2580/4776
f 2350/2537/4777 2672/2580/4777 2429/2627/4777
f 1933/2559/4778 2649/2509/4778 2679/2597/4778
f 1933/2559/4779 2679/2597/4779 1930/2628/4779
f 2376/2548/4780 2371/2539/4780 2673/2583/4780
f 2376/2548/4781 2673/2583/4781 2379/2629/4781
f 2379/2629/4782 2673/2583/4782 2380/2584/4782
f 2379/2629/4783 2380/2584/4783 2382/2630/4783
f 2010/2631/4784 2008/2549/4784 2666/2550/4784
f 2010/2631/4785 2666/2550/4785 2691/2632/4785
f 2691/2632/4786 2666/2550/4786 1986/2551/4786
f 2691/2632/4787 1986/2551/4787 2094/2633/4787
f 2094/2633/4788 1986/2551/4788 1990/2552/4788
f 2094/2633/4789 1990/2552/4789 2692/2634/4789
f 2692/2634/4790 1990/2552/4790 1993/2553/4790
f 2692/2634/4791 1993/2553/4791 2349/2635/4791
f 2349/2635/4792 1993/2553/4792 2334/2554/4792
f 2349/2635/4793 2334/2554/4793 2346/2636/4793
f 2346/2636/4794 2334/2554/4794 2335/2555/4794
f 2346/2636/4795 2335/2555/4795 2338/2637/4795
f 1974/2563/4796 2668/2562/4796 2283/2638/4796
f 1974/2563/4797 2283/2638/4797 1928/2639/4797
f 2668/2562/4798 2273/2561/4798 2282/2640/4798
f 2668/2562/4799 2282/2640/4799 2283/2638/4799
f 2060/2564/4800 2061/2565/4800 2694/2641/4800
f 2060/2564/4801 2694/2641/4801 2693/2642/4801
f 2669/2566/4802 2060/2564/4802 2693/2642/4802
f 2669/2566/4803 2693/2642/4803 2695/2643/4803
f 2002/2567/4804 2669/2566/4804 2695/2643/4804
f 2002/2567/4805 2695/2643/4805 2736/2644/4805
f 2114/2645/4806 2671/2577/4806 2237/2576/4806
f 2114/2645/4807 2237/2576/4807 2111/2646/4807
f 2111/2646/4808 2237/2576/4808 2236/2575/4808
f 2111/2646/4809 2236/2575/4809 2213/2647/4809
f 2236/2575/4810 2235/2574/4810 2696/2648/4810
f 2236/2575/4811 2696/2648/4811 2213/2647/4811
f 2113/2578/4812 2671/2577/4812 2114/2645/4812
f 2113/2578/4813 2114/2645/4813 2675/2588/4813
f 2674/2587/4814 2675/2588/4814 2140/2649/4814
f 2674/2587/4815 2140/2649/4815 2138/2650/4815
f 2697/2651/4816 2143/2568/4816 2392/2569/4816
f 2697/2651/4817 2392/2569/4817 2703/2652/4817
f 2130/2570/4818 2148/2572/4818 2142/2653/4818
f 2130/2570/4819 2142/2653/4819 2698/2654/4819
f 2184/2655/4820 2183/2557/4820 1827/2556/4820
f 2184/2655/4821 1827/2556/4821 2190/2656/4821
f 2190/2656/4822 1827/2556/4822 2187/2558/4822
f 2190/2656/4823 2187/2558/4823 2185/2657/4823
f 2158/2590/4824 2161/2591/4824 2699/2658/4824
f 2158/2590/4825 2699/2658/4825 2195/2659/4825
f 2197/2660/4826 2676/2589/4826 2158/2590/4826
f 2197/2660/4827 2158/2590/4827 2195/2659/4827
f 2214/2661/4828 2223/2585/4828 2224/2586/4828
f 2214/2661/4829 2224/2586/4829 2222/2662/4829
f 2670/2573/4830 2401/2571/4830 2402/2663/4830
f 2670/2573/4831 2402/2663/4831 2689/2623/4831
f 2423/2582/4832 2328/2581/4832 2425/2664/4832
f 2423/2582/4833 2425/2664/4833 2411/2665/4833
f 2672/2580/4834 2358/2579/4834 2316/2666/4834
f 2672/2580/4835 2316/2666/4835 2700/2667/4835
f 2211/2668/4836 2667/2560/4836 1933/2559/4836
f 2211/2668/4837 1933/2559/4837 2189/2669/4837
f 2679/2597/4838 1974/2563/4838 1928/2639/4838
f 2679/2597/4839 1928/2639/4839 1930/2628/4839
f 2703/2652/4840 2392/2569/4840 2682/2602/4840
f 2703/2652/4841 2682/2602/4841 2738/2624/4841
f 2328/2581/4842 2350/2537/4842 2429/2627/4842
f 2328/2581/4843 2429/2627/4843 2425/2664/4843
f 2061/2565/4844 2654/2518/4844 2011/2599/4844
f 2061/2565/4845 2011/2599/4845 2694/2641/4845
f 2694/2641/4846 2011/2599/4846 2008/2549/4846
f 2694/2641/4847 2008/2549/4847 2010/2631/4847
f 2650/2510/4848 2377/2614/4848 2381/2670/4848
f 2650/2510/4849 2381/2670/4849 2686/2613/4849
f 2377/2614/4850 2376/2548/4850 2379/2629/4850
f 2377/2614/4851 2379/2629/4851 2381/2670/4851
f 2690/2593/4852 2667/2560/4852 2211/2668/4852
f 2690/2593/4853 2211/2668/4853 1977/2595/4853
f 1933/2559/4854 1930/2628/4854 2226/2671/4854
f 1933/2559/4855 2226/2671/4855 2189/2669/4855
f 2148/2572/4856 2683/2604/4856 2701/2672/4856
f 2148/2572/4857 2701/2672/4857 2142/2653/4857
f 2683/2604/4858 2143/2568/4858 2697/2651/4858
f 2683/2604/4859 2697/2651/4859 2701/2672/4859
f 2136/2626/4860 2663/2546/4860 2137/2603/4860
f 2136/2626/4861 2137/2603/4861 2135/2673/4861
f 2135/2673/4862 2137/2603/4862 2674/2587/4862
f 2135/2673/4863 2674/2587/4863 2138/2650/4863
f 2697/2651/4864 2703/2652/4864 2702/2674/4864
f 2697/2651/4865 2702/2674/4865 2701/2672/4865
f 2130/2570/4866 2698/2654/4866 2705/2675/4866
f 2130/2570/4867 2705/2675/4867 2401/2571/4867
f 2688/2621/4868 2118/2527/4868 2155/2600/4868
f 2688/2621/4869 2155/2600/4869 2706/2676/4869
f 2180/2521/4870 2684/2605/4870 2706/2676/4870
f 2180/2521/4871 2706/2676/4871 2680/2598/4871
f 2155/2600/4872 2154/2520/4872 2680/2598/4872
f 2155/2600/4873 2680/2598/4873 2706/2676/4873
f 2160/2538/4874 2157/2620/4874 2087/2677/4874
f 2160/2538/4875 2087/2677/4875 2685/2606/4875
f 2087/2677/4876 2157/2620/4876 2688/2621/4876
f 2087/2677/4877 2688/2621/4877 2707/2678/4877
f 2699/2658/4878 2161/2591/4878 2685/2606/4878
f 2699/2658/4879 2685/2606/4879 2182/2679/4879
f 2198/2609/4880 2676/2589/4880 2197/2660/4880
f 2198/2609/4881 2197/2660/4881 2196/2680/4881
f 2696/2648/4882 2235/2574/4882 2198/2609/4882
f 2696/2648/4883 2198/2609/4883 2196/2680/4883
f 2183/2557/4884 2184/2655/4884 2708/2681/4884
f 2183/2557/4885 2708/2681/4885 2684/2605/4885
f 2382/2630/4886 2380/2584/4886 2384/2610/4886
f 2382/2630/4887 2384/2610/4887 2318/2682/4887
f 2384/2610/4888 2201/2528/4888 2200/2607/4888
f 2384/2610/4889 2200/2607/4889 2385/2683/4889
f 2344/2612/4890 2223/2585/4890 2214/2661/4890
f 2344/2612/4891 2214/2661/4891 2709/2684/4891
f 2215/2535/4892 2344/2612/4892 2336/2685/4892
f 2215/2535/4893 2336/2685/4893 2337/2611/4893
f 2338/2637/4894 2335/2555/4894 2217/2608/4894
f 2338/2637/4895 2217/2608/4895 2339/2686/4895
f 2217/2608/4896 2218/2534/4896 2337/2611/4896
f 2217/2608/4897 2337/2611/4897 2339/2686/4897
f 2273/2561/4898 2271/2596/4898 2427/2687/4898
f 2273/2561/4899 2427/2687/4899 2282/2640/4899
f 2271/2596/4900 2423/2582/4900 2411/2665/4900
f 2271/2596/4901 2411/2665/4901 2427/2687/4901
f 2429/2627/4902 2672/2580/4902 2700/2667/4902
f 2429/2627/4903 2700/2667/4903 2710/2688/4903
f 2358/2579/4904 2686/2613/4904 2317/2689/4904
f 2358/2579/4905 2317/2689/4905 2316/2666/4905
f 2381/2670/4906 2379/2629/4906 2382/2630/4906
f 2381/2670/4907 2382/2630/4907 2378/2690/4907
f 2222/2662/4908 2224/2586/4908 2677/2592/4908
f 2222/2662/4909 2677/2592/4909 2361/2691/4909
f 2361/2691/4910 2677/2592/4910 2687/2615/4910
f 2361/2691/4911 2687/2615/4911 2219/2692/4911
f 2187/2558/4912 2678/2594/4912 2188/2693/4912
f 2187/2558/4913 2188/2693/4913 2185/2657/4913
f 2188/2693/4914 2678/2594/4914 1977/2595/4914
f 2188/2693/4915 1977/2595/4915 2211/2668/4915
f 2200/2607/4916 1796/2524/4916 2681/2601/4916
f 2200/2607/4917 2681/2601/4917 2755/2694/4917
f 2681/2601/4918 2002/2567/4918 2736/2644/4918
f 2681/2601/4919 2736/2644/4919 2755/2694/4919
f 2219/2692/4920 2687/2615/4920 2220/2616/4920
f 2219/2692/4921 2220/2616/4921 2356/2695/4921
f 2356/2695/4922 2220/2616/4922 2410/2617/4922
f 2356/2695/4923 2410/2617/4923 2355/2696/4923
f 2410/2617/4924 2126/2618/4924 2407/2697/4924
f 2410/2617/4925 2407/2697/4925 2355/2696/4925
f 2407/2697/4926 2126/2618/4926 2408/2619/4926
f 2407/2697/4927 2408/2619/4927 2409/2698/4927
f 2409/2698/4928 2408/2619/4928 2398/2622/4928
f 2409/2698/4929 2398/2622/4929 2711/2699/4929
f 2711/2699/4930 2398/2622/4930 2689/2623/4930
f 2711/2699/4931 2689/2623/4931 2402/2663/4931
f 2140/2649/4932 2675/2588/4932 2114/2645/4932
f 2140/2649/4933 2114/2645/4933 2139/2700/4933
f 2139/2700/4934 2114/2645/4934 2111/2646/4934
f 2139/2700/4935 2111/2646/4935 2712/2701/4935
f 2111/2646/4936 2213/2647/4936 2232/2702/4936
f 2111/2646/4937 2232/2702/4937 2712/2701/4937
f 2693/2642/4938 2694/2641/4938 2010/2631/4938
f 2693/2642/4939 2010/2631/4939 2001/2703/4939
f 2001/2703/4940 2010/2631/4940 2691/2632/4940
f 2001/2703/4941 2691/2632/4941 2095/2704/4941
f 2095/2704/4942 2691/2632/4942 2094/2633/4942
f 2095/2704/4943 2094/2633/4943 2093/2705/4943
f 2093/2705/4944 2094/2633/4944 2692/2634/4944
f 2093/2705/4945 2692/2634/4945 2099/2706/4945
f 2099/2706/4946 2692/2634/4946 2349/2635/4946
f 2099/2706/4947 2349/2635/4947 2348/2707/4947
f 2348/2707/4948 2349/2635/4948 2346/2636/4948
f 2348/2707/4949 2346/2636/4949 2347/2708/4949
f 2347/2708/4950 2346/2636/4950 2338/2637/4950
f 2347/2708/4951 2338/2637/4951 2325/2709/4951
f 2695/2643/4952 2693/2642/4952 2001/2703/4952
f 2695/2643/4953 2001/2703/4953 2713/2710/4953
f 2063/2711/4954 2736/2644/4954 2695/2643/4954
f 2063/2711/4955 2695/2643/4955 2713/2710/4955
f 2402/2663/4956 2401/2571/4956 2705/2675/4956
f 2402/2663/4957 2705/2675/4957 2405/2712/4957
f 1928/2639/4958 2283/2638/4958 2281/2713/4958
f 1928/2639/4959 2281/2713/4959 2269/2714/4959
f 2283/2638/4960 2282/2640/4960 2714/2715/4960
f 2283/2638/4961 2714/2715/4961 2281/2713/4961
f 2403/2716/4962 2144/2625/4962 2136/2626/4962
f 2403/2716/4963 2136/2626/4963 2715/2717/4963
f 2716/2718/4964 2138/2650/4964 2140/2649/4964
f 2716/2718/4965 2140/2649/4965 2255/2719/4965
f 2698/2654/4966 2142/2653/4966 2718/2720/4966
f 2698/2654/4967 2718/2720/4967 2717/2721/4967
f 2719/2722/4968 2195/2659/4968 2699/2658/4968
f 2719/2722/4969 2699/2658/4969 2181/2723/4969
f 2720/2724/4970 2184/2655/4970 2190/2656/4970
f 2720/2724/4971 2190/2656/4971 2721/2725/4971
f 2721/2725/4972 2190/2656/4972 2185/2657/4972
f 2721/2725/4973 2185/2657/4973 2722/2726/4973
f 2197/2660/4974 2195/2659/4974 2193/2727/4974
f 2197/2660/4975 2193/2727/4975 2196/2680/4975
f 2360/2728/4976 2214/2661/4976 2222/2662/4976
f 2360/2728/4977 2222/2662/4977 2363/2729/4977
f 2231/2730/4978 2213/2647/4978 2696/2648/4978
f 2231/2730/4979 2696/2648/4979 2234/2731/4979
f 2700/2667/4980 2316/2666/4980 2310/2732/4980
f 2700/2667/4981 2310/2732/4981 2723/2733/4981
f 2411/2665/4982 2425/2664/4982 2426/2734/4982
f 2411/2665/4983 2426/2734/4983 2428/2735/4983
f 1930/2628/4984 1928/2639/4984 2269/2714/4984
f 1930/2628/4985 2269/2714/4985 2226/2671/4985
f 2425/2664/4986 2429/2627/4986 2710/2688/4986
f 2425/2664/4987 2710/2688/4987 2426/2734/4987
f 2686/2613/4988 2381/2670/4988 2378/2690/4988
f 2686/2613/4989 2378/2690/4989 2317/2689/4989
f 2142/2653/4990 2701/2672/4990 2702/2674/4990
f 2142/2653/4991 2702/2674/4991 2718/2720/4991
f 2713/2710/4992 2001/2703/4992 2095/2704/4992
f 2713/2710/4993 2095/2704/4993 2096/2736/4993
f 2096/2736/4994 2095/2704/4994 2093/2705/4994
f 2096/2736/4995 2093/2705/4995 2098/2737/4995
f 2098/2737/4996 2093/2705/4996 2099/2706/4996
f 2098/2737/4997 2099/2706/4997 2097/2738/4997
f 2097/2738/4998 2099/2706/4998 2348/2707/4998
f 2097/2738/4999 2348/2707/4999 2724/2739/4999
f 2715/2717/5000 2136/2626/5000 2135/2673/5000
f 2715/2717/5001 2135/2673/5001 2725/2740/5001
f 2725/2740/5002 2135/2673/5002 2138/2650/5002
f 2725/2740/5003 2138/2650/5003 2716/2718/5003
f 2140/2649/5004 2139/2700/5004 2248/2741/5004
f 2140/2649/5005 2248/2741/5005 2255/2719/5005
f 2248/2741/5006 2139/2700/5006 2712/2701/5006
f 2248/2741/5007 2712/2701/5007 2206/2742/5007
f 2704/2743/5008 2144/2625/5008 2403/2716/5008
f 2704/2743/5009 2403/2716/5009 2726/2744/5009
f 2699/2658/5010 2182/2679/5010 2186/2745/5010
f 2699/2658/5011 2186/2745/5011 2181/2723/5011
f 2722/2726/5012 2185/2657/5012 2188/2693/5012
f 2722/2726/5013 2188/2693/5013 2727/2746/5013
f 2727/2746/5014 2188/2693/5014 2211/2668/5014
f 2727/2746/5015 2211/2668/5015 2189/2669/5015
f 2385/2683/5016 2200/2607/5016 2755/2694/5016
f 2385/2683/5017 2755/2694/5017 2728/2747/5017
f 2213/2647/5018 2231/2730/5018 2729/2748/5018
f 2213/2647/5019 2729/2748/5019 2232/2702/5019
f 2712/2701/5020 2232/2702/5020 2233/2749/5020
f 2712/2701/5021 2233/2749/5021 2206/2742/5021
f 2336/2685/5022 2344/2612/5022 2709/2684/5022
f 2336/2685/5023 2709/2684/5023 2343/2750/5023
f 2214/2661/5024 2360/2728/5024 2730/2751/5024
f 2214/2661/5025 2730/2751/5025 2709/2684/5025
f 2363/2729/5026 2222/2662/5026 2361/2691/5026
f 2363/2729/5027 2361/2691/5027 2731/2752/5027
f 2731/2752/5028 2361/2691/5028 2219/2692/5028
f 2731/2752/5029 2219/2692/5029 2357/2753/5029
f 2357/2753/5030 2219/2692/5030 2356/2695/5030
f 2357/2753/5031 2356/2695/5031 2355/2696/5031
f 2282/2640/5032 2427/2687/5032 2732/2754/5032
f 2282/2640/5033 2732/2754/5033 2714/2715/5033
f 2427/2687/5034 2411/2665/5034 2428/2735/5034
f 2427/2687/5035 2428/2735/5035 2732/2754/5035
f 2710/2688/5036 2700/2667/5036 2723/2733/5036
f 2710/2688/5037 2723/2733/5037 2307/2755/5037
f 2316/2666/5038 2317/2689/5038 2100/2756/5038
f 2316/2666/5039 2100/2756/5039 2310/2732/5039
f 2378/2690/5040 2382/2630/5040 2318/2682/5040
f 2378/2690/5041 2318/2682/5041 2733/2757/5041
f 2339/2686/5042 2337/2611/5042 2336/2685/5042
f 2339/2686/5043 2336/2685/5043 2343/2750/5043
f 2325/2709/5044 2338/2637/5044 2339/2686/5044
f 2325/2709/5045 2339/2686/5045 2343/2750/5045
f 2724/2739/5046 2348/2707/5046 2347/2708/5046
f 2724/2739/5047 2347/2708/5047 2315/2758/5047
f 2318/2682/5048 2384/2610/5048 2385/2683/5048
f 2318/2682/5049 2385/2683/5049 2734/2759/5049
f 2711/2699/5050 2402/2663/5050 2405/2712/5050
f 2711/2699/5051 2405/2712/5051 2406/2760/5051
f 2706/2676/5052 2684/2605/5052 2707/2678/5052
f 2706/2676/5053 2707/2678/5053 2688/2621/5053
f 2684/2605/5054 2708/2681/5054 2735/2761/5054
f 2684/2605/5055 2735/2761/5055 2707/2678/5055
f 2182/2679/5056 2685/2606/5056 2087/2677/5056
f 2182/2679/5057 2087/2677/5057 2707/2678/5057
f 2703/2652/5058 2738/2624/5058 2737/2762/5058
f 2703/2652/5059 2737/2762/5059 2702/2674/5059
f 2737/2762/5060 2738/2624/5060 2144/2625/5060
f 2737/2762/5061 2144/2625/5061 2704/2743/5061
f 2718/2720/5062 2702/2674/5062 2737/2762/5062
f 2718/2720/5063 2737/2762/5063 2704/2743/5063
f 2718/2720/5064 2704/2743/5064 2726/2744/5064
f 2718/2720/5065 2726/2744/5065 2717/2721/5065
f 2315/2758/5066 2347/2708/5066 2325/2709/5066
f 2315/2758/5067 2325/2709/5067 2340/2763/5067
f 2698/2654/5068 2717/2721/5068 2400/2764/5068
f 2698/2654/5069 2400/2764/5069 2705/2675/5069
f 2193/2727/5070 2195/2659/5070 2719/2722/5070
f 2193/2727/5071 2719/2722/5071 2739/2765/5071
f 2184/2655/5072 2720/2724/5072 2740/2766/5072
f 2184/2655/5073 2740/2766/5073 2708/2681/5073
f 2405/2712/5074 2705/2675/5074 2400/2764/5074
f 2405/2712/5075 2400/2764/5075 2741/2767/5075
f 2422/2768/5076 2409/2698/5076 2711/2699/5076
f 2422/2768/5077 2711/2699/5077 2406/2760/5077
f 2413/2769/5078 2407/2697/5078 2409/2698/5078
f 2413/2769/5079 2409/2698/5079 2422/2768/5079
f 2742/2770/5080 2355/2696/5080 2407/2697/5080
f 2742/2770/5081 2407/2697/5081 2413/2769/5081
f 2063/2711/5082 2713/2710/5082 2096/2736/5082
f 2063/2711/5083 2096/2736/5083 2743/2771/5083
f 2234/2731/5084 2696/2648/5084 2196/2680/5084
f 2234/2731/5085 2196/2680/5085 2193/2727/5085
f 2403/2716/5086 2715/2717/5086 2754/2772/5086
f 2403/2716/5087 2754/2772/5087 2744/2773/5087
f 2249/2774/5088 2721/2725/5088 2722/2726/5088
f 2249/2774/5089 2722/2726/5089 2225/2775/5089
f 2240/2776/5090 2720/2724/5090 2721/2725/5090
f 2240/2776/5091 2721/2725/5091 2249/2774/5091
f 2261/2777/5092 2189/2669/5092 2226/2671/5092
f 2261/2777/5093 2226/2671/5093 2265/1821/5093
f 2194/2778/5094 2719/2722/5094 2181/2723/5094
f 2194/2778/5095 2181/2723/5095 2745/2779/5095
f 2231/2730/5096 2234/2731/5096 2746/2780/5096
f 2231/2730/5097 2746/2780/5097 2199/2781/5097
f 2269/2714/5098 2281/2713/5098 2270/2782/5098
f 2269/2714/5099 2270/2782/5099 2264/1822/5099
f 2281/2713/5100 2714/2715/5100 2275/2783/5100
f 2281/2713/5101 2275/2783/5101 2270/2782/5101
f 2428/2735/5102 2426/2734/5102 2305/2784/5102
f 2428/2735/5103 2305/2784/5103 2304/2785/5103
f 2723/2733/5104 2310/2732/5104 2103/2786/5104
f 2723/2733/5105 2103/2786/5105 2308/2787/5105
f 2354/2788/5106 2360/2728/5106 2363/2729/5106
f 2354/2788/5107 2363/2729/5107 2747/2789/5107
f 2748/2790/5108 2716/2718/5108 2255/2719/5108
f 2748/2790/5109 2255/2719/5109 2246/2791/5109
f 2265/1821/5110 2226/2671/5110 2269/2714/5110
f 2265/1821/5111 2269/2714/5111 2264/1822/5111
f 2426/2734/5112 2710/2688/5112 2307/2755/5112
f 2426/2734/5113 2307/2755/5113 2305/2784/5113
f 2317/2689/5114 2378/2690/5114 2733/2757/5114
f 2317/2689/5115 2733/2757/5115 2100/2756/5115
f 2186/2745/5116 2182/2679/5116 2707/2678/5116
f 2186/2745/5117 2707/2678/5117 2735/2761/5117
f 2096/2736/5118 2098/2737/5118 1795/2792/5118
f 2096/2736/5119 1795/2792/5119 2743/2771/5119
f 1795/2792/5120 2098/2737/5120 2097/2738/5120
f 1795/2792/5121 2097/2738/5121 2104/2793/5121
f 2103/2786/5122 2310/2732/5122 2100/2756/5122
f 2103/2786/5123 2100/2756/5123 2326/2794/5123
f 2754/2772/5124 2715/2717/5124 2725/2740/5124
f 2754/2772/5125 2725/2740/5125 2256/2795/5125
f 2256/2795/5126 2725/2740/5126 2716/2718/5126
f 2256/2795/5127 2716/2718/5127 2748/2790/5127
f 2720/2724/5128 2240/2776/5128 2192/2796/5128
f 2720/2724/5129 2192/2796/5129 2740/2766/5129
f 2745/2779/5130 2181/2723/5130 2186/2745/5130
f 2745/2779/5131 2186/2745/5131 2735/2761/5131
f 2722/2726/5132 2727/2746/5132 2749/2797/5132
f 2722/2726/5133 2749/2797/5133 2225/2775/5133
f 2727/2746/5134 2189/2669/5134 2261/2777/5134
f 2727/2746/5135 2261/2777/5135 2749/2797/5135
f 2234/2731/5136 2193/2727/5136 2739/2765/5136
f 2234/2731/5137 2739/2765/5137 2746/2780/5137
f 2729/2748/5138 2231/2730/5138 2199/2781/5138
f 2729/2748/5139 2199/2781/5139 2750/2798/5139
f 2246/2791/5140 2255/2719/5140 2248/2741/5140
f 2246/2791/5141 2248/2741/5141 2206/2742/5141
f 2714/2715/5142 2732/2754/5142 2285/2799/5142
f 2714/2715/5143 2285/2799/5143 2275/2783/5143
f 2732/2754/5144 2428/2735/5144 2304/2785/5144
f 2732/2754/5145 2304/2785/5145 2285/2799/5145
f 2307/2755/5146 2723/2733/5146 2308/2787/5146
f 2307/2755/5147 2308/2787/5147 2306/2800/5147
f 2733/2757/5148 2318/2682/5148 2734/2759/5148
f 2733/2757/5149 2734/2759/5149 2319/2801/5149
f 2326/2794/5150 2751/2802/5150 2320/2803/5150
f 2734/2759/5151 2385/2683/5151 2728/2747/5151
f 2734/2759/5152 2728/2747/5152 2751/2802/5152
f 2340/2763/5153 2325/2709/5153 2343/2750/5153
f 2340/2763/5154 2343/2750/5154 2342/2804/5154
f 2342/2804/5155 2343/2750/5155 2709/2684/5155
f 2342/2804/5156 2709/2684/5156 2730/2751/5156
f 2104/2793/5157 2097/2738/5157 2724/2739/5157
f 2104/2793/5158 2724/2739/5158 2102/2805/5158
f 2102/2805/5159 2724/2739/5159 2315/2758/5159
f 2102/2805/5160 2315/2758/5160 2752/2806/5160
f 2752/2806/5161 2315/2758/5161 2340/2763/5161
f 2752/2806/5162 2340/2763/5162 2292/2807/5162
f 2360/2728/5163 2354/2788/5163 2209/2808/5163
f 2360/2728/5164 2209/2808/5164 2730/2751/5164
f 2717/2721/5165 2726/2744/5165 2753/2809/5165
f 2717/2721/5166 2753/2809/5166 2400/2764/5166
f 2726/2744/5167 2403/2716/5167 2744/2773/5167
f 2726/2744/5168 2744/2773/5168 2753/2809/5168
f 2739/2765/5169 2719/2722/5169 2194/2778/5169
f 2739/2765/5170 2194/2778/5170 2212/2810/5170
f 2735/2761/5171 2708/2681/5171 2740/2766/5171
f 2735/2761/5172 2740/2766/5172 2745/2779/5172
f 2233/2749/5173 2232/2702/5173 2729/2748/5173
f 2233/2749/5174 2729/2748/5174 2750/2798/5174
f 2747/2789/5175 2363/2729/5175 2731/2752/5175
f 2747/2789/5176 2731/2752/5176 2353/2811/5176
f 2353/2811/5177 2731/2752/5177 2357/2753/5177
f 2353/2811/5178 2357/2753/5178 2416/2812/5178
f 2357/2753/5179 2355/2696/5179 2742/2770/5179
f 2357/2753/5180 2742/2770/5180 2416/2812/5180
f 2736/2644/5181 2063/2711/5181 2764/2813/5181
f 2736/2644/5182 2764/2813/5182 2755/2694/5182
f 2405/2712/5183 2741/2767/5183 2756/2814/5183
f 2405/2712/5184 2756/2814/5184 2406/2760/5184
f 2741/2767/5185 2400/2764/5185 2753/2809/5185
f 2741/2767/5186 2753/2809/5186 2257/2815/5186
f 2308/2787/5187 2103/2786/5187 2757/2816/5187
f 2308/2787/5188 2757/2816/5188 2101/2817/5188
f 2194/2778/5189 2745/2779/5189 2740/2766/5189
f 2194/2778/5190 2740/2766/5190 2192/2796/5190
f 2199/2781/5191 2746/2780/5191 2227/2818/5191
f 2199/2781/5192 2227/2818/5192 2242/2819/5192
f 2249/2774/5193 2225/2775/5193 2210/2820/5193
f 2249/2774/5194 2210/2820/5194 2239/2821/5194
f 2241/2822/5195 2240/2776/5195 2249/2774/5195
f 2241/2822/5196 2249/2774/5196 2239/2821/5196
f 2758/1823/5197 2206/2742/5197 2233/2749/5197
f 2758/1823/5198 2233/2749/5198 2168/2823/5198
f 2748/2790/5199 2246/2791/5199 2247/1825/5199
f 2748/2790/5200 2247/1825/5200 2245/2824/5200
f 2260/2825/5201 2261/2777/5201 2265/1821/5201
f 2260/2825/5202 2265/1821/5202 2266/1820/5202
f 2264/1822/5203 2270/2782/5203 2759/2826/5203
f 2264/1822/5204 2759/2826/5204 2266/1820/5204
f 2270/2782/5205 2275/2783/5205 2277/2827/5205
f 2270/2782/5206 2277/2827/5206 2759/2826/5206
f 2304/2785/5207 2305/2784/5207 2291/2828/5207
f 2304/2785/5208 2291/2828/5208 2760/2829/5208
f 2413/2769/5209 2422/2768/5209 2761/2830/5209
f 2413/2769/5210 2761/2830/5210 2417/2831/5210
f 2422/2768/5211 2406/2760/5211 2253/2832/5211
f 2422/2768/5212 2253/2832/5212 2761/2830/5212
f 2742/2770/5213 2413/2769/5213 2417/2831/5213
f 2742/2770/5214 2417/2831/5214 2762/2833/5214
f 2362/2834/5215 2354/2788/5215 2747/2789/5215
f 2362/2834/5216 2747/2789/5216 2359/2835/5216
f 2246/2791/5217 2206/2742/5217 2758/1823/5217
f 2246/2791/5218 2758/1823/5218 2247/1825/5218
f 2305/2784/5219 2307/2755/5219 2306/2800/5219
f 2305/2784/5220 2306/2800/5220 2291/2828/5220
f 2100/2756/5221 2733/2757/5221 2319/2801/5221
f 2100/2756/5222 2319/2801/5222 2326/2794/5222
f 2319/2801/5223 2734/2759/5223 2751/2802/5223
f 2319/2801/5224 2751/2802/5224 2326/2794/5224
f 2320/2803/5225 2763/2836/5225 2743/2771/5225
f 2728/2747/5226 2755/2694/5226 2764/2813/5226
f 2728/2747/5227 2764/2813/5227 2763/2836/5227
f 2763/2836/5228 2764/2813/5228 2063/2711/5228
f 2763/2836/5229 2063/2711/5229 2743/2771/5229
f 2103/2786/5230 2326/2794/5230 2320/2803/5230
f 2103/2786/5231 2320/2803/5231 2757/2816/5231
f 2212/2810/5232 2194/2778/5232 2192/2796/5232
f 2212/2810/5233 2192/2796/5233 2191/2837/5233
f 2191/2837/5234 2192/2796/5234 2240/2776/5234
f 2191/2837/5235 2240/2776/5235 2241/2822/5235
f 2746/2780/5236 2739/2765/5236 2212/2810/5236
f 2746/2780/5237 2212/2810/5237 2227/2818/5237
f 2750/2798/5238 2199/2781/5238 2242/2819/5238
f 2750/2798/5239 2242/2819/5239 2296/2838/5239
f 2168/2823/5240 2233/2749/5240 2750/2798/5240
f 2168/2823/5241 2750/2798/5241 2296/2838/5241
f 2210/2820/5242 2225/2775/5242 2749/2797/5242
f 2210/2820/5243 2749/2797/5243 2263/2839/5243
f 2263/2839/5244 2749/2797/5244 2261/2777/5244
f 2263/2839/5245 2261/2777/5245 2260/2825/5245
f 2748/2790/5246 2245/2824/5246 2765/2840/5246
f 2748/2790/5247 2765/2840/5247 2256/2795/5247
f 2754/2772/5248 2256/2795/5248 2765/2840/5248
f 2754/2772/5249 2765/2840/5249 2744/2773/5249
f 2741/2767/5250 2257/2815/5250 2244/2841/5250
f 2741/2767/5251 2244/2841/5251 2756/2814/5251
f 2253/2832/5252 2406/2760/5252 2756/2814/5252
f 2253/2832/5253 2756/2814/5253 2278/2842/5253
f 2275/2783/5254 2285/2799/5254 2284/2843/5254
f 2275/2783/5255 2284/2843/5255 2277/2827/5255
f 2285/2799/5256 2304/2785/5256 2760/2829/5256
f 2285/2799/5257 2760/2829/5257 2284/2843/5257
f 2292/2807/5258 2340/2763/5258 2342/2804/5258
f 2292/2807/5259 2342/2804/5259 2766/2844/5259
f 2730/2751/5260 2209/2808/5260 2766/2844/5260
f 2730/2751/5261 2766/2844/5261 2342/2804/5261
f 2354/2788/5262 2362/2834/5262 2341/2845/5262
f 2354/2788/5263 2341/2845/5263 2209/2808/5263
f 2747/2789/5264 2353/2811/5264 2421/2846/5264
f 2747/2789/5265 2421/2846/5265 2359/2835/5265
f 2421/2846/5266 2353/2811/5266 2416/2812/5266
f 2421/2846/5267 2416/2812/5267 2418/2847/5267
f 2416/2812/5268 2742/2770/5268 2762/2833/5268
f 2416/2812/5269 2762/2833/5269 2418/2847/5269
f 2257/2815/5270 2753/2809/5270 2744/2773/5270
f 2257/2815/5271 2744/2773/5271 2765/2840/5271
f 2751/2802/5272 2728/2747/5272 2763/2836/5272
f 2751/2802/5273 2763/2836/5273 2320/2803/5273
f 2320/2803/5274 2743/2771/5274 1795/2792/5274
f 2320/2803/5275 1795/2792/5275 2757/2816/5275
f 2757/2816/5276 1795/2792/5276 2104/2793/5276
f 2757/2816/5277 2104/2793/5277 2101/2817/5277
f 2101/2817/5278 2104/2793/5278 2102/2805/5278
f 2101/2817/5279 2102/2805/5279 2303/2848/5279
f 2303/2848/5280 2102/2805/5280 2752/2806/5280
f 2303/2848/5281 2752/2806/5281 2767/2849/5281
f 2767/2849/5282 2752/2806/5282 2292/2807/5282
f 2767/2849/5283 2292/2807/5283 2768/2850/5283
f 2306/2800/5284 2308/2787/5284 2101/2817/5284
f 2306/2800/5285 2101/2817/5285 2302/2851/5285
f 2242/2819/5286 2227/2818/5286 2228/2852/5286
f 2242/2819/5287 2228/2852/5287 2243/2853/5287
f 1809/2854/5288 2241/2822/5288 2239/2821/5288
f 1809/2854/5289 2239/2821/5289 2769/2855/5289
f 2239/2821/5290 2210/2820/5290 2258/2856/5290
f 2239/2821/5291 2258/2856/5291 2769/2855/5291
f 2758/1823/5292 2168/2823/5292 2770/2857/5292
f 2758/1823/5293 2770/2857/5293 2288/1824/5293
f 2260/2825/5294 2266/1820/5294 2772/2858/5294
f 2260/2825/5295 2772/2858/5295 2771/2859/5295
f 2772/2858/5296 2266/1820/5296 2759/2826/5296
f 2772/2858/5297 2759/2826/5297 2268/2860/5297
f 2759/2826/5298 2277/2827/5298 2274/2861/5298
f 2759/2826/5299 2274/2861/5299 2268/2860/5299
f 2345/2862/5300 2362/2834/5300 2359/2835/5300
f 2345/2862/5301 2359/2835/5301 2322/2863/5301
f 2414/2864/5302 2762/2833/5302 2417/2831/5302
f 2414/2864/5303 2417/2831/5303 2415/2865/5303
f 2417/2831/5304 2761/2830/5304 2412/2866/5304
f 2417/2831/5305 2412/2866/5305 2415/2865/5305
f 2761/2830/5306 2253/2832/5306 2254/2867/5306
f 2761/2830/5307 2254/2867/5307 2412/2866/5307
f 2760/2829/5308 2291/2828/5308 2301/2868/5308
f 2760/2829/5309 2301/2868/5309 2290/2869/5309
f 2291/2828/5310 2306/2800/5310 2302/2851/5310
f 2291/2828/5311 2302/2851/5311 2301/2868/5311
f 2227/2818/5312 2212/2810/5312 2191/2837/5312
f 2227/2818/5313 2191/2837/5313 2228/2852/5313
f 2228/2852/5314 2191/2837/5314 2241/2822/5314
f 2228/2852/5315 2241/2822/5315 1809/2854/5315
f 2244/2841/5316 2257/2815/5316 2765/2840/5316
f 2244/2841/5317 2765/2840/5317 2245/2824/5317
f 2302/2851/5318 2101/2817/5318 2303/2848/5318
f 2302/2851/5319 2303/2848/5319 2773/2870/5319
f 2770/2857/5320 2168/2823/5320 2296/2838/5320
f 2770/2857/5321 2296/2838/5321 2774/2871/5321
f 2296/2838/5322 2242/2819/5322 2243/2853/5322
f 2296/2838/5323 2243/2853/5323 2774/2871/5323
f 2209/2808/5324 2341/2845/5324 2775/2872/5324
f 2209/2808/5325 2775/2872/5325 2766/2844/5325
f 2258/2856/5326 2210/2820/5326 2263/2839/5326
f 2258/2856/5327 2263/2839/5327 2776/2873/5327
f 2263/2839/5328 2260/2825/5328 2771/2859/5328
f 2263/2839/5329 2771/2859/5329 2776/2873/5329
f 2245/2824/5330 2778/2874/5330 2777/2875/5330
f 2245/2824/5331 2777/2875/5331 2244/2841/5331
f 2778/2874/5332 2245/2824/5332 2247/1825/5332
f 2778/2874/5333 2247/1825/5333 2288/1824/5333
f 2254/2867/5334 2253/2832/5334 2278/2842/5334
f 2254/2867/5335 2278/2842/5335 2252/2876/5335
f 2756/2814/5336 2244/2841/5336 2777/2875/5336
f 2756/2814/5337 2777/2875/5337 2278/2842/5337
f 2277/2827/5338 2284/2843/5338 2286/2877/5338
f 2277/2827/5339 2286/2877/5339 2274/2861/5339
f 2284/2843/5340 2760/2829/5340 2290/2869/5340
f 2284/2843/5341 2290/2869/5341 2286/2877/5341
f 2362/2834/5342 2345/2862/5342 2287/2878/5342
f 2362/2834/5343 2287/2878/5343 2341/2845/5343
f 2322/2863/5344 2359/2835/5344 2421/2846/5344
f 2322/2863/5345 2421/2846/5345 2418/2847/5345
f 2773/2870/5346 2303/2848/5346 2767/2849/5346
f 2773/2870/5347 2767/2849/5347 2784/2879/5347
f 2784/2879/5348 2767/2849/5348 2768/2850/5348
f 2784/2879/5349 2768/2850/5349 2295/2880/5349
f 2768/2850/5350 2292/2807/5350 2766/2844/5350
f 2768/2850/5351 2766/2844/5351 2775/2872/5351
f 2762/2833/5352 2414/2864/5352 2779/2881/5352
f 2762/2833/5353 2779/2881/5353 2418/2847/5353
f 2243/2853/5354 2228/2852/5354 1809/2854/5354
f 2243/2853/5355 1809/2854/5355 2230/2882/5355
f 2230/2882/5356 1809/2854/5356 2769/2855/5356
f 2230/2882/5357 2769/2855/5357 2259/2883/5357
f 2259/2883/5358 2769/2855/5358 2258/2856/5358
f 2259/2883/5359 2258/2856/5359 2776/2873/5359
f 2771/2859/5360 2772/2858/5360 2250/2884/5360
f 2771/2859/5361 2250/2884/5361 2262/2885/5361
f 2772/2858/5362 2268/2860/5362 2267/2886/5362
f 2772/2858/5363 2267/2886/5363 2250/2884/5363
f 2268/2860/5364 2274/2861/5364 2276/2887/5364
f 2268/2860/5365 2276/2887/5365 2267/2886/5365
f 2780/2888/5366 2288/1824/5366 2770/2857/5366
f 2780/2888/5367 2770/2857/5367 2297/2889/5367
f 2412/2866/5368 2254/2867/5368 2781/2890/5368
f 2412/2866/5369 2781/2890/5369 2419/2891/5369
f 2415/2865/5370 2412/2866/5370 2419/2891/5370
f 2415/2865/5371 2419/2891/5371 2782/2892/5371
f 2414/2864/5372 2415/2865/5372 2782/2892/5372
f 2414/2864/5373 2782/2892/5373 2783/2893/5373
f 2290/2869/5374 2301/2868/5374 2784/2879/5374
f 2290/2869/5375 2784/2879/5375 2294/2894/5375
f 2327/2895/5376 2345/2862/5376 2322/2863/5376
f 2327/2895/5377 2322/2863/5377 2785/2896/5377
f 2322/2863/5378 2418/2847/5378 2779/2881/5378
f 2322/2863/5379 2779/2881/5379 2785/2896/5379
f 2286/2877/5380 2290/2869/5380 2294/2894/5380
f 2286/2877/5381 2294/2894/5381 2786/2897/5381
f 2274/2861/5382 2286/2877/5382 2786/2897/5382
f 2274/2861/5383 2786/2897/5383 2276/2887/5383
f 2774/2871/5384 2243/2853/5384 2230/2882/5384
f 2774/2871/5385 2230/2882/5385 2229/2898/5385
f 2297/2889/5386 2770/2857/5386 2774/2871/5386
f 2297/2889/5387 2774/2871/5387 2229/2898/5387
f 2781/2890/5388 2254/2867/5388 2252/2876/5388
f 2781/2890/5389 2252/2876/5389 2780/2888/5389
f 2778/2874/5390 2288/1824/5390 2780/2888/5390
f 2778/2874/5391 2780/2888/5391 2252/2876/5391
f 2252/2876/5392 2278/2842/5392 2777/2875/5392
f 2252/2876/5393 2777/2875/5393 2778/2874/5393
f 2230/2882/5394 2259/2883/5394 2251/2899/5394
f 2230/2882/5395 2251/2899/5395 2229/2898/5395
f 2776/2873/5396 2771/2859/5396 2262/2885/5396
f 2776/2873/5397 2262/2885/5397 2259/2883/5397
f 2781/2890/5398 2780/2888/5398 2297/2889/5398
f 2781/2890/5399 2297/2889/5399 2314/2900/5399
f 2301/2868/5400 2302/2851/5400 2773/2870/5400
f 2301/2868/5401 2773/2870/5401 2784/2879/5401
f 2345/2862/5402 2327/2895/5402 2333/2901/5402
f 2345/2862/5403 2333/2901/5403 2287/2878/5403
f 2341/2845/5404 2287/2878/5404 2309/2902/5404
f 2341/2845/5405 2309/2902/5405 2775/2872/5405
f 2295/2880/5406 2768/2850/5406 2775/2872/5406
f 2295/2880/5407 2775/2872/5407 2309/2902/5407
f 2414/2864/5408 2783/2893/5408 2420/2903/5408
f 2414/2864/5409 2420/2903/5409 2779/2881/5409
f 2419/2891/5410 2781/2890/5410 2314/2900/5410
f 2419/2891/5411 2314/2900/5411 2787/2904/5411
f 2294/2894/5412 2784/2879/5412 2295/2880/5412
f 2294/2894/5413 2295/2880/5413 2293/2905/5413
f 2782/2892/5414 2419/2891/5414 2787/2904/5414
f 2782/2892/5415 2787/2904/5415 2324/2906/5415
f 2783/2893/5416 2782/2892/5416 2324/2906/5416
f 2783/2893/5417 2324/2906/5417 2323/2907/5417
f 2250/2884/5418 2267/2886/5418 2299/2908/5418
f 2250/2884/5419 2299/2908/5419 2788/2909/5419
f 2267/2886/5420 2276/2887/5420 2789/2910/5420
f 2267/2886/5421 2789/2910/5421 2299/2908/5421
f 2262/2885/5422 2250/2884/5422 2788/2909/5422
f 2262/2885/5423 2788/2909/5423 2298/2911/5423
f 2321/2912/5424 2327/2895/5424 2785/2896/5424
f 2321/2912/5425 2785/2896/5425 2790/2913/5425
f 2785/2896/5426 2779/2881/5426 2420/2903/5426
f 2785/2896/5427 2420/2903/5427 2790/2913/5427
f 2420/2903/5428 2783/2893/5428 2323/2907/5428
f 2420/2903/5429 2323/2907/5429 2790/2913/5429
f 2262/2885/5430 2298/2911/5430 2251/2899/5430
f 2262/2885/5431 2251/2899/5431 2259/2883/5431
f 2276/2887/5432 2786/2897/5432 2791/2914/5432
f 2276/2887/5433 2791/2914/5433 2789/2910/5433
f 2297/2889/5434 2229/2898/5434 2280/2915/5434
f 2297/2889/5435 2280/2915/5435 2314/2900/5435
f 2280/2915/5436 2229/2898/5436 2251/2899/5436
f 2280/2915/5437 2251/2899/5437 2289/2916/5437
f 2786/2897/5438 2294/2894/5438 2293/2905/5438
f 2786/2897/5439 2293/2905/5439 2313/2917/5439
f 2293/2905/5440 2295/2880/5440 2309/2902/5440
f 2293/2905/5441 2309/2902/5441 2313/2917/5441
f 2327/2895/5442 2321/2912/5442 2792/2918/5442
f 2327/2895/5443 2792/2918/5443 2333/2901/5443
f 2287/2878/5444 2333/2901/5444 2313/2917/5444
f 2287/2878/5445 2313/2917/5445 2309/2902/5445
f 2787/2904/5446 2314/2900/5446 2280/2915/5446
f 2787/2904/5447 2280/2915/5447 2793/2919/5447
f 2324/2906/5448 2787/2904/5448 2793/2919/5448
f 2324/2906/5449 2793/2919/5449 2279/2920/5449
f 2323/2907/5450 2324/2906/5450 2279/2920/5450
f 2323/2907/5451 2279/2920/5451 2794/2921/5451
f 2794/2921/5452 2321/2912/5452 2790/2913/5452
f 2794/2921/5453 2790/2913/5453 2323/2907/5453
f 2299/2908/5454 2789/2910/5454 2311/2922/5454
f 2299/2908/5455 2311/2922/5455 2799/2923/5455
f 2795/2924/5456 2298/2911/5456 2788/2909/5456
f 2795/2924/5457 2788/2909/5457 2300/2925/5457
f 2251/2899/5458 2298/2911/5458 2795/2924/5458
f 2251/2899/5459 2795/2924/5459 2289/2916/5459
f 2789/2910/5460 2791/2914/5460 2796/2926/5460
f 2789/2910/5461 2796/2926/5461 2311/2922/5461
f 2793/2919/5462 2280/2915/5462 2289/2916/5462
f 2793/2919/5463 2289/2916/5463 2797/2927/5463
f 2791/2914/5464 2786/2897/5464 2313/2917/5464
f 2791/2914/5465 2313/2917/5465 2796/2926/5465
f 2796/2926/5466 2313/2917/5466 2333/2901/5466
f 2796/2926/5467 2333/2901/5467 2792/2918/5467
f 2321/2912/5468 2794/2921/5468 2312/2928/5468
f 2321/2912/5469 2312/2928/5469 2792/2918/5469
f 2794/2921/5470 2279/2920/5470 2798/2929/5470
f 2794/2921/5471 2798/2929/5471 2312/2928/5471
f 2279/2920/5472 2793/2919/5472 2797/2927/5472
f 2279/2920/5473 2797/2927/5473 2798/2929/5473
f 2799/2923/5474 2300/2925/5474 2788/2909/5474
f 2799/2923/5475 2788/2909/5475 2299/2908/5475
f 2795/2924/5476 2300/2925/5476 2797/2927/5476
f 2795/2924/5477 2797/2927/5477 2289/2916/5477
f 2311/2922/5478 2796/2926/5478 2792/2918/5478
f 2311/2922/5479 2792/2918/5479 2312/2928/5479
f 2798/2929/5480 2797/2927/5480 2300/2925/5480
f 2798/2929/5481 2300/2925/5481 2799/2923/5481
f 2312/2928/5482 2798/2929/5482 2799/2923/5482
f 2312/2928/5483 2799/2923/5483 2311/2922/5483
